SCORE_SOURCE,PRECISION,RECALL,THRESHOLD
ALPHAM,0.8542713567839196,1.0,0.00116
ALPHAM,0.853904282115869,0.9970588235294118,0.00232
ALPHAM,0.8535353535353535,0.9941176470588236,0.0041
ALPHAM,0.8556962025316456,0.9941176470588236,0.01074
ALPHAM,0.8578680203045685,0.9941176470588236,0.01328
ALPHAM,0.8600508905852418,0.9941176470588236,0.01936
ALPHAM,0.8622448979591837,0.9941176470588236,0.02346
ALPHAM,0.8618925831202046,0.9911764705882353,0.02523
ALPHAM,0.8641025641025641,0.9911764705882353,0.02677
ALPHAM,0.8663239074550129,0.9911764705882353,0.03823
ALPHAM,0.865979381443299,0.9882352941176471,0.04133
ALPHAM,0.8682170542635659,0.9882352941176471,0.04493
ALPHAM,0.8678756476683938,0.9852941176470589,0.04534
ALPHAM,0.8701298701298701,0.9852941176470589,0.05691
ALPHAM,0.8723958333333334,0.9852941176470589,0.066
ALPHAM,0.8746736292428199,0.9852941176470589,0.06646
ALPHAM,0.8769633507853403,0.9852941176470589,0.06739
ALPHAM,0.8792650918635171,0.9852941176470589,0.07589
ALPHAM,0.881578947368421,0.9852941176470589,0.09476
ALPHAM,0.8839050131926122,0.9852941176470589,0.10109
ALPHAM,0.8862433862433863,0.9852941176470589,0.10594
ALPHAM,0.8885941644562334,0.9852941176470589,0.10933
ALPHAM,0.8909574468085106,0.9852941176470589,0.11707
ALPHAM,0.8906666666666667,0.9823529411764705,0.12092
ALPHAM,0.893048128342246,0.9823529411764705,0.12522
ALPHAM,0.8927613941018767,0.9794117647058823,0.14122
ALPHAM,0.8924731182795699,0.9764705882352941,0.14262
ALPHAM,0.894878706199461,0.9764705882352941,0.14308
ALPHAM,0.8972972972972973,0.9764705882352941,0.14354
ALPHAM,0.8997289972899729,0.9764705882352941,0.14538
ALPHAM,0.8994565217391305,0.9735294117647059,0.15897
ALPHAM,0.9019073569482289,0.9735294117647059,0.17126
ALPHAM,0.9016393442622951,0.9705882352941176,0.17682
ALPHAM,0.9041095890410958,0.9705882352941176,0.19059
ALPHAM,0.9038461538461539,0.9676470588235294,0.19222
ALPHAM,0.9035812672176309,0.9647058823529412,0.19344
ALPHAM,0.9060773480662984,0.9647058823529412,0.21041
ALPHAM,0.9085872576177285,0.9647058823529412,0.21156
ALPHAM,0.9111111111111111,0.9647058823529412,0.2127
ALPHAM,0.9136490250696379,0.9647058823529412,0.22093
ALPHAM,0.9162011173184358,0.9647058823529412,0.22314
ALPHAM,0.9187675070028011,0.9647058823529412,0.22749
ALPHAM,0.9213483146067416,0.9647058823529412,0.23743
ALPHAM,0.9211267605633803,0.961764705882353,0.23882
ALPHAM,0.9209039548022598,0.9588235294117647,0.28031
ALPHAM,0.9235127478753541,0.9588235294117647,0.28525
ALPHAM,0.9232954545454546,0.9558823529411765,0.28923
ALPHAM,0.9259259259259259,0.9558823529411765,0.2937
ALPHAM,0.9257142857142857,0.9529411764705882,0.29836
ALPHAM,0.9283667621776505,0.9529411764705882,0.29972
ALPHAM,0.9310344827586207,0.9529411764705882,0.30026
ALPHAM,0.930835734870317,0.95,0.30611
ALPHAM,0.930635838150289,0.9470588235294117,0.31154
ALPHAM,0.9333333333333333,0.9470588235294117,0.31885
ALPHAM,0.9331395348837209,0.9441176470588235,0.35034
ALPHAM,0.9358600583090378,0.9441176470588235,0.36292
ALPHAM,0.9385964912280702,0.9441176470588235,0.36353
ALPHAM,0.9413489736070382,0.9441176470588235,0.38112
ALPHAM,0.9441176470588235,0.9441176470588235,0.39126
ALPHAM,0.9469026548672567,0.9441176470588235,0.39298
ALPHAM,0.9467455621301775,0.9411764705882353,0.40023
ALPHAM,0.9495548961424333,0.9411764705882353,0.40687
ALPHAM,0.9494047619047619,0.9382352941176471,0.41035
ALPHAM,0.9522388059701492,0.9382352941176471,0.41374
ALPHAM,0.9520958083832335,0.9352941176470588,0.41889
ALPHAM,0.9519519519519519,0.9323529411764706,0.41904
ALPHAM,0.9548192771084337,0.9323529411764706,0.43458
ALPHAM,0.9577039274924471,0.9323529411764706,0.43783
ALPHAM,0.9575757575757575,0.9294117647058824,0.44128
ALPHAM,0.9604863221884499,0.9294117647058824,0.44403
ALPHAM,0.9603658536585366,0.9264705882352942,0.44506
ALPHAM,0.9602446483180428,0.9235294117647059,0.45076
ALPHAM,0.9601226993865031,0.9205882352941176,0.46513
ALPHAM,0.96,0.9176470588235294,0.48103
ALPHAM,0.9598765432098766,0.9147058823529411,0.4922
ALPHAM,0.9597523219814241,0.9117647058823529,0.4925
ALPHAM,0.9627329192546584,0.9117647058823529,0.50705
ALPHAM,0.9657320872274143,0.9117647058823529,0.50867
ALPHAM,0.965625,0.9088235294117647,0.52142
ALPHAM,0.9686520376175548,0.9088235294117647,0.52366
ALPHAM,0.9685534591194969,0.9058823529411765,0.52407
ALPHAM,0.9716088328075709,0.9058823529411765,0.5376
ALPHAM,0.9715189873417721,0.9029411764705882,0.5426
ALPHAM,0.9714285714285714,0.9,0.54918
ALPHAM,0.9713375796178344,0.8970588235294118,0.55469
ALPHAM,0.9712460063897763,0.8941176470588236,0.56504
ALPHAM,0.9711538461538461,0.8911764705882353,0.57448
ALPHAM,0.9710610932475884,0.888235294117647,0.57687
ALPHAM,0.9741935483870968,0.888235294117647,0.58092
ALPHAM,0.9741100323624595,0.8852941176470588,0.58365
ALPHAM,0.974025974025974,0.8823529411764706,0.58423
ALPHAM,0.9739413680781759,0.8794117647058823,0.59512
ALPHAM,0.9771241830065359,0.8794117647058823,0.59749
ALPHAM,0.9770491803278688,0.8764705882352941,0.60044
ALPHAM,0.9769736842105263,0.8735294117647059,0.60256
ALPHAM,0.976897689768977,0.8705882352941177,0.60699
ALPHAM,0.9768211920529801,0.8676470588235294,0.61282
ALPHAM,0.9767441860465116,0.8647058823529412,0.61913
ALPHAM,0.9766666666666667,0.861764705882353,0.61968
ALPHAM,0.9765886287625418,0.8588235294117647,0.61988
ALPHAM,0.9765100671140939,0.8558823529411764,0.62546
ALPHAM,0.9764309764309764,0.8529411764705882,0.62996
ALPHAM,0.9763513513513513,0.85,0.63197
ALPHAM,0.976271186440678,0.8470588235294118,0.63249
ALPHAM,0.9761904761904762,0.8441176470588235,0.63429
ALPHAM,0.9761092150170648,0.8411764705882353,0.63856
ALPHAM,0.976027397260274,0.8382352941176471,0.64523
ALPHAM,0.979381443298969,0.8382352941176471,0.64532
ALPHAM,0.9827586206896551,0.8382352941176471,0.65514
ALPHAM,0.9826989619377162,0.8352941176470589,0.65879
ALPHAM,0.9825783972125436,0.8294117647058824,0.66387
ALPHAM,0.9825174825174825,0.8264705882352941,0.66898
ALPHAM,0.9824561403508771,0.8235294117647058,0.66988
ALPHAM,0.9823943661971831,0.8205882352941176,0.67391
ALPHAM,0.9823321554770318,0.8176470588235294,0.67441
ALPHAM,0.9822695035460993,0.8147058823529412,0.6761
ALPHAM,0.9822064056939501,0.8117647058823529,0.67702
ALPHAM,0.9821428571428571,0.8088235294117647,0.68006
ALPHAM,0.982078853046595,0.8058823529411765,0.68935
ALPHAM,0.9856115107913669,0.8058823529411765,0.69266
ALPHAM,0.9855072463768116,0.8,0.69376
ALPHAM,0.9854545454545455,0.7970588235294118,0.70025
ALPHAM,0.9854014598540146,0.7941176470588235,0.71564
ALPHAM,0.9853479853479854,0.7911764705882353,0.71695
ALPHAM,0.9852941176470589,0.788235294117647,0.72216
ALPHAM,0.985239852398524,0.7852941176470588,0.72913
ALPHAM,0.9851851851851852,0.7823529411764706,0.73247
ALPHAM,0.9851301115241635,0.7794117647058824,0.73802
ALPHAM,0.9850746268656716,0.7764705882352941,0.73914
ALPHAM,0.9850187265917603,0.7735294117647059,0.74191
ALPHAM,0.9849624060150376,0.7705882352941177,0.74208
ALPHAM,0.9849056603773585,0.7676470588235295,0.74374
ALPHAM,0.9848484848484849,0.7647058823529411,0.74683
ALPHAM,0.9847908745247148,0.7617647058823529,0.7487
ALPHAM,0.9847328244274809,0.7588235294117647,0.74938
ALPHAM,0.9885057471264368,0.7588235294117647,0.75452
ALPHAM,0.9884615384615385,0.7558823529411764,0.7632
ALPHAM,0.9884169884169884,0.7529411764705882,0.7646
ALPHAM,0.9883720930232558,0.75,0.7676
ALPHAM,0.9883268482490273,0.7470588235294118,0.76865
ALPHAM,0.98828125,0.7441176470588236,0.76957
ALPHAM,0.9882352941176471,0.7411764705882353,0.77196
ALPHAM,0.9881889763779528,0.7382352941176471,0.77285
ALPHAM,0.9881422924901185,0.7352941176470589,0.77592
ALPHAM,0.9880952380952381,0.7323529411764705,0.77644
ALPHAM,0.9880478087649402,0.7294117647058823,0.77659
ALPHAM,0.988,0.7264705882352941,0.77725
ALPHAM,0.9879518072289156,0.7235294117647059,0.77783
ALPHAM,0.9879032258064516,0.7205882352941176,0.77845
ALPHAM,0.9878542510121457,0.7176470588235294,0.77869
ALPHAM,0.9878048780487805,0.7147058823529412,0.77926
ALPHAM,0.9877551020408163,0.711764705882353,0.78158
ALPHAM,0.9877049180327869,0.7088235294117647,0.78494
ALPHAM,0.9876543209876543,0.7058823529411765,0.78699
ALPHAM,0.987603305785124,0.7029411764705882,0.79235
ALPHAM,0.9875518672199171,0.7,0.79246
ALPHAM,0.9875,0.6970588235294117,0.79486
ALPHAM,0.9874476987447699,0.6941176470588235,0.79693
ALPHAM,0.9873949579831933,0.6911764705882353,0.79762
ALPHAM,0.9873417721518988,0.6882352941176471,0.80117
ALPHAM,0.9872881355932204,0.6852941176470588,0.8036
ALPHAM,0.9872340425531915,0.6823529411764706,0.80564
ALPHAM,0.9871794871794872,0.6794117647058824,0.80777
ALPHAM,0.9871244635193133,0.6764705882352942,0.81068
ALPHAM,0.9870689655172413,0.6735294117647059,0.81163
ALPHAM,0.987012987012987,0.6705882352941176,0.81181
ALPHAM,0.9869565217391304,0.6676470588235294,0.81415
ALPHAM,0.9912663755458515,0.6676470588235294,0.81605
ALPHAM,0.9912280701754386,0.6647058823529411,0.81779
ALPHAM,0.9911894273127754,0.6617647058823529,0.8181
ALPHAM,0.9911111111111112,0.6558823529411765,0.82114
ALPHAM,0.9910714285714286,0.6529411764705882,0.82506
ALPHAM,0.9910313901345291,0.65,0.8252
ALPHAM,0.990990990990991,0.6470588235294118,0.82728
ALPHAM,0.9909502262443439,0.6441176470588236,0.83003
ALPHAM,0.990909090909091,0.6411764705882353,0.834
ALPHAM,0.9908675799086758,0.638235294117647,0.83473
ALPHAM,0.9908256880733946,0.6352941176470588,0.8351
ALPHAM,0.9907834101382489,0.6323529411764706,0.83539
ALPHAM,0.9906976744186047,0.6264705882352941,0.83643
ALPHAM,0.9906542056074766,0.6235294117647059,0.83695
ALPHAM,0.9906103286384976,0.6205882352941177,0.83703
ALPHAM,0.9905660377358491,0.6176470588235294,0.83763
ALPHAM,0.990521327014218,0.6147058823529412,0.83946
ALPHAM,0.9904761904761905,0.611764705882353,0.84046
ALPHAM,0.9904306220095693,0.6088235294117647,0.8425
ALPHAM,0.9951923076923077,0.6088235294117647,0.84337
ALPHAM,0.9951690821256038,0.6058823529411764,0.84425
ALPHAM,0.9951456310679612,0.6029411764705882,0.84441
ALPHAM,0.9951219512195122,0.6,0.84465
ALPHAM,0.9950980392156863,0.5970588235294118,0.84719
ALPHAM,1.0,0.5970588235294118,0.84996
ALPHAM,1.0,0.5941176470588235,0.85291
ALPHAM,1.0,0.5911764705882353,0.85371
ALPHAM,1.0,0.5882352941176471,0.85698
ALPHAM,1.0,0.5852941176470589,0.85743
ALPHAM,1.0,0.5823529411764706,0.86143
ALPHAM,1.0,0.5794117647058824,0.86472
ALPHAM,1.0,0.5764705882352941,0.86493
ALPHAM,1.0,0.5735294117647058,0.86503
ALPHAM,1.0,0.5705882352941176,0.86523
ALPHAM,1.0,0.5676470588235294,0.86595
ALPHAM,1.0,0.5647058823529412,0.86751
ALPHAM,1.0,0.5617647058823529,0.869
ALPHAM,1.0,0.5588235294117647,0.87074
ALPHAM,1.0,0.5558823529411765,0.87118
ALPHAM,1.0,0.5529411764705883,0.8714
ALPHAM,1.0,0.55,0.87341
ALPHAM,1.0,0.5470588235294118,0.87398
ALPHAM,1.0,0.5441176470588235,0.8749
ALPHAM,1.0,0.5411764705882353,0.87512
ALPHAM,1.0,0.538235294117647,0.87571
ALPHAM,1.0,0.5352941176470588,0.87761
ALPHAM,1.0,0.5323529411764706,0.87797
ALPHAM,1.0,0.5264705882352941,0.88282
ALPHAM,1.0,0.5235294117647059,0.88451
ALPHAM,1.0,0.5176470588235295,0.88504
ALPHAM,1.0,0.5147058823529411,0.88558
ALPHAM,1.0,0.5117647058823529,0.88611
ALPHAM,1.0,0.5088235294117647,0.88651
ALPHAM,1.0,0.5058823529411764,0.88692
ALPHAM,1.0,0.5029411764705882,0.89012
ALPHAM,1.0,0.4970588235294118,0.89098
ALPHAM,1.0,0.49411764705882355,0.89288
ALPHAM,1.0,0.49117647058823527,0.89303
ALPHAM,1.0,0.4852941176470588,0.89546
ALPHAM,1.0,0.4823529411764706,0.89577
ALPHAM,1.0,0.47941176470588237,0.89848
ALPHAM,1.0,0.4764705882352941,0.90095
ALPHAM,1.0,0.47352941176470587,0.90112
ALPHAM,1.0,0.4676470588235294,0.90129
ALPHAM,1.0,0.4647058823529412,0.90163
ALPHAM,1.0,0.46176470588235297,0.90477
ALPHAM,1.0,0.4588235294117647,0.9053
ALPHAM,1.0,0.45588235294117646,0.90769
ALPHAM,1.0,0.45294117647058824,0.9104
ALPHAM,1.0,0.45,0.91138
ALPHAM,1.0,0.4470588235294118,0.91178
ALPHAM,1.0,0.4411764705882353,0.91219
ALPHAM,1.0,0.43823529411764706,0.91239
ALPHAM,1.0,0.43529411764705883,0.9126
ALPHAM,1.0,0.4323529411764706,0.91384
ALPHAM,1.0,0.4294117647058823,0.91446
ALPHAM,1.0,0.4264705882352941,0.91488
ALPHAM,1.0,0.4235294117647059,0.91552
ALPHAM,1.0,0.42058823529411765,0.91749
ALPHAM,1.0,0.4176470588235294,0.91816
ALPHAM,1.0,0.4117647058823529,0.91838
ALPHAM,1.0,0.4088235294117647,0.91861
ALPHAM,1.0,0.40588235294117647,0.92022
ALPHAM,1.0,0.40294117647058825,0.92116
ALPHAM,1.0,0.4,0.92164
ALPHAM,1.0,0.39705882352941174,0.92359
ALPHAM,1.0,0.3941176470588235,0.92409
ALPHAM,1.0,0.3911764705882353,0.92484
ALPHAM,1.0,0.38529411764705884,0.92587
ALPHAM,1.0,0.37941176470588234,0.92613
ALPHAM,1.0,0.3764705882352941,0.92718
ALPHAM,1.0,0.37058823529411766,0.92798
ALPHAM,1.0,0.36764705882352944,0.92879
ALPHAM,1.0,0.36470588235294116,0.93277
ALPHAM,1.0,0.35294117647058826,0.93458
ALPHAM,1.0,0.34705882352941175,0.9352
ALPHAM,1.0,0.34411764705882353,0.93551
ALPHAM,1.0,0.3382352941176471,0.93645
ALPHAM,1.0,0.3352941176470588,0.93709
ALPHAM,1.0,0.32941176470588235,0.93974
ALPHAM,1.0,0.3264705882352941,0.94009
ALPHAM,1.0,0.3205882352941177,0.94078
ALPHAM,1.0,0.3176470588235294,0.94113
ALPHAM,1.0,0.3088235294117647,0.94148
ALPHAM,1.0,0.3058823529411765,0.94184
ALPHAM,1.0,0.3029411764705882,0.9422
ALPHAM,1.0,0.29705882352941176,0.94404
ALPHAM,1.0,0.2911764705882353,0.94441
ALPHAM,1.0,0.28823529411764703,0.9448
ALPHAM,1.0,0.2852941176470588,0.94557
ALPHAM,1.0,0.2823529411764706,0.94596
ALPHAM,1.0,0.27941176470588236,0.94636
ALPHAM,1.0,0.2735294117647059,0.94676
ALPHAM,1.0,0.27058823529411763,0.94716
ALPHAM,1.0,0.2647058823529412,0.95051
ALPHAM,1.0,0.26176470588235295,0.95096
ALPHAM,1.0,0.25588235294117645,0.95185
ALPHAM,1.0,0.24705882352941178,0.9537
ALPHAM,1.0,0.24411764705882352,0.95564
ALPHAM,1.0,0.23823529411764705,0.95614
ALPHAM,1.0,0.22941176470588234,0.95665
ALPHAM,1.0,0.2235294117647059,0.95716
ALPHAM,1.0,0.21764705882352942,0.95768
ALPHAM,1.0,0.21470588235294116,0.9582
ALPHAM,1.0,0.21176470588235294,0.95928
ALPHAM,1.0,0.20294117647058824,0.96039
ALPHAM,1.0,0.2,0.96096
ALPHAM,1.0,0.19705882352941176,0.96271
ALPHAM,1.0,0.19411764705882353,0.96331
ALPHAM,1.0,0.19117647058823528,0.96393
ALPHAM,1.0,0.18529411764705883,0.96455
ALPHAM,1.0,0.18235294117647058,0.9665
ALPHAM,1.0,0.17941176470588235,0.96786
ALPHAM,1.0,0.17647058823529413,0.96856
ALPHAM,1.0,0.17352941176470588,0.96927
ALPHAM,1.0,0.16470588235294117,0.97
ALPHAM,1.0,0.15294117647058825,0.97075
ALPHAM,1.0,0.14705882352941177,0.97151
ALPHAM,1.0,0.13823529411764707,0.9723
ALPHAM,1.0,0.1264705882352941,0.9731
ALPHAM,1.0,0.12058823529411765,0.97478
ALPHAM,1.0,0.11470588235294117,0.97565
ALPHAM,1.0,0.11176470588235295,0.97655
ALPHAM,1.0,0.1,0.97748
ALPHAM,1.0,0.08823529411764706,0.97843
ALPHAM,1.0,0.08529411764705883,0.97942
ALPHAM,1.0,0.07647058823529412,0.98045
ALPHAM,1.0,0.07058823529411765,0.98262
ALPHAM,1.0,0.06470588235294118,0.98378
ALPHAM,1.0,0.052941176470588235,0.98627
ALPHAM,1.0,0.04411764705882353,0.98761
ALPHAM,1.0,0.041176470588235294,0.98903
ALPHAM,1.0,0.03529411764705882,0.99217
ALPHAM,1.0,0.023529411764705882,0.99393
ALPHAM,1.0,0.01764705882352941,0.99584
ALPHAM,1.0,0.0058823529411764705,0.99795
ALPHAM,1.0,0.0029411764705882353,0.99952
BAYESDAAF,0.8542713567839196,1.0,0.00115
BAYESDAAF,0.8564231738035264,1.0,0.00156
BAYESDAAF,0.8607594936708861,1.0,0.00185
BAYESDAAF,0.8629441624365483,1.0,0.00262
BAYESDAAF,0.8651399491094147,1.0,0.00268
BAYESDAAF,0.8673469387755102,1.0,0.00275
BAYESDAAF,0.8695652173913043,1.0,0.00348
BAYESDAAF,0.8717948717948718,1.0,0.00521
BAYESDAAF,0.8740359897172236,1.0,0.0059
BAYESDAAF,0.8762886597938144,1.0,0.01036
BAYESDAAF,0.8785529715762274,1.0,0.01616
BAYESDAAF,0.8808290155440415,1.0,0.01901
BAYESDAAF,0.8831168831168831,1.0,0.03311
BAYESDAAF,0.8854166666666666,1.0,0.03401
BAYESDAAF,0.8877284595300261,1.0,0.05039
BAYESDAAF,0.8900523560209425,1.0,0.05777
BAYESDAAF,0.8923884514435696,1.0,0.09129
BAYESDAAF,0.8947368421052632,1.0,0.15747
BAYESDAAF,0.8970976253298153,1.0,0.17371
BAYESDAAF,0.8994708994708994,1.0,0.19403
BAYESDAAF,0.9018567639257294,1.0,0.20284
BAYESDAAF,0.901595744680851,0.9970588235294118,0.21675
BAYESDAAF,0.904,0.9970588235294118,0.2511
BAYESDAAF,0.9064171122994652,0.9970588235294118,0.26992
BAYESDAAF,0.9088471849865952,0.9970588235294118,0.27423
BAYESDAAF,0.9112903225806451,0.9970588235294118,0.28402
BAYESDAAF,0.9137466307277629,0.9970588235294118,0.28874
BAYESDAAF,0.9162162162162162,0.9970588235294118,0.30222
BAYESDAAF,0.9159891598915989,0.9941176470588236,0.30773
BAYESDAAF,0.9184782608695652,0.9941176470588236,0.3413
BAYESDAAF,0.9209809264305178,0.9941176470588236,0.36799
BAYESDAAF,0.9207650273224044,0.9911764705882353,0.37485
BAYESDAAF,0.9232876712328767,0.9911764705882353,0.37782
BAYESDAAF,0.9258241758241759,0.9911764705882353,0.38185
BAYESDAAF,0.928374655647383,0.9911764705882353,0.4375
BAYESDAAF,0.930939226519337,0.9911764705882353,0.45377
BAYESDAAF,0.9307479224376731,0.9882352941176471,0.45599
BAYESDAAF,0.9333333333333333,0.9882352941176471,0.46417
BAYESDAAF,0.9331476323119777,0.9852941176470589,0.46592
BAYESDAAF,0.9357541899441341,0.9852941176470589,0.49135
BAYESDAAF,0.9355742296918768,0.9823529411764705,0.50044
BAYESDAAF,0.9353932584269663,0.9794117647058823,0.50452
BAYESDAAF,0.9352112676056338,0.9764705882352941,0.51432
BAYESDAAF,0.9350282485875706,0.9735294117647059,0.51845
BAYESDAAF,0.9376770538243626,0.9735294117647059,0.52399
BAYESDAAF,0.9403409090909091,0.9735294117647059,0.53969
BAYESDAAF,0.9401709401709402,0.9705882352941176,0.54209
BAYESDAAF,0.9428571428571428,0.9705882352941176,0.54231
BAYESDAAF,0.9426934097421203,0.9676470588235294,0.54269
BAYESDAAF,0.9454022988505747,0.9676470588235294,0.55319
BAYESDAAF,0.9452449567723343,0.9647058823529412,0.57716
BAYESDAAF,0.9450867052023122,0.961764705882353,0.58205
BAYESDAAF,0.9449275362318841,0.9588235294117647,0.58331
BAYESDAAF,0.9476744186046512,0.9588235294117647,0.58436
BAYESDAAF,0.9504373177842566,0.9588235294117647,0.58844
BAYESDAAF,0.9502923976608187,0.9558823529411765,0.60453
BAYESDAAF,0.9530791788856305,0.9558823529411765,0.6109
BAYESDAAF,0.9558823529411765,0.9558823529411765,0.61119
BAYESDAAF,0.9557522123893806,0.9529411764705882,0.62178
BAYESDAAF,0.9556213017751479,0.95,0.62208
BAYESDAAF,0.9554896142433235,0.9470588235294117,0.62703
BAYESDAAF,0.9553571428571429,0.9441176470588235,0.64741
BAYESDAAF,0.9582089552238806,0.9441176470588235,0.65076
BAYESDAAF,0.9580838323353293,0.9411764705882353,0.65198
BAYESDAAF,0.9579579579579579,0.9382352941176471,0.6575
BAYESDAAF,0.9578313253012049,0.9352941176470588,0.65914
BAYESDAAF,0.9577039274924471,0.9323529411764706,0.66697
BAYESDAAF,0.9575757575757575,0.9294117647058824,0.66834
BAYESDAAF,0.9574468085106383,0.9264705882352942,0.66957
BAYESDAAF,0.9603658536585366,0.9264705882352942,0.67854
BAYESDAAF,0.9602446483180428,0.9235294117647059,0.67869
BAYESDAAF,0.9601226993865031,0.9205882352941176,0.67903
BAYESDAAF,0.96,0.9176470588235294,0.68538
BAYESDAAF,0.9629629629629629,0.9176470588235294,0.68741
BAYESDAAF,0.9628482972136223,0.9147058823529411,0.68867
BAYESDAAF,0.9627329192546584,0.9117647058823529,0.6896
BAYESDAAF,0.9626168224299065,0.9088235294117647,0.69415
BAYESDAAF,0.9625,0.9058823529411765,0.71708
BAYESDAAF,0.9623824451410659,0.9029411764705882,0.71713
BAYESDAAF,0.9622641509433962,0.9,0.72043
BAYESDAAF,0.9621451104100947,0.8970588235294118,0.7205
BAYESDAAF,0.9651898734177216,0.8970588235294118,0.72117
BAYESDAAF,0.9650793650793651,0.8941176470588236,0.72417
BAYESDAAF,0.9681528662420382,0.8941176470588236,0.73474
BAYESDAAF,0.9680511182108626,0.8911764705882353,0.7509
BAYESDAAF,0.9711538461538461,0.8911764705882353,0.75357
BAYESDAAF,0.9710610932475884,0.888235294117647,0.75589
BAYESDAAF,0.9709677419354839,0.8852941176470588,0.75915
BAYESDAAF,0.970873786407767,0.8823529411764706,0.76305
BAYESDAAF,0.9707792207792207,0.8794117647058823,0.76334
BAYESDAAF,0.9706840390879479,0.8764705882352941,0.78659
BAYESDAAF,0.9705882352941176,0.8735294117647059,0.78932
BAYESDAAF,0.9704918032786886,0.8705882352941177,0.7908
BAYESDAAF,0.9736842105263158,0.8705882352941177,0.79145
BAYESDAAF,0.9735973597359736,0.8676470588235294,0.80325
BAYESDAAF,0.9735099337748344,0.8647058823529412,0.80386
BAYESDAAF,0.973421926910299,0.861764705882353,0.80591
BAYESDAAF,0.9766666666666667,0.861764705882353,0.81279
BAYESDAAF,0.9765886287625418,0.8588235294117647,0.81703
BAYESDAAF,0.9765100671140939,0.8558823529411764,0.81793
BAYESDAAF,0.9764309764309764,0.8529411764705882,0.81903
BAYESDAAF,0.9763513513513513,0.85,0.81939
BAYESDAAF,0.976271186440678,0.8470588235294118,0.81995
BAYESDAAF,0.9795918367346939,0.8470588235294118,0.82018
BAYESDAAF,0.9795221843003413,0.8441176470588235,0.82041
BAYESDAAF,0.9794520547945206,0.8411764705882353,0.8248
BAYESDAAF,0.979381443298969,0.8382352941176471,0.82699
BAYESDAAF,0.9793103448275862,0.8352941176470589,0.82841
BAYESDAAF,0.9792387543252595,0.8323529411764706,0.84109
BAYESDAAF,0.9791666666666666,0.8294117647058824,0.84272
BAYESDAAF,0.9790940766550522,0.8264705882352941,0.84795
BAYESDAAF,0.9790209790209791,0.8235294117647058,0.84931
BAYESDAAF,0.9824561403508771,0.8235294117647058,0.8496
BAYESDAAF,0.9823943661971831,0.8205882352941176,0.85215
BAYESDAAF,0.9823321554770318,0.8176470588235294,0.85232
BAYESDAAF,0.9822695035460993,0.8147058823529412,0.85468
BAYESDAAF,0.9822064056939501,0.8117647058823529,0.85716
BAYESDAAF,0.9821428571428571,0.8088235294117647,0.85827
BAYESDAAF,0.982078853046595,0.8058823529411765,0.85969
BAYESDAAF,0.9820143884892086,0.8029411764705883,0.86123
BAYESDAAF,0.9819494584837545,0.8,0.86399
BAYESDAAF,0.9818840579710145,0.7970588235294118,0.86565
BAYESDAAF,0.9818181818181818,0.7941176470588235,0.87038
BAYESDAAF,0.9817518248175182,0.7911764705882353,0.87492
BAYESDAAF,0.9816849816849816,0.788235294117647,0.87522
BAYESDAAF,0.9816176470588235,0.7852941176470588,0.8841
BAYESDAAF,0.981549815498155,0.7823529411764706,0.8842
BAYESDAAF,0.9851851851851852,0.7823529411764706,0.88509
BAYESDAAF,0.9851301115241635,0.7794117647058824,0.8852
BAYESDAAF,0.9850746268656716,0.7764705882352941,0.89101
BAYESDAAF,0.9850187265917603,0.7735294117647059,0.89227
BAYESDAAF,0.9849624060150376,0.7705882352941177,0.89345
BAYESDAAF,0.9849056603773585,0.7676470588235295,0.89414
BAYESDAAF,0.9848484848484849,0.7647058823529411,0.89772
BAYESDAAF,0.9847908745247148,0.7617647058823529,0.898
BAYESDAAF,0.9847328244274809,0.7588235294117647,0.90108
BAYESDAAF,0.9846743295019157,0.7558823529411764,0.90125
BAYESDAAF,0.9846153846153847,0.7529411764705882,0.90153
BAYESDAAF,0.9845559845559846,0.75,0.90371
BAYESDAAF,0.9883720930232558,0.75,0.90486
BAYESDAAF,0.9883268482490273,0.7470588235294118,0.9059
BAYESDAAF,0.9921875,0.7470588235294118,0.90682
BAYESDAAF,0.9921568627450981,0.7441176470588236,0.91114
BAYESDAAF,0.9921259842519685,0.7411764705882353,0.91296
BAYESDAAF,0.9920948616600791,0.7382352941176471,0.91321
BAYESDAAF,0.9920634920634921,0.7352941176470589,0.91617
BAYESDAAF,0.9920318725099602,0.7323529411764705,0.91813
BAYESDAAF,0.992,0.7294117647058823,0.92009
BAYESDAAF,0.9919678714859438,0.7264705882352941,0.92488
BAYESDAAF,0.9959677419354839,0.7264705882352941,0.931
BAYESDAAF,0.9959514170040485,0.7235294117647059,0.93172
BAYESDAAF,0.9959349593495935,0.7205882352941176,0.93202
BAYESDAAF,0.9959183673469387,0.7176470588235294,0.93205
BAYESDAAF,0.9959016393442623,0.7147058823529412,0.93207
BAYESDAAF,0.9958847736625515,0.711764705882353,0.93248
BAYESDAAF,0.995850622406639,0.7058823529411765,0.93263
BAYESDAAF,0.9958333333333333,0.7029411764705882,0.9333
BAYESDAAF,0.99581589958159,0.7,0.9345
BAYESDAAF,0.9957983193277311,0.6970588235294117,0.93513
BAYESDAAF,0.9957805907172996,0.6941176470588235,0.93559
BAYESDAAF,0.9957627118644068,0.6911764705882353,0.93636
BAYESDAAF,0.9957446808510638,0.6882352941176471,0.93645
BAYESDAAF,0.9957264957264957,0.6852941176470588,0.93701
BAYESDAAF,0.9957081545064378,0.6823529411764706,0.93713
BAYESDAAF,0.9956896551724138,0.6794117647058824,0.93794
BAYESDAAF,0.9956521739130435,0.6735294117647059,0.93827
BAYESDAAF,1.0,0.6735294117647059,0.93862
BAYESDAAF,1.0,0.6705882352941176,0.93872
BAYESDAAF,1.0,0.6676470588235294,0.93889
BAYESDAAF,1.0,0.6647058823529411,0.9389
BAYESDAAF,1.0,0.6617647058823529,0.9392
BAYESDAAF,1.0,0.6588235294117647,0.93963
BAYESDAAF,1.0,0.6558823529411765,0.94021
BAYESDAAF,1.0,0.6529411764705882,0.94086
BAYESDAAF,1.0,0.65,0.94099
BAYESDAAF,1.0,0.6441176470588236,0.94118
BAYESDAAF,1.0,0.6411764705882353,0.94145
BAYESDAAF,1.0,0.638235294117647,0.94152
BAYESDAAF,1.0,0.6352941176470588,0.94291
BAYESDAAF,1.0,0.6323529411764706,0.94305
BAYESDAAF,1.0,0.6294117647058823,0.94346
BAYESDAAF,1.0,0.6264705882352941,0.94406
BAYESDAAF,1.0,0.6235294117647059,0.94408
BAYESDAAF,1.0,0.6205882352941177,0.94426
BAYESDAAF,1.0,0.6176470588235294,0.94427
BAYESDAAF,1.0,0.611764705882353,0.94434
BAYESDAAF,1.0,0.6088235294117647,0.94593
BAYESDAAF,1.0,0.6058823529411764,0.94594
BAYESDAAF,1.0,0.6029411764705882,0.94603
BAYESDAAF,1.0,0.6,0.9461
BAYESDAAF,1.0,0.5970588235294118,0.94612
BAYESDAAF,1.0,0.5941176470588235,0.94662
BAYESDAAF,1.0,0.5911764705882353,0.9475
BAYESDAAF,1.0,0.5882352941176471,0.9476
BAYESDAAF,1.0,0.5852941176470589,0.94768
BAYESDAAF,1.0,0.5823529411764706,0.94771
BAYESDAAF,1.0,0.5794117647058824,0.94785
BAYESDAAF,1.0,0.5764705882352941,0.94787
BAYESDAAF,1.0,0.5735294117647058,0.94851
BAYESDAAF,1.0,0.5705882352941176,0.94855
BAYESDAAF,1.0,0.5676470588235294,0.94864
BAYESDAAF,1.0,0.5647058823529412,0.94866
BAYESDAAF,1.0,0.5617647058823529,0.94877
BAYESDAAF,1.0,0.5588235294117647,0.94885
BAYESDAAF,1.0,0.5558823529411765,0.94888
BAYESDAAF,1.0,0.5529411764705883,0.94943
BAYESDAAF,1.0,0.5470588235294118,0.94951
BAYESDAAF,1.0,0.5441176470588235,0.94971
BAYESDAAF,1.0,0.5411764705882353,0.94991
BAYESDAAF,1.0,0.538235294117647,0.94998
BAYESDAAF,1.0,0.5352941176470588,0.95008
BAYESDAAF,1.0,0.5323529411764706,0.95015
BAYESDAAF,1.0,0.5294117647058824,0.95021
BAYESDAAF,1.0,0.5264705882352941,0.95036
BAYESDAAF,1.0,0.5235294117647059,0.95134
BAYESDAAF,1.0,0.5205882352941177,0.95136
BAYESDAAF,1.0,0.5147058823529411,0.95149
BAYESDAAF,1.0,0.5117647058823529,0.95151
BAYESDAAF,1.0,0.5088235294117647,0.95163
BAYESDAAF,1.0,0.5058823529411764,0.95179
BAYESDAAF,1.0,0.5029411764705882,0.95183
BAYESDAAF,1.0,0.5,0.95257
BAYESDAAF,1.0,0.4970588235294118,0.95261
BAYESDAAF,1.0,0.49411764705882355,0.95262
BAYESDAAF,1.0,0.49117647058823527,0.95263
BAYESDAAF,1.0,0.48823529411764705,0.95271
BAYESDAAF,1.0,0.4852941176470588,0.95284
BAYESDAAF,1.0,0.4823529411764706,0.95288
BAYESDAAF,1.0,0.4764705882352941,0.95294
BAYESDAAF,1.0,0.47352941176470587,0.95297
BAYESDAAF,1.0,0.47058823529411764,0.95308
BAYESDAAF,1.0,0.4676470588235294,0.95313
BAYESDAAF,1.0,0.4647058823529412,0.95319
BAYESDAAF,1.0,0.4588235294117647,0.95335
BAYESDAAF,1.0,0.45588235294117646,0.9542
BAYESDAAF,1.0,0.45294117647058824,0.95429
BAYESDAAF,1.0,0.45,0.95441
BAYESDAAF,1.0,0.4470588235294118,0.95451
BAYESDAAF,1.0,0.4441176470588235,0.95452
BAYESDAAF,1.0,0.4411764705882353,0.95467
BAYESDAAF,1.0,0.43823529411764706,0.95474
BAYESDAAF,1.0,0.43529411764705883,0.95479
BAYESDAAF,1.0,0.4323529411764706,0.95579
BAYESDAAF,1.0,0.4294117647058823,0.95594
BAYESDAAF,1.0,0.4264705882352941,0.95607
BAYESDAAF,1.0,0.4235294117647059,0.95616
BAYESDAAF,1.0,0.42058823529411765,0.95617
BAYESDAAF,1.0,0.4176470588235294,0.95624
BAYESDAAF,1.0,0.4147058823529412,0.95625
BAYESDAAF,1.0,0.4117647058823529,0.95628
BAYESDAAF,1.0,0.4088235294117647,0.95646
BAYESDAAF,1.0,0.40588235294117647,0.95652
BAYESDAAF,1.0,0.40294117647058825,0.95754
BAYESDAAF,1.0,0.4,0.95759
BAYESDAAF,1.0,0.39705882352941174,0.95774
BAYESDAAF,1.0,0.3941176470588235,0.95785
BAYESDAAF,1.0,0.3911764705882353,0.95799
BAYESDAAF,1.0,0.38823529411764707,0.95805
BAYESDAAF,1.0,0.38529411764705884,0.95807
BAYESDAAF,1.0,0.38235294117647056,0.9582
BAYESDAAF,1.0,0.37941176470588234,0.95822
BAYESDAAF,1.0,0.3764705882352941,0.95828
BAYESDAAF,1.0,0.3735294117647059,0.95833
BAYESDAAF,1.0,0.37058823529411766,0.95955
BAYESDAAF,1.0,0.36764705882352944,0.95967
BAYESDAAF,1.0,0.36470588235294116,0.95971
BAYESDAAF,1.0,0.36176470588235293,0.95973
BAYESDAAF,1.0,0.3558823529411765,0.95981
BAYESDAAF,1.0,0.35294117647058826,0.95986
BAYESDAAF,1.0,0.35,0.96007
BAYESDAAF,1.0,0.34705882352941175,0.96009
BAYESDAAF,1.0,0.34411764705882353,0.96029
BAYESDAAF,1.0,0.3411764705882353,0.96034
BAYESDAAF,1.0,0.3382352941176471,0.96037
BAYESDAAF,1.0,0.3352941176470588,0.96045
BAYESDAAF,1.0,0.3323529411764706,0.96046
BAYESDAAF,1.0,0.3264705882352941,0.96051
BAYESDAAF,1.0,0.3235294117647059,0.96053
BAYESDAAF,1.0,0.3205882352941177,0.96054
BAYESDAAF,1.0,0.3176470588235294,0.96202
BAYESDAAF,1.0,0.31470588235294117,0.9622
BAYESDAAF,1.0,0.31176470588235294,0.96226
BAYESDAAF,1.0,0.3088235294117647,0.96235
BAYESDAAF,1.0,0.3058823529411765,0.96242
BAYESDAAF,1.0,0.3029411764705882,0.96243
BAYESDAAF,1.0,0.3,0.96245
BAYESDAAF,1.0,0.29705882352941176,0.96252
BAYESDAAF,1.0,0.29411764705882354,0.96255
BAYESDAAF,1.0,0.2911764705882353,0.96263
BAYESDAAF,1.0,0.28823529411764703,0.96269
BAYESDAAF,1.0,0.2852941176470588,0.96289
BAYESDAAF,1.0,0.2823529411764706,0.9629
BAYESDAAF,1.0,0.27941176470588236,0.963
BAYESDAAF,1.0,0.27647058823529413,0.96309
BAYESDAAF,1.0,0.2735294117647059,0.96314
BAYESDAAF,1.0,0.2676470588235294,0.96315
BAYESDAAF,1.0,0.26176470588235295,0.96324
BAYESDAAF,1.0,0.25882352941176473,0.96537
BAYESDAAF,1.0,0.25588235294117645,0.9655
BAYESDAAF,1.0,0.24411764705882352,0.9656
BAYESDAAF,1.0,0.2411764705882353,0.96565
BAYESDAAF,1.0,0.23823529411764705,0.96569
BAYESDAAF,1.0,0.23529411764705882,0.9657
BAYESDAAF,1.0,0.2323529411764706,0.96571
BAYESDAAF,1.0,0.22941176470588234,0.96575
BAYESDAAF,1.0,0.22647058823529412,0.966
BAYESDAAF,1.0,0.2235294117647059,0.96613
BAYESDAAF,1.0,0.21764705882352942,0.96617
BAYESDAAF,1.0,0.21470588235294116,0.96626
BAYESDAAF,1.0,0.21176470588235294,0.96632
BAYESDAAF,1.0,0.2088235294117647,0.96644
BAYESDAAF,1.0,0.20294117647058824,0.96659
BAYESDAAF,1.0,0.2,0.9666
BAYESDAAF,1.0,0.19705882352941176,0.96661
BAYESDAAF,1.0,0.19411764705882353,0.96885
BAYESDAAF,1.0,0.18529411764705883,0.96897
BAYESDAAF,1.0,0.18235294117647058,0.96915
BAYESDAAF,1.0,0.17941176470588235,0.96923
BAYESDAAF,1.0,0.17647058823529413,0.96924
BAYESDAAF,1.0,0.17352941176470588,0.96931
BAYESDAAF,1.0,0.17058823529411765,0.96935
BAYESDAAF,1.0,0.1676470588235294,0.96936
BAYESDAAF,1.0,0.16470588235294117,0.96937
BAYESDAAF,1.0,0.1588235294117647,0.96939
BAYESDAAF,1.0,0.15588235294117647,0.96944
BAYESDAAF,1.0,0.15294117647058825,0.96946
BAYESDAAF,1.0,0.15,0.96947
BAYESDAAF,1.0,0.14411764705882352,0.96948
BAYESDAAF,1.0,0.1411764705882353,0.96949
BAYESDAAF,1.0,0.13823529411764707,0.96956
BAYESDAAF,1.0,0.13529411764705881,0.96961
BAYESDAAF,1.0,0.1323529411764706,0.96969
BAYESDAAF,1.0,0.12941176470588237,0.96972
BAYESDAAF,1.0,0.11764705882352941,0.96979
BAYESDAAF,1.0,0.11470588235294117,0.96982
BAYESDAAF,1.0,0.11176470588235295,0.96986
BAYESDAAF,1.0,0.10882352941176471,0.96987
BAYESDAAF,1.0,0.10294117647058823,0.96989
BAYESDAAF,1.0,0.1,0.97003
BAYESDAAF,1.0,0.09705882352941177,0.97006
BAYESDAAF,1.0,0.09411764705882353,0.97033
BAYESDAAF,1.0,0.09117647058823529,0.97034
BAYESDAAF,1.0,0.08823529411764706,0.97035
BAYESDAAF,1.0,0.08529411764705883,0.97039
BAYESDAAF,1.0,0.08235294117647059,0.97041
BAYESDAAF,1.0,0.07647058823529412,0.97042
BAYESDAAF,1.0,0.07352941176470588,0.97044
BAYESDAAF,1.0,0.06764705882352941,0.97056
BAYESDAAF,1.0,0.06470588235294118,0.9729
BAYESDAAF,1.0,0.061764705882352944,0.97294
BAYESDAAF,1.0,0.05588235294117647,0.97306
BAYESDAAF,1.0,0.052941176470588235,0.97308
BAYESDAAF,1.0,0.047058823529411764,0.97325
BAYESDAAF,1.0,0.03823529411764706,0.97326
BAYESDAAF,1.0,0.029411764705882353,0.97336
BAYESDAAF,1.0,0.026470588235294117,0.9734
BAYESDAAF,1.0,0.023529411764705882,0.97341
BAYESDAAF,1.0,0.014705882352941176,0.97342
BAYESDAAF,1.0,0.011764705882352941,0.97349
BAYESDAAF,1.0,0.008823529411764706,0.97353
BAYESDAAF,1.0,0.0029411764705882353,0.97359
BAYESDNAF,0.8542713567839196,1.0,0.0401
BAYESDNAF,0.8564231738035264,1.0,0.06654
BAYESDNAF,0.8585858585858586,1.0,0.07387
BAYESDNAF,0.8607594936708861,1.0,0.08307
BAYESDNAF,0.8629441624365483,1.0,0.10112
BAYESDNAF,0.8651399491094147,1.0,0.11264
BAYESDNAF,0.8673469387755102,1.0,0.11486
BAYESDNAF,0.8695652173913043,1.0,0.12017
BAYESDNAF,0.8717948717948718,1.0,0.14929
BAYESDNAF,0.8740359897172236,1.0,0.20536
BAYESDNAF,0.8762886597938144,1.0,0.20856
BAYESDNAF,0.8785529715762274,1.0,0.22669
BAYESDNAF,0.8808290155440415,1.0,0.32078
BAYESDNAF,0.8831168831168831,1.0,0.32842
BAYESDNAF,0.8854166666666666,1.0,0.35682
BAYESDNAF,0.8877284595300261,1.0,0.37635
BAYESDNAF,0.8900523560209425,1.0,0.3793
BAYESDNAF,0.889763779527559,0.9970588235294118,0.39281
BAYESDNAF,0.8921052631578947,0.9970588235294118,0.41987
BAYESDNAF,0.8944591029023746,0.9970588235294118,0.4316
BAYESDNAF,0.8941798941798942,0.9941176470588236,0.43562
BAYESDNAF,0.896551724137931,0.9941176470588236,0.4437
BAYESDNAF,0.898936170212766,0.9941176470588236,0.44646
BAYESDNAF,0.8986666666666666,0.9911764705882353,0.46941
BAYESDNAF,0.9010695187165776,0.9911764705882353,0.48461
BAYESDNAF,0.900804289544236,0.9882352941176471,0.49382
BAYESDNAF,0.9005376344086021,0.9852941176470589,0.53007
BAYESDNAF,0.9029649595687331,0.9852941176470589,0.53369
BAYESDNAF,0.9027027027027027,0.9823529411764705,0.53635
BAYESDNAF,0.9024390243902439,0.9794117647058823,0.5367
BAYESDNAF,0.9021739130434783,0.9764705882352941,0.54741
BAYESDNAF,0.9019073569482289,0.9735294117647059,0.56083
BAYESDNAF,0.9043715846994536,0.9735294117647059,0.57673
BAYESDNAF,0.9041095890410958,0.9705882352941176,0.57908
BAYESDNAF,0.9065934065934066,0.9705882352941176,0.5862
BAYESDNAF,0.9090909090909091,0.9705882352941176,0.60632
BAYESDNAF,0.9088397790055248,0.9676470588235294,0.61706
BAYESDNAF,0.9085872576177285,0.9647058823529412,0.61737
BAYESDNAF,0.9083333333333333,0.961764705882353,0.62239
BAYESDNAF,0.9080779944289693,0.9588235294117647,0.64061
BAYESDNAF,0.9106145251396648,0.9588235294117647,0.64641
BAYESDNAF,0.9103641456582633,0.9558823529411765,0.64765
BAYESDNAF,0.9101123595505618,0.9529411764705882,0.65324
BAYESDNAF,0.9098591549295775,0.95,0.65488
BAYESDNAF,0.9096045197740112,0.9470588235294117,0.65673
BAYESDNAF,0.9121813031161473,0.9470588235294117,0.65887
BAYESDNAF,0.9147727272727273,0.9470588235294117,0.66281
BAYESDNAF,0.9145299145299145,0.9441176470588235,0.6674
BAYESDNAF,0.9171428571428571,0.9441176470588235,0.66946
BAYESDNAF,0.9169054441260746,0.9411764705882353,0.67497
BAYESDNAF,0.9166666666666666,0.9382352941176471,0.6789
BAYESDNAF,0.9193083573487032,0.9382352941176471,0.68065
BAYESDNAF,0.9219653179190751,0.9382352941176471,0.68095
BAYESDNAF,0.9246376811594202,0.9382352941176471,0.68122
BAYESDNAF,0.9273255813953488,0.9382352941176471,0.68344
BAYESDNAF,0.9271137026239067,0.9352941176470588,0.68405
BAYESDNAF,0.9298245614035088,0.9352941176470588,0.68564
BAYESDNAF,0.9296187683284457,0.9323529411764706,0.69025
BAYESDNAF,0.9294117647058824,0.9294117647058824,0.69775
BAYESDNAF,0.9321533923303835,0.9294117647058824,0.70082
BAYESDNAF,0.9319526627218935,0.9264705882352942,0.70659
BAYESDNAF,0.9317507418397626,0.9235294117647059,0.70765
BAYESDNAF,0.9345238095238095,0.9235294117647059,0.70767
BAYESDNAF,0.9373134328358209,0.9235294117647059,0.71297
BAYESDNAF,0.9401197604790419,0.9235294117647059,0.71346
BAYESDNAF,0.93993993993994,0.9205882352941176,0.71619
BAYESDNAF,0.9427710843373494,0.9205882352941176,0.71622
BAYESDNAF,0.9425981873111783,0.9176470588235294,0.71754
BAYESDNAF,0.9424242424242424,0.9147058823529411,0.72201
BAYESDNAF,0.9452887537993921,0.9147058823529411,0.72693
BAYESDNAF,0.9451219512195121,0.9117647058823529,0.73128
BAYESDNAF,0.944954128440367,0.9088235294117647,0.74447
BAYESDNAF,0.9478527607361963,0.9088235294117647,0.75036
BAYESDNAF,0.9476923076923077,0.9058823529411765,0.75367
BAYESDNAF,0.9475308641975309,0.9029411764705882,0.75602
BAYESDNAF,0.9473684210526315,0.9,0.75997
BAYESDNAF,0.9472049689440993,0.8970588235294118,0.76026
BAYESDNAF,0.9470404984423676,0.8941176470588236,0.76313
BAYESDNAF,0.946875,0.8911764705882353,0.77781
BAYESDNAF,0.9467084639498433,0.888235294117647,0.78382
BAYESDNAF,0.9465408805031447,0.8852941176470588,0.78658
BAYESDNAF,0.9462025316455697,0.8794117647058823,0.78875
BAYESDNAF,0.946031746031746,0.8764705882352941,0.80072
BAYESDNAF,0.945859872611465,0.8735294117647059,0.80134
BAYESDNAF,0.9456869009584664,0.8705882352941177,0.80882
BAYESDNAF,0.9455128205128205,0.8676470588235294,0.80917
BAYESDNAF,0.9453376205787781,0.8647058823529412,0.81038
BAYESDNAF,0.9451612903225807,0.861764705882353,0.81131
BAYESDNAF,0.948220064724919,0.861764705882353,0.81468
BAYESDNAF,0.948051948051948,0.8588235294117647,0.81559
BAYESDNAF,0.9478827361563518,0.8558823529411764,0.81671
BAYESDNAF,0.9477124183006536,0.8529411764705882,0.81707
BAYESDNAF,0.9475409836065574,0.85,0.81787
BAYESDNAF,0.9473684210526315,0.8470588235294118,0.81811
BAYESDNAF,0.9471947194719472,0.8441176470588235,0.82475
BAYESDNAF,0.9470198675496688,0.8411764705882353,0.83141
BAYESDNAF,0.9501661129568106,0.8411764705882353,0.84006
BAYESDNAF,0.95,0.8382352941176471,0.84067
BAYESDNAF,0.9498327759197325,0.8352941176470589,0.84596
BAYESDNAF,0.9496644295302014,0.8323529411764706,0.84763
BAYESDNAF,0.9494949494949495,0.8294117647058824,0.8502
BAYESDNAF,0.9493243243243243,0.8264705882352941,0.85038
BAYESDNAF,0.9491525423728814,0.8235294117647058,0.85193
BAYESDNAF,0.9523809523809523,0.8235294117647058,0.85278
BAYESDNAF,0.9522184300341296,0.8205882352941176,0.85529
BAYESDNAF,0.952054794520548,0.8176470588235294,0.85641
BAYESDNAF,0.9518900343642611,0.8147058823529412,0.85786
BAYESDNAF,0.9517241379310345,0.8117647058823529,0.85942
BAYESDNAF,0.9515570934256056,0.8088235294117647,0.86389
BAYESDNAF,0.9513888888888888,0.8058823529411765,0.8687
BAYESDNAF,0.9512195121951219,0.8029411764705883,0.8723
BAYESDNAF,0.951048951048951,0.8,0.87332
BAYESDNAF,0.9508771929824561,0.7970588235294118,0.88264
BAYESDNAF,0.9507042253521126,0.7941176470588235,0.88364
BAYESDNAF,0.950530035335689,0.7911764705882353,0.88375
BAYESDNAF,0.950354609929078,0.788235294117647,0.88862
BAYESDNAF,0.9537366548042705,0.788235294117647,0.88964
BAYESDNAF,0.9535714285714286,0.7852941176470588,0.89013
BAYESDNAF,0.956989247311828,0.7852941176470588,0.89089
BAYESDNAF,0.960431654676259,0.7852941176470588,0.89092
BAYESDNAF,0.9602888086642599,0.7823529411764706,0.89208
BAYESDNAF,0.9601449275362319,0.7794117647058824,0.89211
BAYESDNAF,0.96,0.7764705882352941,0.89282
BAYESDNAF,0.9598540145985401,0.7735294117647059,0.89645
BAYESDNAF,0.9597069597069597,0.7705882352941177,0.89673
BAYESDNAF,0.9595588235294118,0.7676470588235295,0.89985
BAYESDNAF,0.959409594095941,0.7647058823529411,0.90002
BAYESDNAF,0.9592592592592593,0.7617647058823529,0.9003
BAYESDNAF,0.9591078066914498,0.7588235294117647,0.90367
BAYESDNAF,0.9589552238805971,0.7558823529411764,0.90566
BAYESDNAF,0.9588014981273408,0.7529411764705882,0.90722
BAYESDNAF,0.9586466165413534,0.75,0.90945
BAYESDNAF,0.9622641509433962,0.75,0.91003
BAYESDNAF,0.9621212121212122,0.7470588235294118,0.91189
BAYESDNAF,0.9619771863117871,0.7441176470588236,0.91214
BAYESDNAF,0.9618320610687023,0.7411764705882353,0.91227
BAYESDNAF,0.9655172413793104,0.7411764705882353,0.91384
BAYESDNAF,0.9692307692307692,0.7411764705882353,0.93015
BAYESDNAF,0.9691119691119691,0.7382352941176471,0.93033
BAYESDNAF,0.9728682170542635,0.7382352941176471,0.93117
BAYESDNAF,0.9727626459143969,0.7352941176470589,0.9312
BAYESDNAF,0.97265625,0.7323529411764705,0.93122
BAYESDNAF,0.9725490196078431,0.7294117647058823,0.93163
BAYESDNAF,0.9723320158102767,0.7235294117647059,0.93178
BAYESDNAF,0.9722222222222222,0.7205882352941176,0.93247
BAYESDNAF,0.9721115537848606,0.7176470588235294,0.93289
BAYESDNAF,0.972,0.7147058823529412,0.93369
BAYESDNAF,0.9718875502008032,0.711764705882353,0.93432
BAYESDNAF,0.9717741935483871,0.7088235294117647,0.93478
BAYESDNAF,0.97165991902834,0.7058823529411765,0.93557
BAYESDNAF,0.9715447154471545,0.7029411764705882,0.93566
BAYESDNAF,0.9714285714285714,0.7,0.93633
BAYESDNAF,0.9713114754098361,0.6970588235294117,0.93715
BAYESDNAF,0.9710743801652892,0.6911764705882353,0.93784
BAYESDNAF,0.970954356846473,0.6882352941176471,0.93794
BAYESDNAF,0.9708333333333333,0.6852941176470588,0.93811
BAYESDNAF,0.9707112970711297,0.6823529411764706,0.93812
BAYESDNAF,0.9705882352941176,0.6794117647058824,0.93843
BAYESDNAF,0.9704641350210971,0.6764705882352942,0.93886
BAYESDNAF,0.9703389830508474,0.6735294117647059,0.93924
BAYESDNAF,0.9744680851063829,0.6735294117647059,0.93939
BAYESDNAF,0.9743589743589743,0.6705882352941176,0.93944
BAYESDNAF,0.9742489270386266,0.6676470588235294,0.94008
BAYESDNAF,0.9741379310344828,0.6647058823529411,0.94013
BAYESDNAF,0.974025974025974,0.6617647058823529,0.94022
BAYESDNAF,0.9737991266375546,0.6558823529411765,0.94041
BAYESDNAF,0.9736842105263158,0.6529411764705882,0.94059
BAYESDNAF,0.9779735682819384,0.6529411764705882,0.94067
BAYESDNAF,0.9778761061946902,0.65,0.94074
BAYESDNAF,0.9777777777777777,0.6470588235294118,0.94212
BAYESDNAF,0.9776785714285714,0.6441176470588236,0.94226
BAYESDNAF,0.9775784753363229,0.6411764705882353,0.94266
BAYESDNAF,0.9774774774774775,0.638235294117647,0.94327
BAYESDNAF,0.9773755656108597,0.6352941176470588,0.94328
BAYESDNAF,0.9772727272727273,0.6323529411764706,0.94339
BAYESDNAF,0.9817351598173516,0.6323529411764706,0.94346
BAYESDNAF,0.981651376146789,0.6294117647058823,0.94348
BAYESDNAF,0.9814814814814815,0.6235294117647059,0.94355
BAYESDNAF,0.9813953488372092,0.6205882352941177,0.94402
BAYESDNAF,0.9813084112149533,0.6176470588235294,0.94412
BAYESDNAF,0.9812206572769953,0.6147058823529412,0.94434
BAYESDNAF,0.9858490566037735,0.6147058823529412,0.94514
BAYESDNAF,0.985781990521327,0.611764705882353,0.94515
BAYESDNAF,0.9857142857142858,0.6088235294117647,0.94524
BAYESDNAF,0.9856459330143541,0.6058823529411764,0.94531
BAYESDNAF,0.9855769230769231,0.6029411764705882,0.94532
BAYESDNAF,0.9855072463768116,0.6,0.94584
BAYESDNAF,0.9854368932038835,0.5970588235294118,0.94673
BAYESDNAF,0.9853658536585366,0.5941176470588235,0.94684
BAYESDNAF,0.9852941176470589,0.5911764705882353,0.9469
BAYESDNAF,0.9852216748768473,0.5882352941176471,0.94693
BAYESDNAF,0.9851485148514851,0.5852941176470589,0.94708
BAYESDNAF,0.9850746268656716,0.5823529411764706,0.9471
BAYESDNAF,0.985,0.5794117647058824,0.94779
BAYESDNAF,0.9849246231155779,0.5764705882352941,0.94788
BAYESDNAF,0.9848484848484849,0.5735294117647058,0.9479
BAYESDNAF,0.9847715736040609,0.5705882352941176,0.94802
BAYESDNAF,0.9846938775510204,0.5676470588235294,0.94809
BAYESDNAF,0.9846153846153847,0.5647058823529412,0.9481
BAYESDNAF,0.9845360824742269,0.5617647058823529,0.94813
BAYESDNAF,0.9844559585492227,0.5588235294117647,0.94869
BAYESDNAF,0.9842931937172775,0.5529411764705883,0.94877
BAYESDNAF,0.9842105263157894,0.55,0.94898
BAYESDNAF,0.9841269841269841,0.5470588235294118,0.94909
BAYESDNAF,0.9840425531914894,0.5441176470588235,0.94917
BAYESDNAF,0.983957219251337,0.5411764705882353,0.94924
BAYESDNAF,0.9838709677419355,0.538235294117647,0.94935
BAYESDNAF,0.9837837837837838,0.5352941176470588,0.94942
BAYESDNAF,0.9836956521739131,0.5323529411764706,0.94947
BAYESDNAF,0.9836065573770492,0.5294117647058824,0.94962
BAYESDNAF,0.9835164835164835,0.5264705882352941,0.95061
BAYESDNAF,0.9834254143646409,0.5235294117647059,0.95064
BAYESDNAF,0.9832402234636871,0.5176470588235295,0.95077
BAYESDNAF,0.9831460674157303,0.5147058823529411,0.9508
BAYESDNAF,0.9830508474576272,0.5117647058823529,0.95092
BAYESDNAF,0.9829545454545454,0.5088235294117647,0.95108
BAYESDNAF,0.9828571428571429,0.5058823529411764,0.95112
BAYESDNAF,0.9827586206896551,0.5029411764705882,0.95187
BAYESDNAF,0.9826589595375722,0.5,0.95191
BAYESDNAF,0.9825581395348837,0.4970588235294118,0.95192
BAYESDNAF,0.9824561403508771,0.49411764705882355,0.95193
BAYESDNAF,0.9823529411764705,0.49117647058823527,0.95201
BAYESDNAF,0.9822485207100592,0.48823529411764705,0.95214
BAYESDNAF,0.9821428571428571,0.4852941176470588,0.95219
BAYESDNAF,0.9819277108433735,0.47941176470588237,0.95225
BAYESDNAF,0.9818181818181818,0.4764705882352941,0.95228
BAYESDNAF,0.9817073170731707,0.47352941176470587,0.95238
BAYESDNAF,0.9815950920245399,0.47058823529411764,0.95244
BAYESDNAF,0.9814814814814815,0.4676470588235294,0.95249
BAYESDNAF,0.9813664596273292,0.4647058823529412,0.9525
BAYESDNAF,0.98125,0.46176470588235297,0.95265
BAYESDNAF,0.9811320754716981,0.4588235294117647,0.95351
BAYESDNAF,0.9810126582278481,0.45588235294117646,0.95361
BAYESDNAF,0.9808917197452229,0.45294117647058824,0.95373
BAYESDNAF,0.9807692307692307,0.45,0.95383
BAYESDNAF,0.9806451612903225,0.4470588235294118,0.95385
BAYESDNAF,0.9805194805194806,0.4441176470588235,0.95394
BAYESDNAF,0.9869281045751634,0.4441176470588235,0.95399
BAYESDNAF,0.9868421052631579,0.4411764705882353,0.95406
BAYESDNAF,0.9867549668874173,0.43823529411764706,0.95412
BAYESDNAF,0.9866666666666667,0.43529411764705883,0.95514
BAYESDNAF,0.9865771812080537,0.4323529411764706,0.95529
BAYESDNAF,0.9864864864864865,0.4294117647058823,0.95542
BAYESDNAF,0.9863945578231292,0.4264705882352941,0.95552
BAYESDNAF,0.9862068965517241,0.42058823529411765,0.9556
BAYESDNAF,0.9861111111111112,0.4176470588235294,0.95561
BAYESDNAF,0.986013986013986,0.4147058823529412,0.95582
BAYESDNAF,0.9859154929577465,0.4117647058823529,0.95588
BAYESDNAF,0.9858156028368794,0.4088235294117647,0.95692
BAYESDNAF,0.9857142857142858,0.40588235294117647,0.95696
BAYESDNAF,0.9856115107913669,0.40294117647058825,0.95711
BAYESDNAF,0.9855072463768116,0.4,0.95721
BAYESDNAF,0.9854014598540146,0.39705882352941174,0.95725
BAYESDNAF,0.9926470588235294,0.39705882352941174,0.95735
BAYESDNAF,0.9925925925925926,0.3941176470588235,0.95741
BAYESDNAF,0.9925373134328358,0.3911764705882353,0.95743
BAYESDNAF,0.9924812030075187,0.38823529411764707,0.95757
BAYESDNAF,0.9924242424242424,0.38529411764705884,0.95759
BAYESDNAF,0.9923664122137404,0.38235294117647056,0.95765
BAYESDNAF,0.9923076923076923,0.37941176470588234,0.95769
BAYESDNAF,0.9922480620155039,0.3764705882352941,0.95895
BAYESDNAF,0.9921875,0.3735294117647059,0.95905
BAYESDNAF,0.9921259842519685,0.37058823529411766,0.95909
BAYESDNAF,0.9920634920634921,0.36764705882352944,0.95911
BAYESDNAF,0.992,0.36470588235294116,0.95912
BAYESDNAF,0.9919354838709677,0.36176470588235293,0.95919
BAYESDNAF,0.991869918699187,0.3588235294117647,0.95924
BAYESDNAF,0.9918032786885246,0.3558823529411765,0.95946
BAYESDNAF,0.9917355371900827,0.35294117647058826,0.95948
BAYESDNAF,0.9916666666666667,0.35,0.95966
BAYESDNAF,0.9915966386554622,0.34705882352941175,0.95967
BAYESDNAF,0.9915254237288136,0.34411764705882353,0.95971
BAYESDNAF,0.9914529914529915,0.3411764705882353,0.95974
BAYESDNAF,0.9913793103448276,0.3382352941176471,0.95982
BAYESDNAF,0.991304347826087,0.3352941176470588,0.95983
BAYESDNAF,0.9911504424778761,0.32941176470588235,0.95989
BAYESDNAF,0.9910714285714286,0.3264705882352941,0.95991
BAYESDNAF,0.990909090909091,0.3205882352941177,0.96142
BAYESDNAF,0.9908256880733946,0.3176470588235294,0.96146
BAYESDNAF,1.0,0.3176470588235294,0.9616
BAYESDNAF,1.0,0.31470588235294117,0.96166
BAYESDNAF,1.0,0.31176470588235294,0.96175
BAYESDNAF,1.0,0.3088235294117647,0.96182
BAYESDNAF,1.0,0.3058823529411765,0.96183
BAYESDNAF,1.0,0.3029411764705882,0.96185
BAYESDNAF,1.0,0.3,0.96192
BAYESDNAF,1.0,0.29705882352941176,0.96195
BAYESDNAF,1.0,0.29411764705882354,0.96203
BAYESDNAF,1.0,0.2911764705882353,0.9621
BAYESDNAF,1.0,0.28823529411764703,0.96222
BAYESDNAF,1.0,0.2852941176470588,0.96229
BAYESDNAF,1.0,0.2823529411764706,0.9623
BAYESDNAF,1.0,0.27941176470588236,0.9624
BAYESDNAF,1.0,0.27647058823529413,0.96249
BAYESDNAF,1.0,0.2735294117647059,0.96254
BAYESDNAF,1.0,0.2676470588235294,0.96255
BAYESDNAF,1.0,0.26176470588235295,0.96264
BAYESDNAF,1.0,0.25882352941176473,0.96479
BAYESDNAF,1.0,0.25588235294117645,0.96492
BAYESDNAF,1.0,0.2529411764705882,0.96493
BAYESDNAF,1.0,0.24411764705882352,0.96502
BAYESDNAF,1.0,0.2411764705882353,0.96508
BAYESDNAF,1.0,0.23823529411764705,0.96512
BAYESDNAF,1.0,0.23529411764705882,0.96513
BAYESDNAF,1.0,0.2323529411764706,0.96514
BAYESDNAF,1.0,0.22941176470588234,0.96518
BAYESDNAF,1.0,0.22647058823529412,0.96544
BAYESDNAF,1.0,0.2235294117647059,0.96557
BAYESDNAF,1.0,0.21764705882352942,0.96561
BAYESDNAF,1.0,0.21470588235294116,0.9657
BAYESDNAF,1.0,0.21176470588235294,0.96576
BAYESDNAF,1.0,0.2088235294117647,0.96588
BAYESDNAF,1.0,0.20588235294117646,0.96589
BAYESDNAF,1.0,0.20294117647058824,0.96603
BAYESDNAF,1.0,0.2,0.96604
BAYESDNAF,1.0,0.19705882352941176,0.96605
BAYESDNAF,1.0,0.19411764705882353,0.96834
BAYESDNAF,1.0,0.18529411764705883,0.96846
BAYESDNAF,1.0,0.18235294117647058,0.96865
BAYESDNAF,1.0,0.17941176470588235,0.96873
BAYESDNAF,1.0,0.17352941176470588,0.96881
BAYESDNAF,1.0,0.17058823529411765,0.96885
BAYESDNAF,1.0,0.1676470588235294,0.96886
BAYESDNAF,1.0,0.16176470588235295,0.96887
BAYESDNAF,1.0,0.1588235294117647,0.96889
BAYESDNAF,1.0,0.15588235294117647,0.96894
BAYESDNAF,1.0,0.15294117647058825,0.96896
BAYESDNAF,1.0,0.14705882352941177,0.96897
BAYESDNAF,1.0,0.14411764705882352,0.96898
BAYESDNAF,1.0,0.1411764705882353,0.96899
BAYESDNAF,1.0,0.13823529411764707,0.96906
BAYESDNAF,1.0,0.13529411764705881,0.96911
BAYESDNAF,1.0,0.1323529411764706,0.9692
BAYESDNAF,1.0,0.12941176470588237,0.96922
BAYESDNAF,1.0,0.1264705882352941,0.96923
BAYESDNAF,1.0,0.11764705882352941,0.9693
BAYESDNAF,1.0,0.11470588235294117,0.96932
BAYESDNAF,1.0,0.11176470588235295,0.96936
BAYESDNAF,1.0,0.10882352941176471,0.96937
BAYESDNAF,1.0,0.10588235294117647,0.96938
BAYESDNAF,1.0,0.10294117647058823,0.96939
BAYESDNAF,1.0,0.1,0.96954
BAYESDNAF,1.0,0.09705882352941177,0.96957
BAYESDNAF,1.0,0.09411764705882353,0.96984
BAYESDNAF,1.0,0.09117647058823529,0.96986
BAYESDNAF,1.0,0.08529411764705883,0.9699
BAYESDNAF,1.0,0.08235294117647059,0.96992
BAYESDNAF,1.0,0.07941176470588235,0.96993
BAYESDNAF,1.0,0.07352941176470588,0.96996
BAYESDNAF,1.0,0.06764705882352941,0.97007
BAYESDNAF,1.0,0.06470588235294118,0.97247
BAYESDNAF,1.0,0.061764705882352944,0.9725
BAYESDNAF,1.0,0.058823529411764705,0.97251
BAYESDNAF,1.0,0.05588235294117647,0.97263
BAYESDNAF,1.0,0.052941176470588235,0.97264
BAYESDNAF,1.0,0.05,0.97265
BAYESDNAF,1.0,0.047058823529411764,0.97282
BAYESDNAF,1.0,0.03823529411764706,0.97283
BAYESDNAF,1.0,0.029411764705882353,0.97294
BAYESDNAF,1.0,0.026470588235294117,0.97297
BAYESDNAF,1.0,0.023529411764705882,0.97299
BAYESDNAF,1.0,0.011764705882352941,0.97306
BAYESDNAF,1.0,0.008823529411764706,0.9731
BAYESDNAF,1.0,0.0058823529411764705,0.97311
BAYESDNAF,1.0,0.0029411764705882353,0.97317
CADD,0.8542713567839196,1.0,0.01221
CADD,0.8564231738035264,1.0,0.03168
CADD,0.8585858585858586,1.0,0.05545
CADD,0.8607594936708861,1.0,0.05795
CADD,0.8629441624365483,1.0,0.05871
CADD,0.8651399491094147,1.0,0.08299
CADD,0.8673469387755102,1.0,0.08716
CADD,0.8695652173913043,1.0,0.11193
CADD,0.8717948717948718,1.0,0.11522
CADD,0.8740359897172236,1.0,0.11593
CADD,0.8762886597938144,1.0,0.14673
CADD,0.8785529715762274,1.0,0.14991
CADD,0.8808290155440415,1.0,0.16881
CADD,0.8831168831168831,1.0,0.18309
CADD,0.8854166666666666,1.0,0.1892
CADD,0.8851174934725848,0.9970588235294118,0.19393
CADD,0.887434554973822,0.9970588235294118,0.20413
CADD,0.8871391076115486,0.9941176470588236,0.2161
CADD,0.8894736842105263,0.9941176470588236,0.2201
CADD,0.8891820580474934,0.9911764705882353,0.2262
CADD,0.8915343915343915,0.9911764705882353,0.24701
CADD,0.8912466843501327,0.9882352941176471,0.24735
CADD,0.8909574468085106,0.9852941176470589,0.25255
CADD,0.8906666666666667,0.9823529411764705,0.2547
CADD,0.893048128342246,0.9823529411764705,0.25813
CADD,0.8927613941018767,0.9794117647058823,0.2662
CADD,0.8951612903225806,0.9794117647058823,0.27164
CADD,0.894878706199461,0.9764705882352941,0.28284
CADD,0.8945945945945946,0.9735294117647059,0.28851
CADD,0.8970189701897019,0.9735294117647059,0.28859
CADD,0.8967391304347826,0.9705882352941176,0.29171
CADD,0.896457765667575,0.9676470588235294,0.30012
CADD,0.8961748633879781,0.9647058823529412,0.31915
CADD,0.8958904109589041,0.961764705882353,0.32583
CADD,0.8956043956043956,0.9588235294117647,0.33605
CADD,0.8953168044077136,0.9558823529411765,0.34155
CADD,0.8977900552486188,0.9558823529411765,0.3571
CADD,0.8975069252077562,0.9529411764705882,0.3648
CADD,0.9,0.9529411764705882,0.3665
CADD,0.9025069637883009,0.9529411764705882,0.36837
CADD,0.9050279329608939,0.9529411764705882,0.37172
CADD,0.9047619047619048,0.95,0.37317
CADD,0.9044943820224719,0.9470588235294117,0.3821
CADD,0.9042253521126761,0.9441176470588235,0.3835
CADD,0.903954802259887,0.9411764705882353,0.38517
CADD,0.9036827195467422,0.9382352941176471,0.39099
CADD,0.90625,0.9382352941176471,0.3925
CADD,0.905982905982906,0.9352941176470588,0.3941
CADD,0.9057142857142857,0.9323529411764706,0.39786
CADD,0.9083094555873925,0.9323529411764706,0.40471
CADD,0.9080459770114943,0.9294117647058824,0.40915
CADD,0.9106628242074928,0.9294117647058824,0.40943
CADD,0.9104046242774566,0.9264705882352942,0.41171
CADD,0.9130434782608695,0.9264705882352942,0.41309
CADD,0.9127906976744186,0.9235294117647059,0.41318
CADD,0.9125364431486881,0.9205882352941176,0.43066
CADD,0.9122807017543859,0.9176470588235294,0.43246
CADD,0.9120234604105572,0.9147058823529411,0.43341
CADD,0.9117647058823529,0.9117647058823529,0.44824
CADD,0.9144542772861357,0.9117647058823529,0.45074
CADD,0.9171597633136095,0.9117647058823529,0.45084
CADD,0.9169139465875371,0.9088235294117647,0.45171
CADD,0.9196428571428571,0.9088235294117647,0.45298
CADD,0.9194029850746268,0.9058823529411765,0.45677
CADD,0.9191616766467066,0.9029411764705882,0.459
CADD,0.918918918918919,0.9,0.45939
CADD,0.9216867469879518,0.9,0.46351
CADD,0.9244712990936556,0.9,0.46961
CADD,0.9242424242424242,0.8970588235294118,0.46971
CADD,0.9240121580547113,0.8941176470588236,0.47624
CADD,0.9237804878048781,0.8911764705882353,0.47733
CADD,0.926605504587156,0.8911764705882353,0.48321
CADD,0.9263803680981595,0.888235294117647,0.4864
CADD,0.9292307692307692,0.888235294117647,0.49041
CADD,0.9290123456790124,0.8852941176470588,0.50568
CADD,0.9287925696594427,0.8823529411764706,0.50599
CADD,0.9285714285714286,0.8794117647058823,0.51017
CADD,0.9314641744548287,0.8794117647058823,0.51191
CADD,0.934375,0.8794117647058823,0.51222
CADD,0.9341692789968652,0.8764705882352941,0.5185
CADD,0.9339622641509434,0.8735294117647059,0.5263
CADD,0.9337539432176656,0.8705882352941177,0.53102
CADD,0.9335443037974683,0.8676470588235294,0.53227
CADD,0.9333333333333333,0.8647058823529412,0.53514
CADD,0.9331210191082803,0.861764705882353,0.53684
CADD,0.9329073482428115,0.8588235294117647,0.54825
CADD,0.9326923076923077,0.8558823529411764,0.55569
CADD,0.9356913183279743,0.8558823529411764,0.55613
CADD,0.9387096774193548,0.8558823529411764,0.55746
CADD,0.941747572815534,0.8558823529411764,0.56749
CADD,0.9415584415584416,0.8529411764705882,0.57223
CADD,0.9413680781758957,0.85,0.5728
CADD,0.9411764705882353,0.8470588235294118,0.57463
CADD,0.940983606557377,0.8441176470588235,0.57736
CADD,0.9407894736842105,0.8411764705882353,0.58011
CADD,0.9405940594059405,0.8382352941176471,0.58068
CADD,0.9403973509933775,0.8352941176470589,0.58253
CADD,0.9401993355481728,0.8323529411764706,0.58552
CADD,0.94,0.8294117647058824,0.58645
CADD,0.939799331103679,0.8264705882352941,0.58819
CADD,0.9395973154362416,0.8235294117647058,0.58982
CADD,0.9427609427609428,0.8235294117647058,0.59005
CADD,0.9425675675675675,0.8205882352941176,0.59191
CADD,0.9423728813559322,0.8176470588235294,0.59344
CADD,0.9421768707482994,0.8147058823529412,0.59391
CADD,0.9453924914675768,0.8147058823529412,0.59543
CADD,0.9452054794520548,0.8117647058823529,0.59648
CADD,0.9484536082474226,0.8117647058823529,0.60061
CADD,0.9482758620689655,0.8088235294117647,0.60085
CADD,0.9480968858131488,0.8058823529411765,0.60109
CADD,0.9479166666666666,0.8029411764705883,0.6057
CADD,0.9477351916376306,0.8,0.60988
CADD,0.9475524475524476,0.7970588235294118,0.61394
CADD,0.9473684210526315,0.7941176470588235,0.6149
CADD,0.9471830985915493,0.7911764705882353,0.62066
CADD,0.9469964664310954,0.788235294117647,0.62295
CADD,0.9468085106382979,0.7852941176470588,0.62464
CADD,0.9466192170818505,0.7823529411764706,0.63168
CADD,0.9464285714285714,0.7794117647058824,0.63313
CADD,0.946236559139785,0.7764705882352941,0.63326
CADD,0.9496402877697842,0.7764705882352941,0.63411
CADD,0.9494584837545126,0.7735294117647059,0.63532
CADD,0.9492753623188406,0.7705882352941177,0.63666
CADD,0.9490909090909091,0.7676470588235295,0.64019
CADD,0.948905109489051,0.7647058823529411,0.64263
CADD,0.9487179487179487,0.7617647058823529,0.64313
CADD,0.948339483394834,0.7558823529411764,0.64349
CADD,0.9479553903345725,0.75,0.64496
CADD,0.9477611940298507,0.7470588235294118,0.64643
CADD,0.947565543071161,0.7441176470588236,0.64729
CADD,0.9473684210526315,0.7411764705882353,0.64999
CADD,0.9471698113207547,0.7382352941176471,0.65196
CADD,0.946969696969697,0.7352941176470589,0.65466
CADD,0.9467680608365019,0.7323529411764705,0.65663
CADD,0.9465648854961832,0.7294117647058823,0.65676
CADD,0.946360153256705,0.7264705882352941,0.65713
CADD,0.9461538461538461,0.7235294117647059,0.65937
CADD,0.9459459459459459,0.7205882352941176,0.66023
CADD,0.9457364341085271,0.7176470588235294,0.66048
CADD,0.9455252918287937,0.7147058823529412,0.66136
CADD,0.9453125,0.711764705882353,0.66223
CADD,0.9450980392156862,0.7088235294117647,0.66435
CADD,0.9448818897637795,0.7058823529411765,0.66447
CADD,0.9446640316205533,0.7029411764705882,0.6666
CADD,0.9444444444444444,0.7,0.6681
CADD,0.9482071713147411,0.7,0.66847
CADD,0.948,0.6970588235294117,0.67086
CADD,0.9477911646586346,0.6941176470588235,0.67098
CADD,0.9475806451612904,0.6911764705882353,0.67136
CADD,0.9473684210526315,0.6882352941176471,0.67249
CADD,0.9471544715447154,0.6852941176470588,0.67463
CADD,0.9469387755102041,0.6823529411764706,0.67653
CADD,0.9467213114754098,0.6794117647058824,0.6778
CADD,0.9465020576131687,0.6764705882352942,0.67792
CADD,0.946058091286307,0.6705882352941176,0.67805
CADD,0.9458333333333333,0.6676470588235294,0.67906
CADD,0.9456066945606695,0.6647058823529411,0.67918
CADD,0.9453781512605042,0.6617647058823529,0.67982
CADD,0.9451476793248945,0.6588235294117647,0.68008
CADD,0.9449152542372882,0.6558823529411765,0.68186
CADD,0.9446808510638298,0.6529411764705882,0.68428
CADD,0.9444444444444444,0.65,0.68543
CADD,0.944206008583691,0.6470588235294118,0.68632
CADD,0.9439655172413793,0.6441176470588236,0.68709
CADD,0.9437229437229437,0.6411764705882353,0.6885
CADD,0.9434782608695652,0.638235294117647,0.68926
CADD,0.9432314410480349,0.6352941176470588,0.68939
CADD,0.9429824561403509,0.6323529411764706,0.69029
CADD,0.9427312775330396,0.6294117647058823,0.69158
CADD,0.9424778761061947,0.6264705882352941,0.69209
CADD,0.9422222222222222,0.6235294117647059,0.69286
CADD,0.9419642857142857,0.6205882352941177,0.69299
CADD,0.9417040358744395,0.6176470588235294,0.69325
CADD,0.9414414414414415,0.6147058823529412,0.69351
CADD,0.9411764705882353,0.611764705882353,0.69428
CADD,0.9409090909090909,0.6088235294117647,0.69454
CADD,0.9406392694063926,0.6058823529411764,0.6957
CADD,0.9403669724770642,0.6029411764705882,0.69596
CADD,0.9400921658986175,0.6,0.69725
CADD,0.9398148148148148,0.5970588235294118,0.69738
CADD,0.9395348837209302,0.5941176470588235,0.6983
CADD,0.9392523364485982,0.5911764705882353,0.7009
CADD,0.9389671361502347,0.5882352941176471,0.70364
CADD,0.9386792452830188,0.5852941176470589,0.7077
CADD,0.943127962085308,0.5852941176470589,0.70809
CADD,0.9428571428571428,0.5823529411764706,0.7098
CADD,0.9425837320574163,0.5794117647058824,0.71164
CADD,0.9423076923076923,0.5764705882352941,0.71284
CADD,0.9420289855072463,0.5735294117647058,0.71403
CADD,0.941747572815534,0.5705882352941176,0.71457
CADD,0.9414634146341463,0.5676470588235294,0.71483
CADD,0.9411764705882353,0.5647058823529412,0.7151
CADD,0.9408866995073891,0.5617647058823529,0.71683
CADD,0.9405940594059405,0.5588235294117647,0.71856
CADD,0.9402985074626866,0.5558823529411765,0.71909
CADD,0.94,0.5529411764705883,0.71936
CADD,0.9396984924623115,0.55,0.72029
CADD,0.9390862944162437,0.5441176470588235,0.72082
CADD,0.9387755102040817,0.5411764705882353,0.72108
CADD,0.9384615384615385,0.538235294117647,0.72135
CADD,0.9381443298969072,0.5352941176470588,0.72282
CADD,0.9378238341968912,0.5323529411764706,0.72323
CADD,0.9375,0.5294117647058824,0.72363
CADD,0.93717277486911,0.5264705882352941,0.72619
CADD,0.9368421052631579,0.5235294117647059,0.72727
CADD,0.9365079365079365,0.5205882352941177,0.72768
CADD,0.9358288770053476,0.5147058823529411,0.72795
CADD,0.9354838709677419,0.5117647058823529,0.72863
CADD,0.9351351351351351,0.5088235294117647,0.72876
CADD,0.9347826086956522,0.5058823529411764,0.72971
CADD,0.9344262295081968,0.5029411764705882,0.7331
CADD,0.9340659340659341,0.5,0.73365
CADD,0.9337016574585635,0.4970588235294118,0.73447
CADD,0.9333333333333333,0.49411764705882355,0.73556
CADD,0.9329608938547486,0.49117647058823527,0.73583
CADD,0.9325842696629213,0.48823529411764705,0.73679
CADD,0.9322033898305084,0.4852941176470588,0.73734
CADD,0.9318181818181818,0.4823529411764706,0.73911
CADD,0.9314285714285714,0.47941176470588237,0.74117
CADD,0.930635838150289,0.47352941176470587,0.74144
CADD,0.9302325581395349,0.47058823529411764,0.74172
CADD,0.9298245614035088,0.4676470588235294,0.74227
CADD,0.9294117647058824,0.4647058823529412,0.74255
CADD,0.9289940828402367,0.46176470588235297,0.74309
CADD,0.9285714285714286,0.4588235294117647,0.74351
CADD,0.9281437125748503,0.45588235294117646,0.7442
CADD,0.927710843373494,0.45294117647058824,0.74613
CADD,0.9272727272727272,0.45,0.74751
CADD,0.926829268292683,0.4470588235294118,0.74765
CADD,0.9263803680981595,0.4441176470588235,0.74778
CADD,0.9259259259259259,0.4411764705882353,0.74792
CADD,0.9254658385093167,0.43823529411764706,0.7493
CADD,0.925,0.43529411764705883,0.75027
CADD,0.9245283018867925,0.4323529411764706,0.75249
CADD,0.9240506329113924,0.4294117647058823,0.75733
CADD,0.9299363057324841,0.4294117647058823,0.75789
CADD,0.9294871794871795,0.4264705882352941,0.75816
CADD,0.9290322580645162,0.4235294117647059,0.75886
CADD,0.9285714285714286,0.42058823529411765,0.75914
CADD,0.9276315789473685,0.4147058823529412,0.75984
CADD,0.9271523178807947,0.4117647058823529,0.76053
CADD,0.9266666666666666,0.4088235294117647,0.7615
CADD,0.9261744966442953,0.40588235294117647,0.76164
CADD,0.9256756756756757,0.40294117647058825,0.76275
CADD,0.9251700680272109,0.4,0.76373
CADD,0.9246575342465754,0.39705882352941174,0.76498
CADD,0.9241379310344827,0.3941176470588235,0.76539
CADD,0.9236111111111112,0.3911764705882353,0.76623
CADD,0.9230769230769231,0.38823529411764707,0.76637
CADD,0.9225352112676056,0.38529411764705884,0.7665
CADD,0.9219858156028369,0.38235294117647056,0.76831
CADD,0.9214285714285714,0.37941176470588234,0.76957
CADD,0.920863309352518,0.3764705882352941,0.77068
CADD,0.9202898550724637,0.3735294117647059,0.77109
CADD,0.9264705882352942,0.37058823529411766,0.77235
CADD,0.9259259259259259,0.36764705882352944,0.77485
CADD,0.9253731343283582,0.36470588235294116,0.77527
CADD,0.924812030075188,0.36176470588235293,0.77541
CADD,0.9242424242424242,0.3588235294117647,0.7768
CADD,0.9236641221374046,0.3558823529411765,0.77708
CADD,0.9230769230769231,0.35294117647058826,0.77736
CADD,0.9302325581395349,0.35294117647058826,0.77764
CADD,0.9296875,0.35,0.77805
CADD,0.9291338582677166,0.34705882352941175,0.77874
CADD,0.9285714285714286,0.34411764705882353,0.7793
CADD,0.9274193548387096,0.3382352941176471,0.77943
CADD,0.9344262295081968,0.3352941176470588,0.77971
CADD,0.9338842975206612,0.3323529411764706,0.78027
CADD,0.9333333333333333,0.32941176470588235,0.78054
CADD,0.9327731092436975,0.3264705882352941,0.78068
CADD,0.9322033898305084,0.3235294117647059,0.78082
CADD,0.9316239316239316,0.3205882352941177,0.78179
CADD,0.9310344827586207,0.3176470588235294,0.78331
CADD,0.9304347826086956,0.31470588235294117,0.78607
CADD,0.9298245614035088,0.31176470588235294,0.78717
CADD,0.9292035398230089,0.3088235294117647,0.78786
CADD,0.9285714285714286,0.3058823529411765,0.78856
CADD,0.9369369369369369,0.3058823529411765,0.79172
CADD,0.9363636363636364,0.3029411764705882,0.79255
CADD,0.9357798165137615,0.3,0.79296
CADD,0.9345794392523364,0.29411764705882354,0.79583
CADD,0.9339622641509434,0.2911764705882353,0.79651
CADD,0.9333333333333333,0.28823529411764703,0.79706
CADD,0.9326923076923077,0.2852941176470588,0.79801
CADD,0.9320388349514563,0.2823529411764706,0.79828
CADD,0.9405940594059405,0.27941176470588236,0.79869
CADD,0.94,0.27647058823529413,0.7991
CADD,0.9393939393939394,0.2735294117647059,0.79964
CADD,0.9387755102040817,0.27058823529411763,0.80059
CADD,0.9381443298969072,0.2676470588235294,0.80073
CADD,0.9375,0.2647058823529412,0.80235
CADD,0.9368421052631579,0.26176470588235295,0.80532
CADD,0.9361702127659575,0.25882352941176473,0.80545
CADD,0.9354838709677419,0.25588235294117645,0.80626
CADD,0.9347826086956522,0.2529411764705882,0.80867
CADD,0.9340659340659341,0.25,0.81027
CADD,0.9333333333333333,0.24705882352941178,0.81067
CADD,0.9325842696629213,0.24411764705882352,0.81332
CADD,0.9431818181818182,0.24411764705882352,0.817
CADD,0.9425287356321839,0.2411764705882353,0.81739
CADD,0.9418604651162791,0.23823529411764705,0.81856
CADD,0.9411764705882353,0.23529411764705882,0.81869
CADD,0.9404761904761905,0.2323529411764706,0.81895
CADD,0.9397590361445783,0.22941176470588234,0.81948
CADD,0.9512195121951219,0.22941176470588234,0.81974
CADD,0.9506172839506173,0.22647058823529412,0.82168
CADD,0.9493670886075949,0.22058823529411764,0.82466
CADD,0.9487179487179487,0.21764705882352942,0.82555
CADD,0.948051948051948,0.21470588235294116,0.8281
CADD,0.9473684210526315,0.21176470588235294,0.82835
CADD,0.9466666666666667,0.2088235294117647,0.82873
CADD,0.9459459459459459,0.20588235294117646,0.83
CADD,0.9452054794520548,0.20294117647058824,0.83327
CADD,0.9444444444444444,0.2,0.83352
CADD,0.9436619718309859,0.19705882352941176,0.83477
CADD,0.9428571428571428,0.19411764705882353,0.83563
CADD,0.9420289855072463,0.19117647058823528,0.84272
CADD,0.9411764705882353,0.18823529411764706,0.8444
CADD,0.9402985074626866,0.18529411764705883,0.84678
CADD,0.9393939393939394,0.18235294117647058,0.84773
CADD,0.9384615384615385,0.17941176470588235,0.84891
CADD,0.9375,0.17647058823529413,0.84914
CADD,0.9365079365079365,0.17352941176470588,0.85008
CADD,0.9354838709677419,0.17058823529411765,0.85171
CADD,0.9344262295081968,0.1676470588235294,0.85333
CADD,0.9333333333333333,0.16470588235294117,0.85527
CADD,0.9322033898305084,0.16176470588235295,0.85618
CADD,0.9310344827586207,0.1588235294117647,0.86404
CADD,0.9473684210526315,0.1588235294117647,0.86829
CADD,0.9464285714285714,0.15588235294117647,0.86892
CADD,0.9454545454545454,0.15294117647058825,0.87364
CADD,0.9444444444444444,0.15,0.87576
CADD,0.9433962264150944,0.14705882352941177,0.87683
CADD,0.9423076923076923,0.14411764705882352,0.87772
CADD,0.9411764705882353,0.1411764705882353,0.87907
CADD,0.94,0.13823529411764707,0.87974
CADD,0.9387755102040817,0.13529411764705881,0.8807
CADD,0.9375,0.1323529411764706,0.88108
CADD,0.9574468085106383,0.1323529411764706,0.88165
CADD,0.9565217391304348,0.12941176470588237,0.88332
CADD,0.9555555555555556,0.1264705882352941,0.88579
CADD,0.9545454545454546,0.12352941176470589,0.88596
CADD,0.9534883720930233,0.12058823529411765,0.88641
CADD,0.9761904761904762,0.12058823529411765,0.88659
CADD,0.975609756097561,0.11764705882352941,0.8901
CADD,0.975,0.11470588235294117,0.89138
CADD,0.9743589743589743,0.11176470588235295,0.89322
CADD,0.9736842105263158,0.10882352941176471,0.89551
CADD,0.972972972972973,0.10588235294117647,0.89615
CADD,0.9722222222222222,0.10294117647058823,0.89866
CADD,0.9714285714285714,0.1,0.90231
CADD,0.9705882352941176,0.09705882352941177,0.90561
CADD,0.9696969696969697,0.09411764705882353,0.90567
CADD,0.96875,0.09117647058823529,0.90978
CADD,0.967741935483871,0.08823529411764706,0.91466
CADD,0.9666666666666667,0.08529411764705883,0.91806
CADD,0.9655172413793104,0.08235294117647059,0.91871
CADD,0.9642857142857143,0.07941176470588235,0.9196
CADD,0.9629629629629629,0.07647058823529412,0.92237
CADD,0.9615384615384616,0.07352941176470588,0.92408
CADD,0.9583333333333334,0.06764705882352941,0.92425
CADD,0.9565217391304348,0.06470588235294118,0.92589
CADD,0.9545454545454546,0.061764705882352944,0.9262
CADD,1.0,0.061764705882352944,0.92673
CADD,1.0,0.058823529411764705,0.92688
CADD,1.0,0.05588235294117647,0.92747
CADD,1.0,0.052941176470588235,0.92811
CADD,1.0,0.05,0.92829
CADD,1.0,0.047058823529411764,0.93031
CADD,1.0,0.04411764705882353,0.93137
CADD,1.0,0.041176470588235294,0.93182
CADD,1.0,0.03823529411764706,0.93379
CADD,1.0,0.03529411764705882,0.93409
CADD,1.0,0.03235294117647059,0.93618
CADD,1.0,0.029411764705882353,0.93819
CADD,1.0,0.023529411764705882,0.93868
CADD,1.0,0.020588235294117647,0.93988
CADD,1.0,0.01764705882352941,0.9399
CADD,1.0,0.014705882352941176,0.94121
CADD,1.0,0.011764705882352941,0.94278
CADD,1.0,0.008823529411764706,0.9441
CADD,1.0,0.0058823529411764705,0.95075
CADD,1.0,0.0029411764705882353,0.9541
CLINPRED,0.8542713567839196,1.0,3e-05
CLINPRED,0.8564231738035264,1.0,0.0001
CLINPRED,0.8585858585858586,1.0,0.00032
CLINPRED,0.8607594936708861,1.0,0.00054
CLINPRED,0.8629441624365483,1.0,0.0008
CLINPRED,0.8651399491094147,1.0,0.00119
CLINPRED,0.8673469387755102,1.0,0.00245
CLINPRED,0.8695652173913043,1.0,0.00275
CLINPRED,0.8717948717948718,1.0,0.00463
CLINPRED,0.8740359897172236,1.0,0.00464
CLINPRED,0.8762886597938144,1.0,0.00509
CLINPRED,0.8785529715762274,1.0,0.00755
CLINPRED,0.8808290155440415,1.0,0.00802
CLINPRED,0.8831168831168831,1.0,0.00821
CLINPRED,0.8854166666666666,1.0,0.01223
CLINPRED,0.8877284595300261,1.0,0.01322
CLINPRED,0.8900523560209425,1.0,0.01358
CLINPRED,0.8923884514435696,1.0,0.01505
CLINPRED,0.8947368421052632,1.0,0.02107
CLINPRED,0.8970976253298153,1.0,0.02129
CLINPRED,0.8994708994708994,1.0,0.02378
CLINPRED,0.9018567639257294,1.0,0.02509
CLINPRED,0.9042553191489362,1.0,0.03123
CLINPRED,0.9066666666666666,1.0,0.03176
CLINPRED,0.9090909090909091,1.0,0.03224
CLINPRED,0.9115281501340483,1.0,0.03331
CLINPRED,0.9139784946236559,1.0,0.03602
CLINPRED,0.9164420485175202,1.0,0.03881
CLINPRED,0.9162162162162162,0.9970588235294118,0.04046
CLINPRED,0.9159891598915989,0.9941176470588236,0.04965
CLINPRED,0.9184782608695652,0.9941176470588236,0.06651
CLINPRED,0.9209809264305178,0.9941176470588236,0.07514
CLINPRED,0.9207650273224044,0.9911764705882353,0.07774
CLINPRED,0.9232876712328767,0.9911764705882353,0.08786
CLINPRED,0.9258241758241759,0.9911764705882353,0.09369
CLINPRED,0.928374655647383,0.9911764705882353,0.09642
CLINPRED,0.930939226519337,0.9911764705882353,0.10081
CLINPRED,0.9335180055401662,0.9911764705882353,0.11652
CLINPRED,0.9361111111111111,0.9911764705882353,0.12894
CLINPRED,0.935933147632312,0.9882352941176471,0.14733
CLINPRED,0.9357541899441341,0.9852941176470589,0.16201
CLINPRED,0.938375350140056,0.9852941176470589,0.17615
CLINPRED,0.9410112359550562,0.9852941176470589,0.18587
CLINPRED,0.9436619718309859,0.9852941176470589,0.1978
CLINPRED,0.9463276836158192,0.9852941176470589,0.20631
CLINPRED,0.9461756373937678,0.9823529411764705,0.2067
CLINPRED,0.9488636363636364,0.9823529411764705,0.21463
CLINPRED,0.9487179487179487,0.9794117647058823,0.21683
CLINPRED,0.9514285714285714,0.9794117647058823,0.2263
CLINPRED,0.9541547277936963,0.9794117647058823,0.22663
CLINPRED,0.9568965517241379,0.9794117647058823,0.23653
CLINPRED,0.9596541786743515,0.9794117647058823,0.25391
CLINPRED,0.9595375722543352,0.9764705882352941,0.25483
CLINPRED,0.9594202898550724,0.9735294117647059,0.25933
CLINPRED,0.9593023255813954,0.9705882352941176,0.25939
CLINPRED,0.9620991253644315,0.9705882352941176,0.27313
CLINPRED,0.9619883040935673,0.9676470588235294,0.2736
CLINPRED,0.9618768328445748,0.9647058823529412,0.27409
CLINPRED,0.961764705882353,0.961764705882353,0.27424
CLINPRED,0.9646017699115044,0.961764705882353,0.29784
CLINPRED,0.9644970414201184,0.9588235294117647,0.30192
CLINPRED,0.9643916913946587,0.9558823529411765,0.30915
CLINPRED,0.9672619047619048,0.9558823529411765,0.31365
CLINPRED,0.9671641791044776,0.9529411764705882,0.32229
CLINPRED,0.9700598802395209,0.9529411764705882,0.33312
CLINPRED,0.972972972972973,0.9529411764705882,0.33887
CLINPRED,0.9728915662650602,0.95,0.34321
CLINPRED,0.972809667673716,0.9470588235294117,0.34556
CLINPRED,0.9727272727272728,0.9441176470588235,0.35034
CLINPRED,0.9726443768996961,0.9411764705882353,0.35047
CLINPRED,0.9725609756097561,0.9382352941176471,0.35489
CLINPRED,0.9724770642201835,0.9352941176470588,0.36
CLINPRED,0.9723926380368099,0.9323529411764706,0.36617
CLINPRED,0.9723076923076923,0.9294117647058824,0.37453
CLINPRED,0.9722222222222222,0.9264705882352942,0.37648
CLINPRED,0.9752321981424149,0.9264705882352942,0.37774
CLINPRED,0.9751552795031055,0.9235294117647059,0.37813
CLINPRED,0.9750778816199377,0.9205882352941176,0.38415
CLINPRED,0.975,0.9176470588235294,0.39573
CLINPRED,0.9749216300940439,0.9147058823529411,0.40075
CLINPRED,0.9748427672955975,0.9117647058823529,0.4037
CLINPRED,0.9747634069400631,0.9088235294117647,0.4195
CLINPRED,0.9778481012658228,0.9088235294117647,0.42502
CLINPRED,0.9777777777777777,0.9058823529411765,0.43355
CLINPRED,0.9808917197452229,0.9058823529411765,0.43714
CLINPRED,0.9808306709265175,0.9029411764705882,0.44129
CLINPRED,0.9807692307692307,0.9,0.45066
CLINPRED,0.9807073954983923,0.8970588235294118,0.46372
CLINPRED,0.9806451612903225,0.8941176470588236,0.46435
CLINPRED,0.9805825242718447,0.8911764705882353,0.46518
CLINPRED,0.9805194805194806,0.888235294117647,0.46645
CLINPRED,0.9804560260586319,0.8852941176470588,0.46753
CLINPRED,0.9803921568627451,0.8823529411764706,0.4685
CLINPRED,0.980327868852459,0.8794117647058823,0.48412
CLINPRED,0.9802631578947368,0.8764705882352941,0.48524
CLINPRED,0.9801980198019802,0.8735294117647059,0.48595
CLINPRED,0.9801324503311258,0.8705882352941177,0.48701
CLINPRED,0.9800664451827242,0.8676470588235294,0.4908
CLINPRED,0.98,0.8647058823529412,0.49398
CLINPRED,0.979933110367893,0.861764705882353,0.50948
CLINPRED,0.9798657718120806,0.8588235294117647,0.51108
CLINPRED,0.9797979797979798,0.8558823529411764,0.51154
CLINPRED,0.9796610169491525,0.85,0.5155
CLINPRED,0.9795918367346939,0.8470588235294118,0.51787
CLINPRED,0.9795221843003413,0.8441176470588235,0.5237
CLINPRED,0.9794520547945206,0.8411764705882353,0.52532
CLINPRED,0.979381443298969,0.8382352941176471,0.53552
CLINPRED,0.9793103448275862,0.8352941176470589,0.53571
CLINPRED,0.9792387543252595,0.8323529411764706,0.54055
CLINPRED,0.9791666666666666,0.8294117647058824,0.54081
CLINPRED,0.9790209790209791,0.8235294117647058,0.5422
CLINPRED,0.9789473684210527,0.8205882352941176,0.55126
CLINPRED,0.9788732394366197,0.8176470588235294,0.5514
CLINPRED,0.9787985865724381,0.8147058823529412,0.55194
CLINPRED,0.9787234042553191,0.8117647058823529,0.55498
CLINPRED,0.9786476868327402,0.8088235294117647,0.56778
CLINPRED,0.9785714285714285,0.8058823529411765,0.57666
CLINPRED,0.978494623655914,0.8029411764705883,0.5789
CLINPRED,0.9784172661870504,0.8,0.57893
CLINPRED,0.9819494584837545,0.8,0.58322
CLINPRED,0.9818181818181818,0.7941176470588235,0.58343
CLINPRED,0.9854014598540146,0.7941176470588235,0.58418
CLINPRED,0.9853479853479854,0.7911764705882353,0.58463
CLINPRED,0.9852941176470589,0.788235294117647,0.58675
CLINPRED,0.985239852398524,0.7852941176470588,0.58995
CLINPRED,0.9888888888888889,0.7852941176470588,0.59101
CLINPRED,0.9888475836431226,0.7823529411764706,0.5939
CLINPRED,0.9888059701492538,0.7794117647058824,0.59432
CLINPRED,0.9887640449438202,0.7764705882352941,0.59788
CLINPRED,0.9924812030075187,0.7764705882352941,0.59795
CLINPRED,0.9962264150943396,0.7764705882352941,0.60446
CLINPRED,0.9962121212121212,0.7735294117647059,0.60451
CLINPRED,0.9961977186311787,0.7705882352941177,0.60476
CLINPRED,0.9961832061068703,0.7676470588235295,0.60565
CLINPRED,0.9961685823754789,0.7647058823529411,0.60858
CLINPRED,0.9961538461538462,0.7617647058823529,0.60923
CLINPRED,0.9961389961389961,0.7588235294117647,0.60955
CLINPRED,0.9961240310077519,0.7558823529411764,0.61389
CLINPRED,0.9961089494163424,0.7529411764705882,0.61569
CLINPRED,0.99609375,0.75,0.61913
CLINPRED,0.996078431372549,0.7470588235294118,0.6209
CLINPRED,0.9960629921259843,0.7441176470588236,0.62375
CLINPRED,0.9960474308300395,0.7411764705882353,0.62527
CLINPRED,0.996031746031746,0.7382352941176471,0.63307
CLINPRED,0.9960159362549801,0.7352941176470589,0.63381
CLINPRED,0.996,0.7323529411764705,0.63568
CLINPRED,0.9959839357429718,0.7294117647058823,0.64581
CLINPRED,0.9959677419354839,0.7264705882352941,0.65526
CLINPRED,0.9959514170040485,0.7235294117647059,0.65994
CLINPRED,0.9959349593495935,0.7205882352941176,0.66163
CLINPRED,0.9959183673469387,0.7176470588235294,0.6619
CLINPRED,0.9959016393442623,0.7147058823529412,0.66247
CLINPRED,0.9958847736625515,0.711764705882353,0.66352
CLINPRED,0.9958677685950413,0.7088235294117647,0.66555
CLINPRED,0.995850622406639,0.7058823529411765,0.67125
CLINPRED,0.9958333333333333,0.7029411764705882,0.67569
CLINPRED,0.99581589958159,0.7,0.67754
CLINPRED,0.9957983193277311,0.6970588235294117,0.68082
CLINPRED,0.9957805907172996,0.6941176470588235,0.68113
CLINPRED,0.9957627118644068,0.6911764705882353,0.68471
CLINPRED,0.9957446808510638,0.6882352941176471,0.68691
CLINPRED,0.9957264957264957,0.6852941176470588,0.6876
CLINPRED,0.9957081545064378,0.6823529411764706,0.68893
CLINPRED,0.9956896551724138,0.6794117647058824,0.68937
CLINPRED,0.9956709956709957,0.6764705882352942,0.69014
CLINPRED,0.9956521739130435,0.6735294117647059,0.69968
CLINPRED,0.9956331877729258,0.6705882352941176,0.70029
CLINPRED,0.9956140350877193,0.6676470588235294,0.7005
CLINPRED,0.9955947136563876,0.6647058823529411,0.70153
CLINPRED,0.995575221238938,0.6617647058823529,0.70312
CLINPRED,0.9955555555555555,0.6588235294117647,0.70574
CLINPRED,0.9955357142857143,0.6558823529411765,0.70666
CLINPRED,0.9955156950672646,0.6529411764705882,0.70828
CLINPRED,0.9954954954954955,0.65,0.70981
CLINPRED,0.995475113122172,0.6470588235294118,0.71061
CLINPRED,0.9954545454545455,0.6441176470588236,0.71588
CLINPRED,0.9954337899543378,0.6411764705882353,0.71783
CLINPRED,0.9954128440366973,0.638235294117647,0.71952
CLINPRED,0.9953917050691244,0.6352941176470588,0.72079
CLINPRED,0.9953703703703703,0.6323529411764706,0.72114
CLINPRED,0.9953488372093023,0.6294117647058823,0.72518
CLINPRED,0.9953271028037384,0.6264705882352941,0.7322
CLINPRED,0.9953051643192489,0.6235294117647059,0.73242
CLINPRED,0.9952830188679245,0.6205882352941177,0.73455
CLINPRED,0.995260663507109,0.6176470588235294,0.73652
CLINPRED,0.9952380952380953,0.6147058823529412,0.73881
CLINPRED,0.9952153110047847,0.611764705882353,0.73997
CLINPRED,0.9951923076923077,0.6088235294117647,0.74178
CLINPRED,0.9951690821256038,0.6058823529411764,0.74208
CLINPRED,0.9951456310679612,0.6029411764705882,0.74571
CLINPRED,0.9951219512195122,0.6,0.74626
CLINPRED,0.9950980392156863,0.5970588235294118,0.74856
CLINPRED,0.995049504950495,0.5911764705882353,0.74893
CLINPRED,0.9950248756218906,0.5882352941176471,0.75296
CLINPRED,0.995,0.5852941176470589,0.7538
CLINPRED,0.9949748743718593,0.5823529411764706,0.7553
CLINPRED,0.9949494949494949,0.5794117647058824,0.765
CLINPRED,0.9949238578680203,0.5764705882352941,0.76595
CLINPRED,0.9948979591836735,0.5735294117647058,0.76867
CLINPRED,0.9948717948717949,0.5705882352941176,0.77054
CLINPRED,0.9948453608247423,0.5676470588235294,0.77307
CLINPRED,0.9948186528497409,0.5647058823529412,0.77679
CLINPRED,0.9947916666666666,0.5617647058823529,0.77962
CLINPRED,0.9947643979057592,0.5588235294117647,0.78189
CLINPRED,0.9947368421052631,0.5558823529411765,0.78231
CLINPRED,0.9947089947089947,0.5529411764705883,0.78409
CLINPRED,0.9946808510638298,0.55,0.78485
CLINPRED,0.9946524064171123,0.5470588235294118,0.78519
CLINPRED,0.9946236559139785,0.5441176470588235,0.78686
CLINPRED,0.9945945945945946,0.5411764705882353,0.79115
CLINPRED,0.9945652173913043,0.538235294117647,0.79235
CLINPRED,0.994535519125683,0.5352941176470588,0.79318
CLINPRED,0.9945054945054945,0.5323529411764706,0.79431
CLINPRED,0.994475138121547,0.5294117647058824,0.79784
CLINPRED,0.9944444444444445,0.5264705882352941,0.7997
CLINPRED,0.994413407821229,0.5235294117647059,0.8
CLINPRED,0.9943820224719101,0.5205882352941177,0.80423
CLINPRED,0.9943502824858758,0.5176470588235295,0.80465
CLINPRED,0.9943181818181818,0.5147058823529411,0.80723
CLINPRED,0.9942857142857143,0.5117647058823529,0.80838
CLINPRED,0.9942528735632183,0.5088235294117647,0.80848
CLINPRED,0.9942196531791907,0.5058823529411764,0.80922
CLINPRED,0.9941860465116279,0.5029411764705882,0.81127
CLINPRED,0.9941520467836257,0.5,0.81139
CLINPRED,0.9941176470588236,0.4970588235294118,0.81171
CLINPRED,0.9940828402366864,0.49411764705882355,0.81632
CLINPRED,0.9940476190476191,0.49117647058823527,0.81838
CLINPRED,0.9940119760479041,0.48823529411764705,0.8185
CLINPRED,0.9939759036144579,0.4852941176470588,0.81991
CLINPRED,0.9939393939393939,0.4823529411764706,0.82038
CLINPRED,0.9938271604938271,0.47352941176470587,0.82213
CLINPRED,0.9937888198757764,0.47058823529411764,0.82273
CLINPRED,0.9937106918238994,0.4647058823529412,0.82344
CLINPRED,0.9936708860759493,0.46176470588235297,0.82504
CLINPRED,0.9936305732484076,0.4588235294117647,0.82677
CLINPRED,0.9935897435897436,0.45588235294117646,0.82714
CLINPRED,1.0,0.45588235294117646,0.83057
CLINPRED,1.0,0.45294117647058824,0.83134
CLINPRED,1.0,0.45,0.8316
CLINPRED,1.0,0.4470588235294118,0.84105
CLINPRED,1.0,0.4441176470588235,0.84316
CLINPRED,1.0,0.4411764705882353,0.84461
CLINPRED,1.0,0.43823529411764706,0.8449
CLINPRED,1.0,0.43529411764705883,0.84505
CLINPRED,1.0,0.4323529411764706,0.84638
CLINPRED,1.0,0.4294117647058823,0.84697
CLINPRED,1.0,0.4264705882352941,0.84965
CLINPRED,1.0,0.4235294117647059,0.85212
CLINPRED,1.0,0.42058823529411765,0.85304
CLINPRED,1.0,0.4176470588235294,0.85398
CLINPRED,1.0,0.4147058823529412,0.85572
CLINPRED,1.0,0.4117647058823529,0.85702
CLINPRED,1.0,0.4088235294117647,0.85734
CLINPRED,1.0,0.40588235294117647,0.85799
CLINPRED,1.0,0.40294117647058825,0.86181
CLINPRED,1.0,0.4,0.86231
CLINPRED,1.0,0.3941176470588235,0.86436
CLINPRED,1.0,0.3911764705882353,0.86454
CLINPRED,1.0,0.38823529411764707,0.86472
CLINPRED,1.0,0.38529411764705884,0.86625
CLINPRED,1.0,0.38235294117647056,0.8666
CLINPRED,1.0,0.37941176470588234,0.86836
CLINPRED,1.0,0.3764705882352941,0.86871
CLINPRED,1.0,0.3735294117647059,0.86976
CLINPRED,1.0,0.37058823529411766,0.87081
CLINPRED,1.0,0.36764705882352944,0.87187
CLINPRED,1.0,0.36176470588235293,0.8748
CLINPRED,1.0,0.3588235294117647,0.8761
CLINPRED,1.0,0.3558823529411765,0.87629
CLINPRED,1.0,0.35294117647058826,0.87721
CLINPRED,1.0,0.35,0.87759
CLINPRED,1.0,0.34705882352941175,0.87928
CLINPRED,1.0,0.34411764705882353,0.8825
CLINPRED,1.0,0.3411764705882353,0.88428
CLINPRED,1.0,0.3382352941176471,0.88446
CLINPRED,1.0,0.3323529411764706,0.88465
CLINPRED,1.0,0.32941176470588235,0.88503
CLINPRED,1.0,0.3264705882352941,0.88563
CLINPRED,1.0,0.3235294117647059,0.88602
CLINPRED,1.0,0.3205882352941177,0.89147
CLINPRED,1.0,0.3176470588235294,0.89269
CLINPRED,1.0,0.31470588235294117,0.89289
CLINPRED,1.0,0.3088235294117647,0.89436
CLINPRED,1.0,0.3058823529411765,0.89457
CLINPRED,1.0,0.3029411764705882,0.89586
CLINPRED,1.0,0.3,0.8965
CLINPRED,1.0,0.29705882352941176,0.8969
CLINPRED,1.0,0.2911764705882353,0.89711
CLINPRED,1.0,0.28823529411764703,0.89798
CLINPRED,1.0,0.2852941176470588,0.89948
CLINPRED,1.0,0.2823529411764706,0.89969
CLINPRED,1.0,0.27941176470588236,0.8999
CLINPRED,1.0,0.27647058823529413,0.90076
CLINPRED,1.0,0.27058823529411763,0.90098
CLINPRED,1.0,0.2676470588235294,0.9014
CLINPRED,1.0,0.2647058823529412,0.90206
CLINPRED,1.0,0.26176470588235295,0.90274
CLINPRED,1.0,0.25882352941176473,0.90363
CLINPRED,1.0,0.25588235294117645,0.90409
CLINPRED,1.0,0.2529411764705882,0.90432
CLINPRED,1.0,0.24705882352941178,0.90587
CLINPRED,1.0,0.24411764705882352,0.90702
CLINPRED,1.0,0.2411764705882353,0.90749
CLINPRED,1.0,0.23823529411764705,0.91003
CLINPRED,1.0,0.23529411764705882,0.9112
CLINPRED,1.0,0.2323529411764706,0.91144
CLINPRED,1.0,0.22941176470588234,0.91262
CLINPRED,1.0,0.2235294117647059,0.9131
CLINPRED,1.0,0.22058823529411764,0.91382
CLINPRED,1.0,0.21764705882352942,0.91646
CLINPRED,1.0,0.21470588235294116,0.91722
CLINPRED,1.0,0.20588235294117646,0.91746
CLINPRED,1.0,0.20294117647058824,0.91769
CLINPRED,1.0,0.2,0.91871
CLINPRED,1.0,0.19705882352941176,0.91945
CLINPRED,1.0,0.19411764705882353,0.92146
CLINPRED,1.0,0.19117647058823528,0.92222
CLINPRED,1.0,0.18823529411764706,0.92555
CLINPRED,1.0,0.18529411764705883,0.92893
CLINPRED,1.0,0.18235294117647058,0.9292
CLINPRED,1.0,0.17941176470588235,0.9313
CLINPRED,1.0,0.17647058823529413,0.93183
CLINPRED,1.0,0.17058823529411765,0.93211
CLINPRED,1.0,0.16470588235294117,0.93265
CLINPRED,1.0,0.16176470588235295,0.93318
CLINPRED,1.0,0.15588235294117647,0.93371
CLINPRED,1.0,0.15294117647058825,0.93424
CLINPRED,1.0,0.14705882352941177,0.93561
CLINPRED,1.0,0.14411764705882352,0.93617
CLINPRED,1.0,0.1411764705882353,0.93725
CLINPRED,1.0,0.13823529411764707,0.93865
CLINPRED,1.0,0.1323529411764706,0.93948
CLINPRED,1.0,0.12941176470588237,0.94089
CLINPRED,1.0,0.1264705882352941,0.94233
CLINPRED,1.0,0.12352941176470589,0.94574
CLINPRED,1.0,0.12058823529411765,0.9466
CLINPRED,1.0,0.11764705882352941,0.94722
CLINPRED,1.0,0.11470588235294117,0.94782
CLINPRED,1.0,0.11176470588235295,0.94812
CLINPRED,1.0,0.10882352941176471,0.94934
CLINPRED,1.0,0.10588235294117647,0.95055
CLINPRED,1.0,0.10294117647058823,0.95085
CLINPRED,1.0,0.1,0.95239
CLINPRED,1.0,0.09705882352941177,0.95431
CLINPRED,1.0,0.09411764705882353,0.95464
CLINPRED,1.0,0.09117647058823529,0.95528
CLINPRED,1.0,0.08823529411764706,0.95788
CLINPRED,1.0,0.08529411764705883,0.95887
CLINPRED,1.0,0.08235294117647059,0.95921
CLINPRED,1.0,0.07941176470588235,0.96022
CLINPRED,1.0,0.07352941176470588,0.96158
CLINPRED,1.0,0.07058823529411765,0.96192
CLINPRED,1.0,0.06764705882352941,0.96296
CLINPRED,1.0,0.06470588235294118,0.97092
CLINPRED,1.0,0.061764705882352944,0.97327
CLINPRED,1.0,0.05588235294117647,0.97367
CLINPRED,1.0,0.052941176470588235,0.97487
CLINPRED,1.0,0.05,0.97528
CLINPRED,1.0,0.04411764705882353,0.97568
CLINPRED,1.0,0.041176470588235294,0.97827
CLINPRED,1.0,0.03823529411764706,0.97916
CLINPRED,1.0,0.03529411764705882,0.98469
CLINPRED,1.0,0.03235294117647059,0.98567
CLINPRED,1.0,0.029411764705882353,0.98615
CLINPRED,1.0,0.026470588235294117,0.98821
CLINPRED,1.0,0.020588235294117647,0.99138
CLINPRED,1.0,0.014705882352941176,0.99193
CLINPRED,1.0,0.011764705882352941,0.99466
CLINPRED,1.0,0.0058823529411764705,0.9978
CLINPRED,1.0,0.0029411764705882353,0.99873
DANN,0.8542713567839196,1.0,0.00321
DANN,0.8564231738035264,1.0,0.00718
DANN,0.8560606060606061,0.9970588235294118,0.02489
DANN,0.8582278481012658,0.9970588235294118,0.03108
DANN,0.8604060913705583,0.9970588235294118,0.04153
DANN,0.8600508905852418,0.9941176470588236,0.04447
DANN,0.8622448979591837,0.9941176470588236,0.08641
DANN,0.8644501278772379,0.9941176470588236,0.08828
DANN,0.8666666666666667,0.9941176470588236,0.08844
DANN,0.8688946015424165,0.9941176470588236,0.0972
DANN,0.8711340206185567,0.9941176470588236,0.10736
DANN,0.8733850129198967,0.9941176470588236,0.11114
DANN,0.8756476683937824,0.9941176470588236,0.12612
DANN,0.8779220779220779,0.9941176470588236,0.13814
DANN,0.8802083333333334,0.9941176470588236,0.14654
DANN,0.8825065274151436,0.9941176470588236,0.15822
DANN,0.8848167539267016,0.9941176470588236,0.16014
DANN,0.8871391076115486,0.9941176470588236,0.20642
DANN,0.8894736842105263,0.9941176470588236,0.21198
DANN,0.8918205804749341,0.9941176470588236,0.23446
DANN,0.8915343915343915,0.9911764705882353,0.23557
DANN,0.8912466843501327,0.9882352941176471,0.24686
DANN,0.8936170212765957,0.9882352941176471,0.24687
DANN,0.896,0.9882352941176471,0.25744
DANN,0.8957219251336899,0.9852941176470589,0.25986
DANN,0.8954423592493298,0.9823529411764705,0.26059
DANN,0.8951612903225806,0.9794117647058823,0.26449
DANN,0.8975741239892183,0.9794117647058823,0.27085
DANN,0.8972972972972973,0.9764705882352941,0.28101
DANN,0.8970189701897019,0.9735294117647059,0.28912
DANN,0.8967391304347826,0.9705882352941176,0.2921
DANN,0.8991825613079019,0.9705882352941176,0.29325
DANN,0.9016393442622951,0.9705882352941176,0.29561
DANN,0.9013698630136986,0.9676470588235294,0.29726
DANN,0.9010989010989011,0.9647058823529412,0.3063
DANN,0.9008264462809917,0.961764705882353,0.30877
DANN,0.9005524861878453,0.9588235294117647,0.31452
DANN,0.9002770083102493,0.9558823529411765,0.31768
DANN,0.9,0.9529411764705882,0.32761
DANN,0.9025069637883009,0.9529411764705882,0.33328
DANN,0.9047619047619048,0.95,0.34005
DANN,0.9073033707865169,0.95,0.3486
DANN,0.9070422535211268,0.9470588235294117,0.3502
DANN,0.9067796610169492,0.9441176470588235,0.35599
DANN,0.9065155807365439,0.9411764705882353,0.35833
DANN,0.9090909090909091,0.9411764705882353,0.35912
DANN,0.9088319088319088,0.9382352941176471,0.36462
DANN,0.9085714285714286,0.9352941176470588,0.36588
DANN,0.9083094555873925,0.9323529411764706,0.36695
DANN,0.9109195402298851,0.9323529411764706,0.37167
DANN,0.9106628242074928,0.9294117647058824,0.37296
DANN,0.9104046242774566,0.9264705882352942,0.37567
DANN,0.9101449275362319,0.9235294117647059,0.38225
DANN,0.9098837209302325,0.9205882352941176,0.38707
DANN,0.9125364431486881,0.9205882352941176,0.39914
DANN,0.9122807017543859,0.9176470588235294,0.39951
DANN,0.9149560117302052,0.9176470588235294,0.40166
DANN,0.9147058823529411,0.9147058823529411,0.4114
DANN,0.9144542772861357,0.9117647058823529,0.41963
DANN,0.9142011834319527,0.9088235294117647,0.42929
DANN,0.913946587537092,0.9058823529411765,0.44103
DANN,0.9136904761904762,0.9029411764705882,0.4485
DANN,0.9134328358208955,0.9,0.45107
DANN,0.9131736526946108,0.8970588235294118,0.45252
DANN,0.9159159159159159,0.8970588235294118,0.4568
DANN,0.9156626506024096,0.8941176470588236,0.45696
DANN,0.9154078549848943,0.8911764705882353,0.46046
DANN,0.9151515151515152,0.888235294117647,0.4717
DANN,0.9148936170212766,0.8852941176470588,0.47203
DANN,0.9146341463414634,0.8823529411764706,0.4727
DANN,0.9143730886850153,0.8794117647058823,0.47389
DANN,0.9171779141104295,0.8794117647058823,0.47405
DANN,0.916923076923077,0.8764705882352941,0.47731
DANN,0.9166666666666666,0.8735294117647059,0.47957
DANN,0.9164086687306502,0.8705882352941177,0.48224
DANN,0.9161490683229814,0.8676470588235294,0.48752
DANN,0.9158878504672897,0.8647058823529412,0.48827
DANN,0.915625,0.861764705882353,0.48977
DANN,0.9153605015673981,0.8588235294117647,0.49129
DANN,0.9150943396226415,0.8558823529411764,0.4977
DANN,0.9148264984227129,0.8529411764705882,0.49952
DANN,0.9145569620253164,0.85,0.50032
DANN,0.9140127388535032,0.8441176470588235,0.50445
DANN,0.9137380191693291,0.8411764705882353,0.51728
DANN,0.9134615384615384,0.8382352941176471,0.52085
DANN,0.9131832797427653,0.8352941176470589,0.52378
DANN,0.9129032258064517,0.8323529411764706,0.52627
DANN,0.912621359223301,0.8294117647058824,0.53037
DANN,0.9123376623376623,0.8264705882352941,0.53407
DANN,0.9120521172638436,0.8235294117647058,0.5365
DANN,0.9117647058823529,0.8205882352941176,0.53732
DANN,0.9114754098360656,0.8176470588235294,0.53814
DANN,0.9111842105263158,0.8147058823529412,0.54063
DANN,0.9108910891089109,0.8117647058823529,0.54174
DANN,0.9105960264900662,0.8088235294117647,0.55303
DANN,0.9136212624584718,0.8088235294117647,0.55393
DANN,0.9133333333333333,0.8058823529411765,0.55544
DANN,0.9130434782608695,0.8029411764705883,0.55664
DANN,0.912751677852349,0.8,0.56126
DANN,0.9124579124579124,0.7970588235294118,0.56189
DANN,0.9121621621621622,0.7941176470588235,0.56315
DANN,0.911864406779661,0.7911764705882353,0.56347
DANN,0.9115646258503401,0.788235294117647,0.56762
DANN,0.9112627986348123,0.7852941176470588,0.56892
DANN,0.910958904109589,0.7823529411764706,0.57421
DANN,0.9106529209621993,0.7794117647058824,0.57623
DANN,0.9103448275862069,0.7764705882352941,0.58002
DANN,0.9100346020761245,0.7735294117647059,0.58711
DANN,0.9097222222222222,0.7705882352941177,0.58894
DANN,0.9094076655052264,0.7676470588235295,0.59115
DANN,0.9090909090909091,0.7647058823529411,0.59264
DANN,0.9087719298245615,0.7617647058823529,0.60509
DANN,0.9084507042253521,0.7588235294117647,0.60836
DANN,0.9081272084805654,0.7558823529411764,0.61085
DANN,0.9078014184397163,0.7529411764705882,0.61127
DANN,0.9074733096085409,0.75,0.61381
DANN,0.9071428571428571,0.7470588235294118,0.63839
DANN,0.9068100358422939,0.7441176470588236,0.63984
DANN,0.9064748201438849,0.7411764705882353,0.64276
DANN,0.9061371841155235,0.7382352941176471,0.64718
DANN,0.9054545454545454,0.7323529411764705,0.65018
DANN,0.9051094890510949,0.7294117647058823,0.66199
DANN,0.9047619047619048,0.7264705882352941,0.66251
DANN,0.9044117647058824,0.7235294117647059,0.66462
DANN,0.9040590405904059,0.7205882352941176,0.6673
DANN,0.9033457249070632,0.7147058823529412,0.66839
DANN,0.9029850746268657,0.711764705882353,0.67167
DANN,0.9026217228464419,0.7088235294117647,0.67502
DANN,0.9022556390977443,0.7058823529411765,0.67558
DANN,0.9018867924528302,0.7029411764705882,0.67614
DANN,0.9015151515151515,0.7,0.68188
DANN,0.9007633587786259,0.6941176470588235,0.68246
DANN,0.9,0.6882352941176471,0.68422
DANN,0.8996138996138996,0.6852941176470588,0.69079
DANN,0.9027237354085603,0.6823529411764706,0.69446
DANN,0.90234375,0.6794117647058824,0.69691
DANN,0.9019607843137255,0.6764705882352942,0.70249
DANN,0.9015748031496063,0.6735294117647059,0.70311
DANN,0.9011857707509882,0.6705882352941176,0.71308
DANN,0.9007936507936508,0.6676470588235294,0.71494
DANN,0.900398406374502,0.6647058823529411,0.7168
DANN,0.9,0.6617647058823529,0.7223
DANN,0.8995983935742972,0.6588235294117647,0.72473
DANN,0.8991935483870968,0.6558823529411765,0.72534
DANN,0.8987854251012146,0.6529411764705882,0.72834
DANN,0.8983739837398373,0.65,0.73427
DANN,0.8979591836734694,0.6470588235294118,0.73486
DANN,0.8975409836065574,0.6441176470588236,0.73662
DANN,0.897119341563786,0.6411764705882353,0.73721
DANN,0.8966942148760331,0.638235294117647,0.73897
DANN,0.8962655601659751,0.6352941176470588,0.74073
DANN,0.9,0.6352941176470588,0.74249
DANN,0.899581589958159,0.6323529411764706,0.75201
DANN,0.8991596638655462,0.6294117647058823,0.75622
DANN,0.902542372881356,0.6264705882352941,0.76291
DANN,0.9063829787234042,0.6264705882352941,0.76353
DANN,0.905982905982906,0.6235294117647059,0.76659
DANN,0.9055793991416309,0.6205882352941177,0.76782
DANN,0.9051724137931034,0.6176470588235294,0.77218
DANN,0.9047619047619048,0.6147058823529412,0.77844
DANN,0.9043478260869565,0.611764705882353,0.78162
DANN,0.9039301310043668,0.6088235294117647,0.78546
DANN,0.9035087719298246,0.6058823529411764,0.78869
DANN,0.9030837004405287,0.6029411764705882,0.79131
DANN,0.9026548672566371,0.6,0.79529
DANN,0.905829596412556,0.5941176470588235,0.79662
DANN,0.9054054054054054,0.5911764705882353,0.79863
DANN,0.9049773755656109,0.5882352941176471,0.80065
DANN,0.9041095890410958,0.5823529411764706,0.80201
DANN,0.908256880733945,0.5823529411764706,0.80268
DANN,0.9078341013824884,0.5794117647058824,0.80473
DANN,0.9074074074074074,0.5764705882352941,0.80955
DANN,0.9069767441860465,0.5735294117647058,0.81093
DANN,0.9061032863849765,0.5676470588235294,0.81232
DANN,0.9056603773584906,0.5647058823529412,0.81301
DANN,0.9052132701421801,0.5617647058823529,0.81371
DANN,0.9095238095238095,0.5617647058823529,0.81511
DANN,0.9138755980861244,0.5617647058823529,0.81581
DANN,0.9134615384615384,0.5588235294117647,0.81721
DANN,0.9130434782608695,0.5558823529411765,0.81791
DANN,0.9170731707317074,0.5529411764705883,0.81931
DANN,0.9166666666666666,0.55,0.82283
DANN,0.916256157635468,0.5470588235294118,0.82423
DANN,0.9158415841584159,0.5441176470588235,0.82636
DANN,0.915,0.538235294117647,0.82849
DANN,0.914572864321608,0.5352941176470588,0.83063
DANN,0.9132653061224489,0.5264705882352941,0.83135
DANN,0.9128205128205128,0.5235294117647059,0.8328
DANN,0.9123711340206185,0.5205882352941177,0.83425
DANN,0.9119170984455959,0.5176470588235295,0.83644
DANN,0.9114583333333334,0.5147058823529411,0.83941
DANN,0.9109947643979057,0.5117647058823529,0.84016
DANN,0.9105263157894737,0.5088235294117647,0.84091
DANN,0.9095744680851063,0.5029411764705882,0.84167
DANN,0.9090909090909091,0.5,0.84319
DANN,0.9086021505376344,0.4970588235294118,0.84473
DANN,0.9081081081081082,0.49411764705882355,0.84944
DANN,0.9130434782608695,0.49411764705882355,0.85185
DANN,0.9180327868852459,0.49411764705882355,0.85266
DANN,0.9175824175824175,0.49117647058823527,0.85513
DANN,0.9171270718232044,0.48823529411764705,0.85678
DANN,0.9166666666666666,0.4852941176470588,0.85762
DANN,0.9162011173184358,0.4823529411764706,0.85846
DANN,0.9152542372881356,0.4764705882352941,0.86531
DANN,0.9147727272727273,0.47352941176470587,0.86617
DANN,0.9142857142857143,0.47058823529411764,0.86704
DANN,0.9181286549707602,0.46176470588235297,0.86878
DANN,0.9230769230769231,0.4588235294117647,0.87142
DANN,0.9226190476190477,0.45588235294117646,0.87406
DANN,0.9221556886227545,0.45294117647058824,0.87582
DANN,0.9212121212121213,0.4470588235294118,0.87671
DANN,0.9207317073170732,0.4441176470588235,0.87849
DANN,0.9202453987730062,0.4411764705882353,0.87938
DANN,0.9192546583850931,0.43529411764705883,0.88115
DANN,0.91875,0.4323529411764706,0.88293
DANN,0.9177215189873418,0.4264705882352941,0.88381
DANN,0.9166666666666666,0.42058823529411765,0.89004
DANN,0.9161290322580645,0.4176470588235294,0.89094
DANN,0.9155844155844156,0.4147058823529412,0.89183
DANN,0.9144736842105263,0.4088235294117647,0.89361
DANN,0.9139072847682119,0.40588235294117647,0.8945
DANN,0.912751677852349,0.4,0.89628
DANN,0.9121621621621622,0.39705882352941174,0.89805
DANN,0.910958904109589,0.3911764705882353,0.89893
DANN,0.9103448275862069,0.38823529411764707,0.90158
DANN,0.9097222222222222,0.38529411764705884,0.90246
DANN,0.9154929577464789,0.38235294117647056,0.90334
DANN,0.9148936170212766,0.37941176470588234,0.90946
DANN,0.920863309352518,0.3764705882352941,0.91033
DANN,0.9197080291970803,0.37058823529411766,0.91119
DANN,0.9191176470588235,0.36764705882352944,0.91205
DANN,0.9185185185185185,0.36470588235294116,0.91377
DANN,0.917910447761194,0.36176470588235293,0.9172
DANN,0.9166666666666666,0.3558823529411765,0.91978
DANN,0.9153846153846154,0.35,0.92063
DANN,0.9126984126984127,0.3382352941176471,0.92149
DANN,0.9105691056910569,0.32941176470588235,0.92235
DANN,0.9098360655737705,0.3264705882352941,0.92321
DANN,0.9090909090909091,0.3235294117647059,0.92408
DANN,0.9083333333333333,0.3205882352941177,0.92581
DANN,0.9067796610169492,0.31470588235294117,0.92668
DANN,0.905982905982906,0.31176470588235294,0.92756
DANN,0.9051724137931034,0.3088235294117647,0.9293
DANN,0.9035087719298246,0.3029411764705882,0.93018
DANN,0.9026548672566371,0.3,0.93107
DANN,0.9099099099099099,0.29705882352941176,0.93373
DANN,0.9090909090909091,0.29411764705882354,0.93463
DANN,0.9158878504672897,0.28823529411764703,0.93643
DANN,0.9142857142857143,0.2823529411764706,0.93734
DANN,0.9134615384615384,0.27941176470588236,0.93824
DANN,0.912621359223301,0.27647058823529413,0.93915
DANN,0.9117647058823529,0.2735294117647059,0.94097
DANN,0.9108910891089109,0.27058823529411763,0.94551
DANN,0.91,0.2676470588235294,0.9473
DANN,0.9090909090909091,0.2647058823529412,0.94906
DANN,0.9081632653061225,0.26176470588235295,0.94993
DANN,0.9072164948453608,0.25882352941176473,0.95164
DANN,0.90625,0.25588235294117645,0.95248
DANN,0.9148936170212766,0.2529411764705882,0.95331
DANN,0.9139784946236559,0.25,0.95413
DANN,0.9130434782608695,0.24705882352941178,0.95656
DANN,0.9111111111111111,0.2411764705882353,0.95736
DANN,0.9090909090909091,0.23529411764705882,0.95815
DANN,0.9080459770114943,0.2323529411764706,0.95894
DANN,0.9058823529411765,0.22647058823529412,0.96129
DANN,0.9047619047619048,0.2235294117647059,0.96284
DANN,0.9012345679012346,0.21470588235294116,0.96515
DANN,0.8987341772151899,0.2088235294117647,0.96592
DANN,0.8974358974358975,0.20588235294117646,0.96745
DANN,0.8961038961038961,0.20294117647058824,0.96821
DANN,0.8933333333333333,0.19705882352941176,0.96897
DANN,0.8904109589041096,0.19117647058823528,0.9705
DANN,0.9014084507042254,0.18823529411764706,0.97125
DANN,0.9117647058823529,0.18235294117647058,0.97276
DANN,0.9090909090909091,0.17647058823529413,0.97352
DANN,0.9047619047619048,0.1676470588235294,0.97428
DANN,0.9016393442622951,0.16176470588235295,0.97503
DANN,0.896551724137931,0.15294117647058825,0.97578
DANN,0.8909090909090909,0.14411764705882352,0.97653
DANN,0.8888888888888888,0.1411764705882353,0.97728
DANN,0.8867924528301887,0.13823529411764707,0.97802
DANN,0.88,0.12941176470588237,0.9795
DANN,0.8958333333333334,0.1264705882352941,0.98024
DANN,0.8913043478260869,0.12058823529411765,0.98096
DANN,0.8888888888888888,0.11764705882352941,0.98168
DANN,0.875,0.10294117647058823,0.9838
DANN,0.868421052631579,0.09705882352941177,0.98519
DANN,0.8571428571428571,0.08823529411764706,0.98587
DANN,0.8387096774193549,0.07647058823529412,0.98655
DANN,0.8275862068965517,0.07058823529411765,0.98788
DANN,0.8148148148148148,0.06470588235294118,0.98853
DANN,0.8461538461538461,0.06470588235294118,0.98918
DANN,0.84,0.061764705882352944,0.98981
DANN,0.8260869565217391,0.05588235294117647,0.99104
DANN,0.8095238095238095,0.05,0.99164
DANN,0.8,0.047058823529411764,0.99222
DANN,0.8333333333333334,0.04411764705882353,0.99279
DANN,0.7857142857142857,0.03235294117647059,0.99334
DANN,0.7692307692307693,0.029411764705882353,0.99388
DANN,0.75,0.026470588235294117,0.99488
DANN,0.8,0.023529411764705882,0.99535
DANN,0.7777777777777778,0.020588235294117647,0.99621
DANN,0.75,0.01764705882352941,0.99699
DANN,0.6666666666666666,0.011764705882352941,0.99869
DANN,0.5,0.0058823529411764705,0.99886
DANN,0.3333333333333333,0.0029411764705882353,0.99923
DANN,0.0,0.0,0.99963
DANN,0.0,0.0,0.9999
DEOGEN2,0.8542713567839196,1.0,0.19067
DEOGEN2,0.8564231738035264,1.0,0.26374
DEOGEN2,0.8585858585858586,1.0,0.32491
DEOGEN2,0.8607594936708861,1.0,0.40298
DEOGEN2,0.8629441624365483,1.0,0.40748
DEOGEN2,0.8651399491094147,1.0,0.41546
DEOGEN2,0.8673469387755102,1.0,0.43065
DEOGEN2,0.8695652173913043,1.0,0.43313
DEOGEN2,0.8717948717948718,1.0,0.434
DEOGEN2,0.8740359897172236,1.0,0.43993
DEOGEN2,0.8762886597938144,1.0,0.44024
DEOGEN2,0.8785529715762274,1.0,0.44746
DEOGEN2,0.8782383419689119,0.9970588235294118,0.4564
DEOGEN2,0.8805194805194805,0.9970588235294118,0.46089
DEOGEN2,0.8802083333333334,0.9941176470588236,0.47762
DEOGEN2,0.8825065274151436,0.9941176470588236,0.5104
DEOGEN2,0.8848167539267016,0.9941176470588236,0.51714
DEOGEN2,0.8871391076115486,0.9941176470588236,0.52664
DEOGEN2,0.8894736842105263,0.9941176470588236,0.53399
DEOGEN2,0.8918205804749341,0.9941176470588236,0.55421
DEOGEN2,0.8941798941798942,0.9941176470588236,0.57202
DEOGEN2,0.896551724137931,0.9941176470588236,0.57911
DEOGEN2,0.898936170212766,0.9941176470588236,0.57917
DEOGEN2,0.8986666666666666,0.9911764705882353,0.58048
DEOGEN2,0.9010695187165776,0.9911764705882353,0.58642
DEOGEN2,0.903485254691689,0.9911764705882353,0.59179
DEOGEN2,0.9059139784946236,0.9911764705882353,0.59183
DEOGEN2,0.9083557951482479,0.9911764705882353,0.59269
DEOGEN2,0.9081081081081082,0.9882352941176471,0.61714
DEOGEN2,0.9105691056910569,0.9882352941176471,0.62595
DEOGEN2,0.9130434782608695,0.9882352941176471,0.63728
DEOGEN2,0.9128065395095368,0.9852941176470589,0.64691
DEOGEN2,0.9153005464480874,0.9852941176470589,0.6542
DEOGEN2,0.9178082191780822,0.9852941176470589,0.6813
DEOGEN2,0.9175824175824175,0.9823529411764705,0.68436
DEOGEN2,0.9201101928374655,0.9823529411764705,0.68711
DEOGEN2,0.919889502762431,0.9794117647058823,0.69085
DEOGEN2,0.9224376731301939,0.9794117647058823,0.69235
DEOGEN2,0.925,0.9794117647058823,0.69554
DEOGEN2,0.9275766016713092,0.9794117647058823,0.69593
DEOGEN2,0.9273743016759777,0.9764705882352941,0.69957
DEOGEN2,0.927170868347339,0.9735294117647059,0.707
DEOGEN2,0.9269662921348315,0.9705882352941176,0.70732
DEOGEN2,0.9267605633802817,0.9676470588235294,0.7082
DEOGEN2,0.9265536723163842,0.9647058823529412,0.71748
DEOGEN2,0.9263456090651558,0.961764705882353,0.71907
DEOGEN2,0.9261363636363636,0.9588235294117647,0.72003
DEOGEN2,0.9259259259259259,0.9558823529411765,0.7291
DEOGEN2,0.9285714285714286,0.9558823529411765,0.7397
DEOGEN2,0.9283667621776505,0.9529411764705882,0.73976
DEOGEN2,0.9310344827586207,0.9529411764705882,0.74119
DEOGEN2,0.930835734870317,0.95,0.74776
DEOGEN2,0.9335260115606936,0.95,0.75761
DEOGEN2,0.936231884057971,0.95,0.75796
DEOGEN2,0.936046511627907,0.9470588235294117,0.75867
DEOGEN2,0.9358600583090378,0.9441176470588235,0.76478
DEOGEN2,0.935672514619883,0.9411764705882353,0.76508
DEOGEN2,0.9354838709677419,0.9382352941176471,0.76826
DEOGEN2,0.9352941176470588,0.9352941176470588,0.77262
DEOGEN2,0.9351032448377581,0.9323529411764706,0.77334
DEOGEN2,0.9349112426035503,0.9294117647058824,0.77487
DEOGEN2,0.9347181008902077,0.9264705882352942,0.78377
DEOGEN2,0.9345238095238095,0.9235294117647059,0.78796
DEOGEN2,0.9373134328358209,0.9235294117647059,0.79384
DEOGEN2,0.937125748502994,0.9205882352941176,0.79827
DEOGEN2,0.9369369369369369,0.9176470588235294,0.79975
DEOGEN2,0.9367469879518072,0.9147058823529411,0.80175
DEOGEN2,0.9365558912386707,0.9117647058823529,0.81794
DEOGEN2,0.9363636363636364,0.9088235294117647,0.81801
DEOGEN2,0.9361702127659575,0.9058823529411765,0.82184
DEOGEN2,0.9359756097560976,0.9029411764705882,0.82272
DEOGEN2,0.9388379204892966,0.9029411764705882,0.82296
DEOGEN2,0.941717791411043,0.9029411764705882,0.82515
DEOGEN2,0.9415384615384615,0.9,0.8355
DEOGEN2,0.941358024691358,0.8970588235294118,0.83623
DEOGEN2,0.9442724458204335,0.8970588235294118,0.84297
DEOGEN2,0.9440993788819876,0.8941176470588236,0.85177
DEOGEN2,0.9439252336448598,0.8911764705882353,0.85378
DEOGEN2,0.94375,0.888235294117647,0.85418
DEOGEN2,0.9435736677115988,0.8852941176470588,0.85751
DEOGEN2,0.9433962264150944,0.8823529411764706,0.86037
DEOGEN2,0.943217665615142,0.8794117647058823,0.8621
DEOGEN2,0.9430379746835443,0.8764705882352941,0.87219
DEOGEN2,0.9428571428571428,0.8735294117647059,0.87224
DEOGEN2,0.945859872611465,0.8735294117647059,0.87433
DEOGEN2,0.9488817891373802,0.8735294117647059,0.87557
DEOGEN2,0.9487179487179487,0.8705882352941177,0.87924
DEOGEN2,0.9485530546623794,0.8676470588235294,0.88165
DEOGEN2,0.9516129032258065,0.8676470588235294,0.88412
DEOGEN2,0.9546925566343042,0.8676470588235294,0.88419
DEOGEN2,0.9545454545454546,0.8647058823529412,0.88562
DEOGEN2,0.9543973941368078,0.861764705882353,0.88769
DEOGEN2,0.954248366013072,0.8588235294117647,0.89408
DEOGEN2,0.9540983606557377,0.8558823529411764,0.89512
DEOGEN2,0.9539473684210527,0.8529411764705882,0.89626
DEOGEN2,0.9537953795379538,0.85,0.89975
DEOGEN2,0.9536423841059603,0.8470588235294118,0.90507
DEOGEN2,0.9534883720930233,0.8441176470588235,0.90675
DEOGEN2,0.9533333333333334,0.8411764705882353,0.90811
DEOGEN2,0.9531772575250836,0.8382352941176471,0.90816
DEOGEN2,0.9530201342281879,0.8352941176470589,0.90992
DEOGEN2,0.9528619528619529,0.8323529411764706,0.91039
DEOGEN2,0.9527027027027027,0.8294117647058824,0.91054
DEOGEN2,0.9525423728813559,0.8264705882352941,0.91204
DEOGEN2,0.95578231292517,0.8264705882352941,0.91272
DEOGEN2,0.9556313993174061,0.8235294117647058,0.91418
DEOGEN2,0.9554794520547946,0.8205882352941176,0.91588
DEOGEN2,0.9553264604810997,0.8176470588235294,0.91635
DEOGEN2,0.9551724137931035,0.8147058823529412,0.91689
DEOGEN2,0.9550173010380623,0.8117647058823529,0.917
DEOGEN2,0.9548611111111112,0.8088235294117647,0.91714
DEOGEN2,0.9581881533101045,0.8088235294117647,0.91739
DEOGEN2,0.958041958041958,0.8058823529411765,0.91839
DEOGEN2,0.9578947368421052,0.8029411764705883,0.91934
DEOGEN2,0.9577464788732394,0.8,0.91991
DEOGEN2,0.9575971731448764,0.7970588235294118,0.92216
DEOGEN2,0.9574468085106383,0.7941176470588235,0.9242
DEOGEN2,0.9572953736654805,0.7911764705882353,0.92492
DEOGEN2,0.9607142857142857,0.7911764705882353,0.92524
DEOGEN2,0.9605734767025089,0.788235294117647,0.92578
DEOGEN2,0.960431654676259,0.7852941176470588,0.92774
DEOGEN2,0.9602888086642599,0.7823529411764706,0.92825
DEOGEN2,0.9601449275362319,0.7794117647058824,0.92854
DEOGEN2,0.96,0.7764705882352941,0.93028
DEOGEN2,0.9598540145985401,0.7735294117647059,0.93378
DEOGEN2,0.9597069597069597,0.7705882352941177,0.93493
DEOGEN2,0.9595588235294118,0.7676470588235295,0.93566
DEOGEN2,0.9630996309963099,0.7676470588235295,0.93785
DEOGEN2,0.9629629629629629,0.7647058823529411,0.939
DEOGEN2,0.9628252788104089,0.7617647058823529,0.94061
DEOGEN2,0.9626865671641791,0.7588235294117647,0.94204
DEOGEN2,0.9625468164794008,0.7558823529411764,0.94257
DEOGEN2,0.9624060150375939,0.7529411764705882,0.9434
DEOGEN2,0.9622641509433962,0.75,0.94444
DEOGEN2,0.9621212121212122,0.7470588235294118,0.94698
DEOGEN2,0.9618320610687023,0.7411764705882353,0.94751
DEOGEN2,0.9616858237547893,0.7382352941176471,0.95001
DEOGEN2,0.9615384615384616,0.7352941176470589,0.95158
DEOGEN2,0.9652509652509652,0.7352941176470589,0.95177
DEOGEN2,0.9651162790697675,0.7323529411764705,0.95302
DEOGEN2,0.9649805447470817,0.7294117647058823,0.95367
DEOGEN2,0.96484375,0.7264705882352941,0.95461
DEOGEN2,0.9647058823529412,0.7235294117647059,0.95467
DEOGEN2,0.968503937007874,0.7235294117647059,0.95489
DEOGEN2,0.9683794466403162,0.7205882352941176,0.9562
DEOGEN2,0.9682539682539683,0.7176470588235294,0.96278
DEOGEN2,0.9681274900398407,0.7147058823529412,0.96352
DEOGEN2,0.968,0.711764705882353,0.96526
DEOGEN2,0.9678714859437751,0.7088235294117647,0.9689
DEOGEN2,0.967741935483871,0.7058823529411765,0.9695
DEOGEN2,0.9676113360323887,0.7029411764705882,0.97075
DEOGEN2,0.967479674796748,0.7,0.9709
DEOGEN2,0.9673469387755103,0.6970588235294117,0.97093
DEOGEN2,0.9670781893004116,0.6911764705882353,0.97113
DEOGEN2,0.9669421487603306,0.6882352941176471,0.97197
DEOGEN2,0.966804979253112,0.6852941176470588,0.97331
DEOGEN2,0.9666666666666667,0.6823529411764706,0.97437
DEOGEN2,0.9707112970711297,0.6823529411764706,0.97454
DEOGEN2,0.9705882352941176,0.6794117647058824,0.97477
DEOGEN2,0.9704641350210971,0.6764705882352942,0.97487
DEOGEN2,0.9703389830508474,0.6735294117647059,0.97504
DEOGEN2,0.9702127659574468,0.6705882352941176,0.9756
DEOGEN2,0.9743589743589743,0.6705882352941176,0.97635
DEOGEN2,0.9742489270386266,0.6676470588235294,0.97653
DEOGEN2,0.9741379310344828,0.6647058823529411,0.97709
DEOGEN2,0.974025974025974,0.6617647058823529,0.97769
DEOGEN2,0.9739130434782609,0.6588235294117647,0.97819
DEOGEN2,0.9737991266375546,0.6558823529411765,0.97878
DEOGEN2,0.9736842105263158,0.6529411764705882,0.97969
DEOGEN2,0.973568281938326,0.65,0.97981
DEOGEN2,0.9734513274336283,0.6470588235294118,0.98
DEOGEN2,0.9733333333333334,0.6441176470588236,0.9802
DEOGEN2,0.9732142857142857,0.6411764705882353,0.98036
DEOGEN2,0.9730941704035875,0.638235294117647,0.98056
DEOGEN2,0.9728506787330317,0.6323529411764706,0.98057
DEOGEN2,0.9727272727272728,0.6294117647058823,0.98111
DEOGEN2,0.9726027397260274,0.6264705882352941,0.98118
DEOGEN2,0.9724770642201835,0.6235294117647059,0.98122
DEOGEN2,0.9723502304147466,0.6205882352941177,0.98124
DEOGEN2,0.9722222222222222,0.6176470588235294,0.98127
DEOGEN2,0.9720930232558139,0.6147058823529412,0.98189
DEOGEN2,0.9719626168224299,0.611764705882353,0.98243
DEOGEN2,0.971830985915493,0.6088235294117647,0.98388
DEOGEN2,0.9716981132075472,0.6058823529411764,0.98638
DEOGEN2,0.9715639810426541,0.6029411764705882,0.98641
DEOGEN2,0.9714285714285714,0.6,0.98657
DEOGEN2,0.9712918660287081,0.5970588235294118,0.98683
DEOGEN2,0.9711538461538461,0.5941176470588235,0.98696
DEOGEN2,0.9710144927536232,0.5911764705882353,0.98781
DEOGEN2,0.970873786407767,0.5882352941176471,0.98807
DEOGEN2,0.9707317073170731,0.5852941176470589,0.98875
DEOGEN2,0.9705882352941176,0.5823529411764706,0.98889
DEOGEN2,0.9753694581280788,0.5823529411764706,0.98983
DEOGEN2,0.9752475247524752,0.5794117647058824,0.98999
DEOGEN2,0.9751243781094527,0.5764705882352941,0.99015
DEOGEN2,0.975,0.5735294117647058,0.99023
DEOGEN2,0.9748743718592965,0.5705882352941176,0.99137
DEOGEN2,0.9747474747474747,0.5676470588235294,0.99156
DEOGEN2,0.9746192893401016,0.5647058823529412,0.99213
DEOGEN2,0.9744897959183674,0.5617647058823529,0.99219
DEOGEN2,0.9743589743589743,0.5588235294117647,0.99234
DEOGEN2,0.9742268041237113,0.5558823529411765,0.99273
DEOGEN2,0.9739583333333334,0.55,0.9936
DEOGEN2,0.9790575916230366,0.55,0.99375
DEOGEN2,0.9789473684210527,0.5470588235294118,0.99419
DEOGEN2,0.9788359788359788,0.5441176470588235,0.99441
DEOGEN2,0.9787234042553191,0.5411764705882353,0.99474
DEOGEN2,0.983957219251337,0.5411764705882353,0.99525
DEOGEN2,0.9837837837837838,0.5352941176470588,0.9956
DEOGEN2,0.9836956521739131,0.5323529411764706,0.99561
DEOGEN2,0.9836065573770492,0.5294117647058824,0.99562
DEOGEN2,0.9835164835164835,0.5264705882352941,0.99566
DEOGEN2,0.9833333333333333,0.5205882352941177,0.9957
DEOGEN2,0.9832402234636871,0.5176470588235295,0.99602
DEOGEN2,0.9887640449438202,0.5176470588235295,0.99608
DEOGEN2,0.9887005649717514,0.5147058823529411,0.99611
DEOGEN2,0.9886363636363636,0.5117647058823529,0.99617
DEOGEN2,0.9885714285714285,0.5088235294117647,0.99625
DEOGEN2,0.9885057471264368,0.5058823529411764,0.9965
DEOGEN2,0.9884393063583815,0.5029411764705882,0.99651
DEOGEN2,0.9883720930232558,0.5,0.99678
DEOGEN2,0.9883040935672515,0.4970588235294118,0.99687
DEOGEN2,0.9882352941176471,0.49411764705882355,0.99689
DEOGEN2,0.9881656804733728,0.49117647058823527,0.99699
DEOGEN2,0.9880952380952381,0.48823529411764705,0.99709
DEOGEN2,0.9880239520958084,0.4852941176470588,0.9971
DEOGEN2,0.9879518072289156,0.4823529411764706,0.99712
DEOGEN2,0.9878787878787879,0.47941176470588237,0.99715
DEOGEN2,0.9878048780487805,0.4764705882352941,0.99719
DEOGEN2,0.9876543209876543,0.47058823529411764,0.9972
DEOGEN2,0.9875,0.4647058823529412,0.99729
DEOGEN2,0.9874213836477987,0.46176470588235297,0.99731
DEOGEN2,0.9873417721518988,0.4588235294117647,0.99739
DEOGEN2,0.9936305732484076,0.4588235294117647,0.99753
DEOGEN2,0.9935897435897436,0.45588235294117646,0.99762
DEOGEN2,0.9935483870967742,0.45294117647058824,0.99767
DEOGEN2,0.9934640522875817,0.4470588235294118,0.99771
DEOGEN2,0.993421052631579,0.4441176470588235,0.99777
DEOGEN2,0.9933774834437086,0.4411764705882353,0.99779
DEOGEN2,0.9933333333333333,0.43823529411764706,0.99781
DEOGEN2,0.9932885906040269,0.43529411764705883,0.99783
DEOGEN2,0.9932432432432432,0.4323529411764706,0.99793
DEOGEN2,0.9931506849315068,0.4264705882352941,0.99795
DEOGEN2,0.993103448275862,0.4235294117647059,0.99796
DEOGEN2,0.9930555555555556,0.42058823529411765,0.99805
DEOGEN2,0.9929577464788732,0.4147058823529412,0.99807
DEOGEN2,0.9929078014184397,0.4117647058823529,0.99809
DEOGEN2,0.9928571428571429,0.4088235294117647,0.99813
DEOGEN2,0.9927536231884058,0.40294117647058825,0.99815
DEOGEN2,0.9926470588235294,0.39705882352941174,0.99818
DEOGEN2,0.9925925925925926,0.3941176470588235,0.99822
DEOGEN2,0.9925373134328358,0.3911764705882353,0.99825
DEOGEN2,0.9924812030075187,0.38823529411764707,0.99832
DEOGEN2,0.9924242424242424,0.38529411764705884,0.99837
DEOGEN2,0.9923664122137404,0.38235294117647056,0.99839
DEOGEN2,0.9923076923076923,0.37941176470588234,0.99845
DEOGEN2,0.9922480620155039,0.3764705882352941,0.99851
DEOGEN2,0.9921875,0.3735294117647059,0.99853
DEOGEN2,0.992,0.36470588235294116,0.99854
DEOGEN2,0.9919354838709677,0.36176470588235293,0.99855
DEOGEN2,0.991869918699187,0.3588235294117647,0.99857
DEOGEN2,0.9918032786885246,0.3558823529411765,0.99862
DEOGEN2,0.9917355371900827,0.35294117647058826,0.99863
DEOGEN2,0.9916666666666667,0.35,0.99867
DEOGEN2,0.9915966386554622,0.34705882352941175,0.99869
DEOGEN2,0.9915254237288136,0.34411764705882353,0.9987
DEOGEN2,0.9914529914529915,0.3411764705882353,0.99871
DEOGEN2,0.9913793103448276,0.3382352941176471,0.99872
DEOGEN2,0.991304347826087,0.3352941176470588,0.99875
DEOGEN2,0.9912280701754386,0.3323529411764706,0.99879
DEOGEN2,0.9911504424778761,0.32941176470588235,0.99883
DEOGEN2,0.9910714285714286,0.3264705882352941,0.99887
DEOGEN2,1.0,0.3264705882352941,0.99891
DEOGEN2,1.0,0.3205882352941177,0.99892
DEOGEN2,1.0,0.3176470588235294,0.99893
DEOGEN2,1.0,0.31470588235294117,0.99894
DEOGEN2,1.0,0.31176470588235294,0.99899
DEOGEN2,1.0,0.3088235294117647,0.99901
DEOGEN2,1.0,0.3029411764705882,0.99905
DEOGEN2,1.0,0.3,0.9991
DEOGEN2,1.0,0.29705882352941176,0.99914
DEOGEN2,1.0,0.29411764705882354,0.99917
DEOGEN2,1.0,0.2911764705882353,0.99925
DEOGEN2,1.0,0.28823529411764703,0.99927
DEOGEN2,1.0,0.2823529411764706,0.9993
DEOGEN2,1.0,0.27941176470588236,0.99932
DEOGEN2,1.0,0.27647058823529413,0.99934
DEOGEN2,1.0,0.2735294117647059,0.99935
DEOGEN2,1.0,0.27058823529411763,0.99942
DEOGEN2,1.0,0.2676470588235294,0.99949
DEOGEN2,1.0,0.2647058823529412,0.99954
DEOGEN2,1.0,0.26176470588235295,0.99955
DEOGEN2,1.0,0.25588235294117645,0.99956
DEOGEN2,1.0,0.2529411764705882,0.99959
DEOGEN2,1.0,0.24705882352941178,0.99965
DEOGEN2,1.0,0.2411764705882353,0.99966
DEOGEN2,1.0,0.22941176470588234,0.9997
DEOGEN2,1.0,0.22058823529411764,0.99971
DEOGEN2,1.0,0.21764705882352942,0.99972
DEOGEN2,1.0,0.21470588235294116,0.99973
DEOGEN2,1.0,0.20294117647058824,0.99974
DEOGEN2,1.0,0.2,0.99977
DEOGEN2,1.0,0.19411764705882353,0.99978
DEOGEN2,1.0,0.19117647058823528,0.99979
DEOGEN2,1.0,0.18235294117647058,0.9998
DEOGEN2,1.0,0.17941176470588235,0.99981
DEOGEN2,1.0,0.17058823529411765,0.99982
DEOGEN2,1.0,0.14705882352941177,0.99983
DEOGEN2,1.0,0.1323529411764706,0.99984
DEOGEN2,1.0,0.11764705882352941,0.99985
DEOGEN2,1.0,0.10588235294117647,0.99986
DEOGEN2,1.0,0.09411764705882353,0.99987
DEOGEN2,1.0,0.08823529411764706,0.99988
DEOGEN2,1.0,0.07941176470588235,0.99989
DEOGEN2,1.0,0.06470588235294118,0.9999
DEOGEN2,1.0,0.058823529411764705,0.99992
DEOGEN2,1.0,0.05,0.99993
DEOGEN2,1.0,0.04411764705882353,0.99994
DEOGEN2,1.0,0.041176470588235294,0.99995
DEOGEN2,1.0,0.03823529411764706,0.99996
DEOGEN2,1.0,0.020588235294117647,0.99997
EIGEN,0.8542713567839196,1.0,0.01189
EIGEN,0.8564231738035264,1.0,0.01977
EIGEN,0.8585858585858586,1.0,0.02094
EIGEN,0.8607594936708861,1.0,0.02615
EIGEN,0.8629441624365483,1.0,0.02952
EIGEN,0.8651399491094147,1.0,0.03027
EIGEN,0.8673469387755102,1.0,0.05099
EIGEN,0.8695652173913043,1.0,0.06252
EIGEN,0.8717948717948718,1.0,0.06363
EIGEN,0.8740359897172236,1.0,0.08764
EIGEN,0.8762886597938144,1.0,0.10714
EIGEN,0.875968992248062,0.9970588235294118,0.11706
EIGEN,0.8782383419689119,0.9970588235294118,0.12038
EIGEN,0.8805194805194805,0.9970588235294118,0.12227
EIGEN,0.8828125,0.9970588235294118,0.14558
EIGEN,0.8851174934725848,0.9970588235294118,0.16276
EIGEN,0.887434554973822,0.9970588235294118,0.16635
EIGEN,0.889763779527559,0.9970588235294118,0.17701
EIGEN,0.8921052631578947,0.9970588235294118,0.17777
EIGEN,0.8944591029023746,0.9970588235294118,0.19394
EIGEN,0.8941798941798942,0.9941176470588236,0.19736
EIGEN,0.896551724137931,0.9941176470588236,0.21485
EIGEN,0.898936170212766,0.9941176470588236,0.22604
EIGEN,0.9013333333333333,0.9941176470588236,0.23861
EIGEN,0.9010695187165776,0.9911764705882353,0.24402
EIGEN,0.900804289544236,0.9882352941176471,0.24432
EIGEN,0.9032258064516129,0.9882352941176471,0.26173
EIGEN,0.9056603773584906,0.9882352941176471,0.26315
EIGEN,0.9081081081081082,0.9882352941176471,0.26894
EIGEN,0.9105691056910569,0.9882352941176471,0.27521
EIGEN,0.9103260869565217,0.9852941176470589,0.27739
EIGEN,0.9128065395095368,0.9852941176470589,0.27778
EIGEN,0.912568306010929,0.9823529411764705,0.28095
EIGEN,0.915068493150685,0.9823529411764705,0.29763
EIGEN,0.9148351648351648,0.9794117647058823,0.30677
EIGEN,0.9146005509641874,0.9764705882352941,0.3257
EIGEN,0.9171270718232044,0.9764705882352941,0.3261
EIGEN,0.9168975069252078,0.9735294117647059,0.32617
EIGEN,0.9166666666666666,0.9705882352941176,0.33284
EIGEN,0.9192200557103064,0.9705882352941176,0.33845
EIGEN,0.9217877094972067,0.9705882352941176,0.34001
EIGEN,0.9243697478991597,0.9705882352941176,0.34088
EIGEN,0.9241573033707865,0.9676470588235294,0.34213
EIGEN,0.9267605633802817,0.9676470588235294,0.34421
EIGEN,0.9265536723163842,0.9647058823529412,0.34468
EIGEN,0.9263456090651558,0.961764705882353,0.34652
EIGEN,0.9289772727272727,0.961764705882353,0.36024
EIGEN,0.9316239316239316,0.961764705882353,0.36714
EIGEN,0.9314285714285714,0.9588235294117647,0.37625
EIGEN,0.9312320916905444,0.9558823529411765,0.3837
EIGEN,0.9339080459770115,0.9558823529411765,0.39945
EIGEN,0.9337175792507204,0.9529411764705882,0.415
EIGEN,0.9335260115606936,0.95,0.41579
EIGEN,0.936231884057971,0.95,0.42363
EIGEN,0.938953488372093,0.95,0.42475
EIGEN,0.9387755102040817,0.9470588235294117,0.43836
EIGEN,0.9415204678362573,0.9470588235294117,0.45943
EIGEN,0.9413489736070382,0.9441176470588235,0.45991
EIGEN,0.9411764705882353,0.9411764705882353,0.46086
EIGEN,0.9410029498525073,0.9382352941176471,0.47384
EIGEN,0.9408284023668639,0.9352941176470588,0.47728
EIGEN,0.9406528189910979,0.9323529411764706,0.4808
EIGEN,0.9404761904761905,0.9294117647058824,0.48419
EIGEN,0.9402985074626866,0.9264705882352942,0.49302
EIGEN,0.9401197604790419,0.9235294117647059,0.49776
EIGEN,0.93993993993994,0.9205882352941176,0.50088
EIGEN,0.9427710843373494,0.9205882352941176,0.50128
EIGEN,0.9425981873111783,0.9176470588235294,0.50375
EIGEN,0.9424242424242424,0.9147058823529411,0.50782
EIGEN,0.9452887537993921,0.9147058823529411,0.50806
EIGEN,0.9451219512195121,0.9117647058823529,0.51868
EIGEN,0.944954128440367,0.9088235294117647,0.52449
EIGEN,0.9447852760736196,0.9058823529411765,0.53368
EIGEN,0.9446153846153846,0.9029411764705882,0.53447
EIGEN,0.9444444444444444,0.9,0.53706
EIGEN,0.9442724458204335,0.8970588235294118,0.53868
EIGEN,0.9440993788819876,0.8941176470588236,0.53934
EIGEN,0.9439252336448598,0.8911764705882353,0.54708
EIGEN,0.94375,0.888235294117647,0.55468
EIGEN,0.9435736677115988,0.8852941176470588,0.55742
EIGEN,0.9433962264150944,0.8823529411764706,0.56408
EIGEN,0.943217665615142,0.8794117647058823,0.56572
EIGEN,0.9430379746835443,0.8764705882352941,0.57133
EIGEN,0.9428571428571428,0.8735294117647059,0.57333
EIGEN,0.945859872611465,0.8735294117647059,0.58054
EIGEN,0.9456869009584664,0.8705882352941177,0.58221
EIGEN,0.9487179487179487,0.8705882352941177,0.58581
EIGEN,0.9485530546623794,0.8676470588235294,0.58867
EIGEN,0.9483870967741935,0.8647058823529412,0.58951
EIGEN,0.948220064724919,0.861764705882353,0.59015
EIGEN,0.948051948051948,0.8588235294117647,0.59074
EIGEN,0.9478827361563518,0.8558823529411764,0.59247
EIGEN,0.9477124183006536,0.8529411764705882,0.59376
EIGEN,0.9508196721311475,0.8529411764705882,0.59681
EIGEN,0.9506578947368421,0.85,0.59961
EIGEN,0.9504950495049505,0.8470588235294118,0.59979
EIGEN,0.9503311258278145,0.8441176470588235,0.60496
EIGEN,0.9534883720930233,0.8441176470588235,0.61804
EIGEN,0.9533333333333334,0.8411764705882353,0.61843
EIGEN,0.9530201342281879,0.8352941176470589,0.62484
EIGEN,0.9528619528619529,0.8323529411764706,0.63014
EIGEN,0.9527027027027027,0.8294117647058824,0.63027
EIGEN,0.9525423728813559,0.8264705882352941,0.63143
EIGEN,0.9523809523809523,0.8235294117647058,0.63178
EIGEN,0.9522184300341296,0.8205882352941176,0.63465
EIGEN,0.9554794520547946,0.8205882352941176,0.6403
EIGEN,0.9553264604810997,0.8176470588235294,0.64293
EIGEN,0.9550173010380623,0.8117647058823529,0.64819
EIGEN,0.9583333333333334,0.8117647058823529,0.64888
EIGEN,0.9616724738675958,0.8117647058823529,0.65153
EIGEN,0.9615384615384616,0.8088235294117647,0.65255
EIGEN,0.9614035087719298,0.8058823529411765,0.65495
EIGEN,0.9612676056338029,0.8029411764705883,0.65619
EIGEN,0.9611307420494699,0.8,0.65705
EIGEN,0.9609929078014184,0.7970588235294118,0.65884
EIGEN,0.9608540925266904,0.7941176470588235,0.6591
EIGEN,0.9607142857142857,0.7911764705882353,0.66229
EIGEN,0.9605734767025089,0.788235294117647,0.6629
EIGEN,0.960431654676259,0.7852941176470588,0.66393
EIGEN,0.9602888086642599,0.7823529411764706,0.66454
EIGEN,0.9601449275362319,0.7794117647058824,0.67246
EIGEN,0.96,0.7764705882352941,0.67269
EIGEN,0.9598540145985401,0.7735294117647059,0.67849
EIGEN,0.9597069597069597,0.7705882352941177,0.6795
EIGEN,0.9595588235294118,0.7676470588235295,0.68334
EIGEN,0.959409594095941,0.7647058823529411,0.68585
EIGEN,0.9592592592592593,0.7617647058823529,0.68694
EIGEN,0.9591078066914498,0.7588235294117647,0.68964
EIGEN,0.9589552238805971,0.7558823529411764,0.69069
EIGEN,0.9625468164794008,0.7558823529411764,0.69125
EIGEN,0.9661654135338346,0.7558823529411764,0.69178
EIGEN,0.9660377358490566,0.7529411764705882,0.69741
EIGEN,0.9696969696969697,0.7529411764705882,0.69849
EIGEN,0.9695817490494296,0.75,0.69953
EIGEN,0.9694656488549618,0.7470588235294118,0.70248
EIGEN,0.9693486590038314,0.7441176470588236,0.70446
EIGEN,0.9692307692307692,0.7411764705882353,0.70518
EIGEN,0.9691119691119691,0.7382352941176471,0.70791
EIGEN,0.9689922480620154,0.7352941176470589,0.71235
EIGEN,0.9688715953307393,0.7323529411764705,0.71286
EIGEN,0.96875,0.7294117647058823,0.7135
EIGEN,0.9686274509803922,0.7264705882352941,0.72164
EIGEN,0.968503937007874,0.7235294117647059,0.72233
EIGEN,0.9683794466403162,0.7205882352941176,0.72343
EIGEN,0.9682539682539683,0.7176470588235294,0.72796
EIGEN,0.9681274900398407,0.7147058823529412,0.72882
EIGEN,0.968,0.711764705882353,0.72903
EIGEN,0.9678714859437751,0.7088235294117647,0.73253
EIGEN,0.967741935483871,0.7058823529411765,0.73343
EIGEN,0.9676113360323887,0.7029411764705882,0.73708
EIGEN,0.967479674796748,0.7,0.74042
EIGEN,0.9673469387755103,0.6970588235294117,0.74257
EIGEN,0.9672131147540983,0.6941176470588235,0.74667
EIGEN,0.9669421487603306,0.6882352941176471,0.74868
EIGEN,0.966804979253112,0.6852941176470588,0.74925
EIGEN,0.9666666666666667,0.6823529411764706,0.7496
EIGEN,0.9665271966527197,0.6794117647058824,0.75059
EIGEN,0.9663865546218487,0.6764705882352942,0.75126
EIGEN,0.9662447257383966,0.6735294117647059,0.75324
EIGEN,0.9659574468085106,0.6676470588235294,0.7548
EIGEN,0.9658119658119658,0.6647058823529411,0.75647
EIGEN,0.9656652360515021,0.6617647058823529,0.75665
EIGEN,0.9655172413793104,0.6588235294117647,0.76027
EIGEN,0.9653679653679653,0.6558823529411765,0.76094
EIGEN,0.9652173913043478,0.6529411764705882,0.76126
EIGEN,0.9650655021834061,0.65,0.7628
EIGEN,0.9649122807017544,0.6470588235294118,0.76348
EIGEN,0.9647577092511013,0.6441176470588236,0.76584
EIGEN,0.9646017699115044,0.6411764705882353,0.77213
EIGEN,0.9644444444444444,0.638235294117647,0.77406
EIGEN,0.9642857142857143,0.6352941176470588,0.77855
EIGEN,0.9641255605381166,0.6323529411764706,0.77858
EIGEN,0.963963963963964,0.6294117647058823,0.77945
EIGEN,0.9638009049773756,0.6264705882352941,0.78186
EIGEN,0.9634703196347032,0.6205882352941177,0.78255
EIGEN,0.963302752293578,0.6176470588235294,0.78258
EIGEN,0.9631336405529954,0.6147058823529412,0.78389
EIGEN,0.9629629629629629,0.611764705882353,0.78396
EIGEN,0.9627906976744186,0.6088235294117647,0.78507
EIGEN,0.9626168224299065,0.6058823529411764,0.7898
EIGEN,0.9624413145539906,0.6029411764705882,0.79113
EIGEN,0.9622641509433962,0.6,0.79304
EIGEN,0.9620853080568721,0.5970588235294118,0.79365
EIGEN,0.9619047619047619,0.5941176470588235,0.79839
EIGEN,0.9617224880382775,0.5911764705882353,0.80081
EIGEN,0.961352657004831,0.5852941176470589,0.80193
EIGEN,0.9660194174757282,0.5852941176470589,0.80553
EIGEN,0.9707317073170731,0.5852941176470589,0.80646
EIGEN,0.9705882352941176,0.5823529411764706,0.80802
EIGEN,0.9704433497536946,0.5794117647058824,0.81059
EIGEN,0.9701492537313433,0.5735294117647058,0.81109
EIGEN,0.97,0.5705882352941176,0.81308
EIGEN,0.9698492462311558,0.5676470588235294,0.81376
EIGEN,0.9747474747474747,0.5676470588235294,0.81554
EIGEN,0.9746192893401016,0.5647058823529412,0.81611
EIGEN,0.9744897959183674,0.5617647058823529,0.81644
EIGEN,0.9743589743589743,0.5588235294117647,0.81787
EIGEN,0.9742268041237113,0.5558823529411765,0.81866
EIGEN,0.9740932642487047,0.5529411764705883,0.82746
EIGEN,0.9739583333333334,0.55,0.82814
EIGEN,0.9738219895287958,0.5470588235294118,0.82907
EIGEN,0.9736842105263158,0.5441176470588235,0.83134
EIGEN,0.9735449735449735,0.5411764705882353,0.83184
EIGEN,0.973404255319149,0.538235294117647,0.83245
EIGEN,0.9732620320855615,0.5352941176470588,0.83277
EIGEN,0.9731182795698925,0.5323529411764706,0.83455
EIGEN,0.972972972972973,0.5294117647058824,0.83608
EIGEN,0.9728260869565217,0.5264705882352941,0.83708
EIGEN,0.9781420765027322,0.5264705882352941,0.83839
EIGEN,0.978021978021978,0.5235294117647059,0.84306
EIGEN,0.9779005524861878,0.5205882352941177,0.84518
EIGEN,0.9777777777777777,0.5176470588235295,0.84525
EIGEN,0.9776536312849162,0.5147058823529411,0.84975
EIGEN,0.9775280898876404,0.5117647058823529,0.85016
EIGEN,0.9774011299435028,0.5088235294117647,0.85041
EIGEN,0.9772727272727273,0.5058823529411764,0.85062
EIGEN,0.9828571428571429,0.5058823529411764,0.85142
EIGEN,0.9827586206896551,0.5029411764705882,0.8516
EIGEN,0.9826589595375722,0.5,0.85341
EIGEN,0.9883720930232558,0.5,0.85477
EIGEN,0.9883040935672515,0.4970588235294118,0.85613
EIGEN,0.9882352941176471,0.49411764705882355,0.85624
EIGEN,0.9881656804733728,0.49117647058823527,0.85659
EIGEN,0.9880952380952381,0.48823529411764705,0.85777
EIGEN,0.9880239520958084,0.4852941176470588,0.85926
EIGEN,0.9879518072289156,0.4823529411764706,0.85943
EIGEN,0.9878787878787879,0.47941176470588237,0.85978
EIGEN,0.9878048780487805,0.4764705882352941,0.85984
EIGEN,0.9877300613496932,0.47352941176470587,0.86015
EIGEN,0.9876543209876543,0.47058823529411764,0.86032
EIGEN,0.9875776397515528,0.4676470588235294,0.86377
EIGEN,0.99375,0.4676470588235294,0.86415
EIGEN,0.9937106918238994,0.4647058823529412,0.86568
EIGEN,0.9936708860759493,0.46176470588235297,0.86725
EIGEN,0.9936305732484076,0.4588235294117647,0.86748
EIGEN,0.9935897435897436,0.45588235294117646,0.86765
EIGEN,0.9935483870967742,0.45294117647058824,0.86833
EIGEN,0.9935064935064936,0.45,0.86857
EIGEN,0.993421052631579,0.4441176470588235,0.86891
EIGEN,0.9933774834437086,0.4411764705882353,0.87112
EIGEN,0.9933333333333333,0.43823529411764706,0.87761
EIGEN,0.9932885906040269,0.43529411764705883,0.87837
EIGEN,0.9932432432432432,0.4323529411764706,0.87922
EIGEN,0.9931972789115646,0.4294117647058823,0.87984
EIGEN,0.9931506849315068,0.4264705882352941,0.88134
EIGEN,0.993103448275862,0.4235294117647059,0.8814
EIGEN,0.9930555555555556,0.42058823529411765,0.88143
EIGEN,0.993006993006993,0.4176470588235294,0.88322
EIGEN,0.9929577464788732,0.4147058823529412,0.88416
EIGEN,0.9929078014184397,0.4117647058823529,0.88592
EIGEN,0.9928571428571429,0.4088235294117647,0.88636
EIGEN,0.9928057553956835,0.40588235294117647,0.88668
EIGEN,0.9927536231884058,0.40294117647058825,0.8878
EIGEN,0.9927007299270073,0.4,0.88954
EIGEN,0.9926470588235294,0.39705882352941174,0.8902
EIGEN,0.9925925925925926,0.3941176470588235,0.89314
EIGEN,0.9925373134328358,0.3911764705882353,0.89376
EIGEN,0.9924812030075187,0.38823529411764707,0.8941
EIGEN,0.9924242424242424,0.38529411764705884,0.89419
EIGEN,0.9923664122137404,0.38235294117647056,0.89614
EIGEN,0.9923076923076923,0.37941176470588234,0.8976
EIGEN,0.9922480620155039,0.3764705882352941,0.89881
EIGEN,0.9921875,0.3735294117647059,0.89896
EIGEN,0.9921259842519685,0.37058823529411766,0.89983
EIGEN,0.9920634920634921,0.36764705882352944,0.9001
EIGEN,0.992,0.36470588235294116,0.90016
EIGEN,0.9919354838709677,0.36176470588235293,0.90096
EIGEN,0.991869918699187,0.3588235294117647,0.90114
EIGEN,0.9918032786885246,0.3558823529411765,0.90128
EIGEN,0.9917355371900827,0.35294117647058826,0.90161
EIGEN,0.9916666666666667,0.35,0.90181
EIGEN,0.9915966386554622,0.34705882352941175,0.90414
EIGEN,0.9915254237288136,0.34411764705882353,0.90466
EIGEN,0.9914529914529915,0.3411764705882353,0.9049
EIGEN,0.991304347826087,0.3352941176470588,0.90632
EIGEN,0.9912280701754386,0.3323529411764706,0.90644
EIGEN,0.9911504424778761,0.32941176470588235,0.90646
EIGEN,0.9910714285714286,0.3264705882352941,0.90993
EIGEN,0.990990990990991,0.3235294117647059,0.9112
EIGEN,0.990909090909091,0.3205882352941177,0.91265
EIGEN,0.9908256880733946,0.3176470588235294,0.91518
EIGEN,0.9907407407407407,0.31470588235294117,0.91711
EIGEN,0.9906542056074766,0.31176470588235294,0.91805
EIGEN,0.9905660377358491,0.3088235294117647,0.9187
EIGEN,0.9904761904761905,0.3058823529411765,0.91902
EIGEN,0.9903846153846154,0.3029411764705882,0.9206
EIGEN,0.9902912621359223,0.3,0.92139
EIGEN,0.9901960784313726,0.29705882352941176,0.92181
EIGEN,1.0,0.29705882352941176,0.92275
EIGEN,1.0,0.29411764705882354,0.92288
EIGEN,1.0,0.2911764705882353,0.92357
EIGEN,1.0,0.28823529411764703,0.92479
EIGEN,1.0,0.2852941176470588,0.92525
EIGEN,1.0,0.2823529411764706,0.92669
EIGEN,1.0,0.27941176470588236,0.92674
EIGEN,1.0,0.27647058823529413,0.92766
EIGEN,1.0,0.2735294117647059,0.9296
EIGEN,1.0,0.27058823529411763,0.93096
EIGEN,1.0,0.2676470588235294,0.93232
EIGEN,1.0,0.2647058823529412,0.93348
EIGEN,1.0,0.26176470588235295,0.9336
EIGEN,1.0,0.25882352941176473,0.93492
EIGEN,1.0,0.25588235294117645,0.93593
EIGEN,1.0,0.2529411764705882,0.936
EIGEN,1.0,0.25,0.93614
EIGEN,1.0,0.24705882352941178,0.93618
EIGEN,1.0,0.24411764705882352,0.93669
EIGEN,1.0,0.2411764705882353,0.937
EIGEN,1.0,0.23823529411764705,0.93707
EIGEN,1.0,0.23529411764705882,0.93752
EIGEN,1.0,0.2323529411764706,0.9381
EIGEN,1.0,0.22941176470588234,0.94145
EIGEN,1.0,0.22647058823529412,0.94192
EIGEN,1.0,0.2235294117647059,0.9425
EIGEN,1.0,0.22058823529411764,0.94292
EIGEN,1.0,0.21764705882352942,0.94421
EIGEN,1.0,0.21470588235294116,0.94423
EIGEN,1.0,0.21176470588235294,0.94536
EIGEN,1.0,0.2088235294117647,0.94562
EIGEN,1.0,0.20588235294117646,0.94799
EIGEN,1.0,0.20294117647058824,0.94888
EIGEN,1.0,0.2,0.94908
EIGEN,1.0,0.19705882352941176,0.95023
EIGEN,1.0,0.18823529411764706,0.9503
EIGEN,1.0,0.18529411764705883,0.95176
EIGEN,1.0,0.18235294117647058,0.95189
EIGEN,1.0,0.17941176470588235,0.95202
EIGEN,1.0,0.17647058823529413,0.9537
EIGEN,1.0,0.17352941176470588,0.95372
EIGEN,1.0,0.17058823529411765,0.95376
EIGEN,1.0,0.1676470588235294,0.95453
EIGEN,1.0,0.16470588235294117,0.95462
EIGEN,1.0,0.16176470588235295,0.95495
EIGEN,1.0,0.1588235294117647,0.95497
EIGEN,1.0,0.15588235294117647,0.95516
EIGEN,1.0,0.15294117647058825,0.95542
EIGEN,1.0,0.15,0.95606
EIGEN,1.0,0.14705882352941177,0.95632
EIGEN,1.0,0.14411764705882352,0.95645
EIGEN,1.0,0.1411764705882353,0.95647
EIGEN,1.0,0.13823529411764707,0.95686
EIGEN,1.0,0.13529411764705881,0.95715
EIGEN,1.0,0.1323529411764706,0.95789
EIGEN,1.0,0.1264705882352941,0.95816
EIGEN,1.0,0.12352941176470589,0.95835
EIGEN,1.0,0.12058823529411765,0.95848
EIGEN,1.0,0.11764705882352941,0.95891
EIGEN,1.0,0.11470588235294117,0.95941
EIGEN,1.0,0.10882352941176471,0.96184
EIGEN,1.0,0.10588235294117647,0.96204
EIGEN,1.0,0.10294117647058823,0.96403
EIGEN,1.0,0.09705882352941177,0.96414
EIGEN,1.0,0.09411764705882353,0.96672
EIGEN,1.0,0.09117647058823529,0.96721
EIGEN,1.0,0.08823529411764706,0.96743
EIGEN,1.0,0.08529411764705883,0.96954
EIGEN,1.0,0.08235294117647059,0.96962
EIGEN,1.0,0.07941176470588235,0.9699
EIGEN,1.0,0.07647058823529412,0.97067
EIGEN,1.0,0.07352941176470588,0.97183
EIGEN,1.0,0.07058823529411765,0.97186
EIGEN,1.0,0.06764705882352941,0.9722
EIGEN,1.0,0.06470588235294118,0.97243
EIGEN,1.0,0.061764705882352944,0.97265
EIGEN,1.0,0.058823529411764705,0.97275
EIGEN,1.0,0.05588235294117647,0.97309
EIGEN,1.0,0.052941176470588235,0.97418
EIGEN,1.0,0.05,0.97441
EIGEN,1.0,0.047058823529411764,0.97499
EIGEN,1.0,0.04411764705882353,0.97511
EIGEN,1.0,0.041176470588235294,0.97715
EIGEN,1.0,0.03823529411764706,0.97816
EIGEN,1.0,0.03235294117647059,0.97877
EIGEN,1.0,0.029411764705882353,0.97881
EIGEN,1.0,0.026470588235294117,0.97927
EIGEN,1.0,0.023529411764705882,0.98019
EIGEN,1.0,0.020588235294117647,0.98042
EIGEN,1.0,0.01764705882352941,0.98119
EIGEN,1.0,0.014705882352941176,0.98123
EIGEN,1.0,0.011764705882352941,0.98184
EIGEN,1.0,0.008823529411764706,0.98345
EIGEN,1.0,0.0058823529411764705,0.98366
EIGEN,1.0,0.0029411764705882353,0.98581
EIGENPC,0.8542713567839196,1.0,0.01363
EIGENPC,0.8564231738035264,1.0,0.0244
EIGENPC,0.8585858585858586,1.0,0.03119
EIGENPC,0.8607594936708861,1.0,0.03335
EIGENPC,0.8629441624365483,1.0,0.03891
EIGENPC,0.8651399491094147,1.0,0.04258
EIGENPC,0.8673469387755102,1.0,0.05756
EIGENPC,0.8695652173913043,1.0,0.06385
EIGENPC,0.8717948717948718,1.0,0.07054
EIGENPC,0.8740359897172236,1.0,0.10155
EIGENPC,0.8762886597938144,1.0,0.10465
EIGENPC,0.8785529715762274,1.0,0.13729
EIGENPC,0.8808290155440415,1.0,0.14015
EIGENPC,0.8831168831168831,1.0,0.15058
EIGENPC,0.8854166666666666,1.0,0.16134
EIGENPC,0.8877284595300261,1.0,0.17268
EIGENPC,0.887434554973822,0.9970588235294118,0.1907
EIGENPC,0.889763779527559,0.9970588235294118,0.1909
EIGENPC,0.8921052631578947,0.9970588235294118,0.19766
EIGENPC,0.8918205804749341,0.9941176470588236,0.20476
EIGENPC,0.8915343915343915,0.9911764705882353,0.20876
EIGENPC,0.8938992042440318,0.9911764705882353,0.21834
EIGENPC,0.8962765957446809,0.9911764705882353,0.22298
EIGENPC,0.8986666666666666,0.9911764705882353,0.22757
EIGENPC,0.9010695187165776,0.9911764705882353,0.2673
EIGENPC,0.903485254691689,0.9911764705882353,0.27503
EIGENPC,0.9032258064516129,0.9882352941176471,0.28257
EIGENPC,0.9056603773584906,0.9882352941176471,0.28448
EIGENPC,0.9081081081081082,0.9882352941176471,0.29178
EIGENPC,0.9105691056910569,0.9882352941176471,0.29711
EIGENPC,0.9130434782608695,0.9882352941176471,0.29899
EIGENPC,0.9155313351498637,0.9882352941176471,0.29906
EIGENPC,0.9153005464480874,0.9852941176470589,0.3031
EIGENPC,0.915068493150685,0.9823529411764705,0.32138
EIGENPC,0.9175824175824175,0.9823529411764705,0.3216
EIGENPC,0.9201101928374655,0.9823529411764705,0.33251
EIGENPC,0.919889502762431,0.9794117647058823,0.3344
EIGENPC,0.9224376731301939,0.9794117647058823,0.3412
EIGENPC,0.9222222222222223,0.9764705882352941,0.34422
EIGENPC,0.924791086350975,0.9764705882352941,0.35113
EIGENPC,0.9245810055865922,0.9735294117647059,0.37568
EIGENPC,0.927170868347339,0.9735294117647059,0.3794
EIGENPC,0.9269662921348315,0.9705882352941176,0.38024
EIGENPC,0.9267605633802817,0.9676470588235294,0.3858
EIGENPC,0.9293785310734464,0.9676470588235294,0.40884
EIGENPC,0.9320113314447592,0.9676470588235294,0.41072
EIGENPC,0.9346590909090909,0.9676470588235294,0.41241
EIGENPC,0.9344729344729344,0.9647058823529412,0.41327
EIGENPC,0.9342857142857143,0.961764705882353,0.42458
EIGENPC,0.9340974212034384,0.9588235294117647,0.44045
EIGENPC,0.9367816091954023,0.9588235294117647,0.44563
EIGENPC,0.9365994236311239,0.9558823529411765,0.45024
EIGENPC,0.9364161849710982,0.9529411764705882,0.45613
EIGENPC,0.9391304347826087,0.9529411764705882,0.45647
EIGENPC,0.9418604651162791,0.9529411764705882,0.45819
EIGENPC,0.9446064139941691,0.9529411764705882,0.47085
EIGENPC,0.9444444444444444,0.95,0.49414
EIGENPC,0.9442815249266863,0.9470588235294117,0.50228
EIGENPC,0.9441176470588235,0.9441176470588235,0.50515
EIGENPC,0.943952802359882,0.9411764705882353,0.50518
EIGENPC,0.9437869822485208,0.9382352941176471,0.51098
EIGENPC,0.9465875370919882,0.9382352941176471,0.51107
EIGENPC,0.9464285714285714,0.9352941176470588,0.51198
EIGENPC,0.9462686567164179,0.9323529411764706,0.52213
EIGENPC,0.9461077844311377,0.9294117647058824,0.52303
EIGENPC,0.9459459459459459,0.9264705882352942,0.5248
EIGENPC,0.9457831325301205,0.9235294117647059,0.52541
EIGENPC,0.945619335347432,0.9205882352941176,0.54138
EIGENPC,0.9454545454545454,0.9176470588235294,0.54154
EIGENPC,0.9452887537993921,0.9147058823529411,0.54509
EIGENPC,0.9451219512195121,0.9117647058823529,0.55126
EIGENPC,0.944954128440367,0.9088235294117647,0.55724
EIGENPC,0.9447852760736196,0.9058823529411765,0.56268
EIGENPC,0.9476923076923077,0.9058823529411765,0.5638
EIGENPC,0.9475308641975309,0.9029411764705882,0.56806
EIGENPC,0.9473684210526315,0.9,0.57237
EIGENPC,0.9472049689440993,0.8970588235294118,0.57925
EIGENPC,0.9470404984423676,0.8941176470588236,0.5796
EIGENPC,0.946875,0.8911764705882353,0.58043
EIGENPC,0.9467084639498433,0.888235294117647,0.58348
EIGENPC,0.9465408805031447,0.8852941176470588,0.58781
EIGENPC,0.9463722397476341,0.8823529411764706,0.58974
EIGENPC,0.9462025316455697,0.8794117647058823,0.5899
EIGENPC,0.946031746031746,0.8764705882352941,0.5909
EIGENPC,0.945859872611465,0.8735294117647059,0.59433
EIGENPC,0.9456869009584664,0.8705882352941177,0.5966
EIGENPC,0.9455128205128205,0.8676470588235294,0.60279
EIGENPC,0.9453376205787781,0.8647058823529412,0.60372
EIGENPC,0.9483870967741935,0.8647058823529412,0.61375
EIGENPC,0.948220064724919,0.861764705882353,0.61639
EIGENPC,0.948051948051948,0.8588235294117647,0.62122
EIGENPC,0.9478827361563518,0.8558823529411764,0.62453
EIGENPC,0.9477124183006536,0.8529411764705882,0.62798
EIGENPC,0.9475409836065574,0.85,0.62977
EIGENPC,0.9506578947368421,0.85,0.62994
EIGENPC,0.9537953795379538,0.85,0.63029
EIGENPC,0.956953642384106,0.85,0.63121
EIGENPC,0.9566666666666667,0.8441176470588235,0.63357
EIGENPC,0.9565217391304348,0.8411764705882353,0.63371
EIGENPC,0.9563758389261745,0.8382352941176471,0.63416
EIGENPC,0.9562289562289562,0.8352941176470589,0.63464
EIGENPC,0.956081081081081,0.8323529411764706,0.6371
EIGENPC,0.9559322033898305,0.8294117647058824,0.64622
EIGENPC,0.95578231292517,0.8264705882352941,0.64714
EIGENPC,0.9556313993174061,0.8235294117647058,0.65563
EIGENPC,0.9554794520547946,0.8205882352941176,0.65606
EIGENPC,0.9553264604810997,0.8176470588235294,0.65873
EIGENPC,0.9551724137931035,0.8147058823529412,0.65929
EIGENPC,0.9550173010380623,0.8117647058823529,0.66453
EIGENPC,0.9548611111111112,0.8088235294117647,0.66796
EIGENPC,0.9581881533101045,0.8088235294117647,0.66857
EIGENPC,0.958041958041958,0.8058823529411765,0.67073
EIGENPC,0.9578947368421052,0.8029411764705883,0.67247
EIGENPC,0.9577464788732394,0.8,0.67359
EIGENPC,0.9575971731448764,0.7970588235294118,0.67566
EIGENPC,0.9574468085106383,0.7941176470588235,0.67701
EIGENPC,0.9572953736654805,0.7911764705882353,0.6776
EIGENPC,0.9571428571428572,0.788235294117647,0.68207
EIGENPC,0.956989247311828,0.7852941176470588,0.68508
EIGENPC,0.960431654676259,0.7852941176470588,0.68817
EIGENPC,0.9601449275362319,0.7794117647058824,0.69006
EIGENPC,0.9636363636363636,0.7794117647058824,0.69154
EIGENPC,0.9635036496350365,0.7764705882352941,0.69165
EIGENPC,0.9633699633699634,0.7735294117647059,0.69448
EIGENPC,0.9669117647058824,0.7735294117647059,0.69508
EIGENPC,0.966789667896679,0.7705882352941177,0.69549
EIGENPC,0.9666666666666667,0.7676470588235295,0.69728
EIGENPC,0.966542750929368,0.7647058823529411,0.69881
EIGENPC,0.9664179104477612,0.7617647058823529,0.69978
EIGENPC,0.9662921348314607,0.7588235294117647,0.70185
EIGENPC,0.969811320754717,0.7558823529411764,0.70188
EIGENPC,0.9696969696969697,0.7529411764705882,0.70425
EIGENPC,0.9695817490494296,0.75,0.70598
EIGENPC,0.9694656488549618,0.7470588235294118,0.70689
EIGENPC,0.9693486590038314,0.7441176470588236,0.70893
EIGENPC,0.9692307692307692,0.7411764705882353,0.70904
EIGENPC,0.9691119691119691,0.7382352941176471,0.72034
EIGENPC,0.9689922480620154,0.7352941176470589,0.7255
EIGENPC,0.9688715953307393,0.7323529411764705,0.72558
EIGENPC,0.96875,0.7294117647058823,0.72569
EIGENPC,0.9686274509803922,0.7264705882352941,0.72727
EIGENPC,0.968503937007874,0.7235294117647059,0.72746
EIGENPC,0.9683794466403162,0.7205882352941176,0.72761
EIGENPC,0.9681274900398407,0.7147058823529412,0.72815
EIGENPC,0.968,0.711764705882353,0.72978
EIGENPC,0.9678714859437751,0.7088235294117647,0.73036
EIGENPC,0.967741935483871,0.7058823529411765,0.73071
EIGENPC,0.9676113360323887,0.7029411764705882,0.73721
EIGENPC,0.967479674796748,0.7,0.74713
EIGENPC,0.9673469387755103,0.6970588235294117,0.74884
EIGENPC,0.9672131147540983,0.6941176470588235,0.75581
EIGENPC,0.9670781893004116,0.6911764705882353,0.75609
EIGENPC,0.9669421487603306,0.6882352941176471,0.75685
EIGENPC,0.966804979253112,0.6852941176470588,0.76095
EIGENPC,0.9666666666666667,0.6823529411764706,0.76347
EIGENPC,0.9665271966527197,0.6794117647058824,0.76552
EIGENPC,0.9663865546218487,0.6764705882352942,0.76572
EIGENPC,0.9662447257383966,0.6735294117647059,0.7666
EIGENPC,0.9661016949152542,0.6705882352941176,0.76797
EIGENPC,0.9659574468085106,0.6676470588235294,0.77208
EIGENPC,0.9658119658119658,0.6647058823529411,0.7729
EIGENPC,0.9656652360515021,0.6617647058823529,0.77613
EIGENPC,0.9655172413793104,0.6588235294117647,0.77735
EIGENPC,0.9696969696969697,0.6588235294117647,0.77783
EIGENPC,0.9695652173913043,0.6558823529411765,0.77869
EIGENPC,0.9692982456140351,0.65,0.78494
EIGENPC,0.9691629955947136,0.6470588235294118,0.78694
EIGENPC,0.9690265486725663,0.6441176470588236,0.78829
EIGENPC,0.9688888888888889,0.6411764705882353,0.79094
EIGENPC,0.96875,0.638235294117647,0.79381
EIGENPC,0.968609865470852,0.6352941176470588,0.79644
EIGENPC,0.9684684684684685,0.6323529411764706,0.79656
EIGENPC,0.9683257918552036,0.6294117647058823,0.79672
EIGENPC,0.9681818181818181,0.6264705882352941,0.79841
EIGENPC,0.9680365296803652,0.6235294117647059,0.80178
EIGENPC,0.9678899082568807,0.6205882352941177,0.80183
EIGENPC,0.967741935483871,0.6176470588235294,0.80232
EIGENPC,0.9675925925925926,0.6147058823529412,0.80269
EIGENPC,0.9672897196261683,0.6088235294117647,0.80318
EIGENPC,0.9671361502347418,0.6058823529411764,0.80463
EIGENPC,0.9669811320754716,0.6029411764705882,0.80567
EIGENPC,0.966824644549763,0.6,0.80571
EIGENPC,0.9665071770334929,0.5941176470588235,0.80596
EIGENPC,0.9663461538461539,0.5911764705882353,0.80918
EIGENPC,0.966183574879227,0.5882352941176471,0.81041
EIGENPC,0.970873786407767,0.5882352941176471,0.8114
EIGENPC,0.9707317073170731,0.5852941176470589,0.81194
EIGENPC,0.9705882352941176,0.5823529411764706,0.81327
EIGENPC,0.9704433497536946,0.5794117647058824,0.81796
EIGENPC,0.9702970297029703,0.5764705882352941,0.81879
EIGENPC,0.9701492537313433,0.5735294117647058,0.81916
EIGENPC,0.97,0.5705882352941176,0.82212
EIGENPC,0.9698492462311558,0.5676470588235294,0.82332
EIGENPC,0.9696969696969697,0.5647058823529412,0.8237
EIGENPC,0.9695431472081218,0.5617647058823529,0.82415
EIGENPC,0.9692307692307692,0.5558823529411765,0.8291
EIGENPC,0.9690721649484536,0.5529411764705883,0.82922
EIGENPC,0.9689119170984456,0.55,0.83039
EIGENPC,0.96875,0.5470588235294118,0.83072
EIGENPC,0.9685863874345549,0.5441176470588235,0.83458
EIGENPC,0.968421052631579,0.5411764705882353,0.83517
EIGENPC,0.9682539682539683,0.538235294117647,0.83659
EIGENPC,0.9680851063829787,0.5352941176470588,0.83799
EIGENPC,0.9732620320855615,0.5352941176470588,0.83903
EIGENPC,0.9731182795698925,0.5323529411764706,0.84019
EIGENPC,0.972972972972973,0.5294117647058824,0.84032
EIGENPC,0.9728260869565217,0.5264705882352941,0.84305
EIGENPC,0.9726775956284153,0.5235294117647059,0.84417
EIGENPC,0.9725274725274725,0.5205882352941177,0.84429
EIGENPC,0.9723756906077348,0.5176470588235295,0.84674
EIGENPC,0.9777777777777777,0.5176470588235295,0.84686
EIGENPC,0.9776536312849162,0.5147058823529411,0.849
EIGENPC,0.9775280898876404,0.5117647058823529,0.84979
EIGENPC,0.9774011299435028,0.5088235294117647,0.85126
EIGENPC,0.9772727272727273,0.5058823529411764,0.85135
EIGENPC,0.9771428571428571,0.5029411764705882,0.8527
EIGENPC,0.9770114942528736,0.5,0.85398
EIGENPC,0.976878612716763,0.4970588235294118,0.85828
EIGENPC,0.9767441860465116,0.49411764705882355,0.85869
EIGENPC,0.9766081871345029,0.49117647058823527,0.85902
EIGENPC,0.9764705882352941,0.48823529411764705,0.8591
EIGENPC,0.9763313609467456,0.4852941176470588,0.86053
EIGENPC,0.9761904761904762,0.4823529411764706,0.86081
EIGENPC,0.9760479041916168,0.47941176470588237,0.86224
EIGENPC,0.9759036144578314,0.4764705882352941,0.8624
EIGENPC,0.9757575757575757,0.47352941176470587,0.86404
EIGENPC,0.9754601226993865,0.4676470588235294,0.8653
EIGENPC,0.9753086419753086,0.4647058823529412,0.86535
EIGENPC,0.9751552795031055,0.46176470588235297,0.86571
EIGENPC,0.975,0.4588235294117647,0.86616
EIGENPC,0.9748427672955975,0.45588235294117646,0.86681
EIGENPC,0.9746835443037974,0.45294117647058824,0.86799
EIGENPC,0.9745222929936306,0.45,0.86865
EIGENPC,0.9743589743589743,0.4470588235294118,0.86889
EIGENPC,0.9741935483870968,0.4441176470588235,0.87141
EIGENPC,0.974025974025974,0.4411764705882353,0.87234
EIGENPC,0.9803921568627451,0.4411764705882353,0.87302
EIGENPC,0.9802631578947368,0.43823529411764706,0.87311
EIGENPC,0.9801324503311258,0.43529411764705883,0.87343
EIGENPC,0.98,0.4323529411764706,0.87677
EIGENPC,0.9865771812080537,0.4323529411764706,0.87709
EIGENPC,0.9864864864864865,0.4294117647058823,0.87761
EIGENPC,0.9863945578231292,0.4264705882352941,0.87789
EIGENPC,0.9863013698630136,0.4235294117647059,0.87928
EIGENPC,0.9862068965517241,0.42058823529411765,0.87968
EIGENPC,0.9861111111111112,0.4176470588235294,0.8842
EIGENPC,0.986013986013986,0.4147058823529412,0.88574
EIGENPC,0.9859154929577465,0.4117647058823529,0.8859
EIGENPC,0.9858156028368794,0.4088235294117647,0.88601
EIGENPC,0.9857142857142858,0.40588235294117647,0.8868
EIGENPC,0.9856115107913669,0.40294117647058825,0.88708
EIGENPC,0.9855072463768116,0.4,0.89018
EIGENPC,0.9854014598540146,0.39705882352941174,0.89037
EIGENPC,0.9852941176470589,0.3941176470588235,0.89154
EIGENPC,0.9851851851851852,0.3911764705882353,0.89166
EIGENPC,0.9850746268656716,0.38823529411764707,0.89354
EIGENPC,0.9849624060150376,0.38529411764705884,0.89358
EIGENPC,0.9848484848484849,0.38235294117647056,0.8937
EIGENPC,0.9847328244274809,0.37941176470588234,0.89424
EIGENPC,0.9846153846153847,0.3764705882352941,0.89501
EIGENPC,0.9844961240310077,0.3735294117647059,0.89509
EIGENPC,0.984375,0.37058823529411766,0.89605
EIGENPC,0.984251968503937,0.36764705882352944,0.89783
EIGENPC,0.9841269841269841,0.36470588235294116,0.89893
EIGENPC,0.984,0.36176470588235293,0.9001
EIGENPC,0.9838709677419355,0.3588235294117647,0.90029
EIGENPC,0.983739837398374,0.3558823529411765,0.90329
EIGENPC,0.9836065573770492,0.35294117647058826,0.90651
EIGENPC,0.9834710743801653,0.35,0.90833
EIGENPC,0.9833333333333333,0.34705882352941175,0.91192
EIGENPC,0.9831932773109243,0.34411764705882353,0.91374
EIGENPC,0.9830508474576272,0.3411764705882353,0.91438
EIGENPC,0.9829059829059829,0.3382352941176471,0.91607
EIGENPC,0.9827586206896551,0.3352941176470588,0.91718
EIGENPC,0.9826086956521739,0.3323529411764706,0.9183
EIGENPC,0.9824561403508771,0.32941176470588235,0.92025
EIGENPC,0.9823008849557522,0.3264705882352941,0.92028
EIGENPC,0.9821428571428571,0.3235294117647059,0.92045
EIGENPC,0.9819819819819819,0.3205882352941177,0.92167
EIGENPC,0.9818181818181818,0.3176470588235294,0.92181
EIGENPC,0.981651376146789,0.31470588235294117,0.92242
EIGENPC,0.9814814814814815,0.31176470588235294,0.92266
EIGENPC,0.9813084112149533,0.3088235294117647,0.92273
EIGENPC,0.9811320754716981,0.3058823529411765,0.92326
EIGENPC,0.9904761904761905,0.3058823529411765,0.9242
EIGENPC,0.9903846153846154,0.3029411764705882,0.92437
EIGENPC,0.9902912621359223,0.3,0.92658
EIGENPC,0.9901960784313726,0.29705882352941176,0.92834
EIGENPC,0.9900990099009901,0.29411764705882354,0.92924
EIGENPC,0.99,0.2911764705882353,0.92949
EIGENPC,0.98989898989899,0.28823529411764703,0.93016
EIGENPC,0.9897959183673469,0.2852941176470588,0.9334
EIGENPC,0.9896907216494846,0.2823529411764706,0.93549
EIGENPC,0.9895833333333334,0.27941176470588236,0.93591
EIGENPC,0.9894736842105263,0.27647058823529413,0.93715
EIGENPC,0.9893617021276596,0.2735294117647059,0.93905
EIGENPC,0.989247311827957,0.27058823529411763,0.94022
EIGENPC,0.9891304347826086,0.2676470588235294,0.94097
EIGENPC,0.989010989010989,0.2647058823529412,0.94149
EIGENPC,0.9888888888888889,0.26176470588235295,0.94174
EIGENPC,1.0,0.26176470588235295,0.94373
EIGENPC,1.0,0.25882352941176473,0.94387
EIGENPC,1.0,0.25588235294117645,0.94415
EIGENPC,1.0,0.2529411764705882,0.94493
EIGENPC,1.0,0.25,0.94523
EIGENPC,1.0,0.24705882352941178,0.9459
EIGENPC,1.0,0.24411764705882352,0.94604
EIGENPC,1.0,0.2411764705882353,0.94621
EIGENPC,1.0,0.23823529411764705,0.94632
EIGENPC,1.0,0.23529411764705882,0.95112
EIGENPC,1.0,0.22647058823529412,0.95298
EIGENPC,1.0,0.2235294117647059,0.953
EIGENPC,1.0,0.22058823529411764,0.95305
EIGENPC,1.0,0.21764705882352942,0.95396
EIGENPC,1.0,0.21470588235294116,0.95531
EIGENPC,1.0,0.21176470588235294,0.95557
EIGENPC,1.0,0.2088235294117647,0.95562
EIGENPC,1.0,0.20588235294117646,0.95595
EIGENPC,1.0,0.20294117647058824,0.95706
EIGENPC,1.0,0.2,0.95862
EIGENPC,1.0,0.19705882352941176,0.95894
EIGENPC,1.0,0.19411764705882353,0.95948
EIGENPC,1.0,0.19117647058823528,0.95952
EIGENPC,1.0,0.18823529411764706,0.95986
EIGENPC,1.0,0.18529411764705883,0.96005
EIGENPC,1.0,0.17941176470588235,0.96014
EIGENPC,1.0,0.17647058823529413,0.96031
EIGENPC,1.0,0.17352941176470588,0.96038
EIGENPC,1.0,0.17058823529411765,0.96062
EIGENPC,1.0,0.1676470588235294,0.96069
EIGENPC,1.0,0.16470588235294117,0.96136
EIGENPC,1.0,0.16176470588235295,0.96222
EIGENPC,1.0,0.1588235294117647,0.96273
EIGENPC,1.0,0.15588235294117647,0.96284
EIGENPC,1.0,0.15,0.964
EIGENPC,1.0,0.14705882352941177,0.96414
EIGENPC,1.0,0.14411764705882352,0.96552
EIGENPC,1.0,0.1411764705882353,0.9663
EIGENPC,1.0,0.13823529411764707,0.9665
EIGENPC,1.0,0.13529411764705881,0.96655
EIGENPC,1.0,0.1323529411764706,0.96707
EIGENPC,1.0,0.12941176470588237,0.96739
EIGENPC,1.0,0.12352941176470589,0.96823
EIGENPC,1.0,0.12058823529411765,0.9695
EIGENPC,1.0,0.11764705882352941,0.9701
EIGENPC,1.0,0.11470588235294117,0.97248
EIGENPC,1.0,0.11176470588235295,0.97332
EIGENPC,1.0,0.10882352941176471,0.97355
EIGENPC,1.0,0.10588235294117647,0.97448
EIGENPC,1.0,0.1,0.9752
EIGENPC,1.0,0.09705882352941177,0.97623
EIGENPC,1.0,0.09411764705882353,0.97872
EIGENPC,1.0,0.09117647058823529,0.97882
EIGENPC,1.0,0.08823529411764706,0.97904
EIGENPC,1.0,0.08529411764705883,0.97984
EIGENPC,1.0,0.08235294117647059,0.98019
EIGENPC,1.0,0.07941176470588235,0.98159
EIGENPC,1.0,0.07647058823529412,0.9816
EIGENPC,1.0,0.07352941176470588,0.98313
EIGENPC,1.0,0.07058823529411765,0.98324
EIGENPC,1.0,0.06764705882352941,0.98366
EIGENPC,1.0,0.06470588235294118,0.98388
EIGENPC,1.0,0.061764705882352944,0.98435
EIGENPC,1.0,0.058823529411764705,0.98441
EIGENPC,1.0,0.05588235294117647,0.9846
EIGENPC,1.0,0.052941176470588235,0.98477
EIGENPC,1.0,0.05,0.98553
EIGENPC,1.0,0.047058823529411764,0.98702
EIGENPC,1.0,0.04411764705882353,0.98739
EIGENPC,1.0,0.041176470588235294,0.98791
EIGENPC,1.0,0.03823529411764706,0.98795
EIGENPC,1.0,0.03529411764705882,0.98893
EIGENPC,1.0,0.03235294117647059,0.98969
EIGENPC,1.0,0.026470588235294117,0.99005
EIGENPC,1.0,0.023529411764705882,0.99052
EIGENPC,1.0,0.020588235294117647,0.99067
EIGENPC,1.0,0.01764705882352941,0.99101
EIGENPC,1.0,0.014705882352941176,0.99113
EIGENPC,1.0,0.011764705882352941,0.99143
EIGENPC,1.0,0.008823529411764706,0.99229
EIGENPC,1.0,0.0058823529411764705,0.99332
EIGENPC,1.0,0.0029411764705882353,0.9943
ESM1B,0.8542713567839196,1.0,0.00608
ESM1B,0.8564231738035264,1.0,0.01773
ESM1B,0.8560606060606061,0.9970588235294118,0.0241
ESM1B,0.8556962025316456,0.9941176470588236,0.02959
ESM1B,0.8553299492385786,0.9911764705882353,0.04049
ESM1B,0.8575063613231552,0.9911764705882353,0.04248
ESM1B,0.8596938775510204,0.9911764705882353,0.05512
ESM1B,0.8618925831202046,0.9911764705882353,0.07794
ESM1B,0.8641025641025641,0.9911764705882353,0.08808
ESM1B,0.8663239074550129,0.9911764705882353,0.09004
ESM1B,0.865979381443299,0.9882352941176471,0.09621
ESM1B,0.8656330749354005,0.9852941176470589,0.11273
ESM1B,0.8678756476683938,0.9852941176470589,0.11538
ESM1B,0.8675324675324675,0.9823529411764705,0.11632
ESM1B,0.8697916666666666,0.9823529411764705,0.11879
ESM1B,0.8720626631853786,0.9823529411764705,0.12129
ESM1B,0.8743455497382199,0.9823529411764705,0.1259
ESM1B,0.8766404199475065,0.9823529411764705,0.13037
ESM1B,0.8789473684210526,0.9823529411764705,0.13238
ESM1B,0.8786279683377308,0.9794117647058823,0.13301
ESM1B,0.8809523809523809,0.9794117647058823,0.13518
ESM1B,0.8806366047745358,0.9764705882352941,0.14734
ESM1B,0.8829787234042553,0.9764705882352941,0.15136
ESM1B,0.8853333333333333,0.9764705882352941,0.15176
ESM1B,0.8877005347593583,0.9764705882352941,0.17856
ESM1B,0.8900804289544236,0.9764705882352941,0.19822
ESM1B,0.8924731182795699,0.9764705882352941,0.20508
ESM1B,0.894878706199461,0.9764705882352941,0.20538
ESM1B,0.8945945945945946,0.9735294117647059,0.20763
ESM1B,0.8943089430894309,0.9705882352941176,0.21602
ESM1B,0.8940217391304348,0.9676470588235294,0.22818
ESM1B,0.896457765667575,0.9676470588235294,0.23179
ESM1B,0.8989071038251366,0.9676470588235294,0.23841
ESM1B,0.8986301369863013,0.9647058823529412,0.2484
ESM1B,0.9010989010989011,0.9647058823529412,0.25018
ESM1B,0.9008264462809917,0.961764705882353,0.2602
ESM1B,0.9033149171270718,0.961764705882353,0.26822
ESM1B,0.9030470914127424,0.9588235294117647,0.27612
ESM1B,0.9055555555555556,0.9588235294117647,0.27853
ESM1B,0.9052924791086351,0.9558823529411765,0.28191
ESM1B,0.9078212290502793,0.9558823529411765,0.29191
ESM1B,0.9103641456582633,0.9558823529411765,0.30382
ESM1B,0.9129213483146067,0.9558823529411765,0.33285
ESM1B,0.9154929577464789,0.9558823529411765,0.35608
ESM1B,0.9152542372881356,0.9529411764705882,0.36753
ESM1B,0.9178470254957507,0.9529411764705882,0.38454
ESM1B,0.9204545454545454,0.9529411764705882,0.38998
ESM1B,0.9230769230769231,0.9529411764705882,0.39443
ESM1B,0.9228571428571428,0.95,0.40179
ESM1B,0.9255014326647565,0.95,0.412
ESM1B,0.9281609195402298,0.95,0.42078
ESM1B,0.930835734870317,0.95,0.43255
ESM1B,0.930635838150289,0.9470588235294117,0.44752
ESM1B,0.9304347826086956,0.9441176470588235,0.44882
ESM1B,0.9302325581395349,0.9411764705882353,0.45492
ESM1B,0.9329446064139941,0.9411764705882353,0.45907
ESM1B,0.9327485380116959,0.9382352941176471,0.47527
ESM1B,0.9325513196480938,0.9352941176470588,0.48185
ESM1B,0.9323529411764706,0.9323529411764706,0.48329
ESM1B,0.9321533923303835,0.9294117647058824,0.48997
ESM1B,0.9349112426035503,0.9294117647058824,0.49029
ESM1B,0.9376854599406528,0.9294117647058824,0.49705
ESM1B,0.9375,0.9264705882352942,0.50498
ESM1B,0.9373134328358209,0.9235294117647059,0.51118
ESM1B,0.9401197604790419,0.9235294117647059,0.52961
ESM1B,0.9429429429429429,0.9235294117647059,0.53131
ESM1B,0.9427710843373494,0.9205882352941176,0.53167
ESM1B,0.9425981873111783,0.9176470588235294,0.53463
ESM1B,0.9454545454545454,0.9176470588235294,0.53568
ESM1B,0.9452887537993921,0.9147058823529411,0.53759
ESM1B,0.948170731707317,0.9147058823529411,0.54066
ESM1B,0.9480122324159022,0.9117647058823529,0.54974
ESM1B,0.9478527607361963,0.9088235294117647,0.55068
ESM1B,0.9476923076923077,0.9058823529411765,0.55314
ESM1B,0.9506172839506173,0.9058823529411765,0.55393
ESM1B,0.9504643962848297,0.9029411764705882,0.55522
ESM1B,0.9503105590062112,0.9,0.5563
ESM1B,0.9501557632398754,0.8970588235294118,0.56607
ESM1B,0.953125,0.8970588235294118,0.56878
ESM1B,0.9529780564263323,0.8941176470588236,0.57095
ESM1B,0.9528301886792453,0.8911764705882353,0.57717
ESM1B,0.9526813880126183,0.888235294117647,0.57928
ESM1B,0.9525316455696202,0.8852941176470588,0.58305
ESM1B,0.9555555555555556,0.8852941176470588,0.5841
ESM1B,0.9585987261146497,0.8852941176470588,0.58745
ESM1B,0.9584664536741214,0.8823529411764706,0.58968
ESM1B,0.9615384615384616,0.8823529411764706,0.6024
ESM1B,0.9614147909967846,0.8794117647058823,0.61552
ESM1B,0.964516129032258,0.8794117647058823,0.61579
ESM1B,0.9707792207792207,0.8794117647058823,0.6164
ESM1B,0.9706840390879479,0.8764705882352941,0.61702
ESM1B,0.9705882352941176,0.8735294117647059,0.62
ESM1B,0.9704918032786886,0.8705882352941177,0.6202
ESM1B,0.9703947368421053,0.8676470588235294,0.62432
ESM1B,0.9702970297029703,0.8647058823529412,0.62586
ESM1B,0.9701986754966887,0.861764705882353,0.62613
ESM1B,0.9700996677740864,0.8588235294117647,0.63305
ESM1B,0.97,0.8558823529411764,0.63352
ESM1B,0.9698996655518395,0.8529411764705882,0.64365
ESM1B,0.9697986577181208,0.85,0.65053
ESM1B,0.9730639730639731,0.85,0.65066
ESM1B,0.9763513513513513,0.85,0.65403
ESM1B,0.976271186440678,0.8470588235294118,0.6581
ESM1B,0.9761092150170648,0.8411764705882353,0.66308
ESM1B,0.976027397260274,0.8382352941176471,0.66484
ESM1B,0.9759450171821306,0.8352941176470589,0.67323
ESM1B,0.9758620689655172,0.8323529411764706,0.68071
ESM1B,0.9757785467128027,0.8294117647058824,0.68211
ESM1B,0.9756944444444444,0.8264705882352941,0.68319
ESM1B,0.975609756097561,0.8235294117647058,0.68601
ESM1B,0.9755244755244755,0.8205882352941176,0.68761
ESM1B,0.9753521126760564,0.8147058823529412,0.68869
ESM1B,0.9787985865724381,0.8147058823529412,0.69225
ESM1B,0.9787234042553191,0.8117647058823529,0.69548
ESM1B,0.9786476868327402,0.8088235294117647,0.70714
ESM1B,0.9785714285714285,0.8058823529411765,0.70907
ESM1B,0.9783393501805054,0.7970588235294118,0.71435
ESM1B,0.9782608695652174,0.7941176470588235,0.71441
ESM1B,0.9781818181818182,0.7911764705882353,0.71695
ESM1B,0.978021978021978,0.7852941176470588,0.72114
ESM1B,0.9779411764705882,0.7823529411764706,0.72389
ESM1B,0.977859778597786,0.7794117647058824,0.72833
ESM1B,0.9777777777777777,0.7764705882352941,0.73244
ESM1B,0.9776951672862454,0.7735294117647059,0.7375
ESM1B,0.9776119402985075,0.7705882352941177,0.73936
ESM1B,0.9775280898876404,0.7676470588235295,0.74193
ESM1B,0.9774436090225563,0.7647058823529411,0.74313
ESM1B,0.9773584905660377,0.7617647058823529,0.74622
ESM1B,0.9772727272727273,0.7588235294117647,0.74746
ESM1B,0.9771863117870723,0.7558823529411764,0.75059
ESM1B,0.9770992366412213,0.7529411764705882,0.75377
ESM1B,0.9769230769230769,0.7470588235294118,0.75647
ESM1B,0.9768339768339769,0.7441176470588236,0.75682
ESM1B,0.9767441860465116,0.7411764705882353,0.75834
ESM1B,0.980544747081712,0.7411764705882353,0.76033
ESM1B,0.98046875,0.7382352941176471,0.76502
ESM1B,0.984313725490196,0.7382352941176471,0.76606
ESM1B,0.984251968503937,0.7352941176470589,0.77156
ESM1B,0.9841897233201581,0.7323529411764705,0.77276
ESM1B,0.9841269841269841,0.7294117647058823,0.77362
ESM1B,0.984,0.7235294117647059,0.77584
ESM1B,0.9839357429718876,0.7205882352941176,0.77743
ESM1B,0.9838056680161943,0.7147058823529412,0.77946
ESM1B,0.983739837398374,0.711764705882353,0.78115
ESM1B,0.9836734693877551,0.7088235294117647,0.78143
ESM1B,0.9836065573770492,0.7058823529411765,0.78452
ESM1B,0.9835390946502057,0.7029411764705882,0.78502
ESM1B,0.9834710743801653,0.7,0.7853
ESM1B,0.9833333333333333,0.6941176470588235,0.78564
ESM1B,0.9832635983263598,0.6911764705882353,0.78847
ESM1B,0.9873949579831933,0.6911764705882353,0.79069
ESM1B,0.9873417721518988,0.6882352941176471,0.79197
ESM1B,0.9872881355932204,0.6852941176470588,0.79428
ESM1B,0.9872340425531915,0.6823529411764706,0.79483
ESM1B,0.9871794871794872,0.6794117647058824,0.79593
ESM1B,0.9871244635193133,0.6764705882352942,0.8004
ESM1B,0.9870689655172413,0.6735294117647059,0.80126
ESM1B,0.9913419913419913,0.6735294117647059,0.80251
ESM1B,0.991304347826087,0.6705882352941176,0.80407
ESM1B,0.9912663755458515,0.6676470588235294,0.80477
ESM1B,0.9912280701754386,0.6647058823529411,0.80558
ESM1B,0.9911894273127754,0.6617647058823529,0.8081
ESM1B,0.9911504424778761,0.6588235294117647,0.81511
ESM1B,0.9911111111111112,0.6558823529411765,0.81595
ESM1B,0.9910714285714286,0.6529411764705882,0.81857
ESM1B,0.9910313901345291,0.65,0.81972
ESM1B,0.990990990990991,0.6470588235294118,0.81988
ESM1B,0.9909502262443439,0.6441176470588236,0.82051
ESM1B,0.990909090909091,0.6411764705882353,0.82176
ESM1B,0.9908675799086758,0.638235294117647,0.82197
ESM1B,0.9908256880733946,0.6352941176470588,0.82274
ESM1B,0.9907834101382489,0.6323529411764706,0.8229
ESM1B,0.9907407407407407,0.6294117647058823,0.82326
ESM1B,0.9906976744186047,0.6264705882352941,0.82462
ESM1B,0.9906542056074766,0.6235294117647059,0.82499
ESM1B,0.9906103286384976,0.6205882352941177,0.82633
ESM1B,0.9905660377358491,0.6176470588235294,0.82777
ESM1B,0.990521327014218,0.6147058823529412,0.8317
ESM1B,0.9904761904761905,0.611764705882353,0.83232
ESM1B,0.9904306220095693,0.6088235294117647,0.83343
ESM1B,0.9903846153846154,0.6058823529411764,0.83419
ESM1B,0.9903381642512077,0.6029411764705882,0.8364
ESM1B,0.9902912621359223,0.6,0.83655
ESM1B,0.9902439024390244,0.5970588235294118,0.83705
ESM1B,0.9901960784313726,0.5941176470588235,0.83735
ESM1B,0.9901477832512315,0.5911764705882353,0.83845
ESM1B,0.9900990099009901,0.5882352941176471,0.8386
ESM1B,0.9900497512437811,0.5852941176470589,0.8392
ESM1B,0.99,0.5823529411764706,0.84084
ESM1B,0.9899497487437185,0.5794117647058824,0.84243
ESM1B,0.98989898989899,0.5764705882352941,0.84317
ESM1B,0.9898477157360406,0.5735294117647058,0.84331
ESM1B,0.9897959183673469,0.5705882352941176,0.84463
ESM1B,0.9897435897435898,0.5676470588235294,0.84488
ESM1B,0.9896907216494846,0.5647058823529412,0.84581
ESM1B,0.9896373056994818,0.5617647058823529,0.84645
ESM1B,0.9895833333333334,0.5588235294117647,0.8485
ESM1B,0.9895287958115183,0.5558823529411765,0.84923
ESM1B,0.9894736842105263,0.5529411764705883,0.85144
ESM1B,0.9894179894179894,0.55,0.85173
ESM1B,0.9893617021276596,0.5470588235294118,0.85231
ESM1B,0.9893048128342246,0.5441176470588235,0.85284
ESM1B,0.989247311827957,0.5411764705882353,0.85327
ESM1B,0.9891891891891892,0.538235294117647,0.8539
ESM1B,0.9891304347826086,0.5352941176470588,0.85589
ESM1B,0.9890710382513661,0.5323529411764706,0.85604
ESM1B,0.989010989010989,0.5294117647058824,0.85632
ESM1B,0.988950276243094,0.5264705882352941,0.85665
ESM1B,0.9888888888888889,0.5235294117647059,0.85708
ESM1B,0.9888268156424581,0.5205882352941177,0.85891
ESM1B,0.9887640449438202,0.5176470588235295,0.86112
ESM1B,0.9887005649717514,0.5147058823529411,0.8613
ESM1B,0.9886363636363636,0.5117647058823529,0.86238
ESM1B,0.9885714285714285,0.5088235294117647,0.86345
ESM1B,0.9885057471264368,0.5058823529411764,0.86355
ESM1B,0.9884393063583815,0.5029411764705882,0.86373
ESM1B,0.9883720930232558,0.5,0.86636
ESM1B,0.9883040935672515,0.4970588235294118,0.86686
ESM1B,0.9882352941176471,0.49411764705882355,0.87169
ESM1B,0.9881656804733728,0.49117647058823527,0.87245
ESM1B,0.9880952380952381,0.48823529411764705,0.87456
ESM1B,0.9880239520958084,0.4852941176470588,0.87501
ESM1B,0.9879518072289156,0.4823529411764706,0.87626
ESM1B,0.9878787878787879,0.47941176470588237,0.87666
ESM1B,0.9878048780487805,0.4764705882352941,0.87706
ESM1B,0.9877300613496932,0.47352941176470587,0.87755
ESM1B,0.9876543209876543,0.47058823529411764,0.87825
ESM1B,0.9875776397515528,0.4676470588235294,0.87872
ESM1B,0.9875,0.4647058823529412,0.8799
ESM1B,0.9874213836477987,0.46176470588235297,0.88038
ESM1B,0.9872611464968153,0.45588235294117646,0.88126
ESM1B,0.9871794871794872,0.45294117647058824,0.88156
ESM1B,0.9870967741935484,0.45,0.88178
ESM1B,0.987012987012987,0.4470588235294118,0.88272
ESM1B,0.9868421052631579,0.4411764705882353,0.88423
ESM1B,0.9867549668874173,0.43823529411764706,0.88453
ESM1B,0.9866666666666667,0.43529411764705883,0.88505
ESM1B,0.9932885906040269,0.43529411764705883,0.88535
ESM1B,0.9932432432432432,0.4323529411764706,0.88727
ESM1B,0.9931972789115646,0.4294117647058823,0.88765
ESM1B,0.9931506849315068,0.4264705882352941,0.88773
ESM1B,0.993103448275862,0.4235294117647059,0.88849
ESM1B,0.9930555555555556,0.42058823529411765,0.89101
ESM1B,0.993006993006993,0.4176470588235294,0.89192
ESM1B,0.9929577464788732,0.4147058823529412,0.89482
ESM1B,0.9929078014184397,0.4117647058823529,0.89587
ESM1B,0.9928571428571429,0.4088235294117647,0.89599
ESM1B,0.9928057553956835,0.40588235294117647,0.89792
ESM1B,0.9927536231884058,0.40294117647058825,0.89808
ESM1B,0.9927007299270073,0.4,0.90206
ESM1B,0.9926470588235294,0.39705882352941174,0.90221
ESM1B,0.9925925925925926,0.3941176470588235,0.90249
ESM1B,0.9925373134328358,0.3911764705882353,0.90363
ESM1B,0.9924812030075187,0.38823529411764707,0.9041
ESM1B,0.9924242424242424,0.38529411764705884,0.90421
ESM1B,0.9923664122137404,0.38235294117647056,0.90425
ESM1B,0.9923076923076923,0.37941176470588234,0.90437
ESM1B,0.9922480620155039,0.3764705882352941,0.90468
ESM1B,0.9921875,0.3735294117647059,0.90483
ESM1B,0.9921259842519685,0.37058823529411766,0.90534
ESM1B,0.992,0.36470588235294116,0.90608
ESM1B,0.9919354838709677,0.36176470588235293,0.90631
ESM1B,1.0,0.36176470588235293,0.9083
ESM1B,1.0,0.3588235294117647,0.90872
ESM1B,1.0,0.3558823529411765,0.90977
ESM1B,1.0,0.35294117647058826,0.91071
ESM1B,1.0,0.35,0.91094
ESM1B,1.0,0.34705882352941175,0.91261
ESM1B,1.0,0.34411764705882353,0.91287
ESM1B,1.0,0.3382352941176471,0.91372
ESM1B,1.0,0.3352941176470588,0.91972
ESM1B,1.0,0.3323529411764706,0.92067
ESM1B,1.0,0.32941176470588235,0.92155
ESM1B,1.0,0.3264705882352941,0.92263
ESM1B,1.0,0.3235294117647059,0.92325
ESM1B,1.0,0.3205882352941177,0.92414
ESM1B,1.0,0.3176470588235294,0.92458
ESM1B,1.0,0.31470588235294117,0.92615
ESM1B,1.0,0.31176470588235294,0.92622
ESM1B,1.0,0.3088235294117647,0.92681
ESM1B,1.0,0.3058823529411765,0.92695
ESM1B,1.0,0.3029411764705882,0.92811
ESM1B,1.0,0.3,0.9294
ESM1B,1.0,0.29705882352941176,0.92953
ESM1B,1.0,0.29411764705882354,0.93109
ESM1B,1.0,0.2911764705882353,0.93157
ESM1B,1.0,0.28823529411764703,0.9367
ESM1B,1.0,0.2852941176470588,0.93685
ESM1B,1.0,0.2823529411764706,0.93731
ESM1B,1.0,0.27941176470588236,0.93767
ESM1B,1.0,0.27647058823529413,0.93928
ESM1B,1.0,0.2735294117647059,0.942
ESM1B,1.0,0.2676470588235294,0.94206
ESM1B,1.0,0.2647058823529412,0.94218
ESM1B,1.0,0.26176470588235295,0.94298
ESM1B,1.0,0.25882352941176473,0.94438
ESM1B,1.0,0.25588235294117645,0.94489
ESM1B,1.0,0.2529411764705882,0.94565
ESM1B,1.0,0.25,0.94707
ESM1B,1.0,0.24705882352941178,0.9475
ESM1B,1.0,0.24411764705882352,0.94908
ESM1B,1.0,0.2411764705882353,0.94916
ESM1B,1.0,0.23823529411764705,0.94951
ESM1B,1.0,0.23529411764705882,0.94983
ESM1B,1.0,0.2323529411764706,0.95197
ESM1B,1.0,0.22941176470588234,0.95205
ESM1B,1.0,0.22647058823529412,0.95223
ESM1B,1.0,0.2235294117647059,0.95226
ESM1B,1.0,0.21764705882352942,0.95305
ESM1B,1.0,0.21470588235294116,0.95323
ESM1B,1.0,0.21176470588235294,0.95348
ESM1B,1.0,0.2088235294117647,0.95351
ESM1B,1.0,0.20588235294117646,0.95393
ESM1B,1.0,0.20294117647058824,0.95398
ESM1B,1.0,0.2,0.95438
ESM1B,1.0,0.19705882352941176,0.95505
ESM1B,1.0,0.19411764705882353,0.95746
ESM1B,1.0,0.19117647058823528,0.95821
ESM1B,1.0,0.18823529411764706,0.95828
ESM1B,1.0,0.18529411764705883,0.9584
ESM1B,1.0,0.18235294117647058,0.95891
ESM1B,1.0,0.17941176470588235,0.95898
ESM1B,1.0,0.17647058823529413,0.95993
ESM1B,1.0,0.17352941176470588,0.96024
ESM1B,1.0,0.17058823529411765,0.96027
ESM1B,1.0,0.1676470588235294,0.96104
ESM1B,1.0,0.16470588235294117,0.96131
ESM1B,1.0,0.16176470588235295,0.96153
ESM1B,1.0,0.1588235294117647,0.96234
ESM1B,1.0,0.15588235294117647,0.96286
ESM1B,1.0,0.15294117647058825,0.96317
ESM1B,1.0,0.15,0.96357
ESM1B,1.0,0.14705882352941177,0.96404
ESM1B,1.0,0.14411764705882352,0.9647
ESM1B,1.0,0.1411764705882353,0.9652
ESM1B,1.0,0.13823529411764707,0.96537
ESM1B,1.0,0.13529411764705881,0.966
ESM1B,1.0,0.1323529411764706,0.96612
ESM1B,1.0,0.12941176470588237,0.96629
ESM1B,1.0,0.1264705882352941,0.96739
ESM1B,1.0,0.12352941176470589,0.96778
ESM1B,1.0,0.12058823529411765,0.96795
ESM1B,1.0,0.11764705882352941,0.97034
ESM1B,1.0,0.11470588235294117,0.97052
ESM1B,1.0,0.11176470588235295,0.97232
ESM1B,1.0,0.10882352941176471,0.97251
ESM1B,1.0,0.10588235294117647,0.97319
ESM1B,1.0,0.10294117647058823,0.9751
ESM1B,1.0,0.1,0.97558
ESM1B,1.0,0.09705882352941177,0.97568
ESM1B,1.0,0.09411764705882353,0.97579
ESM1B,1.0,0.09117647058823529,0.97593
ESM1B,1.0,0.08823529411764706,0.97696
ESM1B,1.0,0.08529411764705883,0.97719
ESM1B,1.0,0.08235294117647059,0.97781
ESM1B,1.0,0.07941176470588235,0.98186
ESM1B,1.0,0.07647058823529412,0.98219
ESM1B,1.0,0.07352941176470588,0.98242
ESM1B,1.0,0.07058823529411765,0.98387
ESM1B,1.0,0.06764705882352941,0.98396
ESM1B,1.0,0.06470588235294118,0.98399
ESM1B,1.0,0.061764705882352944,0.98403
ESM1B,1.0,0.058823529411764705,0.98434
ESM1B,1.0,0.05588235294117647,0.98642
ESM1B,1.0,0.052941176470588235,0.98697
ESM1B,1.0,0.05,0.98731
ESM1B,1.0,0.047058823529411764,0.98757
ESM1B,1.0,0.04411764705882353,0.99003
ESM1B,1.0,0.041176470588235294,0.99096
ESM1B,1.0,0.03823529411764706,0.9916
ESM1B,1.0,0.03529411764705882,0.99185
ESM1B,1.0,0.03235294117647059,0.99531
ESM1B,1.0,0.029411764705882353,0.99573
ESM1B,1.0,0.023529411764705882,0.99622
ESM1B,1.0,0.020588235294117647,0.99645
ESM1B,1.0,0.01764705882352941,0.99661
ESM1B,1.0,0.014705882352941176,0.99681
ESM1B,1.0,0.011764705882352941,0.99698
ESM1B,1.0,0.008823529411764706,0.99821
ESM1B,1.0,0.0058823529411764705,0.99872
ESM1B,1.0,0.0029411764705882353,0.99965
FATHMMXF,0.8542713567839196,1.0,0.0059
FATHMMXF,0.8564231738035264,1.0,0.03514
FATHMMXF,0.8585858585858586,1.0,0.06852
FATHMMXF,0.8607594936708861,1.0,0.08384
FATHMMXF,0.8629441624365483,1.0,0.08791
FATHMMXF,0.8651399491094147,1.0,0.0921
FATHMMXF,0.8673469387755102,1.0,0.10927
FATHMMXF,0.8695652173913043,1.0,0.11093
FATHMMXF,0.8717948717948718,1.0,0.11981
FATHMMXF,0.87146529562982,0.9970588235294118,0.12786
FATHMMXF,0.8711340206185567,0.9941176470588236,0.14937
FATHMMXF,0.8733850129198967,0.9941176470588236,0.1605
FATHMMXF,0.8756476683937824,0.9941176470588236,0.1809
FATHMMXF,0.8779220779220779,0.9941176470588236,0.18325
FATHMMXF,0.8802083333333334,0.9941176470588236,0.22796
FATHMMXF,0.8825065274151436,0.9941176470588236,0.24998
FATHMMXF,0.8848167539267016,0.9941176470588236,0.25258
FATHMMXF,0.8871391076115486,0.9941176470588236,0.27451
FATHMMXF,0.8894736842105263,0.9941176470588236,0.2781
FATHMMXF,0.8918205804749341,0.9941176470588236,0.28288
FATHMMXF,0.8941798941798942,0.9941176470588236,0.29433
FATHMMXF,0.8938992042440318,0.9911764705882353,0.29991
FATHMMXF,0.8962765957446809,0.9911764705882353,0.30225
FATHMMXF,0.8986666666666666,0.9911764705882353,0.30556
FATHMMXF,0.9010695187165776,0.9911764705882353,0.31096
FATHMMXF,0.900804289544236,0.9882352941176471,0.32588
FATHMMXF,0.9005376344086021,0.9852941176470589,0.33488
FATHMMXF,0.9002695417789758,0.9823529411764705,0.3385
FATHMMXF,0.9,0.9794117647058823,0.34854
FATHMMXF,0.8997289972899729,0.9764705882352941,0.35674
FATHMMXF,0.9021739130434783,0.9764705882352941,0.35853
FATHMMXF,0.9046321525885559,0.9764705882352941,0.36241
FATHMMXF,0.907103825136612,0.9764705882352941,0.36437
FATHMMXF,0.9068493150684932,0.9735294117647059,0.37653
FATHMMXF,0.9093406593406593,0.9735294117647059,0.3879
FATHMMXF,0.9118457300275482,0.9735294117647059,0.38844
FATHMMXF,0.914364640883978,0.9735294117647059,0.39654
FATHMMXF,0.9141274238227147,0.9705882352941176,0.39987
FATHMMXF,0.9166666666666666,0.9705882352941176,0.41073
FATHMMXF,0.9192200557103064,0.9705882352941176,0.4181
FATHMMXF,0.9189944134078212,0.9676470588235294,0.42595
FATHMMXF,0.9187675070028011,0.9647058823529412,0.44935
FATHMMXF,0.9213483146067416,0.9647058823529412,0.46004
FATHMMXF,0.923943661971831,0.9647058823529412,0.46312
FATHMMXF,0.923728813559322,0.961764705882353,0.47628
FATHMMXF,0.9263456090651558,0.961764705882353,0.48067
FATHMMXF,0.9261363636363636,0.9588235294117647,0.48251
FATHMMXF,0.9259259259259259,0.9558823529411765,0.49856
FATHMMXF,0.9257142857142857,0.9529411764705882,0.50986
FATHMMXF,0.9255014326647565,0.95,0.5136
FATHMMXF,0.9281609195402298,0.95,0.51377
FATHMMXF,0.9279538904899135,0.9470588235294117,0.51813
FATHMMXF,0.9277456647398844,0.9441176470588235,0.52721
FATHMMXF,0.927536231884058,0.9411764705882353,0.5309
FATHMMXF,0.9273255813953488,0.9382352941176471,0.53748
FATHMMXF,0.9271137026239067,0.9352941176470588,0.54007
FATHMMXF,0.9269005847953217,0.9323529411764706,0.54159
FATHMMXF,0.9296187683284457,0.9323529411764706,0.54408
FATHMMXF,0.9294117647058824,0.9294117647058824,0.54594
FATHMMXF,0.9292035398230089,0.9264705882352942,0.5477
FATHMMXF,0.9319526627218935,0.9264705882352942,0.5568
FATHMMXF,0.9317507418397626,0.9235294117647059,0.55833
FATHMMXF,0.9315476190476191,0.9205882352941176,0.56352
FATHMMXF,0.9313432835820895,0.9176470588235294,0.5636
FATHMMXF,0.9341317365269461,0.9176470588235294,0.57229
FATHMMXF,0.933933933933934,0.9147058823529411,0.57414
FATHMMXF,0.9367469879518072,0.9147058823529411,0.57478
FATHMMXF,0.9395770392749244,0.9147058823529411,0.57642
FATHMMXF,0.9393939393939394,0.9117647058823529,0.58149
FATHMMXF,0.939209726443769,0.9088235294117647,0.58605
FATHMMXF,0.9390243902439024,0.9058823529411765,0.5867
FATHMMXF,0.9388379204892966,0.9029411764705882,0.58685
FATHMMXF,0.9386503067484663,0.9,0.58713
FATHMMXF,0.9384615384615385,0.8970588235294118,0.58901
FATHMMXF,0.9382716049382716,0.8941176470588236,0.59519
FATHMMXF,0.9380804953560371,0.8911764705882353,0.5964
FATHMMXF,0.937888198757764,0.888235294117647,0.59942
FATHMMXF,0.9376947040498442,0.8852941176470588,0.60067
FATHMMXF,0.9375,0.8823529411764706,0.60451
FATHMMXF,0.9404388714733543,0.8823529411764706,0.60594
FATHMMXF,0.9433962264150944,0.8823529411764706,0.60703
FATHMMXF,0.943217665615142,0.8794117647058823,0.6073
FATHMMXF,0.9462025316455697,0.8794117647058823,0.61552
FATHMMXF,0.946031746031746,0.8764705882352941,0.61782
FATHMMXF,0.945859872611465,0.8735294117647059,0.61786
FATHMMXF,0.9488817891373802,0.8735294117647059,0.62521
FATHMMXF,0.9487179487179487,0.8705882352941177,0.62535
FATHMMXF,0.9485530546623794,0.8676470588235294,0.62709
FATHMMXF,0.9483870967741935,0.8647058823529412,0.62804
FATHMMXF,0.948220064724919,0.861764705882353,0.6282
FATHMMXF,0.948051948051948,0.8588235294117647,0.6296
FATHMMXF,0.9478827361563518,0.8558823529411764,0.63582
FATHMMXF,0.9509803921568627,0.8558823529411764,0.63945
FATHMMXF,0.9508196721311475,0.8529411764705882,0.64178
FATHMMXF,0.9506578947368421,0.85,0.64391
FATHMMXF,0.9504950495049505,0.8470588235294118,0.6486
FATHMMXF,0.9503311258278145,0.8441176470588235,0.64878
FATHMMXF,0.9501661129568106,0.8411764705882353,0.64997
FATHMMXF,0.95,0.8382352941176471,0.66135
FATHMMXF,0.9498327759197325,0.8352941176470589,0.66194
FATHMMXF,0.9496644295302014,0.8323529411764706,0.66432
FATHMMXF,0.9494949494949495,0.8294117647058824,0.66509
FATHMMXF,0.9493243243243243,0.8264705882352941,0.66519
FATHMMXF,0.9491525423728814,0.8235294117647058,0.66952
FATHMMXF,0.9489795918367347,0.8205882352941176,0.67292
FATHMMXF,0.9488054607508533,0.8176470588235294,0.67782
FATHMMXF,0.9486301369863014,0.8147058823529412,0.67871
FATHMMXF,0.9484536082474226,0.8117647058823529,0.67924
FATHMMXF,0.9482758620689655,0.8088235294117647,0.67977
FATHMMXF,0.9515570934256056,0.8088235294117647,0.68012
FATHMMXF,0.9513888888888888,0.8058823529411765,0.69002
FATHMMXF,0.9512195121951219,0.8029411764705883,0.69018
FATHMMXF,0.9545454545454546,0.8029411764705883,0.69448
FATHMMXF,0.9543859649122807,0.8,0.69785
FATHMMXF,0.954225352112676,0.7970588235294118,0.70524
FATHMMXF,0.9575971731448764,0.7970588235294118,0.70575
FATHMMXF,0.9574468085106383,0.7941176470588235,0.70859
FATHMMXF,0.9608540925266904,0.7941176470588235,0.71868
FATHMMXF,0.9642857142857143,0.7941176470588235,0.72074
FATHMMXF,0.967741935483871,0.7941176470588235,0.72242
FATHMMXF,0.9676258992805755,0.7911764705882353,0.72614
FATHMMXF,0.9675090252707581,0.788235294117647,0.7289
FATHMMXF,0.967391304347826,0.7852941176470588,0.73019
FATHMMXF,0.9672727272727273,0.7823529411764706,0.73196
FATHMMXF,0.9671532846715328,0.7794117647058824,0.73423
FATHMMXF,0.967032967032967,0.7764705882352941,0.73568
FATHMMXF,0.9669117647058824,0.7735294117647059,0.74344
FATHMMXF,0.966789667896679,0.7705882352941177,0.74409
FATHMMXF,0.9666666666666667,0.7676470588235295,0.74416
FATHMMXF,0.966542750929368,0.7647058823529411,0.74694
FATHMMXF,0.9664179104477612,0.7617647058823529,0.75096
FATHMMXF,0.9662921348314607,0.7588235294117647,0.7546
FATHMMXF,0.9699248120300752,0.7588235294117647,0.757
FATHMMXF,0.969811320754717,0.7558823529411764,0.75979
FATHMMXF,0.9696969696969697,0.7529411764705882,0.7623
FATHMMXF,0.9695817490494296,0.75,0.76312
FATHMMXF,0.9694656488549618,0.7470588235294118,0.7694
FATHMMXF,0.9693486590038314,0.7441176470588236,0.76958
FATHMMXF,0.9692307692307692,0.7411764705882353,0.77271
FATHMMXF,0.9691119691119691,0.7382352941176471,0.77816
FATHMMXF,0.9689922480620154,0.7352941176470589,0.77882
FATHMMXF,0.9688715953307393,0.7323529411764705,0.78002
FATHMMXF,0.96875,0.7294117647058823,0.78068
FATHMMXF,0.9686274509803922,0.7264705882352941,0.78072
FATHMMXF,0.968503937007874,0.7235294117647059,0.78178
FATHMMXF,0.9683794466403162,0.7205882352941176,0.78417
FATHMMXF,0.9682539682539683,0.7176470588235294,0.78547
FATHMMXF,0.9681274900398407,0.7147058823529412,0.78643
FATHMMXF,0.968,0.711764705882353,0.78934
FATHMMXF,0.9678714859437751,0.7088235294117647,0.79033
FATHMMXF,0.967741935483871,0.7058823529411765,0.79281
FATHMMXF,0.9676113360323887,0.7029411764705882,0.7953
FATHMMXF,0.967479674796748,0.7,0.79612
FATHMMXF,0.9673469387755103,0.6970588235294117,0.79616
FATHMMXF,0.9672131147540983,0.6941176470588235,0.79876
FATHMMXF,0.9670781893004116,0.6911764705882353,0.80407
FATHMMXF,0.9710743801652892,0.6911764705882353,0.81083
FATHMMXF,0.970954356846473,0.6882352941176471,0.81225
FATHMMXF,0.9708333333333333,0.6852941176470588,0.81522
FATHMMXF,0.9707112970711297,0.6823529411764706,0.81552
FATHMMXF,0.9705882352941176,0.6794117647058824,0.81621
FATHMMXF,0.9704641350210971,0.6764705882352942,0.8178
FATHMMXF,0.9703389830508474,0.6735294117647059,0.82244
FATHMMXF,0.9702127659574468,0.6705882352941176,0.82838
FATHMMXF,0.9700854700854701,0.6676470588235294,0.83002
FATHMMXF,0.9699570815450643,0.6647058823529411,0.83081
FATHMMXF,0.9698275862068966,0.6617647058823529,0.83153
FATHMMXF,0.9696969696969697,0.6588235294117647,0.83526
FATHMMXF,0.9695652173913043,0.6558823529411765,0.83651
FATHMMXF,0.9694323144104804,0.6529411764705882,0.83719
FATHMMXF,0.9690265486725663,0.6441176470588236,0.84394
FATHMMXF,0.9688888888888889,0.6411764705882353,0.84746
FATHMMXF,0.96875,0.638235294117647,0.84829
FATHMMXF,0.968609865470852,0.6352941176470588,0.84965
FATHMMXF,0.9684684684684685,0.6323529411764706,0.85207
FATHMMXF,0.9683257918552036,0.6294117647058823,0.85362
FATHMMXF,0.9681818181818181,0.6264705882352941,0.85366
FATHMMXF,0.9680365296803652,0.6235294117647059,0.85755
FATHMMXF,0.9678899082568807,0.6205882352941177,0.85839
FATHMMXF,0.967741935483871,0.6176470588235294,0.86322
FATHMMXF,0.9675925925925926,0.6147058823529412,0.86381
FATHMMXF,0.9720930232558139,0.6147058823529412,0.86737
FATHMMXF,0.9719626168224299,0.611764705882353,0.868
FATHMMXF,0.971830985915493,0.6088235294117647,0.87048
FATHMMXF,0.9716981132075472,0.6058823529411764,0.87101
FATHMMXF,0.9715639810426541,0.6029411764705882,0.8718
FATHMMXF,0.9714285714285714,0.6,0.87316
FATHMMXF,0.9712918660287081,0.5970588235294118,0.87399
FATHMMXF,0.9711538461538461,0.5941176470588235,0.87434
FATHMMXF,0.9758454106280193,0.5941176470588235,0.87479
FATHMMXF,0.9757281553398058,0.5911764705882353,0.87481
FATHMMXF,0.975609756097561,0.5882352941176471,0.87498
FATHMMXF,0.9754901960784313,0.5852941176470589,0.87632
FATHMMXF,0.9753694581280788,0.5823529411764706,0.88017
FATHMMXF,0.9752475247524752,0.5794117647058824,0.88079
FATHMMXF,0.9751243781094527,0.5764705882352941,0.88104
FATHMMXF,0.975,0.5735294117647058,0.88178
FATHMMXF,0.9748743718592965,0.5705882352941176,0.88431
FATHMMXF,0.9747474747474747,0.5676470588235294,0.8875
FATHMMXF,0.9746192893401016,0.5647058823529412,0.8878
FATHMMXF,0.9744897959183674,0.5617647058823529,0.88785
FATHMMXF,0.9743589743589743,0.5588235294117647,0.88886
FATHMMXF,0.9742268041237113,0.5558823529411765,0.88909
FATHMMXF,0.9740932642487047,0.5529411764705883,0.89088
FATHMMXF,0.9739583333333334,0.55,0.89125
FATHMMXF,0.9738219895287958,0.5470588235294118,0.89153
FATHMMXF,0.9736842105263158,0.5441176470588235,0.89396
FATHMMXF,0.9735449735449735,0.5411764705882353,0.8948
FATHMMXF,0.9787234042553191,0.5411764705882353,0.89535
FATHMMXF,0.9786096256684492,0.538235294117647,0.8954
FATHMMXF,0.978494623655914,0.5352941176470588,0.89561
FATHMMXF,0.9782608695652174,0.5294117647058824,0.89605
FATHMMXF,0.9781420765027322,0.5264705882352941,0.89664
FATHMMXF,0.978021978021978,0.5235294117647059,0.89967
FATHMMXF,0.9779005524861878,0.5205882352941177,0.90002
FATHMMXF,0.9777777777777777,0.5176470588235295,0.90016
FATHMMXF,0.9776536312849162,0.5147058823529411,0.90026
FATHMMXF,0.9775280898876404,0.5117647058823529,0.9025
FATHMMXF,0.9772727272727273,0.5058823529411764,0.90261
FATHMMXF,0.9771428571428571,0.5029411764705882,0.90295
FATHMMXF,0.9770114942528736,0.5,0.90434
FATHMMXF,0.976878612716763,0.4970588235294118,0.90443
FATHMMXF,0.9767441860465116,0.49411764705882355,0.90585
FATHMMXF,0.9766081871345029,0.49117647058823527,0.90657
FATHMMXF,0.9764705882352941,0.48823529411764705,0.9068
FATHMMXF,0.9763313609467456,0.4852941176470588,0.90777
FATHMMXF,0.9821428571428571,0.4852941176470588,0.90874
FATHMMXF,0.9820359281437125,0.4823529411764706,0.90881
FATHMMXF,0.9819277108433735,0.47941176470588237,0.90935
FATHMMXF,0.9818181818181818,0.4764705882352941,0.91062
FATHMMXF,0.9815950920245399,0.47058823529411764,0.91179
FATHMMXF,0.9814814814814815,0.4676470588235294,0.91201
FATHMMXF,0.9813664596273292,0.4647058823529412,0.91275
FATHMMXF,0.98125,0.46176470588235297,0.91335
FATHMMXF,0.9811320754716981,0.4588235294117647,0.91484
FATHMMXF,0.9810126582278481,0.45588235294117646,0.91532
FATHMMXF,0.9808917197452229,0.45294117647058824,0.91538
FATHMMXF,0.9807692307692307,0.45,0.91604
FATHMMXF,0.9806451612903225,0.4470588235294118,0.91648
FATHMMXF,0.9805194805194806,0.4441176470588235,0.91699
FATHMMXF,0.9802631578947368,0.43823529411764706,0.91746
FATHMMXF,0.9801324503311258,0.43529411764705883,0.91804
FATHMMXF,0.98,0.4323529411764706,0.91897
FATHMMXF,0.9798657718120806,0.4294117647058823,0.92021
FATHMMXF,0.9797297297297297,0.4264705882352941,0.92053
FATHMMXF,0.9795918367346939,0.4235294117647059,0.92093
FATHMMXF,0.9794520547945206,0.42058823529411765,0.92108
FATHMMXF,0.9793103448275862,0.4176470588235294,0.92166
FATHMMXF,0.9791666666666666,0.4147058823529412,0.92207
FATHMMXF,0.9790209790209791,0.4117647058823529,0.92268
FATHMMXF,0.9788732394366197,0.4088235294117647,0.92288
FATHMMXF,0.9787234042553191,0.40588235294117647,0.92295
FATHMMXF,0.9785714285714285,0.40294117647058825,0.92412
FATHMMXF,0.9782608695652174,0.39705882352941174,0.92438
FATHMMXF,0.9854014598540146,0.39705882352941174,0.92584
FATHMMXF,0.9852941176470589,0.3941176470588235,0.92589
FATHMMXF,0.9850746268656716,0.38823529411764707,0.92661
FATHMMXF,0.9849624060150376,0.38529411764705884,0.92714
FATHMMXF,0.9848484848484849,0.38235294117647056,0.92753
FATHMMXF,0.9847328244274809,0.37941176470588234,0.92864
FATHMMXF,0.9846153846153847,0.3764705882352941,0.92868
FATHMMXF,0.9844961240310077,0.3735294117647059,0.93117
FATHMMXF,0.984375,0.37058823529411766,0.93226
FATHMMXF,0.984251968503937,0.36764705882352944,0.93275
FATHMMXF,0.9841269841269841,0.36470588235294116,0.93297
FATHMMXF,0.984,0.36176470588235293,0.9352
FATHMMXF,0.9838709677419355,0.3588235294117647,0.9355
FATHMMXF,0.983739837398374,0.3558823529411765,0.93567
FATHMMXF,0.9836065573770492,0.35294117647058826,0.93618
FATHMMXF,0.9834710743801653,0.35,0.93677
FATHMMXF,0.9831932773109243,0.34411764705882353,0.93823
FATHMMXF,0.9830508474576272,0.3411764705882353,0.9399
FATHMMXF,0.9829059829059829,0.3382352941176471,0.94004
FATHMMXF,0.9826086956521739,0.3323529411764706,0.94011
FATHMMXF,0.9824561403508771,0.32941176470588235,0.94134
FATHMMXF,0.981651376146789,0.31470588235294117,0.94153
FATHMMXF,0.9814814814814815,0.31176470588235294,0.94334
FATHMMXF,0.9813084112149533,0.3088235294117647,0.94465
FATHMMXF,0.9811320754716981,0.3058823529411765,0.9451
FATHMMXF,0.9809523809523809,0.3029411764705882,0.94515
FATHMMXF,0.9807692307692307,0.3,0.94705
FATHMMXF,0.9902912621359223,0.3,0.94718
FATHMMXF,0.9900990099009901,0.29411764705882354,0.94777
FATHMMXF,0.98989898989899,0.28823529411764703,0.94792
FATHMMXF,0.9897959183673469,0.2852941176470588,0.94805
FATHMMXF,0.9896907216494846,0.2823529411764706,0.94819
FATHMMXF,0.9895833333333334,0.27941176470588236,0.94831
FATHMMXF,0.9894736842105263,0.27647058823529413,0.94838
FATHMMXF,0.989247311827957,0.27058823529411763,0.94891
FATHMMXF,0.9891304347826086,0.2676470588235294,0.94907
FATHMMXF,0.989010989010989,0.2647058823529412,0.94912
FATHMMXF,0.9888888888888889,0.26176470588235295,0.94957
FATHMMXF,0.9886363636363636,0.25588235294117645,0.9496
FATHMMXF,0.9885057471264368,0.2529411764705882,0.94964
FATHMMXF,0.9883720930232558,0.25,0.95013
FATHMMXF,0.9882352941176471,0.24705882352941178,0.95039
FATHMMXF,0.9880952380952381,0.24411764705882352,0.95102
FATHMMXF,0.9879518072289156,0.2411764705882353,0.95118
FATHMMXF,0.9878048780487805,0.23823529411764705,0.95127
FATHMMXF,0.9876543209876543,0.23529411764705882,0.95157
FATHMMXF,0.9875,0.2323529411764706,0.95169
FATHMMXF,0.9873417721518988,0.22941176470588234,0.95173
FATHMMXF,0.987012987012987,0.2235294117647059,0.95224
FATHMMXF,0.9868421052631579,0.22058823529411764,0.95233
FATHMMXF,0.9866666666666667,0.21764705882352942,0.9528
FATHMMXF,0.9864864864864865,0.21470588235294116,0.95291
FATHMMXF,0.9863013698630136,0.21176470588235294,0.95328
FATHMMXF,0.9859154929577465,0.20588235294117646,0.95537
FATHMMXF,0.9857142857142858,0.20294117647058824,0.95539
FATHMMXF,0.9852941176470589,0.19705882352941176,0.95541
FATHMMXF,0.9848484848484849,0.19117647058823528,0.95579
FATHMMXF,0.9846153846153847,0.18823529411764706,0.95648
FATHMMXF,0.984375,0.18529411764705883,0.95776
FATHMMXF,0.9841269841269841,0.18235294117647058,0.95864
FATHMMXF,0.9838709677419355,0.17941176470588235,0.95875
FATHMMXF,0.9836065573770492,0.17647058823529413,0.95891
FATHMMXF,0.9833333333333333,0.17352941176470588,0.95896
FATHMMXF,0.9830508474576272,0.17058823529411765,0.9592
FATHMMXF,0.9827586206896551,0.1676470588235294,0.95982
FATHMMXF,0.9824561403508771,0.16470588235294117,0.95996
FATHMMXF,0.9821428571428571,0.16176470588235295,0.96041
FATHMMXF,0.9814814814814815,0.15588235294117647,0.96072
FATHMMXF,0.9811320754716981,0.15294117647058825,0.96111
FATHMMXF,0.9807692307692307,0.15,0.96143
FATHMMXF,0.9803921568627451,0.14705882352941177,0.96318
FATHMMXF,0.98,0.14411764705882352,0.96322
FATHMMXF,0.9795918367346939,0.1411764705882353,0.96354
FATHMMXF,0.9791666666666666,0.13823529411764707,0.96448
FATHMMXF,0.9787234042553191,0.13529411764705881,0.96509
FATHMMXF,0.9782608695652174,0.1323529411764706,0.9659
FATHMMXF,0.9777777777777777,0.12941176470588237,0.96649
FATHMMXF,0.9772727272727273,0.1264705882352941,0.96716
FATHMMXF,0.9767441860465116,0.12352941176470589,0.96826
FATHMMXF,0.9761904761904762,0.12058823529411765,0.96857
FATHMMXF,0.975609756097561,0.11764705882352941,0.97038
FATHMMXF,0.975,0.11470588235294117,0.97055
FATHMMXF,0.9743589743589743,0.11176470588235295,0.97101
FATHMMXF,0.9736842105263158,0.10882352941176471,0.97266
FATHMMXF,0.972972972972973,0.10588235294117647,0.97284
FATHMMXF,0.9722222222222222,0.10294117647058823,0.97289
FATHMMXF,0.9714285714285714,0.1,0.97308
FATHMMXF,0.9705882352941176,0.09705882352941177,0.97433
FATHMMXF,0.9696969696969697,0.09411764705882353,0.97573
FATHMMXF,0.96875,0.09117647058823529,0.97598
FATHMMXF,0.967741935483871,0.08823529411764706,0.97693
FATHMMXF,0.9666666666666667,0.08529411764705883,0.97717
FATHMMXF,0.9655172413793104,0.08235294117647059,0.9773
FATHMMXF,1.0,0.08235294117647059,0.97792
FATHMMXF,1.0,0.07941176470588235,0.9786
FATHMMXF,1.0,0.07647058823529412,0.97861
FATHMMXF,1.0,0.07352941176470588,0.97911
FATHMMXF,1.0,0.07058823529411765,0.9795
FATHMMXF,1.0,0.06764705882352941,0.97984
FATHMMXF,1.0,0.06470588235294118,0.98084
FATHMMXF,1.0,0.061764705882352944,0.98483
FATHMMXF,1.0,0.058823529411764705,0.98705
FATHMMXF,1.0,0.05588235294117647,0.98712
FATHMMXF,1.0,0.052941176470588235,0.9877
FATHMMXF,1.0,0.05,0.9884
FATHMMXF,1.0,0.047058823529411764,0.98978
FATHMMXF,1.0,0.04411764705882353,0.98979
FATHMMXF,1.0,0.03823529411764706,0.99051
FATHMMXF,1.0,0.03529411764705882,0.99142
FATHMMXF,1.0,0.03235294117647059,0.9916
FATHMMXF,1.0,0.029411764705882353,0.99181
FATHMMXF,1.0,0.026470588235294117,0.99325
FATHMMXF,1.0,0.023529411764705882,0.99455
FATHMMXF,1.0,0.020588235294117647,0.99529
FATHMMXF,1.0,0.01764705882352941,0.99582
FATHMMXF,1.0,0.014705882352941176,0.99681
FATHMMXF,1.0,0.011764705882352941,0.99715
FATHMMXF,1.0,0.008823529411764706,0.99738
FATHMMXF,1.0,0.0058823529411764705,0.99746
FATHMMXF,1.0,0.0029411764705882353,0.99848
LISTS2,0.8542713567839196,1.0,0.10379
LISTS2,0.8564231738035264,1.0,0.16613
LISTS2,0.8585858585858586,1.0,0.17954
LISTS2,0.8607594936708861,1.0,0.19562
LISTS2,0.8629441624365483,1.0,0.19616
LISTS2,0.8651399491094147,1.0,0.22667
LISTS2,0.8673469387755102,1.0,0.23205
LISTS2,0.8670076726342711,0.9970588235294118,0.24744
LISTS2,0.8692307692307693,0.9970588235294118,0.25199
LISTS2,0.87146529562982,0.9970588235294118,0.26602
LISTS2,0.8737113402061856,0.9970588235294118,0.27553
LISTS2,0.875968992248062,0.9970588235294118,0.2856
LISTS2,0.8756476683937824,0.9941176470588236,0.29155
LISTS2,0.8779220779220779,0.9941176470588236,0.29886
LISTS2,0.8776041666666666,0.9911764705882353,0.31359
LISTS2,0.8798955613577023,0.9911764705882353,0.3309
LISTS2,0.8795811518324608,0.9882352941176471,0.34384
LISTS2,0.8818897637795275,0.9882352941176471,0.36593
LISTS2,0.881578947368421,0.9852941176470589,0.3668
LISTS2,0.8812664907651715,0.9823529411764705,0.36985
LISTS2,0.8809523809523809,0.9794117647058823,0.37244
LISTS2,0.883289124668435,0.9794117647058823,0.37334
LISTS2,0.8856382978723404,0.9794117647058823,0.3774
LISTS2,0.8853333333333333,0.9764705882352941,0.40079
LISTS2,0.8877005347593583,0.9764705882352941,0.40494
LISTS2,0.8873994638069705,0.9735294117647059,0.41134
LISTS2,0.8897849462365591,0.9735294117647059,0.41965
LISTS2,0.889487870619946,0.9705882352941176,0.4474
LISTS2,0.8918918918918919,0.9705882352941176,0.45013
LISTS2,0.8915989159891599,0.9676470588235294,0.45348
LISTS2,0.8913043478260869,0.9647058823529412,0.46528
LISTS2,0.8910081743869209,0.961764705882353,0.47404
LISTS2,0.8934426229508197,0.961764705882353,0.48225
LISTS2,0.8958904109589041,0.961764705882353,0.487
LISTS2,0.8953168044077136,0.9558823529411765,0.50058
LISTS2,0.8950276243093923,0.9529411764705882,0.50977
LISTS2,0.8975069252077562,0.9529411764705882,0.51745
LISTS2,0.9,0.9529411764705882,0.5219
LISTS2,0.9025069637883009,0.9529411764705882,0.52242
LISTS2,0.9050279329608939,0.9529411764705882,0.52535
LISTS2,0.9047619047619048,0.95,0.52732
LISTS2,0.9044943820224719,0.9470588235294117,0.5331
LISTS2,0.9042253521126761,0.9441176470588235,0.53361
LISTS2,0.9067796610169492,0.9441176470588235,0.53558
LISTS2,0.9065155807365439,0.9411764705882353,0.53609
LISTS2,0.90625,0.9382352941176471,0.53957
LISTS2,0.905982905982906,0.9352941176470588,0.54356
LISTS2,0.9085714285714286,0.9352941176470588,0.55349
LISTS2,0.9083094555873925,0.9323529411764706,0.5569
LISTS2,0.9080459770114943,0.9294117647058824,0.56425
LISTS2,0.9077809798270894,0.9264705882352942,0.57743
LISTS2,0.9075144508670521,0.9235294117647059,0.582
LISTS2,0.9098837209302325,0.9205882352941176,0.58802
LISTS2,0.9096209912536443,0.9176470588235294,0.59719
LISTS2,0.9093567251461988,0.9147058823529411,0.6011
LISTS2,0.9090909090909091,0.9117647058823529,0.6021
LISTS2,0.9088235294117647,0.9088235294117647,0.60652
LISTS2,0.9085545722713865,0.9058823529411765,0.61433
LISTS2,0.908284023668639,0.9029411764705882,0.61825
LISTS2,0.9080118694362018,0.9,0.62072
LISTS2,0.9107142857142857,0.9,0.62487
LISTS2,0.9104477611940298,0.8970588235294118,0.63072
LISTS2,0.9129129129129129,0.8941176470588236,0.63484
LISTS2,0.9126506024096386,0.8911764705882353,0.63781
LISTS2,0.9123867069486404,0.888235294117647,0.64025
LISTS2,0.9121212121212121,0.8852941176470588,0.64449
LISTS2,0.9118541033434651,0.8823529411764706,0.64967
LISTS2,0.9146341463414634,0.8823529411764706,0.65536
LISTS2,0.9174311926605505,0.8823529411764706,0.66189
LISTS2,0.9202453987730062,0.8823529411764706,0.664
LISTS2,0.92,0.8794117647058823,0.66787
LISTS2,0.9228395061728395,0.8794117647058823,0.66836
LISTS2,0.9226006191950464,0.8764705882352941,0.67236
LISTS2,0.9252336448598131,0.8735294117647059,0.67429
LISTS2,0.925,0.8705882352941177,0.67473
LISTS2,0.9278996865203761,0.8705882352941177,0.68405
LISTS2,0.9276729559748428,0.8676470588235294,0.68733
LISTS2,0.9305993690851735,0.8676470588235294,0.68877
LISTS2,0.930379746835443,0.8647058823529412,0.69028
LISTS2,0.9299363057324841,0.8588235294117647,0.69271
LISTS2,0.9297124600638977,0.8558823529411764,0.69649
LISTS2,0.9290322580645162,0.8470588235294118,0.69935
LISTS2,0.9288025889967637,0.8441176470588235,0.7053
LISTS2,0.9285714285714286,0.8411764705882353,0.70644
LISTS2,0.9283387622149837,0.8382352941176471,0.70775
LISTS2,0.9281045751633987,0.8352941176470589,0.70822
LISTS2,0.9278688524590164,0.8323529411764706,0.71513
LISTS2,0.9276315789473685,0.8294117647058824,0.71602
LISTS2,0.9273927392739274,0.8264705882352941,0.71743
LISTS2,0.9271523178807947,0.8235294117647058,0.71789
LISTS2,0.9269102990033222,0.8205882352941176,0.72925
LISTS2,0.9266666666666666,0.8176470588235294,0.73289
LISTS2,0.9264214046822743,0.8147058823529412,0.74307
LISTS2,0.9259259259259259,0.8088235294117647,0.74497
LISTS2,0.9256756756756757,0.8058823529411765,0.74547
LISTS2,0.9254237288135593,0.8029411764705883,0.74982
LISTS2,0.9251700680272109,0.8,0.75636
LISTS2,0.9249146757679181,0.7970588235294118,0.75824
LISTS2,0.9246575342465754,0.7941176470588235,0.767
LISTS2,0.9243986254295533,0.7911764705882353,0.76973
LISTS2,0.9241379310344827,0.788235294117647,0.77035
LISTS2,0.9238754325259516,0.7852941176470588,0.77143
LISTS2,0.9236111111111112,0.7823529411764706,0.78557
LISTS2,0.9233449477351916,0.7794117647058824,0.78769
LISTS2,0.9230769230769231,0.7764705882352941,0.79452
LISTS2,0.9228070175438596,0.7735294117647059,0.79704
LISTS2,0.9225352112676056,0.7705882352941177,0.80099
LISTS2,0.9222614840989399,0.7676470588235295,0.80632
LISTS2,0.9219858156028369,0.7647058823529411,0.8117
LISTS2,0.9217081850533808,0.7617647058823529,0.8132
LISTS2,0.9214285714285714,0.7588235294117647,0.8138
LISTS2,0.921146953405018,0.7558823529411764,0.81627
LISTS2,0.9244604316546763,0.7558823529411764,0.818
LISTS2,0.924187725631769,0.7529411764705882,0.81906
LISTS2,0.9239130434782609,0.75,0.82006
LISTS2,0.9236363636363636,0.7470588235294118,0.82082
LISTS2,0.9230769230769231,0.7411764705882353,0.82606
LISTS2,0.9264705882352942,0.7411764705882353,0.82884
LISTS2,0.9261992619926199,0.7382352941176471,0.82923
LISTS2,0.9259259259259259,0.7352941176470589,0.83452
LISTS2,0.9256505576208178,0.7323529411764705,0.83506
LISTS2,0.9291044776119403,0.7323529411764705,0.83895
LISTS2,0.9285714285714286,0.7264705882352941,0.8429
LISTS2,0.9320754716981132,0.7264705882352941,0.84414
LISTS2,0.9356060606060606,0.7264705882352941,0.84469
LISTS2,0.935361216730038,0.7235294117647059,0.84965
LISTS2,0.9348659003831418,0.7176470588235294,0.85259
LISTS2,0.9384615384615385,0.7176470588235294,0.85366
LISTS2,0.9382239382239382,0.7147058823529412,0.85467
LISTS2,0.937984496124031,0.711764705882353,0.85777
LISTS2,0.9377431906614786,0.7088235294117647,0.85963
LISTS2,0.9450980392156862,0.7088235294117647,0.86096
LISTS2,0.9448818897637795,0.7058823529411765,0.86177
LISTS2,0.9444444444444444,0.7,0.86505
LISTS2,0.9482071713147411,0.7,0.8665
LISTS2,0.948,0.6970588235294117,0.86719
LISTS2,0.9477911646586346,0.6941176470588235,0.86754
LISTS2,0.9475806451612904,0.6911764705882353,0.87121
LISTS2,0.9473684210526315,0.6882352941176471,0.87543
LISTS2,0.9471544715447154,0.6852941176470588,0.8771
LISTS2,0.9469387755102041,0.6823529411764706,0.88512
LISTS2,0.9467213114754098,0.6794117647058824,0.88541
LISTS2,0.9465020576131687,0.6764705882352942,0.88587
LISTS2,0.9462809917355371,0.6735294117647059,0.88661
LISTS2,0.946058091286307,0.6705882352941176,0.88827
LISTS2,0.9458333333333333,0.6676470588235294,0.89087
LISTS2,0.9497907949790795,0.6676470588235294,0.8932
LISTS2,0.9495798319327731,0.6647058823529411,0.89364
LISTS2,0.9493670886075949,0.6617647058823529,0.89392
LISTS2,0.9491525423728814,0.6588235294117647,0.89691
LISTS2,0.948936170212766,0.6558823529411765,0.89743
LISTS2,0.9527896995708155,0.6529411764705882,0.89928
LISTS2,0.9525862068965517,0.65,0.89967
LISTS2,0.9523809523809523,0.6470588235294118,0.90004
LISTS2,0.9521739130434783,0.6441176470588236,0.90191
LISTS2,0.9519650655021834,0.6411764705882353,0.90392
LISTS2,0.9515418502202643,0.6352941176470588,0.90637
LISTS2,0.9511111111111111,0.6294117647058823,0.90786
LISTS2,0.9508928571428571,0.6264705882352941,0.91151
LISTS2,0.9506726457399103,0.6235294117647059,0.91215
LISTS2,0.9502262443438914,0.6176470588235294,0.91391
LISTS2,0.95,0.6147058823529412,0.91721
LISTS2,0.9495412844036697,0.6088235294117647,0.91928
LISTS2,0.9493087557603687,0.6058823529411764,0.91985
LISTS2,0.9490740740740741,0.6029411764705882,0.92032
LISTS2,0.9488372093023256,0.6,0.92054
LISTS2,0.9485981308411215,0.5970588235294118,0.9212
LISTS2,0.9481132075471698,0.5911764705882353,0.923
LISTS2,0.9478672985781991,0.5882352941176471,0.92531
LISTS2,0.9521531100478469,0.5852941176470589,0.92613
LISTS2,0.9519230769230769,0.5823529411764706,0.92661
LISTS2,0.9516908212560387,0.5794117647058824,0.9272
LISTS2,0.9560975609756097,0.5764705882352941,0.92805
LISTS2,0.9556650246305419,0.5705882352941176,0.92893
LISTS2,0.9554455445544554,0.5676470588235294,0.92945
LISTS2,0.9552238805970149,0.5647058823529412,0.93161
LISTS2,0.96,0.5647058823529412,0.9324
LISTS2,0.9597989949748744,0.5617647058823529,0.9327
LISTS2,0.9642857142857143,0.5558823529411765,0.93437
LISTS2,0.9641025641025641,0.5529411764705883,0.93454
LISTS2,0.9639175257731959,0.55,0.93527
LISTS2,0.9637305699481865,0.5470588235294118,0.93698
LISTS2,0.9633507853403142,0.5411764705882353,0.93728
LISTS2,0.9629629629629629,0.5352941176470588,0.93863
LISTS2,0.9625668449197861,0.5294117647058824,0.93952
LISTS2,0.9623655913978495,0.5264705882352941,0.94072
LISTS2,0.967391304347826,0.5235294117647059,0.9411
LISTS2,0.9672131147540983,0.5205882352941177,0.94147
LISTS2,0.9725274725274725,0.5205882352941177,0.94194
LISTS2,0.9723756906077348,0.5176470588235295,0.94357
LISTS2,0.9777777777777777,0.5176470588235295,0.94417
LISTS2,0.9776536312849162,0.5147058823529411,0.94524
LISTS2,0.9775280898876404,0.5117647058823529,0.9474
LISTS2,0.9774011299435028,0.5088235294117647,0.94767
LISTS2,0.9772727272727273,0.5058823529411764,0.94837
LISTS2,0.9828571428571429,0.5058823529411764,0.94885
LISTS2,0.9826589595375722,0.5,0.94955
LISTS2,0.9825581395348837,0.4970588235294118,0.95039
LISTS2,0.9824561403508771,0.49411764705882355,0.95062
LISTS2,0.9822485207100592,0.48823529411764705,0.95122
LISTS2,0.9821428571428571,0.4852941176470588,0.95212
LISTS2,0.9820359281437125,0.4823529411764706,0.95263
LISTS2,0.9819277108433735,0.47941176470588237,0.95295
LISTS2,0.9818181818181818,0.4764705882352941,0.95313
LISTS2,0.9817073170731707,0.47352941176470587,0.95367
LISTS2,0.9815950920245399,0.47058823529411764,0.95531
LISTS2,0.9814814814814815,0.4676470588235294,0.95555
LISTS2,0.9813664596273292,0.4647058823529412,0.95607
LISTS2,0.9810126582278481,0.45588235294117646,0.9562
LISTS2,0.9808917197452229,0.45294117647058824,0.95649
LISTS2,0.9807692307692307,0.45,0.95681
LISTS2,0.9806451612903225,0.4470588235294118,0.95789
LISTS2,0.9803921568627451,0.4411764705882353,0.95812
LISTS2,0.9802631578947368,0.43823529411764706,0.95832
LISTS2,0.98,0.4323529411764706,0.95854
LISTS2,0.9865771812080537,0.4323529411764706,0.95872
LISTS2,0.9863945578231292,0.4264705882352941,0.95926
LISTS2,0.9863013698630136,0.4235294117647059,0.95945
LISTS2,0.9862068965517241,0.42058823529411765,0.96045
LISTS2,0.986013986013986,0.4147058823529412,0.96097
LISTS2,0.9859154929577465,0.4117647058823529,0.96109
LISTS2,0.9929078014184397,0.4117647058823529,0.96133
LISTS2,0.9928571428571429,0.4088235294117647,0.96149
LISTS2,0.9928057553956835,0.40588235294117647,0.96172
LISTS2,0.9927536231884058,0.40294117647058825,0.96218
LISTS2,0.9927007299270073,0.4,0.96258
LISTS2,0.9926470588235294,0.39705882352941174,0.96387
LISTS2,0.9925373134328358,0.3911764705882353,0.96442
LISTS2,0.9924812030075187,0.38823529411764707,0.96493
LISTS2,0.9924242424242424,0.38529411764705884,0.9658
LISTS2,0.9923664122137404,0.38235294117647056,0.96594
LISTS2,0.9923076923076923,0.37941176470588234,0.96643
LISTS2,0.9922480620155039,0.3764705882352941,0.96652
LISTS2,0.9921875,0.3735294117647059,0.96666
LISTS2,0.9920634920634921,0.36764705882352944,0.96714
LISTS2,0.992,0.36470588235294116,0.96764
LISTS2,0.9919354838709677,0.36176470588235293,0.96792
LISTS2,0.991869918699187,0.3588235294117647,0.96954
LISTS2,0.9918032786885246,0.3558823529411765,0.96969
LISTS2,0.9917355371900827,0.35294117647058826,0.96996
LISTS2,0.9916666666666667,0.35,0.97033
LISTS2,0.9915966386554622,0.34705882352941175,0.97148
LISTS2,0.9914529914529915,0.3411764705882353,0.97217
LISTS2,0.9913793103448276,0.3382352941176471,0.97241
LISTS2,0.991304347826087,0.3352941176470588,0.97262
LISTS2,0.9912280701754386,0.3323529411764706,0.97292
LISTS2,0.990990990990991,0.3235294117647059,0.97304
LISTS2,0.9907407407407407,0.31470588235294117,0.97334
LISTS2,0.9906542056074766,0.31176470588235294,0.97353
LISTS2,0.9905660377358491,0.3088235294117647,0.97487
LISTS2,0.9904761904761905,0.3058823529411765,0.97513
LISTS2,0.9903846153846154,0.3029411764705882,0.97526
LISTS2,0.9902912621359223,0.3,0.97532
LISTS2,0.9901960784313726,0.29705882352941176,0.97589
LISTS2,0.9900990099009901,0.29411764705882354,0.97606
LISTS2,0.99,0.2911764705882353,0.97638
LISTS2,0.98989898989899,0.28823529411764703,0.97649
LISTS2,0.9897959183673469,0.2852941176470588,0.97825
LISTS2,0.9896907216494846,0.2823529411764706,0.97839
LISTS2,0.9895833333333334,0.27941176470588236,0.97908
LISTS2,0.9894736842105263,0.27647058823529413,0.97922
LISTS2,0.9893617021276596,0.2735294117647059,0.97929
LISTS2,0.9891304347826086,0.2676470588235294,0.97935
LISTS2,0.989010989010989,0.2647058823529412,0.97955
LISTS2,0.9888888888888889,0.26176470588235295,0.97986
LISTS2,0.9886363636363636,0.25588235294117645,0.98
LISTS2,0.9885057471264368,0.2529411764705882,0.98048
LISTS2,0.9883720930232558,0.25,0.98052
LISTS2,0.9882352941176471,0.24705882352941178,0.98073
LISTS2,0.9880952380952381,0.24411764705882352,0.98125
LISTS2,0.9879518072289156,0.2411764705882353,0.98217
LISTS2,0.9878048780487805,0.23823529411764705,0.98226
LISTS2,0.9876543209876543,0.23529411764705882,0.98251
LISTS2,0.9875,0.2323529411764706,0.98275
LISTS2,0.9873417721518988,0.22941176470588234,0.98306
LISTS2,0.987012987012987,0.2235294117647059,0.98313
LISTS2,0.9868421052631579,0.22058823529411764,0.98341
LISTS2,0.9866666666666667,0.21764705882352942,0.98353
LISTS2,0.9863013698630136,0.21176470588235294,0.98365
LISTS2,0.9859154929577465,0.20588235294117646,0.98407
LISTS2,0.9857142857142858,0.20294117647058824,0.98416
LISTS2,0.9855072463768116,0.2,0.98428
LISTS2,0.9850746268656716,0.19411764705882353,0.98487
LISTS2,1.0,0.19411764705882353,0.98542
LISTS2,1.0,0.19117647058823528,0.98571
LISTS2,1.0,0.18823529411764706,0.98584
LISTS2,1.0,0.18529411764705883,0.98625
LISTS2,1.0,0.18235294117647058,0.98636
LISTS2,1.0,0.17647058823529413,0.98664
LISTS2,1.0,0.17352941176470588,0.98669
LISTS2,1.0,0.17058823529411765,0.98673
LISTS2,1.0,0.1676470588235294,0.98716
LISTS2,1.0,0.16470588235294117,0.98726
LISTS2,1.0,0.16176470588235295,0.98742
LISTS2,1.0,0.1588235294117647,0.9878
LISTS2,1.0,0.15588235294117647,0.98819
LISTS2,1.0,0.14705882352941177,0.98847
LISTS2,1.0,0.14411764705882352,0.98878
LISTS2,1.0,0.1411764705882353,0.98917
LISTS2,1.0,0.13529411764705881,0.98934
LISTS2,1.0,0.1323529411764706,0.9895
LISTS2,1.0,0.12941176470588237,0.98959
LISTS2,1.0,0.1264705882352941,0.98967
LISTS2,1.0,0.12058823529411765,0.98978
LISTS2,1.0,0.11764705882352941,0.98985
LISTS2,1.0,0.11470588235294117,0.99033
LISTS2,1.0,0.11176470588235295,0.99111
LISTS2,1.0,0.10588235294117647,0.99138
LISTS2,1.0,0.10294117647058823,0.99237
LISTS2,1.0,0.09705882352941177,0.99346
LISTS2,1.0,0.09411764705882353,0.99392
LISTS2,1.0,0.09117647058823529,0.9949
LISTS2,1.0,0.08823529411764706,0.99512
LISTS2,1.0,0.08529411764705883,0.99536
LISTS2,1.0,0.07647058823529412,0.99559
LISTS2,1.0,0.06764705882352941,0.99595
LISTS2,1.0,0.06470588235294118,0.9962
LISTS2,1.0,0.058823529411764705,0.99648
LISTS2,1.0,0.04411764705882353,0.99659
LISTS2,1.0,0.041176470588235294,0.99661
LISTS2,1.0,0.03823529411764706,0.99678
LISTS2,1.0,0.03529411764705882,0.99701
LISTS2,1.0,0.03235294117647059,0.99713
LISTS2,1.0,0.026470588235294117,0.99765
LISTS2,1.0,0.020588235294117647,0.99805
LISTS2,1.0,0.01764705882352941,0.99842
LISTS2,1.0,0.011764705882352941,0.99864
LISTS2,1.0,0.008823529411764706,0.99885
LISTS2,1.0,0.0058823529411764705,0.99898
LISTS2,1.0,0.0029411764705882353,0.99926
MCAP,0.8542713567839196,1.0,0.05092
MCAP,0.8564231738035264,1.0,0.08198
MCAP,0.8585858585858586,1.0,0.15813
MCAP,0.8607594936708861,1.0,0.18045
MCAP,0.8629441624365483,1.0,0.18897
MCAP,0.8651399491094147,1.0,0.19652
MCAP,0.8673469387755102,1.0,0.21856
MCAP,0.8670076726342711,0.9970588235294118,0.23833
MCAP,0.8692307692307693,0.9970588235294118,0.26989
MCAP,0.87146529562982,0.9970588235294118,0.30542
MCAP,0.8737113402061856,0.9970588235294118,0.31755
MCAP,0.875968992248062,0.9970588235294118,0.34151
MCAP,0.8782383419689119,0.9970588235294118,0.35889
MCAP,0.8805194805194805,0.9970588235294118,0.36327
MCAP,0.8828125,0.9970588235294118,0.37075
MCAP,0.8825065274151436,0.9941176470588236,0.38952
MCAP,0.8821989528795812,0.9911764705882353,0.42697
MCAP,0.884514435695538,0.9911764705882353,0.42806
MCAP,0.8868421052631579,0.9911764705882353,0.44742
MCAP,0.8865435356200527,0.9882352941176471,0.46654
MCAP,0.8862433862433863,0.9852941176470589,0.49455
MCAP,0.8859416445623343,0.9823529411764705,0.49464
MCAP,0.8882978723404256,0.9823529411764705,0.52631
MCAP,0.8906666666666667,0.9823529411764705,0.53957
MCAP,0.893048128342246,0.9823529411764705,0.55014
MCAP,0.8954423592493298,0.9823529411764705,0.55036
MCAP,0.8978494623655914,0.9823529411764705,0.5633
MCAP,0.9002695417789758,0.9823529411764705,0.56493
MCAP,0.9,0.9794117647058823,0.57238
MCAP,0.9024390243902439,0.9794117647058823,0.61781
MCAP,0.9021739130434783,0.9764705882352941,0.62066
MCAP,0.9019073569482289,0.9735294117647059,0.62427
MCAP,0.9016393442622951,0.9705882352941176,0.63332
MCAP,0.9013698630136986,0.9676470588235294,0.63363
MCAP,0.9010989010989011,0.9647058823529412,0.63596
MCAP,0.9008264462809917,0.961764705882353,0.63801
MCAP,0.9005524861878453,0.9588235294117647,0.63823
MCAP,0.9002770083102493,0.9558823529411765,0.65156
MCAP,0.9,0.9529411764705882,0.65935
MCAP,0.8997214484679665,0.95,0.66925
MCAP,0.8994413407821229,0.9470588235294117,0.67846
MCAP,0.9019607843137255,0.9470588235294117,0.6855
MCAP,0.901685393258427,0.9441176470588235,0.69321
MCAP,0.9014084507042254,0.9411764705882353,0.69342
MCAP,0.903954802259887,0.9411764705882353,0.6942
MCAP,0.9036827195467422,0.9382352941176471,0.706
MCAP,0.9034090909090909,0.9352941176470588,0.71467
MCAP,0.9031339031339032,0.9323529411764706,0.72428
MCAP,0.9028571428571428,0.9294117647058824,0.72488
MCAP,0.9054441260744985,0.9294117647058824,0.72507
MCAP,0.9080459770114943,0.9294117647058824,0.72604
MCAP,0.9077809798270894,0.9264705882352942,0.73487
MCAP,0.9075144508670521,0.9235294117647059,0.7377
MCAP,0.9101449275362319,0.9235294117647059,0.738
MCAP,0.9098837209302325,0.9205882352941176,0.74731
MCAP,0.9096209912536443,0.9176470588235294,0.75302
MCAP,0.9093567251461988,0.9147058823529411,0.75311
MCAP,0.9120234604105572,0.9147058823529411,0.76433
MCAP,0.9117647058823529,0.9117647058823529,0.76947
MCAP,0.911504424778761,0.9088235294117647,0.7705
MCAP,0.9142011834319527,0.9088235294117647,0.77063
MCAP,0.913946587537092,0.9058823529411765,0.77165
MCAP,0.9136904761904762,0.9029411764705882,0.77974
MCAP,0.9134328358208955,0.9,0.78111
MCAP,0.9131736526946108,0.8970588235294118,0.78127
MCAP,0.9129129129129129,0.8941176470588236,0.78141
MCAP,0.9126506024096386,0.8911764705882353,0.7885
MCAP,0.9123867069486404,0.888235294117647,0.79584
MCAP,0.9121212121212121,0.8852941176470588,0.79634
MCAP,0.9148936170212766,0.8852941176470588,0.79873
MCAP,0.9146341463414634,0.8823529411764706,0.79966
MCAP,0.9143730886850153,0.8794117647058823,0.80192
MCAP,0.9141104294478528,0.8764705882352941,0.8024
MCAP,0.916923076923077,0.8764705882352941,0.80478
MCAP,0.9166666666666666,0.8735294117647059,0.80495
MCAP,0.9195046439628483,0.8735294117647059,0.80749
MCAP,0.9192546583850931,0.8705882352941177,0.80811
MCAP,0.9190031152647975,0.8676470588235294,0.81497
MCAP,0.91875,0.8647058823529412,0.81575
MCAP,0.9216300940438872,0.8647058823529412,0.82623
MCAP,0.9213836477987422,0.861764705882353,0.83004
MCAP,0.9211356466876972,0.8588235294117647,0.8301
MCAP,0.9208860759493671,0.8558823529411764,0.83135
MCAP,0.9206349206349206,0.8529411764705882,0.83554
MCAP,0.9203821656050956,0.85,0.83925
MCAP,0.9233226837060703,0.85,0.8453
MCAP,0.9230769230769231,0.8470588235294118,0.84877
MCAP,0.9228295819935691,0.8441176470588235,0.85212
MCAP,0.9258064516129032,0.8441176470588235,0.85345
MCAP,0.9255663430420712,0.8411764705882353,0.85443
MCAP,0.9253246753246753,0.8382352941176471,0.8567
MCAP,0.9250814332247557,0.8352941176470589,0.85702
MCAP,0.9248366013071896,0.8323529411764706,0.86052
MCAP,0.9245901639344263,0.8294117647058824,0.8624
MCAP,0.9243421052631579,0.8264705882352941,0.86512
MCAP,0.9240924092409241,0.8235294117647058,0.86579
MCAP,0.9238410596026491,0.8205882352941176,0.86701
MCAP,0.9235880398671097,0.8176470588235294,0.86923
MCAP,0.9233333333333333,0.8147058823529412,0.87202
MCAP,0.9230769230769231,0.8117647058823529,0.87644
MCAP,0.9261744966442953,0.8117647058823529,0.87895
MCAP,0.9292929292929293,0.8117647058823529,0.87902
MCAP,0.9290540540540541,0.8088235294117647,0.88096
MCAP,0.9288135593220339,0.8058823529411765,0.88278
MCAP,0.9319727891156463,0.8058823529411765,0.88817
MCAP,0.931740614334471,0.8029411764705883,0.88872
MCAP,0.9315068493150684,0.8,0.89135
MCAP,0.9312714776632303,0.7970588235294118,0.89472
MCAP,0.9344827586206896,0.7970588235294118,0.89988
MCAP,0.9342560553633218,0.7941176470588235,0.90177
MCAP,0.9340277777777778,0.7911764705882353,0.90486
MCAP,0.9337979094076655,0.788235294117647,0.90626
MCAP,0.9335664335664335,0.7852941176470588,0.90811
MCAP,0.9368421052631579,0.7852941176470588,0.90939
MCAP,0.9366197183098591,0.7823529411764706,0.91122
MCAP,0.9363957597173145,0.7794117647058824,0.91451
MCAP,0.9361702127659575,0.7764705882352941,0.91529
MCAP,0.9395017793594306,0.7764705882352941,0.91646
MCAP,0.9392857142857143,0.7735294117647059,0.9177
MCAP,0.9390681003584229,0.7705882352941177,0.91825
MCAP,0.9388489208633094,0.7676470588235295,0.91959
MCAP,0.9386281588447654,0.7647058823529411,0.92029
MCAP,0.9420289855072463,0.7647058823529411,0.92094
MCAP,0.9418181818181818,0.7617647058823529,0.9222
MCAP,0.9416058394160584,0.7588235294117647,0.92338
MCAP,0.9413919413919414,0.7558823529411764,0.92416
MCAP,0.9411764705882353,0.7529411764705882,0.92445
MCAP,0.940959409594096,0.75,0.92577
MCAP,0.9407407407407408,0.7470588235294118,0.92668
MCAP,0.9405204460966543,0.7441176470588236,0.92719
MCAP,0.9440298507462687,0.7441176470588236,0.92947
MCAP,0.9438202247191011,0.7411764705882353,0.93022
MCAP,0.943609022556391,0.7382352941176471,0.93205
MCAP,0.9471698113207547,0.7382352941176471,0.93209
MCAP,0.946969696969697,0.7352941176470589,0.93226
MCAP,0.9467680608365019,0.7323529411764705,0.93227
MCAP,0.9465648854961832,0.7294117647058823,0.93245
MCAP,0.946360153256705,0.7264705882352941,0.93353
MCAP,0.95,0.7264705882352941,0.9346
MCAP,0.9498069498069498,0.7235294117647059,0.93467
MCAP,0.9496124031007752,0.7205882352941176,0.93675
MCAP,0.9494163424124513,0.7176470588235294,0.93921
MCAP,0.94921875,0.7147058823529412,0.93944
MCAP,0.9490196078431372,0.711764705882353,0.93951
MCAP,0.9488188976377953,0.7088235294117647,0.94082
MCAP,0.9484126984126984,0.7029411764705882,0.94095
MCAP,0.9482071713147411,0.7,0.94158
MCAP,0.948,0.6970588235294117,0.9417
MCAP,0.9477911646586346,0.6941176470588235,0.94188
MCAP,0.9475806451612904,0.6911764705882353,0.94242
MCAP,0.9473684210526315,0.6882352941176471,0.94275
MCAP,0.9471544715447154,0.6852941176470588,0.94359
MCAP,0.9469387755102041,0.6823529411764706,0.94512
MCAP,0.9467213114754098,0.6794117647058824,0.94723
MCAP,0.9465020576131687,0.6764705882352942,0.94738
MCAP,0.9462809917355371,0.6735294117647059,0.9483
MCAP,0.946058091286307,0.6705882352941176,0.94865
MCAP,0.9458333333333333,0.6676470588235294,0.94982
MCAP,0.9456066945606695,0.6647058823529411,0.95097
MCAP,0.9453781512605042,0.6617647058823529,0.95134
MCAP,0.9493670886075949,0.6617647058823529,0.95154
MCAP,0.9491525423728814,0.6588235294117647,0.95162
MCAP,0.9531914893617022,0.6588235294117647,0.95279
MCAP,0.9529914529914529,0.6558823529411765,0.95281
MCAP,0.9527896995708155,0.6529411764705882,0.95286
MCAP,0.9525862068965517,0.65,0.95293
MCAP,0.9523809523809523,0.6470588235294118,0.95329
MCAP,0.9565217391304348,0.6470588235294118,0.95559
MCAP,0.9606986899563319,0.6470588235294118,0.95624
MCAP,0.9649122807017544,0.6470588235294118,0.9568
MCAP,0.9647577092511013,0.6441176470588236,0.95707
MCAP,0.9646017699115044,0.6411764705882353,0.95756
MCAP,0.9644444444444444,0.638235294117647,0.95916
MCAP,0.96875,0.638235294117647,0.95977
MCAP,0.968609865470852,0.6352941176470588,0.9607
MCAP,0.9684684684684685,0.6323529411764706,0.96072
MCAP,0.9683257918552036,0.6294117647058823,0.96114
MCAP,0.9681818181818181,0.6264705882352941,0.96135
MCAP,0.9680365296803652,0.6235294117647059,0.96148
MCAP,0.9724770642201835,0.6235294117647059,0.96172
MCAP,0.9723502304147466,0.6205882352941177,0.96184
MCAP,0.9722222222222222,0.6176470588235294,0.96199
MCAP,0.9720930232558139,0.6147058823529412,0.96213
MCAP,0.9719626168224299,0.611764705882353,0.96263
MCAP,0.971830985915493,0.6088235294117647,0.96301
MCAP,0.9716981132075472,0.6058823529411764,0.96304
MCAP,0.9715639810426541,0.6029411764705882,0.9638
MCAP,0.9714285714285714,0.6,0.96406
MCAP,0.9712918660287081,0.5970588235294118,0.96422
MCAP,0.9711538461538461,0.5941176470588235,0.96429
MCAP,0.9710144927536232,0.5911764705882353,0.96568
MCAP,0.970873786407767,0.5882352941176471,0.96577
MCAP,0.9707317073170731,0.5852941176470589,0.96639
MCAP,0.9705882352941176,0.5823529411764706,0.9664
MCAP,0.9704433497536946,0.5794117647058824,0.96654
MCAP,0.9702970297029703,0.5764705882352941,0.96701
MCAP,0.9701492537313433,0.5735294117647058,0.96851
MCAP,0.97,0.5705882352941176,0.9697
MCAP,0.9698492462311558,0.5676470588235294,0.97075
MCAP,0.9747474747474747,0.5676470588235294,0.97118
MCAP,0.9746192893401016,0.5647058823529412,0.97134
MCAP,0.9744897959183674,0.5617647058823529,0.97136
MCAP,0.9743589743589743,0.5588235294117647,0.97166
MCAP,0.9742268041237113,0.5558823529411765,0.97169
MCAP,0.9740932642487047,0.5529411764705883,0.97284
MCAP,0.9739583333333334,0.55,0.97297
MCAP,0.9738219895287958,0.5470588235294118,0.9736
MCAP,0.9789473684210527,0.5470588235294118,0.97367
MCAP,0.9788359788359788,0.5441176470588235,0.97368
MCAP,0.9787234042553191,0.5411764705882353,0.9738
MCAP,0.9786096256684492,0.538235294117647,0.9743
MCAP,0.978494623655914,0.5352941176470588,0.97462
MCAP,0.9783783783783784,0.5323529411764706,0.97521
MCAP,0.9782608695652174,0.5294117647058824,0.97528
MCAP,0.9781420765027322,0.5264705882352941,0.9754
MCAP,0.9835164835164835,0.5264705882352941,0.976
MCAP,0.9834254143646409,0.5235294117647059,0.97653
MCAP,0.9833333333333333,0.5205882352941177,0.97657
MCAP,0.9832402234636871,0.5176470588235295,0.97666
MCAP,0.9831460674157303,0.5147058823529411,0.9769
MCAP,0.9830508474576272,0.5117647058823529,0.97722
MCAP,0.9829545454545454,0.5088235294117647,0.97758
MCAP,0.9828571428571429,0.5058823529411764,0.97764
MCAP,0.9827586206896551,0.5029411764705882,0.97766
MCAP,0.9826589595375722,0.5,0.9777
MCAP,0.9825581395348837,0.4970588235294118,0.97805
MCAP,0.9824561403508771,0.49411764705882355,0.97845
MCAP,0.9823529411764705,0.49117647058823527,0.97865
MCAP,0.9822485207100592,0.48823529411764705,0.97875
MCAP,0.9821428571428571,0.4852941176470588,0.97877
MCAP,0.9820359281437125,0.4823529411764706,0.97885
MCAP,0.9819277108433735,0.47941176470588237,0.97888
MCAP,0.9818181818181818,0.4764705882352941,0.97908
MCAP,0.9817073170731707,0.47352941176470587,0.9795
MCAP,0.9815950920245399,0.47058823529411764,0.97952
MCAP,0.9814814814814815,0.4676470588235294,0.98008
MCAP,0.9813664596273292,0.4647058823529412,0.98012
MCAP,0.98125,0.46176470588235297,0.98054
MCAP,0.9811320754716981,0.4588235294117647,0.98084
MCAP,0.9873417721518988,0.4588235294117647,0.98101
MCAP,0.9872611464968153,0.45588235294117646,0.98107
MCAP,0.9871794871794872,0.45294117647058824,0.9812
MCAP,0.987012987012987,0.4470588235294118,0.98135
MCAP,0.9869281045751634,0.4441176470588235,0.98169
MCAP,0.993421052631579,0.4441176470588235,0.98188
MCAP,0.9933774834437086,0.4411764705882353,0.98192
MCAP,0.9933333333333333,0.43823529411764706,0.98217
MCAP,0.9932885906040269,0.43529411764705883,0.9824
MCAP,0.9932432432432432,0.4323529411764706,0.98266
MCAP,0.9931972789115646,0.4294117647058823,0.98301
MCAP,0.9931506849315068,0.4264705882352941,0.98303
MCAP,0.993103448275862,0.4235294117647059,0.98367
MCAP,0.993006993006993,0.4176470588235294,0.98385
MCAP,0.9929577464788732,0.4147058823529412,0.98414
MCAP,0.9929078014184397,0.4117647058823529,0.98416
MCAP,0.9928571428571429,0.4088235294117647,0.98432
MCAP,0.9928057553956835,0.40588235294117647,0.98435
MCAP,0.9927536231884058,0.40294117647058825,0.98444
MCAP,0.9927007299270073,0.4,0.98466
MCAP,0.9926470588235294,0.39705882352941174,0.98488
MCAP,0.9925925925925926,0.3941176470588235,0.98495
MCAP,0.9925373134328358,0.3911764705882353,0.98497
MCAP,0.9924812030075187,0.38823529411764707,0.98502
MCAP,0.9924242424242424,0.38529411764705884,0.98529
MCAP,0.9923664122137404,0.38235294117647056,0.98533
MCAP,0.9923076923076923,0.37941176470588234,0.98545
MCAP,0.9922480620155039,0.3764705882352941,0.98546
MCAP,0.9921875,0.3735294117647059,0.98547
MCAP,0.9921259842519685,0.37058823529411766,0.98551
MCAP,0.9920634920634921,0.36764705882352944,0.98578
MCAP,0.992,0.36470588235294116,0.98592
MCAP,0.9919354838709677,0.36176470588235293,0.98614
MCAP,0.991869918699187,0.3588235294117647,0.98618
MCAP,0.9918032786885246,0.3558823529411765,0.9862
MCAP,0.9917355371900827,0.35294117647058826,0.98628
MCAP,0.9916666666666667,0.35,0.98633
MCAP,0.9915254237288136,0.34411764705882353,0.98634
MCAP,0.9913793103448276,0.3382352941176471,0.98637
MCAP,0.991304347826087,0.3352941176470588,0.98647
MCAP,0.9912280701754386,0.3323529411764706,0.98655
MCAP,0.9911504424778761,0.32941176470588235,0.98656
MCAP,0.9910714285714286,0.3264705882352941,0.98658
MCAP,0.990990990990991,0.3235294117647059,0.98667
MCAP,0.990909090909091,0.3205882352941177,0.98675
MCAP,0.9908256880733946,0.3176470588235294,0.98679
MCAP,0.9906542056074766,0.31176470588235294,0.98696
MCAP,0.9905660377358491,0.3088235294117647,0.987
MCAP,0.9904761904761905,0.3058823529411765,0.98706
MCAP,0.9903846153846154,0.3029411764705882,0.98707
MCAP,0.9902912621359223,0.3,0.98709
MCAP,0.9901960784313726,0.29705882352941176,0.9871
MCAP,0.9900990099009901,0.29411764705882354,0.98721
MCAP,0.99,0.2911764705882353,0.98738
MCAP,0.98989898989899,0.28823529411764703,0.98746
MCAP,0.9897959183673469,0.2852941176470588,0.98769
MCAP,0.9896907216494846,0.2823529411764706,0.98782
MCAP,0.9895833333333334,0.27941176470588236,0.98792
MCAP,0.9894736842105263,0.27647058823529413,0.98814
MCAP,0.9893617021276596,0.2735294117647059,0.98816
MCAP,0.989247311827957,0.27058823529411763,0.98818
MCAP,0.9891304347826086,0.2676470588235294,0.9882
MCAP,0.989010989010989,0.2647058823529412,0.98827
MCAP,0.9888888888888889,0.26176470588235295,0.98833
MCAP,0.9887640449438202,0.25882352941176473,0.98852
MCAP,0.9886363636363636,0.25588235294117645,0.98861
MCAP,0.9885057471264368,0.2529411764705882,0.98867
MCAP,0.9883720930232558,0.25,0.98869
MCAP,0.9882352941176471,0.24705882352941178,0.9887
MCAP,0.9880952380952381,0.24411764705882352,0.98871
MCAP,0.9879518072289156,0.2411764705882353,0.98874
MCAP,0.9878048780487805,0.23823529411764705,0.98877
MCAP,0.9876543209876543,0.23529411764705882,0.98907
MCAP,0.9875,0.2323529411764706,0.98912
MCAP,0.9873417721518988,0.22941176470588234,0.98916
MCAP,0.9871794871794872,0.22647058823529412,0.98937
MCAP,0.9868421052631579,0.22058823529411764,0.98942
MCAP,0.9866666666666667,0.21764705882352942,0.98943
MCAP,0.9864864864864865,0.21470588235294116,0.98956
MCAP,0.9863013698630136,0.21176470588235294,0.98965
MCAP,0.9861111111111112,0.2088235294117647,0.98967
MCAP,0.9859154929577465,0.20588235294117646,0.98969
MCAP,0.9857142857142858,0.20294117647058824,0.9897
MCAP,0.9855072463768116,0.2,0.98974
MCAP,0.9852941176470589,0.19705882352941176,0.98982
MCAP,0.9846153846153847,0.18823529411764706,0.98985
MCAP,0.984375,0.18529411764705883,0.98986
MCAP,0.9841269841269841,0.18235294117647058,0.98987
MCAP,1.0,0.18235294117647058,0.98998
MCAP,1.0,0.17941176470588235,0.99006
MCAP,1.0,0.17647058823529413,0.99007
MCAP,1.0,0.17352941176470588,0.9901
MCAP,1.0,0.17058823529411765,0.99015
MCAP,1.0,0.1676470588235294,0.99016
MCAP,1.0,0.16470588235294117,0.99019
MCAP,1.0,0.16176470588235295,0.99026
MCAP,1.0,0.1588235294117647,0.99034
MCAP,1.0,0.15588235294117647,0.99035
MCAP,1.0,0.15,0.9904
MCAP,1.0,0.14705882352941177,0.99046
MCAP,1.0,0.14411764705882352,0.99056
MCAP,1.0,0.1411764705882353,0.99061
MCAP,1.0,0.13823529411764707,0.99075
MCAP,1.0,0.13529411764705881,0.99084
MCAP,1.0,0.1323529411764706,0.99091
MCAP,1.0,0.12941176470588237,0.99105
MCAP,1.0,0.1264705882352941,0.99112
MCAP,1.0,0.12352941176470589,0.99146
MCAP,1.0,0.12058823529411765,0.99147
MCAP,1.0,0.11764705882352941,0.99149
MCAP,1.0,0.11470588235294117,0.9916
MCAP,1.0,0.11176470588235295,0.99164
MCAP,1.0,0.10882352941176471,0.99172
MCAP,1.0,0.10588235294117647,0.99175
MCAP,1.0,0.10294117647058823,0.99187
MCAP,1.0,0.1,0.9919
MCAP,1.0,0.09705882352941177,0.99195
MCAP,1.0,0.09411764705882353,0.99196
MCAP,1.0,0.09117647058823529,0.992
MCAP,1.0,0.08823529411764706,0.99207
MCAP,1.0,0.08529411764705883,0.9921
MCAP,1.0,0.08235294117647059,0.99211
MCAP,1.0,0.07941176470588235,0.9922
MCAP,1.0,0.07647058823529412,0.99232
MCAP,1.0,0.07352941176470588,0.99234
MCAP,1.0,0.06764705882352941,0.99243
MCAP,1.0,0.06470588235294118,0.99252
MCAP,1.0,0.058823529411764705,0.99258
MCAP,1.0,0.05588235294117647,0.9926
MCAP,1.0,0.052941176470588235,0.99263
MCAP,1.0,0.05,0.99266
MCAP,1.0,0.047058823529411764,0.993
MCAP,1.0,0.04411764705882353,0.99307
MCAP,1.0,0.041176470588235294,0.99346
MCAP,1.0,0.03823529411764706,0.99365
MCAP,1.0,0.03529411764705882,0.99372
MCAP,1.0,0.03235294117647059,0.99383
MCAP,1.0,0.026470588235294117,0.99407
MCAP,1.0,0.023529411764705882,0.99408
MCAP,1.0,0.020588235294117647,0.99412
MCAP,1.0,0.01764705882352941,0.99432
MCAP,1.0,0.014705882352941176,0.99492
MCAP,1.0,0.011764705882352941,0.99495
MCAP,1.0,0.008823529411764706,0.99499
MCAP,1.0,0.0058823529411764705,0.99522
MCAP,1.0,0.0029411764705882353,0.99585
METALR,0.8542713567839196,1.0,0.01853
METALR,0.8564231738035264,1.0,0.06936
METALR,0.8585858585858586,1.0,0.09205
METALR,0.8607594936708861,1.0,0.09705
METALR,0.8629441624365483,1.0,0.11216
METALR,0.8651399491094147,1.0,0.12266
METALR,0.8673469387755102,1.0,0.13702
METALR,0.8695652173913043,1.0,0.18063
METALR,0.8717948717948718,1.0,0.20008
METALR,0.8740359897172236,1.0,0.20442
METALR,0.8762886597938144,1.0,0.21611
METALR,0.875968992248062,0.9970588235294118,0.22342
METALR,0.8782383419689119,0.9970588235294118,0.24957
METALR,0.8805194805194805,0.9970588235294118,0.27357
METALR,0.8802083333333334,0.9941176470588236,0.28393
METALR,0.8825065274151436,0.9941176470588236,0.30608
METALR,0.8848167539267016,0.9941176470588236,0.30791
METALR,0.884514435695538,0.9911764705882353,0.31335
METALR,0.8868421052631579,0.9911764705882353,0.31869
METALR,0.8865435356200527,0.9882352941176471,0.33745
METALR,0.8862433862433863,0.9852941176470589,0.34457
METALR,0.8885941644562334,0.9852941176470589,0.36188
METALR,0.8909574468085106,0.9852941176470589,0.39722
METALR,0.8906666666666667,0.9823529411764705,0.44647
METALR,0.8903743315508021,0.9794117647058823,0.44976
METALR,0.8927613941018767,0.9794117647058823,0.5191
METALR,0.8924731182795699,0.9764705882352941,0.54309
METALR,0.8921832884097035,0.9735294117647059,0.56418
METALR,0.8945945945945946,0.9735294117647059,0.56704
METALR,0.8943089430894309,0.9705882352941176,0.58056
METALR,0.8937329700272479,0.9647058823529412,0.58698
METALR,0.8961748633879781,0.9647058823529412,0.59565
METALR,0.8986301369863013,0.9647058823529412,0.60056
METALR,0.8983516483516484,0.961764705882353,0.64635
METALR,0.8980716253443526,0.9588235294117647,0.65461
METALR,0.8977900552486188,0.9558823529411765,0.66309
METALR,0.9002770083102493,0.9558823529411765,0.68917
METALR,0.9027777777777778,0.9558823529411765,0.69699
METALR,0.9052924791086351,0.9558823529411765,0.71271
METALR,0.9078212290502793,0.9558823529411765,0.7223
METALR,0.907563025210084,0.9529411764705882,0.73047
METALR,0.9073033707865169,0.95,0.74542
METALR,0.9070422535211268,0.9470588235294117,0.75192
METALR,0.9096045197740112,0.9470588235294117,0.76071
METALR,0.9093484419263456,0.9441176470588235,0.79383
METALR,0.9090909090909091,0.9411764705882353,0.7941
METALR,0.9116809116809117,0.9411764705882353,0.79865
METALR,0.9142857142857143,0.9411764705882353,0.80222
METALR,0.9140401146131805,0.9382352941176471,0.80343
METALR,0.9137931034482759,0.9352941176470588,0.83587
METALR,0.9135446685878963,0.9323529411764706,0.84432
METALR,0.9132947976878613,0.9294117647058824,0.84873
METALR,0.9130434782608695,0.9264705882352942,0.85033
METALR,0.9127906976744186,0.9235294117647059,0.86382
METALR,0.9154518950437318,0.9235294117647059,0.86536
METALR,0.9152046783625731,0.9205882352941176,0.86795
METALR,0.9149560117302052,0.9176470588235294,0.8682
METALR,0.9147058823529411,0.9147058823529411,0.87304
METALR,0.9144542772861357,0.9117647058823529,0.87414
METALR,0.9142011834319527,0.9088235294117647,0.875
METALR,0.913946587537092,0.9058823529411765,0.87951
METALR,0.9136904761904762,0.9029411764705882,0.88142
METALR,0.9164179104477612,0.9029411764705882,0.88394
METALR,0.9161676646706587,0.9,0.88733
METALR,0.9159159159159159,0.8970588235294118,0.88751
METALR,0.9156626506024096,0.8941176470588236,0.88985
METALR,0.918429003021148,0.8941176470588236,0.89584
METALR,0.9181818181818182,0.8911764705882353,0.90239
METALR,0.9179331306990881,0.888235294117647,0.90558
METALR,0.9176829268292683,0.8852941176470588,0.90777
METALR,0.9174311926605505,0.8823529411764706,0.90856
METALR,0.9171779141104295,0.8794117647058823,0.90885
METALR,0.916923076923077,0.8764705882352941,0.90889
METALR,0.9166666666666666,0.8735294117647059,0.91007
METALR,0.9164086687306502,0.8705882352941177,0.91087
METALR,0.9161490683229814,0.8676470588235294,0.91126
METALR,0.9158878504672897,0.8647058823529412,0.9113
METALR,0.915625,0.861764705882353,0.91202
METALR,0.9153605015673981,0.8588235294117647,0.9133
METALR,0.9150943396226415,0.8558823529411764,0.91352
METALR,0.9148264984227129,0.8529411764705882,0.9144
METALR,0.9145569620253164,0.85,0.91571
METALR,0.9174603174603174,0.85,0.91656
METALR,0.9171974522292994,0.8470588235294118,0.91687
METALR,0.9169329073482428,0.8441176470588235,0.9169
METALR,0.9166666666666666,0.8411764705882353,0.91839
METALR,0.9163987138263665,0.8382352941176471,0.92174
METALR,0.9161290322580645,0.8352941176470589,0.92224
METALR,0.9158576051779935,0.8323529411764706,0.92444
METALR,0.9155844155844156,0.8294117647058824,0.92493
METALR,0.9185667752442996,0.8294117647058824,0.9263
METALR,0.9183006535947712,0.8264705882352941,0.92728
METALR,0.9180327868852459,0.8235294117647058,0.93061
METALR,0.9177631578947368,0.8205882352941176,0.93157
METALR,0.9174917491749175,0.8176470588235294,0.93242
METALR,0.9172185430463576,0.8147058823529412,0.93352
METALR,0.9169435215946844,0.8117647058823529,0.93419
METALR,0.9166666666666666,0.8088235294117647,0.93477
METALR,0.9163879598662207,0.8058823529411765,0.93538
METALR,0.9161073825503355,0.8029411764705883,0.93707
METALR,0.9158249158249159,0.8,0.93987
METALR,0.9155405405405406,0.7970588235294118,0.94165
METALR,0.9186440677966101,0.7970588235294118,0.94395
METALR,0.9183673469387755,0.7941176470588235,0.94563
METALR,0.9180887372013652,0.7911764705882353,0.94787
METALR,0.9178082191780822,0.788235294117647,0.94863
METALR,0.9175257731958762,0.7852941176470588,0.95187
METALR,0.9172413793103448,0.7823529411764706,0.95561
METALR,0.916955017301038,0.7794117647058824,0.95581
METALR,0.9166666666666666,0.7764705882352941,0.95696
METALR,0.9198606271777003,0.7764705882352941,0.95785
METALR,0.9195804195804196,0.7735294117647059,0.95887
METALR,0.9192982456140351,0.7705882352941177,0.96018
METALR,0.9187279151943463,0.7647058823529411,0.96048
METALR,0.9184397163120568,0.7617647058823529,0.96248
METALR,0.9181494661921709,0.7588235294117647,0.96265
METALR,0.9214285714285714,0.7588235294117647,0.96345
METALR,0.921146953405018,0.7558823529411764,0.96418
METALR,0.920863309352518,0.7529411764705882,0.96428
METALR,0.924187725631769,0.7529411764705882,0.96539
METALR,0.9239130434782609,0.75,0.96606
METALR,0.9236363636363636,0.7470588235294118,0.96716
METALR,0.927007299270073,0.7470588235294118,0.96719
METALR,0.9267399267399268,0.7441176470588236,0.96853
METALR,0.9264705882352942,0.7411764705882353,0.9701
METALR,0.9298892988929889,0.7411764705882353,0.97058
METALR,0.9296296296296296,0.7382352941176471,0.97078
METALR,0.929368029739777,0.7352941176470589,0.97185
METALR,0.9328358208955224,0.7352941176470589,0.97266
METALR,0.9325842696629213,0.7323529411764705,0.97279
METALR,0.9360902255639098,0.7323529411764705,0.97461
METALR,0.939622641509434,0.7323529411764705,0.97471
METALR,0.9393939393939394,0.7294117647058823,0.97478
METALR,0.9391634980988594,0.7264705882352941,0.97499
METALR,0.9386973180076629,0.7205882352941176,0.97583
METALR,0.9384615384615385,0.7176470588235294,0.97627
METALR,0.9377431906614786,0.7088235294117647,0.9763
METALR,0.94140625,0.7088235294117647,0.97726
METALR,0.9411764705882353,0.7058823529411765,0.97729
METALR,0.9409448818897638,0.7029411764705882,0.97787
METALR,0.9407114624505929,0.7,0.97808
METALR,0.9404761904761905,0.6970588235294117,0.97842
METALR,0.9442231075697212,0.6970588235294117,0.97906
METALR,0.944,0.6941176470588235,0.97909
METALR,0.9437751004016064,0.6911764705882353,0.98074
METALR,0.9473684210526315,0.6882352941176471,0.98078
METALR,0.9512195121951219,0.6882352941176471,0.98156
METALR,0.9510204081632653,0.6852941176470588,0.98215
METALR,0.9508196721311475,0.6823529411764706,0.98239
METALR,0.9506172839506173,0.6794117647058824,0.98253
METALR,0.9504132231404959,0.6764705882352942,0.98287
METALR,0.9543568464730291,0.6764705882352942,0.98307
METALR,0.9583333333333334,0.6764705882352942,0.98375
METALR,0.9581589958158996,0.6735294117647059,0.98382
METALR,0.9578059071729957,0.6676470588235294,0.98419
METALR,0.9576271186440678,0.6647058823529411,0.9846
METALR,0.9574468085106383,0.6617647058823529,0.98463
METALR,0.9572649572649573,0.6588235294117647,0.98504
METALR,0.9570815450643777,0.6558823529411765,0.98572
METALR,0.9612068965517241,0.6558823529411765,0.98589
METALR,0.961038961038961,0.6529411764705882,0.98612
METALR,0.9652173913043478,0.6529411764705882,0.9866
METALR,0.9650655021834061,0.65,0.98684
METALR,0.9649122807017544,0.6470588235294118,0.98742
METALR,0.9647577092511013,0.6441176470588236,0.98784
METALR,0.9646017699115044,0.6411764705882353,0.98811
METALR,0.9644444444444444,0.638235294117647,0.98859
METALR,0.9642857142857143,0.6352941176470588,0.9889
METALR,0.9641255605381166,0.6323529411764706,0.98904
METALR,0.963963963963964,0.6294117647058823,0.98948
METALR,0.9638009049773756,0.6264705882352941,0.99027
METALR,0.9634703196347032,0.6205882352941177,0.99044
METALR,0.963302752293578,0.6176470588235294,0.99078
METALR,0.9631336405529954,0.6147058823529412,0.99126
METALR,0.9629629629629629,0.611764705882353,0.99139
METALR,0.9627906976744186,0.6088235294117647,0.99159
METALR,0.9672897196261683,0.6088235294117647,0.99172
METALR,0.9671361502347418,0.6058823529411764,0.99192
METALR,0.966824644549763,0.6,0.99205
METALR,0.9666666666666667,0.5970588235294118,0.99208
METALR,0.9663461538461539,0.5911764705882353,0.99215
METALR,0.9660194174757282,0.5852941176470589,0.99271
METALR,0.9658536585365853,0.5823529411764706,0.99281
METALR,0.9653465346534653,0.5735294117647058,0.99284
METALR,0.9701492537313433,0.5735294117647058,0.9933
METALR,0.97,0.5705882352941176,0.9936
METALR,0.9696969696969697,0.5647058823529412,0.99366
METALR,0.9695431472081218,0.5617647058823529,0.99383
METALR,0.9692307692307692,0.5558823529411765,0.99386
METALR,0.9690721649484536,0.5529411764705883,0.99396
METALR,0.9689119170984456,0.55,0.99405
METALR,0.9739583333333334,0.55,0.99431
METALR,0.9738219895287958,0.5470588235294118,0.99435
METALR,0.9736842105263158,0.5441176470588235,0.99438
METALR,0.973404255319149,0.538235294117647,0.99444
METALR,0.9732620320855615,0.5352941176470588,0.99448
METALR,0.972972972972973,0.5294117647058824,0.99451
METALR,0.9728260869565217,0.5264705882352941,0.99454
METALR,0.9725274725274725,0.5205882352941177,0.99457
METALR,0.9723756906077348,0.5176470588235295,0.99464
METALR,0.9776536312849162,0.5147058823529411,0.9947
METALR,0.9831460674157303,0.5147058823529411,0.99473
METALR,0.9829545454545454,0.5088235294117647,0.99476
METALR,0.9828571428571429,0.5058823529411764,0.9948
METALR,0.9827586206896551,0.5029411764705882,0.99493
METALR,0.9826589595375722,0.5,0.99499
METALR,0.9824561403508771,0.49411764705882355,0.99506
METALR,0.9822485207100592,0.48823529411764705,0.99509
METALR,0.9821428571428571,0.4852941176470588,0.99516
METALR,0.9820359281437125,0.4823529411764706,0.99519
METALR,0.9819277108433735,0.47941176470588237,0.99526
METALR,0.9818181818181818,0.4764705882352941,0.99529
METALR,0.9817073170731707,0.47352941176470587,0.99532
METALR,0.9815950920245399,0.47058823529411764,0.99549
METALR,0.9813664596273292,0.4647058823529412,0.99566
METALR,0.9811320754716981,0.4588235294117647,0.99573
METALR,0.9808917197452229,0.45294117647058824,0.99576
METALR,0.9807692307692307,0.45,0.99579
METALR,0.9805194805194806,0.4441176470588235,0.99583
METALR,0.9803921568627451,0.4411764705882353,0.99587
METALR,0.9802631578947368,0.43823529411764706,0.9959
METALR,0.9865771812080537,0.4323529411764706,0.99601
METALR,0.9864864864864865,0.4294117647058823,0.99604
METALR,0.9863013698630136,0.4235294117647059,0.99611
METALR,0.9862068965517241,0.42058823529411765,0.99615
METALR,0.986013986013986,0.4147058823529412,0.99618
METALR,0.9928571428571429,0.4088235294117647,0.99622
METALR,0.9928057553956835,0.40588235294117647,0.99629
METALR,0.9927536231884058,0.40294117647058825,0.99632
METALR,0.9927007299270073,0.4,0.99636
METALR,0.9926470588235294,0.39705882352941174,0.99643
METALR,0.9925925925925926,0.3941176470588235,0.99647
METALR,0.9925373134328358,0.3911764705882353,0.9965
METALR,0.9923076923076923,0.37941176470588234,0.99662
METALR,0.9922480620155039,0.3764705882352941,0.99665
METALR,0.9921875,0.3735294117647059,0.99669
METALR,0.9920634920634921,0.36764705882352944,0.99676
METALR,0.992,0.36470588235294116,0.99684
METALR,0.991869918699187,0.3588235294117647,0.99688
METALR,0.9918032786885246,0.3558823529411765,0.99692
METALR,0.9916666666666667,0.35,0.99696
METALR,0.9915966386554622,0.34705882352941175,0.99704
METALR,0.9915254237288136,0.34411764705882353,0.99707
METALR,0.9914529914529915,0.3411764705882353,0.99711
METALR,0.9912280701754386,0.3323529411764706,0.99715
METALR,0.990909090909091,0.3205882352941177,0.99726
METALR,0.9907407407407407,0.31470588235294117,0.99734
METALR,0.9906542056074766,0.31176470588235294,0.99738
METALR,0.9904761904761905,0.3058823529411765,0.99742
METALR,0.9903846153846154,0.3029411764705882,0.99746
METALR,1.0,0.29411764705882354,0.9975
METALR,1.0,0.2735294117647059,0.99754
METALR,1.0,0.27058823529411763,0.99765
METALR,1.0,0.2647058823529412,0.99769
METALR,1.0,0.25882352941176473,0.99773
METALR,1.0,0.25588235294117645,0.99777
METALR,1.0,0.2529411764705882,0.99781
METALR,1.0,0.25,0.99784
METALR,1.0,0.2411764705882353,0.99788
METALR,1.0,0.23823529411764705,0.99792
METALR,1.0,0.23529411764705882,0.99795
METALR,1.0,0.2235294117647059,0.99799
METALR,1.0,0.21176470588235294,0.99806
METALR,1.0,0.20588235294117646,0.99809
METALR,1.0,0.19705882352941176,0.99816
METALR,1.0,0.19117647058823528,0.99819
METALR,1.0,0.17941176470588235,0.99826
METALR,1.0,0.17352941176470588,0.99829
METALR,1.0,0.16470588235294117,0.99832
METALR,1.0,0.15588235294117647,0.99835
METALR,1.0,0.15,0.99841
METALR,1.0,0.14705882352941177,0.99844
METALR,1.0,0.14411764705882352,0.99846
METALR,1.0,0.1411764705882353,0.99854
METALR,1.0,0.1323529411764706,0.99857
METALR,1.0,0.1264705882352941,0.9986
METALR,1.0,0.12058823529411765,0.99862
METALR,1.0,0.11764705882352941,0.99867
METALR,1.0,0.11470588235294117,0.99872
METALR,1.0,0.11176470588235295,0.99874
METALR,1.0,0.10588235294117647,0.99877
METALR,1.0,0.10294117647058823,0.99879
METALR,1.0,0.1,0.99882
METALR,1.0,0.08235294117647059,0.99889
METALR,1.0,0.07941176470588235,0.99891
METALR,1.0,0.07058823529411765,0.99893
METALR,1.0,0.06764705882352941,0.99896
METALR,1.0,0.061764705882352944,0.99898
METALR,1.0,0.058823529411764705,0.99902
METALR,1.0,0.052941176470588235,0.99904
METALR,1.0,0.05,0.99906
METALR,1.0,0.047058823529411764,0.9991
METALR,1.0,0.041176470588235294,0.99914
METALR,1.0,0.03823529411764706,0.99916
METALR,1.0,0.03235294117647059,0.99923
METALR,1.0,0.014705882352941176,0.99932
METALR,1.0,0.011764705882352941,0.99934
METALR,1.0,0.0058823529411764705,0.99936
METARNN,0.8542713567839196,1.0,0.00087
METARNN,0.8564231738035264,1.0,0.0011
METARNN,0.8585858585858586,1.0,0.00122
METARNN,0.8607594936708861,1.0,0.00145
METARNN,0.8629441624365483,1.0,0.00161
METARNN,0.8673469387755102,1.0,0.00176
METARNN,0.8695652173913043,1.0,0.0021
METARNN,0.8717948717948718,1.0,0.00217
METARNN,0.8740359897172236,1.0,0.00232
METARNN,0.8762886597938144,1.0,0.0024
METARNN,0.8785529715762274,1.0,0.00263
METARNN,0.8808290155440415,1.0,0.00264
METARNN,0.8831168831168831,1.0,0.00291
METARNN,0.8854166666666666,1.0,0.003
METARNN,0.8877284595300261,1.0,0.00303
METARNN,0.8900523560209425,1.0,0.00313
METARNN,0.8923884514435696,1.0,0.00331
METARNN,0.8947368421052632,1.0,0.00538
METARNN,0.8970976253298153,1.0,0.00976
METARNN,0.8994708994708994,1.0,0.01048
METARNN,0.9018567639257294,1.0,0.03061
METARNN,0.9042553191489362,1.0,0.04369
METARNN,0.9066666666666666,1.0,0.06064
METARNN,0.9090909090909091,1.0,0.08269
METARNN,0.9115281501340483,1.0,0.09453
METARNN,0.9139784946236559,1.0,0.13033
METARNN,0.9164420485175202,1.0,0.14589
METARNN,0.918918918918919,1.0,0.16627
METARNN,0.9214092140921409,1.0,0.19268
METARNN,0.9239130434782609,1.0,0.20963
METARNN,0.9237057220708447,0.9970588235294118,0.22858
METARNN,0.9262295081967213,0.9970588235294118,0.23103
METARNN,0.9287671232876712,0.9970588235294118,0.24108
METARNN,0.9313186813186813,0.9970588235294118,0.24582
METARNN,0.9338842975206612,0.9970588235294118,0.281
METARNN,0.9337016574585635,0.9941176470588236,0.30061
METARNN,0.9362880886426593,0.9941176470588236,0.34171
METARNN,0.9361111111111111,0.9911764705882353,0.3443
METARNN,0.935933147632312,0.9882352941176471,0.36661
METARNN,0.9385474860335196,0.9882352941176471,0.37428
METARNN,0.9411764705882353,0.9882352941176471,0.38812
METARNN,0.9410112359550562,0.9852941176470589,0.41526
METARNN,0.9408450704225352,0.9823529411764705,0.4182
METARNN,0.943502824858757,0.9823529411764705,0.44822
METARNN,0.943342776203966,0.9794117647058823,0.44973
METARNN,0.9460227272727273,0.9794117647058823,0.45314
METARNN,0.9458689458689459,0.9764705882352941,0.45324
METARNN,0.9457142857142857,0.9735294117647059,0.45609
METARNN,0.9484240687679083,0.9735294117647059,0.46247
METARNN,0.9482758620689655,0.9705882352941176,0.47035
METARNN,0.9481268011527377,0.9676470588235294,0.47532
METARNN,0.9479768786127167,0.9647058823529412,0.47774
METARNN,0.9507246376811594,0.9647058823529412,0.49046
METARNN,0.9534883720930233,0.9647058823529412,0.49126
METARNN,0.956268221574344,0.9647058823529412,0.49447
METARNN,0.956140350877193,0.961764705882353,0.49837
METARNN,0.9560117302052786,0.9588235294117647,0.50526
METARNN,0.9558823529411765,0.9558823529411765,0.51279
METARNN,0.9557522123893806,0.9529411764705882,0.51647
METARNN,0.9556213017751479,0.95,0.53161
METARNN,0.9554896142433235,0.9470588235294117,0.53826
METARNN,0.9553571428571429,0.9441176470588235,0.54546
METARNN,0.9582089552238806,0.9441176470588235,0.54735
METARNN,0.9610778443113772,0.9441176470588235,0.55851
METARNN,0.963963963963964,0.9441176470588235,0.5715
METARNN,0.963855421686747,0.9411764705882353,0.58399
METARNN,0.9637462235649547,0.9382352941176471,0.58664
METARNN,0.9636363636363636,0.9352941176470588,0.59053
METARNN,0.9635258358662614,0.9323529411764706,0.59591
METARNN,0.9634146341463414,0.9294117647058824,0.61165
METARNN,0.963302752293578,0.9264705882352942,0.61488
METARNN,0.9631901840490797,0.9235294117647059,0.62108
METARNN,0.963076923076923,0.9205882352941176,0.62534
METARNN,0.9629629629629629,0.9176470588235294,0.63621
METARNN,0.9628482972136223,0.9147058823529411,0.64786
METARNN,0.9658385093167702,0.9147058823529411,0.6494
METARNN,0.9657320872274143,0.9117647058823529,0.64994
METARNN,0.96875,0.9117647058823529,0.6537
METARNN,0.9686520376175548,0.9088235294117647,0.65461
METARNN,0.9685534591194969,0.9058823529411765,0.66325
METARNN,0.9684542586750788,0.9029411764705882,0.68264
METARNN,0.9683544303797469,0.9,0.68834
METARNN,0.9682539682539683,0.8970588235294118,0.68912
METARNN,0.9681528662420382,0.8941176470588236,0.68974
METARNN,0.9680511182108626,0.8911764705882353,0.69171
METARNN,0.967948717948718,0.888235294117647,0.71316
METARNN,0.9678456591639871,0.8852941176470588,0.71715
METARNN,0.967741935483871,0.8823529411764706,0.71966
METARNN,0.9676375404530745,0.8794117647058823,0.72061
METARNN,0.9675324675324676,0.8764705882352941,0.72315
METARNN,0.9706840390879479,0.8764705882352941,0.7241
METARNN,0.9705882352941176,0.8735294117647059,0.72808
METARNN,0.9737704918032787,0.8735294117647059,0.74003
METARNN,0.9736842105263158,0.8705882352941177,0.74113
METARNN,0.9735973597359736,0.8676470588235294,0.74247
METARNN,0.9735099337748344,0.8647058823529412,0.74413
METARNN,0.973421926910299,0.861764705882353,0.75716
METARNN,0.9733333333333334,0.8588235294117647,0.75893
METARNN,0.9732441471571907,0.8558823529411764,0.76025
METARNN,0.9731543624161074,0.8529411764705882,0.76636
METARNN,0.9730639730639731,0.85,0.76963
METARNN,0.972972972972973,0.8470588235294118,0.77139
METARNN,0.9728813559322034,0.8441176470588235,0.77303
METARNN,0.9727891156462585,0.8411764705882353,0.77395
METARNN,0.9726962457337884,0.8382352941176471,0.77534
METARNN,0.9726027397260274,0.8352941176470589,0.77786
METARNN,0.9725085910652921,0.8323529411764706,0.78111
METARNN,0.9724137931034482,0.8294117647058824,0.7846
METARNN,0.972318339100346,0.8264705882352941,0.78538
METARNN,0.9722222222222222,0.8235294117647058,0.78771
METARNN,0.9721254355400697,0.8205882352941176,0.78784
METARNN,0.972027972027972,0.8176470588235294,0.79619
METARNN,0.9719298245614035,0.8147058823529412,0.79838
METARNN,0.971830985915493,0.8117647058823529,0.80119
METARNN,0.9752650176678446,0.8117647058823529,0.80446
METARNN,0.975177304964539,0.8088235294117647,0.80662
METARNN,0.9750889679715302,0.8058823529411765,0.80776
METARNN,0.975,0.8029411764705883,0.81163
METARNN,0.974910394265233,0.8,0.81589
METARNN,0.9784172661870504,0.8,0.82724
METARNN,0.9783393501805054,0.7970588235294118,0.82794
METARNN,0.9782608695652174,0.7941176470588235,0.831
METARNN,0.9781818181818182,0.7911764705882353,0.83144
METARNN,0.9781021897810219,0.788235294117647,0.83326
METARNN,0.978021978021978,0.7852941176470588,0.84084
METARNN,0.9779411764705882,0.7823529411764706,0.84168
METARNN,0.981549815498155,0.7823529411764706,0.84188
METARNN,0.9814814814814815,0.7794117647058824,0.8454
METARNN,0.9814126394052045,0.7764705882352941,0.84872
METARNN,0.9813432835820896,0.7735294117647059,0.84937
METARNN,0.9812734082397003,0.7705882352941177,0.84955
METARNN,0.981203007518797,0.7676470588235295,0.85368
METARNN,0.9811320754716981,0.7647058823529411,0.85393
METARNN,0.9810606060606061,0.7617647058823529,0.85461
METARNN,0.9809885931558935,0.7588235294117647,0.855
METARNN,0.9809160305343512,0.7558823529411764,0.85578
METARNN,0.9808429118773946,0.7529411764705882,0.85796
METARNN,0.9807692307692307,0.75,0.86121
METARNN,0.9806949806949807,0.7470588235294118,0.86493
METARNN,0.9806201550387597,0.7441176470588236,0.86505
METARNN,0.980544747081712,0.7411764705882353,0.86561
METARNN,0.98046875,0.7382352941176471,0.86679
METARNN,0.9803921568627451,0.7352941176470589,0.87006
METARNN,0.9803149606299213,0.7323529411764705,0.87383
METARNN,0.9802371541501976,0.7294117647058823,0.87478
METARNN,0.9801587301587301,0.7264705882352941,0.87539
METARNN,0.9800796812749004,0.7235294117647059,0.87633
METARNN,0.98,0.7205882352941176,0.87666
METARNN,0.9799196787148594,0.7176470588235294,0.87754
METARNN,0.9798387096774194,0.7147058823529412,0.87767
METARNN,0.979757085020243,0.711764705882353,0.87827
METARNN,0.9796747967479674,0.7088235294117647,0.87929
METARNN,0.9795918367346939,0.7058823529411765,0.88239
METARNN,0.9795081967213115,0.7029411764705882,0.88329
METARNN,0.9794238683127572,0.7,0.88334
METARNN,0.9793388429752066,0.6970588235294117,0.88498
METARNN,0.979253112033195,0.6941176470588235,0.88644
METARNN,0.9791666666666666,0.6911764705882353,0.88748
METARNN,0.9790794979079498,0.6882352941176471,0.8875
METARNN,0.9789915966386554,0.6852941176470588,0.89084
METARNN,0.9789029535864979,0.6823529411764706,0.89122
METARNN,0.9788135593220338,0.6794117647058824,0.89437
METARNN,0.9787234042553191,0.6764705882352942,0.89445
METARNN,0.9786324786324786,0.6735294117647059,0.89572
METARNN,0.9785407725321889,0.6705882352941176,0.89753
METARNN,0.978448275862069,0.6676470588235294,0.89809
METARNN,0.9783549783549783,0.6647058823529411,0.89837
METARNN,0.9782608695652174,0.6617647058823529,0.89903
METARNN,0.9781659388646288,0.6588235294117647,0.89989
METARNN,0.9780701754385965,0.6558823529411765,0.90061
METARNN,0.9779735682819384,0.6529411764705882,0.90076
METARNN,0.9778761061946902,0.65,0.90178
METARNN,0.9777777777777777,0.6470588235294118,0.90182
METARNN,0.9776785714285714,0.6441176470588236,0.90194
METARNN,0.9775784753363229,0.6411764705882353,0.90269
METARNN,0.9819819819819819,0.6411764705882353,0.90328
METARNN,0.9819004524886877,0.638235294117647,0.90427
METARNN,0.9818181818181818,0.6352941176470588,0.90478
METARNN,0.9817351598173516,0.6323529411764706,0.90496
METARNN,0.981651376146789,0.6294117647058823,0.90498
METARNN,0.9815668202764977,0.6264705882352941,0.90536
METARNN,0.9814814814814815,0.6235294117647059,0.90588
METARNN,0.9813953488372092,0.6205882352941177,0.90842
METARNN,0.9813084112149533,0.6176470588235294,0.90887
METARNN,0.9812206572769953,0.6147058823529412,0.90929
METARNN,0.9811320754716981,0.611764705882353,0.90937
METARNN,0.981042654028436,0.6088235294117647,0.9107
METARNN,0.9809523809523809,0.6058823529411764,0.91189
METARNN,0.9808612440191388,0.6029411764705882,0.91299
METARNN,0.9806763285024155,0.5970588235294118,0.91497
METARNN,0.9805825242718447,0.5941176470588235,0.91715
METARNN,0.9804878048780488,0.5911764705882353,0.91772
METARNN,0.9803921568627451,0.5882352941176471,0.91903
METARNN,0.9802955665024631,0.5852941176470589,0.92121
METARNN,0.9801980198019802,0.5823529411764706,0.9214
METARNN,0.9800995024875622,0.5794117647058824,0.92173
METARNN,0.98,0.5764705882352941,0.92195
METARNN,0.9798994974874372,0.5735294117647058,0.92219
METARNN,0.9797979797979798,0.5705882352941176,0.92497
METARNN,0.9796954314720813,0.5676470588235294,0.92533
METARNN,0.9795918367346939,0.5647058823529412,0.92683
METARNN,0.9794871794871794,0.5617647058823529,0.92702
METARNN,0.979381443298969,0.5588235294117647,0.9276
METARNN,0.9792746113989638,0.5558823529411765,0.9277
METARNN,0.9791666666666666,0.5529411764705883,0.92924
METARNN,0.9790575916230366,0.55,0.9299
METARNN,0.9789473684210527,0.5470588235294118,0.93026
METARNN,0.9788359788359788,0.5441176470588235,0.93176
METARNN,0.9787234042553191,0.5411764705882353,0.93197
METARNN,0.9786096256684492,0.538235294117647,0.93275
METARNN,0.978494623655914,0.5352941176470588,0.933
METARNN,0.9783783783783784,0.5323529411764706,0.93307
METARNN,0.9782608695652174,0.5294117647058824,0.93322
METARNN,0.9781420765027322,0.5264705882352941,0.93362
METARNN,0.978021978021978,0.5235294117647059,0.93385
METARNN,0.9779005524861878,0.5205882352941177,0.93468
METARNN,0.9776536312849162,0.5147058823529411,0.93525
METARNN,0.9775280898876404,0.5117647058823529,0.9359
METARNN,0.9774011299435028,0.5088235294117647,0.93649
METARNN,0.9772727272727273,0.5058823529411764,0.93677
METARNN,0.9771428571428571,0.5029411764705882,0.93724
METARNN,0.9770114942528736,0.5,0.93732
METARNN,0.976878612716763,0.4970588235294118,0.93789
METARNN,0.9767441860465116,0.49411764705882355,0.93833
METARNN,0.9766081871345029,0.49117647058823527,0.93855
METARNN,0.9764705882352941,0.48823529411764705,0.93873
METARNN,0.9763313609467456,0.4852941176470588,0.93874
METARNN,0.9761904761904762,0.4823529411764706,0.93879
METARNN,0.9760479041916168,0.47941176470588237,0.93946
METARNN,0.9759036144578314,0.4764705882352941,0.9399
METARNN,0.9757575757575757,0.47352941176470587,0.94001
METARNN,0.975609756097561,0.47058823529411764,0.94027
METARNN,0.9754601226993865,0.4676470588235294,0.94058
METARNN,0.9753086419753086,0.4647058823529412,0.94091
METARNN,0.9751552795031055,0.46176470588235297,0.94092
METARNN,0.975,0.4588235294117647,0.94199
METARNN,0.9748427672955975,0.45588235294117646,0.94219
METARNN,0.9746835443037974,0.45294117647058824,0.94239
METARNN,0.9745222929936306,0.45,0.94255
METARNN,0.9743589743589743,0.4470588235294118,0.94279
METARNN,0.9741935483870968,0.4441176470588235,0.94407
METARNN,0.974025974025974,0.4411764705882353,0.94466
METARNN,0.9738562091503268,0.43823529411764706,0.94474
METARNN,0.9736842105263158,0.43529411764705883,0.94478
METARNN,0.9801324503311258,0.43529411764705883,0.94551
METARNN,0.98,0.4323529411764706,0.94564
METARNN,0.9798657718120806,0.4294117647058823,0.94588
METARNN,0.9797297297297297,0.4264705882352941,0.94621
METARNN,0.9863945578231292,0.4264705882352941,0.94625
METARNN,0.9863013698630136,0.4235294117647059,0.947
METARNN,0.9862068965517241,0.42058823529411765,0.94739
METARNN,0.9861111111111112,0.4176470588235294,0.94748
METARNN,0.986013986013986,0.4147058823529412,0.94752
METARNN,0.9859154929577465,0.4117647058823529,0.94808
METARNN,0.9858156028368794,0.4088235294117647,0.94835
METARNN,0.9857142857142858,0.40588235294117647,0.94842
METARNN,0.9856115107913669,0.40294117647058825,0.94854
METARNN,0.9855072463768116,0.4,0.94883
METARNN,0.9854014598540146,0.39705882352941174,0.94887
METARNN,0.9852941176470589,0.3941176470588235,0.949
METARNN,0.9851851851851852,0.3911764705882353,0.94918
METARNN,0.9850746268656716,0.38823529411764707,0.94942
METARNN,0.9849624060150376,0.38529411764705884,0.95015
METARNN,0.9848484848484849,0.38235294117647056,0.95025
METARNN,0.9847328244274809,0.37941176470588234,0.95065
METARNN,0.9846153846153847,0.3764705882352941,0.9509
METARNN,0.9844961240310077,0.3735294117647059,0.95122
METARNN,0.984375,0.37058823529411766,0.95128
METARNN,0.984251968503937,0.36764705882352944,0.95141
METARNN,0.9841269841269841,0.36470588235294116,0.95163
METARNN,0.984,0.36176470588235293,0.95173
METARNN,0.9838709677419355,0.3588235294117647,0.9519
METARNN,0.983739837398374,0.3558823529411765,0.95244
METARNN,0.9918032786885246,0.3558823529411765,0.9526
METARNN,0.9917355371900827,0.35294117647058826,0.95274
METARNN,0.9916666666666667,0.35,0.95281
METARNN,0.9915966386554622,0.34705882352941175,0.95316
METARNN,0.9915254237288136,0.34411764705882353,0.95328
METARNN,0.9914529914529915,0.3411764705882353,0.95337
METARNN,0.9913793103448276,0.3382352941176471,0.95413
METARNN,0.991304347826087,0.3352941176470588,0.95438
METARNN,1.0,0.3352941176470588,0.95443
METARNN,1.0,0.3323529411764706,0.95444
METARNN,1.0,0.32941176470588235,0.95507
METARNN,1.0,0.3264705882352941,0.95545
METARNN,1.0,0.3235294117647059,0.95571
METARNN,1.0,0.3205882352941177,0.95594
METARNN,1.0,0.3176470588235294,0.95617
METARNN,1.0,0.31470588235294117,0.95683
METARNN,1.0,0.31176470588235294,0.95758
METARNN,1.0,0.3088235294117647,0.95769
METARNN,1.0,0.3058823529411765,0.95836
METARNN,1.0,0.3029411764705882,0.95853
METARNN,1.0,0.3,0.95862
METARNN,1.0,0.29705882352941176,0.9587
METARNN,1.0,0.29411764705882354,0.95914
METARNN,1.0,0.2911764705882353,0.95919
METARNN,1.0,0.28823529411764703,0.95926
METARNN,1.0,0.2852941176470588,0.95932
METARNN,1.0,0.2823529411764706,0.95954
METARNN,1.0,0.27941176470588236,0.95976
METARNN,1.0,0.27647058823529413,0.9602
METARNN,1.0,0.2735294117647059,0.96057
METARNN,1.0,0.27058823529411763,0.9607
METARNN,1.0,0.2676470588235294,0.96079
METARNN,1.0,0.2647058823529412,0.96124
METARNN,1.0,0.26176470588235295,0.9625
METARNN,1.0,0.25882352941176473,0.96323
METARNN,1.0,0.25588235294117645,0.96344
METARNN,1.0,0.2529411764705882,0.96361
METARNN,1.0,0.25,0.96425
METARNN,1.0,0.24705882352941178,0.96559
METARNN,1.0,0.24411764705882352,0.96579
METARNN,1.0,0.2411764705882353,0.96598
METARNN,1.0,0.23823529411764705,0.96717
METARNN,1.0,0.23529411764705882,0.9673
METARNN,1.0,0.2323529411764706,0.96743
METARNN,1.0,0.22941176470588234,0.96785
METARNN,1.0,0.22647058823529412,0.96826
METARNN,1.0,0.2235294117647059,0.96846
METARNN,1.0,0.22058823529411764,0.96851
METARNN,1.0,0.21764705882352942,0.96881
METARNN,1.0,0.21470588235294116,0.96908
METARNN,1.0,0.21176470588235294,0.96974
METARNN,1.0,0.2088235294117647,0.96984
METARNN,1.0,0.20588235294117646,0.96992
METARNN,1.0,0.20294117647058824,0.96994
METARNN,1.0,0.19705882352941176,0.97024
METARNN,1.0,0.19411764705882353,0.97042
METARNN,1.0,0.19117647058823528,0.97084
METARNN,1.0,0.18823529411764706,0.97092
METARNN,1.0,0.18529411764705883,0.97097
METARNN,1.0,0.18235294117647058,0.97103
METARNN,1.0,0.17941176470588235,0.97139
METARNN,1.0,0.17647058823529413,0.97141
METARNN,1.0,0.17352941176470588,0.97147
METARNN,1.0,0.17058823529411765,0.97153
METARNN,1.0,0.1676470588235294,0.97159
METARNN,1.0,0.16470588235294117,0.97219
METARNN,1.0,0.16176470588235295,0.97232
METARNN,1.0,0.1588235294117647,0.97236
METARNN,1.0,0.15588235294117647,0.97254
METARNN,1.0,0.15294117647058825,0.97257
METARNN,1.0,0.15,0.97286
METARNN,1.0,0.14705882352941177,0.97336
METARNN,1.0,0.14411764705882352,0.97384
METARNN,1.0,0.1411764705882353,0.97407
METARNN,1.0,0.13823529411764707,0.97423
METARNN,1.0,0.13529411764705881,0.97443
METARNN,1.0,0.1323529411764706,0.9749
METARNN,1.0,0.12941176470588237,0.97509
METARNN,1.0,0.1264705882352941,0.97521
METARNN,1.0,0.12352941176470589,0.9755
METARNN,1.0,0.12058823529411765,0.97592
METARNN,1.0,0.11764705882352941,0.97643
METARNN,1.0,0.11470588235294117,0.97684
METARNN,1.0,0.11176470588235295,0.97701
METARNN,1.0,0.10882352941176471,0.97721
METARNN,1.0,0.10588235294117647,0.97747
METARNN,1.0,0.10294117647058823,0.97751
METARNN,1.0,0.1,0.97812
METARNN,1.0,0.09705882352941177,0.97933
METARNN,1.0,0.09411764705882353,0.97944
METARNN,1.0,0.09117647058823529,0.97971
METARNN,1.0,0.08823529411764706,0.97982
METARNN,1.0,0.08529411764705883,0.98
METARNN,1.0,0.08235294117647059,0.98025
METARNN,1.0,0.07941176470588235,0.98026
METARNN,1.0,0.07647058823529412,0.98047
METARNN,1.0,0.07352941176470588,0.98052
METARNN,1.0,0.07058823529411765,0.9806
METARNN,1.0,0.06764705882352941,0.98144
METARNN,1.0,0.06470588235294118,0.98161
METARNN,1.0,0.061764705882352944,0.98241
METARNN,1.0,0.058823529411764705,0.98302
METARNN,1.0,0.05588235294117647,0.98317
METARNN,1.0,0.052941176470588235,0.9834
METARNN,1.0,0.05,0.98364
METARNN,1.0,0.047058823529411764,0.9838
METARNN,1.0,0.04411764705882353,0.98404
METARNN,1.0,0.041176470588235294,0.98497
METARNN,1.0,0.03823529411764706,0.98499
METARNN,1.0,0.03529411764705882,0.98501
METARNN,1.0,0.03235294117647059,0.98512
METARNN,1.0,0.029411764705882353,0.98598
METARNN,1.0,0.026470588235294117,0.98599
METARNN,1.0,0.020588235294117647,0.98746
METARNN,1.0,0.01764705882352941,0.98787
METARNN,1.0,0.014705882352941176,0.98832
METARNN,1.0,0.011764705882352941,0.99576
METARNN,1.0,0.008823529411764706,0.9963
METARNN,1.0,0.0058823529411764705,0.99817
METARNN,1.0,0.0029411764705882353,0.9987
METASVM,0.8542713567839196,1.0,0.01791
METASVM,0.8564231738035264,1.0,0.05221
METASVM,0.8585858585858586,1.0,0.06698
METASVM,0.8607594936708861,1.0,0.08219
METASVM,0.8629441624365483,1.0,0.10492
METASVM,0.8651399491094147,1.0,0.10538
METASVM,0.8647959183673469,0.9970588235294118,0.12473
METASVM,0.8670076726342711,0.9970588235294118,0.14593
METASVM,0.8666666666666667,0.9941176470588236,0.15271
METASVM,0.8688946015424165,0.9941176470588236,0.15414
METASVM,0.8685567010309279,0.9911764705882353,0.18617
METASVM,0.8682170542635659,0.9882352941176471,0.19845
METASVM,0.8704663212435233,0.9882352941176471,0.20583
METASVM,0.8727272727272727,0.9882352941176471,0.21326
METASVM,0.875,0.9882352941176471,0.22234
METASVM,0.8772845953002611,0.9882352941176471,0.2243
METASVM,0.8769633507853403,0.9852941176470589,0.23887
METASVM,0.8792650918635171,0.9852941176470589,0.25046
METASVM,0.881578947368421,0.9852941176470589,0.29931
METASVM,0.8839050131926122,0.9852941176470589,0.33709
METASVM,0.8862433862433863,0.9852941176470589,0.43327
METASVM,0.8859416445623343,0.9823529411764705,0.43611
METASVM,0.8882978723404256,0.9823529411764705,0.44864
METASVM,0.8906666666666667,0.9823529411764705,0.45855
METASVM,0.893048128342246,0.9823529411764705,0.47361
METASVM,0.8954423592493298,0.9823529411764705,0.47689
METASVM,0.8951612903225806,0.9794117647058823,0.53616
METASVM,0.8975741239892183,0.9794117647058823,0.54426
METASVM,0.9,0.9794117647058823,0.55167
METASVM,0.8997289972899729,0.9764705882352941,0.55861
METASVM,0.8994565217391305,0.9735294117647059,0.56296
METASVM,0.9019073569482289,0.9735294117647059,0.60848
METASVM,0.9043715846994536,0.9735294117647059,0.61002
METASVM,0.9041095890410958,0.9705882352941176,0.62561
METASVM,0.9035812672176309,0.9647058823529412,0.63199
METASVM,0.9060773480662984,0.9647058823529412,0.64011
METASVM,0.9058171745152355,0.961764705882353,0.64036
METASVM,0.9083333333333333,0.961764705882353,0.64729
METASVM,0.9108635097493036,0.961764705882353,0.65893
METASVM,0.9106145251396648,0.9588235294117647,0.66333
METASVM,0.9131652661064426,0.9588235294117647,0.66414
METASVM,0.9129213483146067,0.9558823529411765,0.706
METASVM,0.9126760563380282,0.9529411764705882,0.70737
METASVM,0.9124293785310734,0.95,0.71546
METASVM,0.9121813031161473,0.9470588235294117,0.75643
METASVM,0.9119318181818182,0.9441176470588235,0.79132
METASVM,0.9116809116809117,0.9411764705882353,0.79402
METASVM,0.9142857142857143,0.9411764705882353,0.79404
METASVM,0.9140401146131805,0.9382352941176471,0.80801
METASVM,0.9166666666666666,0.9382352941176471,0.82591
METASVM,0.9164265129682997,0.9352941176470588,0.8365
METASVM,0.9161849710982659,0.9323529411764706,0.83816
METASVM,0.9188405797101449,0.9323529411764706,0.84419
METASVM,0.9186046511627907,0.9294117647058824,0.84553
METASVM,0.9183673469387755,0.9264705882352942,0.84684
METASVM,0.9210526315789473,0.9264705882352942,0.84808
METASVM,0.9208211143695014,0.9235294117647059,0.84879
METASVM,0.9205882352941176,0.9205882352941176,0.85528
METASVM,0.9203539823008849,0.9176470588235294,0.85596
METASVM,0.9201183431952663,0.9147058823529411,0.86509
METASVM,0.9198813056379822,0.9117647058823529,0.8657
METASVM,0.9196428571428571,0.9088235294117647,0.8664
METASVM,0.9194029850746268,0.9058823529411765,0.86708
METASVM,0.9191616766467066,0.9029411764705882,0.86726
METASVM,0.918918918918919,0.9,0.87287
METASVM,0.9186746987951807,0.8970588235294118,0.87577
METASVM,0.918429003021148,0.8941176470588236,0.87742
METASVM,0.9181818181818182,0.8911764705882353,0.87759
METASVM,0.9179331306990881,0.888235294117647,0.88036
METASVM,0.9176829268292683,0.8852941176470588,0.88239
METASVM,0.9174311926605505,0.8823529411764706,0.88312
METASVM,0.9171779141104295,0.8794117647058823,0.88451
METASVM,0.916923076923077,0.8764705882352941,0.88558
METASVM,0.9166666666666666,0.8735294117647059,0.88641
METASVM,0.9164086687306502,0.8705882352941177,0.88667
METASVM,0.9161490683229814,0.8676470588235294,0.88757
METASVM,0.9158878504672897,0.8647058823529412,0.88866
METASVM,0.91875,0.8647058823529412,0.88883
METASVM,0.9184952978056427,0.861764705882353,0.89201
METASVM,0.9182389937106918,0.8588235294117647,0.89494
METASVM,0.917981072555205,0.8558823529411764,0.89772
METASVM,0.9177215189873418,0.8529411764705882,0.89811
METASVM,0.9174603174603174,0.85,0.90063
METASVM,0.9171974522292994,0.8470588235294118,0.90105
METASVM,0.9169329073482428,0.8441176470588235,0.90624
METASVM,0.9166666666666666,0.8411764705882353,0.90897
METASVM,0.9163987138263665,0.8382352941176471,0.91074
METASVM,0.9161290322580645,0.8352941176470589,0.91262
METASVM,0.9158576051779935,0.8323529411764706,0.91336
METASVM,0.9155844155844156,0.8294117647058824,0.91392
METASVM,0.9185667752442996,0.8294117647058824,0.91436
METASVM,0.9183006535947712,0.8264705882352941,0.91641
METASVM,0.9180327868852459,0.8235294117647058,0.91879
METASVM,0.9177631578947368,0.8205882352941176,0.92181
METASVM,0.9174917491749175,0.8176470588235294,0.92494
METASVM,0.9205298013245033,0.8176470588235294,0.92769
METASVM,0.9235880398671097,0.8176470588235294,0.92836
METASVM,0.9266666666666666,0.8176470588235294,0.92989
METASVM,0.9264214046822743,0.8147058823529412,0.93083
METASVM,0.9261744966442953,0.8117647058823529,0.93211
METASVM,0.9259259259259259,0.8088235294117647,0.934
METASVM,0.9256756756756757,0.8058823529411765,0.93737
METASVM,0.9254237288135593,0.8029411764705883,0.94007
METASVM,0.9251700680272109,0.8,0.94104
METASVM,0.9249146757679181,0.7970588235294118,0.94473
METASVM,0.928082191780822,0.7970588235294118,0.94742
METASVM,0.9278350515463918,0.7941176470588235,0.9484
METASVM,0.9275862068965517,0.7911764705882353,0.95384
METASVM,0.9307958477508651,0.7911764705882353,0.95458
METASVM,0.9303135888501742,0.7852941176470588,0.95461
METASVM,0.9300699300699301,0.7823529411764706,0.95621
METASVM,0.9298245614035088,0.7794117647058824,0.95623
METASVM,0.9295774647887324,0.7764705882352941,0.95658
METASVM,0.9293286219081273,0.7735294117647059,0.95701
METASVM,0.9290780141843972,0.7705882352941177,0.95759
METASVM,0.9288256227758007,0.7676470588235295,0.95769
METASVM,0.9283154121863799,0.7617647058823529,0.95781
METASVM,0.927797833935018,0.7558823529411764,0.95789
METASVM,0.927536231884058,0.7529411764705882,0.95825
METASVM,0.927007299270073,0.7470588235294118,0.95852
METASVM,0.9264705882352942,0.7411764705882353,0.95868
METASVM,0.9261992619926199,0.7382352941176471,0.95898
METASVM,0.9259259259259259,0.7352941176470589,0.95927
METASVM,0.9256505576208178,0.7323529411764705,0.95929
METASVM,0.9253731343283582,0.7294117647058823,0.95954
METASVM,0.9250936329588015,0.7264705882352941,0.95964
METASVM,0.924812030075188,0.7235294117647059,0.9598
METASVM,0.9242424242424242,0.7176470588235294,0.95993
METASVM,0.9239543726235742,0.7147058823529412,0.95999
METASVM,0.9236641221374046,0.711764705882353,0.96003
METASVM,0.9230769230769231,0.7058823529411765,0.96009
METASVM,0.9227799227799228,0.7029411764705882,0.96021
METASVM,0.9224806201550387,0.7,0.96034
METASVM,0.9221789883268483,0.6970588235294117,0.96051
METASVM,0.921875,0.6941176470588235,0.96055
METASVM,0.9215686274509803,0.6911764705882353,0.96068
METASVM,0.9212598425196851,0.6882352941176471,0.96115
METASVM,0.9209486166007905,0.6852941176470588,0.9612
METASVM,0.9206349206349206,0.6823529411764706,0.96137
METASVM,0.9203187250996016,0.6794117647058824,0.96142
METASVM,0.9196787148594378,0.6735294117647059,0.96178
METASVM,0.9190283400809717,0.6676470588235294,0.96191
METASVM,0.9186991869918699,0.6647058823529411,0.96194
METASVM,0.9183673469387755,0.6617647058823529,0.96202
METASVM,0.9180327868852459,0.6588235294117647,0.96208
METASVM,0.9176954732510288,0.6558823529411765,0.96229
METASVM,0.9173553719008265,0.6529411764705882,0.9623
METASVM,0.91701244813278,0.65,0.96335
METASVM,0.9166666666666666,0.6470588235294118,0.96353
METASVM,0.9163179916317992,0.6441176470588236,0.96357
METASVM,0.9159663865546218,0.6411764705882353,0.96361
METASVM,0.9156118143459916,0.638235294117647,0.96369
METASVM,0.9152542372881356,0.6352941176470588,0.96377
METASVM,0.9148936170212766,0.6323529411764706,0.964
METASVM,0.9145299145299145,0.6294117647058823,0.96426
METASVM,0.9141630901287554,0.6264705882352941,0.96438
METASVM,0.9137931034482759,0.6235294117647059,0.96441
METASVM,0.9134199134199135,0.6205882352941177,0.96473
METASVM,0.9126637554585153,0.6147058823529412,0.96474
METASVM,0.9122807017543859,0.611764705882353,0.9648
METASVM,0.9118942731277533,0.6088235294117647,0.96489
METASVM,0.911504424778761,0.6058823529411764,0.96492
METASVM,0.9111111111111111,0.6029411764705882,0.96528
METASVM,0.9151785714285714,0.6029411764705882,0.96542
METASVM,0.9147982062780269,0.6,0.96563
METASVM,0.9144144144144144,0.5970588235294118,0.96577
METASVM,0.9136363636363637,0.5911764705882353,0.96578
METASVM,0.91324200913242,0.5882352941176471,0.96581
METASVM,0.9120370370370371,0.5794117647058824,0.96594
METASVM,0.9107981220657277,0.5705882352941176,0.96607
METASVM,0.910377358490566,0.5676470588235294,0.96618
METASVM,0.909952606635071,0.5647058823529412,0.96629
METASVM,0.9095238095238095,0.5617647058823529,0.96638
METASVM,0.9090909090909091,0.5588235294117647,0.96639
METASVM,0.9086538461538461,0.5558823529411765,0.96641
METASVM,0.9077669902912622,0.55,0.96668
METASVM,0.9073170731707317,0.5470588235294118,0.96669
METASVM,0.9064039408866995,0.5411764705882353,0.96673
METASVM,0.905940594059406,0.538235294117647,0.9668
METASVM,0.9054726368159204,0.5352941176470588,0.9673
METASVM,0.905,0.5323529411764706,0.96741
METASVM,0.9045226130653267,0.5294117647058824,0.96754
METASVM,0.9035532994923858,0.5235294117647059,0.96767
METASVM,0.9030612244897959,0.5205882352941177,0.96768
METASVM,0.9025641025641026,0.5176470588235295,0.96821
METASVM,0.9020618556701031,0.5147058823529411,0.96823
METASVM,0.9010416666666666,0.5088235294117647,0.96828
METASVM,0.900523560209424,0.5058823529411764,0.96854
METASVM,0.9,0.5029411764705882,0.96874
METASVM,0.8994708994708994,0.5,0.96889
METASVM,0.898936170212766,0.4970588235294118,0.96914
METASVM,0.9037433155080213,0.4970588235294118,0.96917
METASVM,0.9032258064516129,0.49411764705882355,0.96926
METASVM,0.9027027027027027,0.49117647058823527,0.9694
METASVM,0.9010989010989011,0.4823529411764706,0.96942
METASVM,0.9005524861878453,0.47941176470588237,0.96979
METASVM,0.9,0.4764705882352941,0.96983
METASVM,0.8994413407821229,0.47352941176470587,0.96987
METASVM,0.9028571428571428,0.4647058823529412,0.97007
METASVM,0.9017341040462428,0.4588235294117647,0.97017
METASVM,0.9011627906976745,0.45588235294117646,0.97024
METASVM,0.9005847953216374,0.45294117647058824,0.97032
METASVM,0.9,0.45,0.9706
METASVM,0.9041916167664671,0.4441176470588235,0.97065
METASVM,0.9036144578313253,0.4411764705882353,0.97081
METASVM,0.9030303030303031,0.43823529411764706,0.97108
METASVM,0.9024390243902439,0.43529411764705883,0.97135
METASVM,0.901840490797546,0.4323529411764706,0.97151
METASVM,0.9012345679012346,0.4294117647058823,0.97154
METASVM,0.9006211180124224,0.4264705882352941,0.97161
METASVM,0.9,0.4235294117647059,0.97169
METASVM,0.89937106918239,0.42058823529411765,0.9717
METASVM,0.8987341772151899,0.4176470588235294,0.97175
METASVM,0.8980891719745223,0.4147058823529412,0.9719
METASVM,0.8974358974358975,0.4117647058823529,0.97192
METASVM,0.896774193548387,0.4088235294117647,0.97257
METASVM,0.8954248366013072,0.40294117647058825,0.97265
METASVM,0.8947368421052632,0.4,0.97267
METASVM,0.8940397350993378,0.39705882352941174,0.97269
METASVM,0.8926174496644296,0.3911764705882353,0.97285
METASVM,0.8918918918918919,0.38823529411764707,0.9731
METASVM,0.891156462585034,0.38529411764705884,0.97324
METASVM,0.8896551724137931,0.37941176470588234,0.97338
METASVM,0.8888888888888888,0.3764705882352941,0.97349
METASVM,0.8881118881118881,0.3735294117647059,0.97359
METASVM,0.8873239436619719,0.37058823529411766,0.97366
METASVM,0.8865248226950354,0.36764705882352944,0.97372
METASVM,0.8857142857142857,0.36470588235294116,0.97381
METASVM,0.8848920863309353,0.36176470588235293,0.97408
METASVM,0.8832116788321168,0.3558823529411765,0.9741
METASVM,0.8823529411764706,0.35294117647058826,0.97441
METASVM,0.8814814814814815,0.35,0.97445
METASVM,0.8805970149253731,0.34705882352941175,0.97497
METASVM,0.8796992481203008,0.34411764705882353,0.97512
METASVM,0.8778625954198473,0.3382352941176471,0.97521
METASVM,0.8769230769230769,0.3352941176470588,0.97528
METASVM,0.875968992248062,0.3323529411764706,0.97545
METASVM,0.875,0.32941176470588235,0.97574
METASVM,0.8740157480314961,0.3264705882352941,0.9759
METASVM,0.873015873015873,0.3235294117647059,0.97594
METASVM,0.872,0.3205882352941177,0.97598
METASVM,0.8709677419354839,0.3176470588235294,0.97626
METASVM,0.8699186991869918,0.31470588235294117,0.97628
METASVM,0.8688524590163934,0.31176470588235294,0.97646
METASVM,0.8677685950413223,0.3088235294117647,0.97657
METASVM,0.8666666666666667,0.3058823529411765,0.97677
METASVM,0.865546218487395,0.3029411764705882,0.97687
METASVM,0.864406779661017,0.3,0.97704
METASVM,0.8632478632478633,0.29705882352941176,0.97706
METASVM,0.8620689655172413,0.29411764705882354,0.97714
METASVM,0.8695652173913043,0.29411764705882354,0.97733
METASVM,0.8672566371681416,0.28823529411764703,0.97737
METASVM,0.875,0.28823529411764703,0.97746
METASVM,0.8738738738738738,0.2852941176470588,0.97756
METASVM,0.8727272727272727,0.2823529411764706,0.97758
METASVM,0.8715596330275229,0.27941176470588236,0.97803
METASVM,0.8703703703703703,0.27647058823529413,0.97821
METASVM,0.8691588785046729,0.2735294117647059,0.97858
METASVM,0.8679245283018868,0.27058823529411763,0.9786
METASVM,0.8653846153846154,0.2647058823529412,0.97872
METASVM,0.8737864077669902,0.2647058823529412,0.9788
METASVM,0.8823529411764706,0.2647058823529412,0.97899
METASVM,0.8811881188118812,0.26176470588235295,0.97914
METASVM,0.88,0.25882352941176473,0.97928
METASVM,0.8787878787878788,0.25588235294117645,0.97944
METASVM,0.8775510204081632,0.2529411764705882,0.97963
METASVM,0.875,0.24705882352941178,0.97967
METASVM,0.8736842105263158,0.24411764705882352,0.97969
METASVM,0.8723404255319149,0.2411764705882353,0.97985
METASVM,0.8709677419354839,0.23823529411764705,0.98058
METASVM,0.8695652173913043,0.23529411764705882,0.98075
METASVM,0.8681318681318682,0.2323529411764706,0.98094
METASVM,0.8651685393258427,0.22647058823529412,0.98111
METASVM,0.8604651162790697,0.21764705882352942,0.98122
METASVM,0.8588235294117647,0.21470588235294116,0.98128
METASVM,0.8571428571428571,0.21176470588235294,0.9817
METASVM,0.8554216867469879,0.2088235294117647,0.98172
METASVM,0.8536585365853658,0.20588235294117646,0.98235
METASVM,0.8641975308641975,0.20588235294117646,0.98241
METASVM,0.8625,0.20294117647058824,0.98267
METASVM,0.8607594936708861,0.2,0.98294
METASVM,0.8589743589743589,0.19705882352941176,0.98301
METASVM,0.8571428571428571,0.19411764705882353,0.98322
METASVM,0.8552631578947368,0.19117647058823528,0.98334
METASVM,0.8513513513513513,0.18529411764705883,0.98336
METASVM,0.863013698630137,0.18529411764705883,0.98339
METASVM,0.8591549295774648,0.17941176470588235,0.98348
METASVM,0.8714285714285714,0.17941176470588235,0.98353
METASVM,0.8695652173913043,0.17647058823529413,0.98367
METASVM,0.8676470588235294,0.17352941176470588,0.9838
METASVM,0.8656716417910447,0.17058823529411765,0.98394
METASVM,0.8636363636363636,0.1676470588235294,0.98402
METASVM,0.8615384615384616,0.16470588235294117,0.98407
METASVM,0.859375,0.16176470588235295,0.98435
METASVM,0.8571428571428571,0.1588235294117647,0.98462
METASVM,0.8548387096774194,0.15588235294117647,0.98503
METASVM,0.8524590163934426,0.15294117647058825,0.98511
METASVM,0.8666666666666667,0.15294117647058825,0.98514
METASVM,0.864406779661017,0.15,0.98611
METASVM,0.8596491228070176,0.14411764705882352,0.98619
METASVM,0.875,0.14411764705882352,0.98644
METASVM,0.8727272727272727,0.1411764705882353,0.98647
METASVM,0.8703703703703703,0.13823529411764707,0.98661
METASVM,0.8679245283018868,0.13529411764705881,0.98678
METASVM,0.8653846153846154,0.1323529411764706,0.9869
METASVM,0.8627450980392157,0.12941176470588237,0.98701
METASVM,0.86,0.1264705882352941,0.98704
METASVM,0.8571428571428571,0.12352941176470589,0.98713
METASVM,0.8541666666666666,0.12058823529411765,0.98736
METASVM,0.8478260869565217,0.11470588235294117,0.98768
METASVM,0.8444444444444444,0.11176470588235295,0.98774
METASVM,0.8372093023255814,0.10588235294117647,0.98786
METASVM,0.8333333333333334,0.10294117647058823,0.98792
METASVM,0.825,0.09705882352941177,0.98857
METASVM,0.8157894736842105,0.09117647058823529,0.98898
METASVM,0.8108108108108109,0.08823529411764706,0.98992
METASVM,0.8055555555555556,0.08529411764705883,0.99037
METASVM,0.8,0.08235294117647059,0.99076
METASVM,0.7941176470588235,0.07941176470588235,0.9911
METASVM,0.7741935483870968,0.07058823529411765,0.99174
METASVM,0.7666666666666667,0.06764705882352941,0.99182
METASVM,0.7857142857142857,0.06470588235294118,0.9922
METASVM,0.8148148148148148,0.06470588235294118,0.99228
METASVM,0.8076923076923077,0.061764705882352944,0.99416
METASVM,0.8,0.058823529411764705,0.99434
METASVM,0.7916666666666666,0.05588235294117647,0.99463
METASVM,0.782608695652174,0.052941176470588235,0.9948
METASVM,0.7727272727272727,0.05,0.99551
METASVM,0.7619047619047619,0.047058823529411764,0.99572
METASVM,0.75,0.04411764705882353,0.99594
METASVM,0.7368421052631579,0.041176470588235294,0.99618
METASVM,0.7222222222222222,0.03823529411764706,0.99636
METASVM,0.6875,0.03235294117647059,0.99644
METASVM,0.6666666666666666,0.029411764705882353,0.99724
METASVM,0.6428571428571429,0.026470588235294117,0.99826
METASVM,0.6153846153846154,0.023529411764705882,0.99866
METASVM,0.6363636363636364,0.020588235294117647,0.99891
METASVM,0.6,0.01764705882352941,0.99894
METASVM,0.5555555555555556,0.014705882352941176,0.99905
METASVM,0.5,0.011764705882352941,0.9992
METASVM,0.42857142857142855,0.008823529411764706,0.99923
METASVM,0.3333333333333333,0.0058823529411764705,0.99941
METASVM,0.4,0.0058823529411764705,0.99949
METASVM,0.25,0.0029411764705882353,0.99954
METASVM,0.0,0.0,0.9996
METASVM,0.0,0.0,0.99979
METASVM,0.0,0.0,0.99981
MPC,0.8542713567839196,1.0,0.09295
MPC,0.8564231738035264,1.0,0.14337
MPC,0.8585858585858586,1.0,0.14368
MPC,0.8607594936708861,1.0,0.17035
MPC,0.8629441624365483,1.0,0.17156
MPC,0.8651399491094147,1.0,0.17814
MPC,0.8673469387755102,1.0,0.18412
MPC,0.8695652173913043,1.0,0.18954
MPC,0.8717948717948718,1.0,0.19548
MPC,0.8740359897172236,1.0,0.21994
MPC,0.8737113402061856,0.9970588235294118,0.23102
MPC,0.875968992248062,0.9970588235294118,0.25406
MPC,0.8782383419689119,0.9970588235294118,0.2642
MPC,0.8805194805194805,0.9970588235294118,0.26518
MPC,0.8828125,0.9970588235294118,0.27557
MPC,0.8851174934725848,0.9970588235294118,0.28077
MPC,0.887434554973822,0.9970588235294118,0.29859
MPC,0.889763779527559,0.9970588235294118,0.3036
MPC,0.8921052631578947,0.9970588235294118,0.31525
MPC,0.8944591029023746,0.9970588235294118,0.31536
MPC,0.8968253968253969,0.9970588235294118,0.34721
MPC,0.896551724137931,0.9941176470588236,0.36836
MPC,0.898936170212766,0.9941176470588236,0.36904
MPC,0.8986666666666666,0.9911764705882353,0.37118
MPC,0.8983957219251337,0.9882352941176471,0.39175
MPC,0.900804289544236,0.9882352941176471,0.39503
MPC,0.9032258064516129,0.9882352941176471,0.40151
MPC,0.9081081081081082,0.9882352941176471,0.40252
MPC,0.907859078590786,0.9852941176470589,0.41066
MPC,0.9103260869565217,0.9852941176470589,0.42226
MPC,0.9128065395095368,0.9852941176470589,0.42593
MPC,0.9153005464480874,0.9852941176470589,0.43171
MPC,0.9178082191780822,0.9852941176470589,0.43257
MPC,0.9175824175824175,0.9823529411764705,0.44169
MPC,0.9201101928374655,0.9823529411764705,0.46845
MPC,0.919889502762431,0.9794117647058823,0.48668
MPC,0.9224376731301939,0.9794117647058823,0.48764
MPC,0.9222222222222223,0.9764705882352941,0.49084
MPC,0.9220055710306406,0.9735294117647059,0.5008
MPC,0.9245810055865922,0.9735294117647059,0.50148
MPC,0.927170868347339,0.9735294117647059,0.50163
MPC,0.9297752808988764,0.9735294117647059,0.51692
MPC,0.9295774647887324,0.9705882352941176,0.52317
MPC,0.9293785310734464,0.9676470588235294,0.54816
MPC,0.9320113314447592,0.9676470588235294,0.55126
MPC,0.9346590909090909,0.9676470588235294,0.55271
MPC,0.9344729344729344,0.9647058823529412,0.55557
MPC,0.9371428571428572,0.9647058823529412,0.57225
MPC,0.9398280802292264,0.9647058823529412,0.5726
MPC,0.9396551724137931,0.961764705882353,0.58312
MPC,0.9423631123919308,0.961764705882353,0.58366
MPC,0.9421965317919075,0.9588235294117647,0.59095
MPC,0.9420289855072463,0.9558823529411765,0.59268
MPC,0.9447674418604651,0.9558823529411765,0.59535
MPC,0.9446064139941691,0.9529411764705882,0.60016
MPC,0.9444444444444444,0.95,0.60258
MPC,0.9442815249266863,0.9470588235294117,0.60281
MPC,0.9441176470588235,0.9441176470588235,0.60394
MPC,0.9469026548672567,0.9441176470588235,0.60673
MPC,0.9467455621301775,0.9411764705882353,0.6162
MPC,0.9465875370919882,0.9382352941176471,0.62228
MPC,0.9464285714285714,0.9352941176470588,0.62362
MPC,0.9462686567164179,0.9323529411764706,0.62374
MPC,0.9461077844311377,0.9294117647058824,0.62522
MPC,0.9459459459459459,0.9264705882352942,0.62541
MPC,0.9457831325301205,0.9235294117647059,0.63074
MPC,0.945619335347432,0.9205882352941176,0.63316
MPC,0.9454545454545454,0.9176470588235294,0.63719
MPC,0.9452887537993921,0.9147058823529411,0.64086
MPC,0.9451219512195121,0.9117647058823529,0.64589
MPC,0.944954128440367,0.9088235294117647,0.64885
MPC,0.9447852760736196,0.9058823529411765,0.65142
MPC,0.9476923076923077,0.9058823529411765,0.6634
MPC,0.9475308641975309,0.9029411764705882,0.66697
MPC,0.9473684210526315,0.9,0.67039
MPC,0.9472049689440993,0.8970588235294118,0.6758
MPC,0.9501557632398754,0.8970588235294118,0.68761
MPC,0.95,0.8941176470588236,0.6903
MPC,0.9529780564263323,0.8941176470588236,0.6904
MPC,0.9559748427672956,0.8941176470588236,0.69393
MPC,0.9589905362776026,0.8941176470588236,0.69583
MPC,0.9620253164556962,0.8941176470588236,0.70143
MPC,0.9617834394904459,0.888235294117647,0.70276
MPC,0.9616613418530351,0.8852941176470588,0.70442
MPC,0.9615384615384616,0.8823529411764706,0.70591
MPC,0.9614147909967846,0.8794117647058823,0.70679
MPC,0.964516129032258,0.8794117647058823,0.70782
MPC,0.9644012944983819,0.8764705882352941,0.70818
MPC,0.9642857142857143,0.8735294117647059,0.70933
MPC,0.9641693811074918,0.8705882352941177,0.70941
MPC,0.9640522875816994,0.8676470588235294,0.71035
MPC,0.9672131147540983,0.8676470588235294,0.71119
MPC,0.9671052631578947,0.8647058823529412,0.71924
MPC,0.9702970297029703,0.8647058823529412,0.72028
MPC,0.9701986754966887,0.861764705882353,0.72309
MPC,0.9700996677740864,0.8588235294117647,0.72342
MPC,0.97,0.8558823529411764,0.72543
MPC,0.9698996655518395,0.8529411764705882,0.73115
MPC,0.9697986577181208,0.85,0.73162
MPC,0.9730639730639731,0.85,0.74044
MPC,0.972972972972973,0.8470588235294118,0.74498
MPC,0.9728813559322034,0.8441176470588235,0.74909
MPC,0.9727891156462585,0.8411764705882353,0.75199
MPC,0.9726962457337884,0.8382352941176471,0.75343
MPC,0.9726027397260274,0.8352941176470589,0.75358
MPC,0.9724137931034482,0.8294117647058824,0.75982
MPC,0.972318339100346,0.8264705882352941,0.76078
MPC,0.9722222222222222,0.8235294117647058,0.76419
MPC,0.9721254355400697,0.8205882352941176,0.76508
MPC,0.972027972027972,0.8176470588235294,0.76532
MPC,0.9719298245614035,0.8147058823529412,0.76547
MPC,0.971830985915493,0.8117647058823529,0.76577
MPC,0.9717314487632509,0.8088235294117647,0.76618
MPC,0.9716312056737588,0.8058823529411765,0.76952
MPC,0.9715302491103203,0.8029411764705883,0.7755
MPC,0.9713261648745519,0.7970588235294118,0.77668
MPC,0.9712230215827338,0.7941176470588235,0.78579
MPC,0.9711191335740073,0.7911764705882353,0.78952
MPC,0.9710144927536232,0.788235294117647,0.79122
MPC,0.9709090909090909,0.7852941176470588,0.79442
MPC,0.9708029197080292,0.7823529411764706,0.79525
MPC,0.9743589743589743,0.7823529411764706,0.79564
MPC,0.9742647058823529,0.7794117647058824,0.79846
MPC,0.974169741697417,0.7764705882352941,0.80086
MPC,0.9740740740740741,0.7735294117647059,0.80102
MPC,0.9739776951672863,0.7705882352941177,0.80215
MPC,0.9738805970149254,0.7676470588235295,0.80221
MPC,0.9736842105263158,0.7617647058823529,0.80306
MPC,0.9735849056603774,0.7588235294117647,0.80423
MPC,0.9734848484848485,0.7558823529411764,0.8044
MPC,0.973384030418251,0.7529411764705882,0.80563
MPC,0.9732824427480916,0.75,0.80613
MPC,0.9731800766283525,0.7470588235294118,0.80707
MPC,0.9769230769230769,0.7470588235294118,0.80796
MPC,0.9806201550387597,0.7441176470588236,0.81163
MPC,0.980544747081712,0.7411764705882353,0.81241
MPC,0.98046875,0.7382352941176471,0.81419
MPC,0.984313725490196,0.7382352941176471,0.81868
MPC,0.984251968503937,0.7352941176470589,0.82019
MPC,0.9841897233201581,0.7323529411764705,0.82033
MPC,0.9840637450199203,0.7264705882352941,0.82149
MPC,0.984,0.7235294117647059,0.82175
MPC,0.9839357429718876,0.7205882352941176,0.82617
MPC,0.9838709677419355,0.7176470588235294,0.82854
MPC,0.9838056680161943,0.7147058823529412,0.83157
MPC,0.9878048780487805,0.7147058823529412,0.83177
MPC,0.9877049180327869,0.7088235294117647,0.83183
MPC,0.9876543209876543,0.7058823529411765,0.8328
MPC,0.987603305785124,0.7029411764705882,0.83473
MPC,0.9875518672199171,0.7,0.8356
MPC,0.9875,0.6970588235294117,0.83598
MPC,0.9874476987447699,0.6941176470588235,0.83612
MPC,0.9873949579831933,0.6911764705882353,0.83902
MPC,0.9873417721518988,0.6882352941176471,0.84084
MPC,0.9872340425531915,0.6823529411764706,0.8457
MPC,0.9871794871794872,0.6794117647058824,0.84646
MPC,0.9870689655172413,0.6735294117647059,0.84785
MPC,0.9869565217391304,0.6676470588235294,0.84966
MPC,0.9868995633187773,0.6647058823529411,0.85025
MPC,0.9868421052631579,0.6617647058823529,0.8507
MPC,0.986784140969163,0.6588235294117647,0.851
MPC,0.9867256637168141,0.6558823529411765,0.85113
MPC,0.9866666666666667,0.6529411764705882,0.85176
MPC,0.9866071428571429,0.65,0.85181
MPC,0.9865470852017937,0.6470588235294118,0.85204
MPC,0.9864864864864865,0.6441176470588236,0.85224
MPC,0.9864253393665159,0.6411764705882353,0.85258
MPC,0.9863636363636363,0.638235294117647,0.85362
MPC,0.9863013698630136,0.6352941176470588,0.85497
MPC,0.9862385321100917,0.6323529411764706,0.85616
MPC,0.9861751152073732,0.6294117647058823,0.85745
MPC,0.9861111111111112,0.6264705882352941,0.85774
MPC,0.985981308411215,0.6205882352941177,0.85807
MPC,0.9859154929577465,0.6176470588235294,0.85829
MPC,0.9857142857142858,0.6088235294117647,0.85831
MPC,0.9856459330143541,0.6058823529411764,0.85874
MPC,0.9855769230769231,0.6029411764705882,0.85934
MPC,0.9855072463768116,0.6,0.86032
MPC,0.9852941176470589,0.5911764705882353,0.86173
MPC,0.9850746268656716,0.5823529411764706,0.86212
MPC,0.985,0.5794117647058824,0.86233
MPC,0.9846938775510204,0.5676470588235294,0.86279
MPC,0.9846153846153847,0.5647058823529412,0.86282
MPC,0.9845360824742269,0.5617647058823529,0.86348
MPC,0.9844559585492227,0.5588235294117647,0.8637
MPC,0.984375,0.5558823529411765,0.8638
MPC,0.9842931937172775,0.5529411764705883,0.86399
MPC,0.9837837837837838,0.5352941176470588,0.86436
MPC,0.9834254143646409,0.5235294117647059,0.86456
MPC,0.9833333333333333,0.5205882352941177,0.86491
MPC,0.9832402234636871,0.5176470588235295,0.86515
MPC,0.9831460674157303,0.5147058823529411,0.86537
MPC,0.9830508474576272,0.5117647058823529,0.86546
MPC,0.9829545454545454,0.5088235294117647,0.86583
MPC,0.9824561403508771,0.49411764705882355,0.86663
MPC,0.9823529411764705,0.49117647058823527,0.8683
MPC,0.9822485207100592,0.48823529411764705,0.87072
MPC,0.9820359281437125,0.4823529411764706,0.87088
MPC,0.9819277108433735,0.47941176470588237,0.87123
MPC,0.9818181818181818,0.4764705882352941,0.87138
MPC,0.9815950920245399,0.47058823529411764,0.8718
MPC,0.9814814814814815,0.4676470588235294,0.8721
MPC,0.9813664596273292,0.4647058823529412,0.87273
MPC,0.98125,0.46176470588235297,0.87288
MPC,0.9806451612903225,0.4470588235294118,0.87328
MPC,0.9805194805194806,0.4441176470588235,0.87391
MPC,0.9803921568627451,0.4411764705882353,0.87412
MPC,0.9801324503311258,0.43529411764705883,0.8742
MPC,0.98,0.4323529411764706,0.87427
MPC,0.9795918367346939,0.4235294117647059,0.87813
MPC,0.9794520547945206,0.42058823529411765,0.87858
MPC,0.9793103448275862,0.4176470588235294,0.87898
MPC,0.9791666666666666,0.4147058823529412,0.87915
MPC,0.9790209790209791,0.4117647058823529,0.87925
MPC,0.9788732394366197,0.4088235294117647,0.87934
MPC,0.9858156028368794,0.4088235294117647,0.87948
MPC,0.9856115107913669,0.40294117647058825,0.88031
MPC,0.9855072463768116,0.4,0.88053
MPC,0.9854014598540146,0.39705882352941174,0.88073
MPC,0.9852941176470589,0.3941176470588235,0.88078
MPC,0.9851851851851852,0.3911764705882353,0.88109
MPC,0.9850746268656716,0.38823529411764707,0.88134
MPC,0.9924812030075187,0.38823529411764707,0.88175
MPC,0.9924242424242424,0.38529411764705884,0.88251
MPC,0.9923664122137404,0.38235294117647056,0.88283
MPC,0.9923076923076923,0.37941176470588234,0.88378
MPC,0.9922480620155039,0.3764705882352941,0.88393
MPC,0.9921875,0.3735294117647059,0.88424
MPC,0.9920634920634921,0.36764705882352944,0.88474
MPC,0.992,0.36470588235294116,0.88493
MPC,0.9919354838709677,0.36176470588235293,0.885
MPC,0.991869918699187,0.3588235294117647,0.88508
MPC,0.9918032786885246,0.3558823529411765,0.88619
MPC,0.9917355371900827,0.35294117647058826,0.88682
MPC,0.9916666666666667,0.35,0.88712
MPC,0.9915254237288136,0.34411764705882353,0.88754
MPC,0.9914529914529915,0.3411764705882353,0.88872
MPC,0.9913793103448276,0.3382352941176471,0.88896
MPC,0.991304347826087,0.3352941176470588,0.88989
MPC,0.9912280701754386,0.3323529411764706,0.89078
MPC,0.9911504424778761,0.32941176470588235,0.89162
MPC,0.9910714285714286,0.3264705882352941,0.8919
MPC,0.990990990990991,0.3235294117647059,0.89199
MPC,0.990909090909091,0.3205882352941177,0.89274
MPC,0.9908256880733946,0.3176470588235294,0.89322
MPC,0.9907407407407407,0.31470588235294117,0.89324
MPC,0.9906542056074766,0.31176470588235294,0.89337
MPC,0.9905660377358491,0.3088235294117647,0.89395
MPC,0.9904761904761905,0.3058823529411765,0.89425
MPC,0.9903846153846154,0.3029411764705882,0.89581
MPC,0.9902912621359223,0.3,0.8965
MPC,0.9901960784313726,0.29705882352941176,0.89665
MPC,0.9900990099009901,0.29411764705882354,0.89703
MPC,0.99,0.2911764705882353,0.89755
MPC,0.98989898989899,0.28823529411764703,0.89762
MPC,0.9897959183673469,0.2852941176470588,0.89763
MPC,0.9896907216494846,0.2823529411764706,0.89765
MPC,0.9894736842105263,0.27647058823529413,0.89786
MPC,0.9893617021276596,0.2735294117647059,0.89795
MPC,0.989247311827957,0.27058823529411763,0.89802
MPC,0.9891304347826086,0.2676470588235294,0.89817
MPC,0.989010989010989,0.2647058823529412,0.89935
MPC,0.9888888888888889,0.26176470588235295,0.89993
MPC,0.9887640449438202,0.25882352941176473,0.90071
MPC,0.9883720930232558,0.25,0.90205
MPC,0.9882352941176471,0.24705882352941178,0.90271
MPC,0.9880952380952381,0.24411764705882352,0.90621
MPC,0.9879518072289156,0.2411764705882353,0.90707
MPC,0.9878048780487805,0.23823529411764705,0.90714
MPC,0.9875,0.2323529411764706,0.90838
MPC,0.9873417721518988,0.22941176470588234,0.90895
MPC,0.9871794871794872,0.22647058823529412,0.9092
MPC,0.987012987012987,0.2235294117647059,0.9102
MPC,0.9868421052631579,0.22058823529411764,0.91066
MPC,0.9866666666666667,0.21764705882352942,0.91124
MPC,0.9864864864864865,0.21470588235294116,0.91147
MPC,0.9863013698630136,0.21176470588235294,0.91191
MPC,0.9859154929577465,0.20588235294117646,0.91258
MPC,0.9857142857142858,0.20294117647058824,0.91277
MPC,0.9852941176470589,0.19705882352941176,0.91346
MPC,0.9850746268656716,0.19411764705882353,0.91652
MPC,0.9848484848484849,0.19117647058823528,0.91716
MPC,0.9846153846153847,0.18823529411764706,0.91831
MPC,0.984375,0.18529411764705883,0.92106
MPC,0.9838709677419355,0.17941176470588235,0.92166
MPC,0.9833333333333333,0.17352941176470588,0.92182
MPC,0.9830508474576272,0.17058823529411765,0.92234
MPC,0.9827586206896551,0.1676470588235294,0.92269
MPC,0.9824561403508771,0.16470588235294117,0.92286
MPC,0.9821428571428571,0.16176470588235295,0.92306
MPC,0.9818181818181818,0.1588235294117647,0.92329
MPC,0.9814814814814815,0.15588235294117647,0.92346
MPC,0.9811320754716981,0.15294117647058825,0.92367
MPC,0.9803921568627451,0.14705882352941177,0.92385
MPC,0.9791666666666666,0.13823529411764707,0.92533
MPC,0.9787234042553191,0.13529411764705881,0.92558
MPC,0.9782608695652174,0.1323529411764706,0.92581
MPC,0.9777777777777777,0.12941176470588237,0.92975
MPC,0.9772727272727273,0.1264705882352941,0.93138
MPC,0.9767441860465116,0.12352941176470589,0.93203
MPC,0.9761904761904762,0.12058823529411765,0.93343
MPC,0.975609756097561,0.11764705882352941,0.93378
MPC,0.975,0.11470588235294117,0.93387
MPC,0.9736842105263158,0.10882352941176471,0.93641
MPC,0.972972972972973,0.10588235294117647,0.93719
MPC,0.9722222222222222,0.10294117647058823,0.94362
MPC,0.9714285714285714,0.1,0.94469
MPC,0.9705882352941176,0.09705882352941177,0.9451
MPC,0.9696969696969697,0.09411764705882353,0.94574
MPC,0.967741935483871,0.08823529411764706,0.94593
MPC,0.9666666666666667,0.08529411764705883,0.94792
MPC,0.9655172413793104,0.08235294117647059,0.94808
MPC,0.9642857142857143,0.07941176470588235,0.94835
MPC,0.9629629629629629,0.07647058823529412,0.94954
MPC,0.9615384615384616,0.07352941176470588,0.94994
MPC,0.96,0.07058823529411765,0.95259
MPC,0.9583333333333334,0.06764705882352941,0.95671
MPC,0.9565217391304348,0.06470588235294118,0.9595
MPC,0.9545454545454546,0.061764705882352944,0.95995
MPC,0.9473684210526315,0.052941176470588235,0.96132
MPC,0.9444444444444444,0.05,0.96144
MPC,0.9411764705882353,0.047058823529411764,0.96282
MPC,1.0,0.047058823529411764,0.96349
MPC,1.0,0.04411764705882353,0.96624
MPC,1.0,0.041176470588235294,0.97044
MPC,1.0,0.03823529411764706,0.97266
MPC,1.0,0.03529411764705882,0.97401
MPC,1.0,0.03235294117647059,0.98061
MPC,1.0,0.029411764705882353,0.9834
MPC,1.0,0.026470588235294117,0.98552
MPC,1.0,0.023529411764705882,0.98654
MPC,1.0,0.020588235294117647,0.99043
MPC,1.0,0.01764705882352941,0.992
MPC,1.0,0.014705882352941176,0.99279
MPC,1.0,0.008823529411764706,0.99478
MPC,1.0,0.0058823529411764705,0.99497
MPC,1.0,0.0029411764705882353,0.99941
MUTASSESS,0.8542713567839196,1.0,0.00213
MUTASSESS,0.8564231738035264,1.0,0.01297
MUTASSESS,0.8560606060606061,0.9970588235294118,0.01487
MUTASSESS,0.8582278481012658,0.9970588235294118,0.01592
MUTASSESS,0.8578680203045685,0.9941176470588236,0.02423
MUTASSESS,0.8622448979591837,0.9941176470588236,0.04186
MUTASSESS,0.8618925831202046,0.9911764705882353,0.04489
MUTASSESS,0.8641025641025641,0.9911764705882353,0.04751
MUTASSESS,0.8663239074550129,0.9911764705882353,0.06502
MUTASSESS,0.8656330749354005,0.9852941176470589,0.0893
MUTASSESS,0.8652849740932642,0.9823529411764705,0.09075
MUTASSESS,0.8675324675324675,0.9823529411764705,0.09279
MUTASSESS,0.8671875,0.9794117647058823,0.09592
MUTASSESS,0.8694516971279374,0.9794117647058823,0.09755
MUTASSESS,0.8691099476439791,0.9764705882352941,0.10297
MUTASSESS,0.8713910761154856,0.9764705882352941,0.11102
MUTASSESS,0.8756613756613757,0.9735294117647059,0.12329
MUTASSESS,0.8753315649867374,0.9705882352941176,0.12735
MUTASSESS,0.8776595744680851,0.9705882352941176,0.14367
MUTASSESS,0.8770053475935828,0.9647058823529412,0.15259
MUTASSESS,0.8793565683646113,0.9647058823529412,0.15531
MUTASSESS,0.8787061994609164,0.9588235294117647,0.16135
MUTASSESS,0.8810810810810811,0.9588235294117647,0.16877
MUTASSESS,0.8834688346883469,0.9588235294117647,0.18616
MUTASSESS,0.8831521739130435,0.9558823529411765,0.19267
MUTASSESS,0.8828337874659401,0.9529411764705882,0.19476
MUTASSESS,0.8825136612021858,0.95,0.2011
MUTASSESS,0.8846153846153846,0.9470588235294117,0.20745
MUTASSESS,0.8870523415977961,0.9470588235294117,0.2085
MUTASSESS,0.8895027624309392,0.9470588235294117,0.21196
MUTASSESS,0.8919667590027701,0.9470588235294117,0.22286
MUTASSESS,0.896358543417367,0.9411764705882353,0.2347
MUTASSESS,0.898876404494382,0.9411764705882353,0.24371
MUTASSESS,0.8985915492957747,0.9382352941176471,0.25176
MUTASSESS,0.8983050847457628,0.9352941176470588,0.25341
MUTASSESS,0.8980169971671388,0.9323529411764706,0.26055
MUTASSESS,0.9005681818181818,0.9323529411764706,0.27864
MUTASSESS,0.9002849002849003,0.9294117647058824,0.29146
MUTASSESS,0.9048991354466859,0.9235294117647059,0.29721
MUTASSESS,0.9075144508670521,0.9235294117647059,0.30316
MUTASSESS,0.9069767441860465,0.9176470588235294,0.31258
MUTASSESS,0.9149560117302052,0.9176470588235294,0.31919
MUTASSESS,0.9147058823529411,0.9147058823529411,0.32304
MUTASSESS,0.9174041297935103,0.9147058823529411,0.32522
MUTASSESS,0.9201183431952663,0.9147058823529411,0.33665
MUTASSESS,0.9194029850746268,0.9058823529411765,0.34358
MUTASSESS,0.9221556886227545,0.9058823529411765,0.34781
MUTASSESS,0.9219219219219219,0.9029411764705882,0.35208
MUTASSESS,0.9216867469879518,0.9,0.35314
MUTASSESS,0.9244712990936556,0.9,0.36203
MUTASSESS,0.9292307692307692,0.888235294117647,0.37283
MUTASSESS,0.9290123456790124,0.8852941176470588,0.37685
MUTASSESS,0.9285714285714286,0.8794117647058823,0.38202
MUTASSESS,0.9283489096573209,0.8764705882352941,0.38945
MUTASSESS,0.928125,0.8735294117647059,0.39212
MUTASSESS,0.9276729559748428,0.8676470588235294,0.39613
MUTASSESS,0.930379746835443,0.8647058823529412,0.40152
MUTASSESS,0.9297124600638977,0.8558823529411764,0.40527
MUTASSESS,0.9294871794871795,0.8529411764705882,0.40612
MUTASSESS,0.9292604501607717,0.85,0.40979
MUTASSESS,0.9285714285714286,0.8411764705882353,0.41584
MUTASSESS,0.9283387622149837,0.8382352941176471,0.42067
MUTASSESS,0.9281045751633987,0.8352941176470589,0.42718
MUTASSESS,0.9276315789473685,0.8294117647058824,0.43223
MUTASSESS,0.9273927392739274,0.8264705882352941,0.43657
MUTASSESS,0.9297658862876255,0.8176470588235294,0.44144
MUTASSESS,0.9295302013422819,0.8147058823529412,0.44368
MUTASSESS,0.9292929292929293,0.8117647058823529,0.44959
MUTASSESS,0.9290540540540541,0.8088235294117647,0.45066
MUTASSESS,0.9319727891156463,0.8058823529411765,0.45271
MUTASSESS,0.931740614334471,0.8029411764705883,0.4554
MUTASSESS,0.9315068493150684,0.8,0.46014
MUTASSESS,0.9312714776632303,0.7970588235294118,0.46247
MUTASSESS,0.9310344827586207,0.7941176470588235,0.46598
MUTASSESS,0.9342560553633218,0.7941176470588235,0.47093
MUTASSESS,0.9337979094076655,0.788235294117647,0.47623
MUTASSESS,0.9335664335664335,0.7852941176470588,0.47902
MUTASSESS,0.9326241134751773,0.7735294117647059,0.48501
MUTASSESS,0.931899641577061,0.7647058823529411,0.49422
MUTASSESS,0.9311594202898551,0.7558823529411764,0.49735
MUTASSESS,0.9309090909090909,0.7529411764705882,0.49806
MUTASSESS,0.9304029304029304,0.7470588235294118,0.50391
MUTASSESS,0.9301470588235294,0.7441176470588236,0.50959
MUTASSESS,0.9298892988929889,0.7411764705882353,0.51193
MUTASSESS,0.9296296296296296,0.7382352941176471,0.51259
MUTASSESS,0.929368029739777,0.7352941176470589,0.51654
MUTASSESS,0.928030303030303,0.7205882352941176,0.5269
MUTASSESS,0.9277566539923955,0.7176470588235294,0.53326
MUTASSESS,0.9274809160305344,0.7147058823529412,0.53671
MUTASSESS,0.9272030651340997,0.711764705882353,0.54854
MUTASSESS,0.926923076923077,0.7088235294117647,0.55323
MUTASSESS,0.9266409266409267,0.7058823529411765,0.55836
MUTASSESS,0.9260700389105059,0.7,0.56288
MUTASSESS,0.9296875,0.7,0.56434
MUTASSESS,0.9294117647058824,0.6970588235294117,0.56867
MUTASSESS,0.9330708661417323,0.6970588235294117,0.57221
MUTASSESS,0.932806324110672,0.6941176470588235,0.57546
MUTASSESS,0.9314516129032258,0.6794117647058824,0.5771
MUTASSESS,0.9308943089430894,0.6735294117647059,0.58867
MUTASSESS,0.9306122448979591,0.6705882352941176,0.59147
MUTASSESS,0.930327868852459,0.6676470588235294,0.59685
MUTASSESS,0.9300411522633745,0.6647058823529411,0.59897
MUTASSESS,0.9336099585062241,0.6617647058823529,0.60196
MUTASSESS,0.9333333333333333,0.6588235294117647,0.60375
MUTASSESS,0.9372384937238494,0.6588235294117647,0.6079
MUTASSESS,0.9411764705882353,0.6588235294117647,0.61389
MUTASSESS,0.940677966101695,0.6529411764705882,0.63995
MUTASSESS,0.9446808510638298,0.6529411764705882,0.65211
MUTASSESS,0.9444444444444444,0.65,0.6551
MUTASSESS,0.9439655172413793,0.6441176470588236,0.65764
MUTASSESS,0.9437229437229437,0.6411764705882353,0.66223
MUTASSESS,0.9434782608695652,0.638235294117647,0.66439
MUTASSESS,0.9432314410480349,0.6352941176470588,0.66629
MUTASSESS,0.9429824561403509,0.6323529411764706,0.67166
MUTASSESS,0.9427312775330396,0.6294117647058823,0.67699
MUTASSESS,0.9424778761061947,0.6264705882352941,0.68084
MUTASSESS,0.9466666666666667,0.6264705882352941,0.68177
MUTASSESS,0.9464285714285714,0.6235294117647059,0.69015
MUTASSESS,0.9506726457399103,0.6235294117647059,0.70264
MUTASSESS,0.9504504504504504,0.6205882352941177,0.70414
MUTASSESS,0.9502262443438914,0.6176470588235294,0.70564
MUTASSESS,0.95,0.6147058823529412,0.70747
MUTASSESS,0.9497716894977168,0.611764705882353,0.71058
MUTASSESS,0.9541284403669725,0.611764705882353,0.7188
MUTASSESS,0.958139534883721,0.6058823529411764,0.72481
MUTASSESS,0.9579439252336449,0.6029411764705882,0.73336
MUTASSESS,0.9624413145539906,0.6029411764705882,0.73615
MUTASSESS,0.9622641509433962,0.6,0.7511
MUTASSESS,0.9620853080568721,0.5970588235294118,0.75182
MUTASSESS,0.9619047619047619,0.5941176470588235,0.75368
MUTASSESS,0.9617224880382775,0.5911764705882353,0.75533
MUTASSESS,0.9615384615384616,0.5882352941176471,0.75898
MUTASSESS,0.9611650485436893,0.5823529411764706,0.76153
MUTASSESS,0.9609756097560975,0.5794117647058824,0.76666
MUTASSESS,0.9607843137254902,0.5764705882352941,0.76933
MUTASSESS,0.9605911330049262,0.5735294117647058,0.77044
MUTASSESS,0.9603960396039604,0.5705882352941176,0.77788
MUTASSESS,0.96,0.5647058823529412,0.77975
MUTASSESS,0.9642857142857143,0.5558823529411765,0.78185
MUTASSESS,0.9641025641025641,0.5529411764705883,0.78539
MUTASSESS,0.9690721649484536,0.5529411764705883,0.78704
MUTASSESS,0.9689119170984456,0.55,0.78964
MUTASSESS,0.9739583333333334,0.55,0.79671
MUTASSESS,0.9736842105263158,0.5441176470588235,0.79752
MUTASSESS,0.9735449735449735,0.5411764705882353,0.79912
MUTASSESS,0.978494623655914,0.5352941176470588,0.80595
MUTASSESS,0.9783783783783784,0.5323529411764706,0.80827
MUTASSESS,0.9782608695652174,0.5294117647058824,0.80945
MUTASSESS,0.9781420765027322,0.5264705882352941,0.81085
MUTASSESS,0.978021978021978,0.5235294117647059,0.81335
MUTASSESS,0.9777777777777777,0.5176470588235295,0.81458
MUTASSESS,0.9776536312849162,0.5147058823529411,0.81593
MUTASSESS,0.9772727272727273,0.5058823529411764,0.81703
MUTASSESS,0.9771428571428571,0.5029411764705882,0.82191
MUTASSESS,0.9827586206896551,0.5029411764705882,0.82498
MUTASSESS,0.9884393063583815,0.5029411764705882,0.82639
MUTASSESS,0.9883720930232558,0.5,0.83215
MUTASSESS,0.9883040935672515,0.4970588235294118,0.8339
MUTASSESS,0.9881656804733728,0.49117647058823527,0.83647
MUTASSESS,0.9880952380952381,0.48823529411764705,0.83739
MUTASSESS,0.9879518072289156,0.4823529411764706,0.84068
MUTASSESS,0.9878787878787879,0.47941176470588237,0.84163
MUTASSESS,0.9878048780487805,0.4764705882352941,0.84244
MUTASSESS,0.9876543209876543,0.47058823529411764,0.84478
MUTASSESS,0.9875776397515528,0.4676470588235294,0.84562
MUTASSESS,0.9875,0.4647058823529412,0.84763
MUTASSESS,0.9874213836477987,0.46176470588235297,0.84955
MUTASSESS,0.9936305732484076,0.4588235294117647,0.85341
MUTASSESS,0.9935064935064936,0.45,0.85444
MUTASSESS,0.9934640522875817,0.4470588235294118,0.85646
MUTASSESS,0.993421052631579,0.4441176470588235,0.85979
MUTASSESS,0.9933774834437086,0.4411764705882353,0.86187
MUTASSESS,0.9933333333333333,0.43823529411764706,0.86534
MUTASSESS,0.9932885906040269,0.43529411764705883,0.86613
MUTASSESS,0.9931506849315068,0.4264705882352941,0.86793
MUTASSESS,0.993103448275862,0.4235294117647059,0.86962
MUTASSESS,0.9930555555555556,0.42058823529411765,0.87372
MUTASSESS,0.9929577464788732,0.4147058823529412,0.87617
MUTASSESS,0.9929078014184397,0.4117647058823529,0.87696
MUTASSESS,0.9928571428571429,0.4088235294117647,0.8786
MUTASSESS,0.9927536231884058,0.40294117647058825,0.87936
MUTASSESS,0.9925925925925926,0.3941176470588235,0.88093
MUTASSESS,0.9925373134328358,0.3911764705882353,0.88167
MUTASSESS,0.9924242424242424,0.38529411764705884,0.88694
MUTASSESS,0.9923664122137404,0.38235294117647056,0.88768
MUTASSESS,0.9921875,0.3735294117647059,0.8884
MUTASSESS,0.9921259842519685,0.37058823529411766,0.89058
MUTASSESS,0.9920634920634921,0.36764705882352944,0.89268
MUTASSESS,0.992,0.36470588235294116,0.89481
MUTASSESS,0.9919354838709677,0.36176470588235293,0.89891
MUTASSESS,0.991869918699187,0.3588235294117647,0.9002
MUTASSESS,0.9918032786885246,0.3558823529411765,0.90083
MUTASSESS,0.9917355371900827,0.35294117647058826,0.90281
MUTASSESS,0.9914529914529915,0.3411764705882353,0.90595
MUTASSESS,0.9913793103448276,0.3382352941176471,0.90661
MUTASSESS,0.9912280701754386,0.3323529411764706,0.90844
MUTASSESS,0.9911504424778761,0.32941176470588235,0.91029
MUTASSESS,0.9910714285714286,0.3264705882352941,0.91087
MUTASSESS,0.9908256880733946,0.3176470588235294,0.91213
MUTASSESS,0.9907407407407407,0.31470588235294117,0.91389
MUTASSESS,0.9906542056074766,0.31176470588235294,0.9145
MUTASSESS,0.9904761904761905,0.3058823529411765,0.91681
MUTASSESS,0.9903846153846154,0.3029411764705882,0.91792
MUTASSESS,1.0,0.3,0.91906
MUTASSESS,1.0,0.29705882352941176,0.91961
MUTASSESS,1.0,0.27941176470588236,0.92067
MUTASSESS,1.0,0.27647058823529413,0.92289
MUTASSESS,1.0,0.2735294117647059,0.92399
MUTASSESS,1.0,0.25588235294117645,0.92449
MUTASSESS,1.0,0.2529411764705882,0.92607
MUTASSESS,1.0,0.24705882352941178,0.92661
MUTASSESS,1.0,0.24411764705882352,0.92715
MUTASSESS,1.0,0.23529411764705882,0.92818
MUTASSESS,1.0,0.2323529411764706,0.92972
MUTASSESS,1.0,0.22941176470588234,0.9302
MUTASSESS,1.0,0.22647058823529412,0.93172
MUTASSESS,1.0,0.21764705882352942,0.93268
MUTASSESS,1.0,0.2088235294117647,0.93316
MUTASSESS,1.0,0.20588235294117646,0.93551
MUTASSESS,1.0,0.19705882352941176,0.93694
MUTASSESS,1.0,0.18823529411764706,0.93741
MUTASSESS,1.0,0.17941176470588235,0.93829
MUTASSESS,1.0,0.17647058823529413,0.93872
MUTASSESS,1.0,0.1676470588235294,0.93919
MUTASSESS,1.0,0.16470588235294117,0.94054
MUTASSESS,1.0,0.16176470588235295,0.94095
MUTASSESS,1.0,0.1588235294117647,0.94139
MUTASSESS,1.0,0.14705882352941177,0.94184
MUTASSESS,1.0,0.14411764705882352,0.94317
MUTASSESS,1.0,0.1411764705882353,0.94358
MUTASSESS,1.0,0.1323529411764706,0.94443
MUTASSESS,1.0,0.12352941176470589,0.94487
MUTASSESS,1.0,0.12058823529411765,0.94529
MUTASSESS,1.0,0.11176470588235295,0.94571
MUTASSESS,1.0,0.09411764705882353,0.94612
MUTASSESS,1.0,0.08823529411764706,0.94692
MUTASSESS,1.0,0.08235294117647059,0.94735
MUTASSESS,1.0,0.07941176470588235,0.94817
MUTASSESS,1.0,0.05,0.94857
MUTASSESS,1.0,0.047058823529411764,0.94897
MUTASSESS,1.0,0.04411764705882353,0.94936
MUTASSESS,1.0,0.029411764705882353,0.94977
MUTASSESS,1.0,0.023529411764705882,0.95019
MUTASSESS,1.0,0.011764705882352941,0.95519
MUTASSESS,1.0,0.008823529411764706,0.95555
MUTASSESS,1.0,0.0029411764705882353,0.95915
MUTFORMER,0.8542713567839196,1.0,0.11985
MUTFORMER,0.8564231738035264,1.0,0.12117
MUTFORMER,0.8585858585858586,1.0,0.21752
MUTFORMER,0.8607594936708861,1.0,0.33835
MUTFORMER,0.8604060913705583,0.9970588235294118,0.34183
MUTFORMER,0.8625954198473282,0.9970588235294118,0.34563
MUTFORMER,0.8647959183673469,0.9970588235294118,0.46671
MUTFORMER,0.8670076726342711,0.9970588235294118,0.51621
MUTFORMER,0.8692307692307693,0.9970588235294118,0.53737
MUTFORMER,0.8688946015424165,0.9941176470588236,0.57585
MUTFORMER,0.8685567010309279,0.9911764705882353,0.64609
MUTFORMER,0.8708010335917312,0.9911764705882353,0.6521
MUTFORMER,0.8730569948186528,0.9911764705882353,0.65822
MUTFORMER,0.8727272727272727,0.9882352941176471,0.65903
MUTFORMER,0.8723958333333334,0.9852941176470589,0.68632
MUTFORMER,0.8746736292428199,0.9852941176470589,0.71805
MUTFORMER,0.8769633507853403,0.9852941176470589,0.72286
MUTFORMER,0.8792650918635171,0.9852941176470589,0.72309
MUTFORMER,0.881578947368421,0.9852941176470589,0.72667
MUTFORMER,0.8839050131926122,0.9852941176470589,0.73764
MUTFORMER,0.8835978835978836,0.9823529411764705,0.74711
MUTFORMER,0.8859416445623343,0.9823529411764705,0.75573
MUTFORMER,0.8882978723404256,0.9823529411764705,0.75758
MUTFORMER,0.8906666666666667,0.9823529411764705,0.78905
MUTFORMER,0.893048128342246,0.9823529411764705,0.78968
MUTFORMER,0.8927613941018767,0.9794117647058823,0.79927
MUTFORMER,0.8951612903225806,0.9794117647058823,0.80079
MUTFORMER,0.8975741239892183,0.9794117647058823,0.80619
MUTFORMER,0.9,0.9794117647058823,0.80629
MUTFORMER,0.9024390243902439,0.9794117647058823,0.80898
MUTFORMER,0.904891304347826,0.9794117647058823,0.81461
MUTFORMER,0.9046321525885559,0.9764705882352941,0.8148
MUTFORMER,0.907103825136612,0.9764705882352941,0.8253
MUTFORMER,0.9095890410958904,0.9764705882352941,0.82864
MUTFORMER,0.9120879120879121,0.9764705882352941,0.83072
MUTFORMER,0.9146005509641874,0.9764705882352941,0.83248
MUTFORMER,0.9171270718232044,0.9764705882352941,0.8368
MUTFORMER,0.9196675900277008,0.9764705882352941,0.84063
MUTFORMER,0.9222222222222223,0.9764705882352941,0.84366
MUTFORMER,0.9220055710306406,0.9735294117647059,0.84586
MUTFORMER,0.9217877094972067,0.9705882352941176,0.85224
MUTFORMER,0.9243697478991597,0.9705882352941176,0.85233
MUTFORMER,0.9241573033707865,0.9676470588235294,0.85478
MUTFORMER,0.9267605633802817,0.9676470588235294,0.85519
MUTFORMER,0.9265536723163842,0.9647058823529412,0.85528
MUTFORMER,0.9263456090651558,0.961764705882353,0.85693
MUTFORMER,0.9289772727272727,0.961764705882353,0.85756
MUTFORMER,0.9316239316239316,0.961764705882353,0.85988
MUTFORMER,0.9314285714285714,0.9588235294117647,0.86344
MUTFORMER,0.9340974212034384,0.9588235294117647,0.8683
MUTFORMER,0.9339080459770115,0.9558823529411765,0.86869
MUTFORMER,0.9337175792507204,0.9529411764705882,0.87013
MUTFORMER,0.9335260115606936,0.95,0.87534
MUTFORMER,0.9333333333333333,0.9470588235294117,0.878
MUTFORMER,0.936046511627907,0.9470588235294117,0.8793
MUTFORMER,0.9387755102040817,0.9470588235294117,0.88333
MUTFORMER,0.9385964912280702,0.9441176470588235,0.89003
MUTFORMER,0.9413489736070382,0.9441176470588235,0.89539
MUTFORMER,0.9441176470588235,0.9441176470588235,0.89841
MUTFORMER,0.943952802359882,0.9411764705882353,0.90841
MUTFORMER,0.9467455621301775,0.9411764705882353,0.90982
MUTFORMER,0.9465875370919882,0.9382352941176471,0.91105
MUTFORMER,0.9464285714285714,0.9352941176470588,0.9137
MUTFORMER,0.9462686567164179,0.9323529411764706,0.91567
MUTFORMER,0.9491017964071856,0.9323529411764706,0.91729
MUTFORMER,0.948948948948949,0.9294117647058824,0.91971
MUTFORMER,0.9518072289156626,0.9294117647058824,0.92056
MUTFORMER,0.9546827794561934,0.9294117647058824,0.9207
MUTFORMER,0.9575757575757575,0.9294117647058824,0.92752
MUTFORMER,0.9574468085106383,0.9264705882352942,0.92938
MUTFORMER,0.9573170731707317,0.9235294117647059,0.93283
MUTFORMER,0.9571865443425076,0.9205882352941176,0.93332
MUTFORMER,0.9570552147239264,0.9176470588235294,0.93372
MUTFORMER,0.96,0.9176470588235294,0.93621
MUTFORMER,0.9629629629629629,0.9176470588235294,0.94169
MUTFORMER,0.9628482972136223,0.9147058823529411,0.94171
MUTFORMER,0.9627329192546584,0.9117647058823529,0.94223
MUTFORMER,0.9626168224299065,0.9088235294117647,0.94263
MUTFORMER,0.9625,0.9058823529411765,0.94391
MUTFORMER,0.9623824451410659,0.9029411764705882,0.94488
MUTFORMER,0.9622641509433962,0.9,0.94766
MUTFORMER,0.9621451104100947,0.8970588235294118,0.94844
MUTFORMER,0.9620253164556962,0.8941176470588236,0.94971
MUTFORMER,0.9650793650793651,0.8941176470588236,0.95173
MUTFORMER,0.964968152866242,0.8911764705882353,0.95292
MUTFORMER,0.9648562300319489,0.888235294117647,0.9536
MUTFORMER,0.9647435897435898,0.8852941176470588,0.95371
MUTFORMER,0.9646302250803859,0.8823529411764706,0.95379
MUTFORMER,0.967741935483871,0.8823529411764706,0.95419
MUTFORMER,0.970873786407767,0.8823529411764706,0.95557
MUTFORMER,0.9707792207792207,0.8794117647058823,0.95739
MUTFORMER,0.9706840390879479,0.8764705882352941,0.9588
MUTFORMER,0.9705882352941176,0.8735294117647059,0.96093
MUTFORMER,0.9704918032786886,0.8705882352941177,0.96161
MUTFORMER,0.9703947368421053,0.8676470588235294,0.96293
MUTFORMER,0.9702970297029703,0.8647058823529412,0.96484
MUTFORMER,0.9701986754966887,0.861764705882353,0.96571
MUTFORMER,0.9700996677740864,0.8588235294117647,0.96604
MUTFORMER,0.9733333333333334,0.8588235294117647,0.96621
MUTFORMER,0.9732441471571907,0.8558823529411764,0.9665
MUTFORMER,0.9731543624161074,0.8529411764705882,0.96694
MUTFORMER,0.9730639730639731,0.85,0.96762
MUTFORMER,0.972972972972973,0.8470588235294118,0.96983
MUTFORMER,0.9728813559322034,0.8441176470588235,0.97
MUTFORMER,0.9727891156462585,0.8411764705882353,0.97069
MUTFORMER,0.9761092150170648,0.8411764705882353,0.97104
MUTFORMER,0.976027397260274,0.8382352941176471,0.97187
MUTFORMER,0.9759450171821306,0.8352941176470589,0.97212
MUTFORMER,0.9758620689655172,0.8323529411764706,0.97258
MUTFORMER,0.9757785467128027,0.8294117647058824,0.97347
MUTFORMER,0.9756944444444444,0.8264705882352941,0.97355
MUTFORMER,0.975609756097561,0.8235294117647058,0.97375
MUTFORMER,0.9755244755244755,0.8205882352941176,0.9743
MUTFORMER,0.9754385964912281,0.8176470588235294,0.97481
MUTFORMER,0.9788732394366197,0.8176470588235294,0.97518
MUTFORMER,0.9787985865724381,0.8147058823529412,0.97523
MUTFORMER,0.9787234042553191,0.8117647058823529,0.97583
MUTFORMER,0.9786476868327402,0.8088235294117647,0.97623
MUTFORMER,0.9785714285714285,0.8058823529411765,0.97637
MUTFORMER,0.978494623655914,0.8029411764705883,0.97674
MUTFORMER,0.9784172661870504,0.8,0.97691
MUTFORMER,0.9783393501805054,0.7970588235294118,0.97696
MUTFORMER,0.9782608695652174,0.7941176470588235,0.97829
MUTFORMER,0.9781818181818182,0.7911764705882353,0.97889
MUTFORMER,0.978021978021978,0.7852941176470588,0.979
MUTFORMER,0.9779411764705882,0.7823529411764706,0.97946
MUTFORMER,0.977859778597786,0.7794117647058824,0.97961
MUTFORMER,0.9777777777777777,0.7764705882352941,0.97994
MUTFORMER,0.9814126394052045,0.7764705882352941,0.98008
MUTFORMER,0.9813432835820896,0.7735294117647059,0.98075
MUTFORMER,0.9812734082397003,0.7705882352941177,0.98081
MUTFORMER,0.981203007518797,0.7676470588235295,0.98126
MUTFORMER,0.9810606060606061,0.7617647058823529,0.98148
MUTFORMER,0.9809885931558935,0.7588235294117647,0.98151
MUTFORMER,0.9809160305343512,0.7558823529411764,0.98233
MUTFORMER,0.9808429118773946,0.7529411764705882,0.98249
MUTFORMER,0.9807692307692307,0.75,0.98266
MUTFORMER,0.9806949806949807,0.7470588235294118,0.98273
MUTFORMER,0.9806201550387597,0.7441176470588236,0.98327
MUTFORMER,0.980544747081712,0.7411764705882353,0.98341
MUTFORMER,0.98046875,0.7382352941176471,0.98419
MUTFORMER,0.9803921568627451,0.7352941176470589,0.98462
MUTFORMER,0.9803149606299213,0.7323529411764705,0.98466
MUTFORMER,0.9802371541501976,0.7294117647058823,0.9847
MUTFORMER,0.9801587301587301,0.7264705882352941,0.985
MUTFORMER,0.9800796812749004,0.7235294117647059,0.98512
MUTFORMER,0.98,0.7205882352941176,0.98531
MUTFORMER,0.9799196787148594,0.7176470588235294,0.98624
MUTFORMER,0.9798387096774194,0.7147058823529412,0.98702
MUTFORMER,0.979757085020243,0.711764705882353,0.98743
MUTFORMER,0.9796747967479674,0.7088235294117647,0.98805
MUTFORMER,0.9795918367346939,0.7058823529411765,0.9881
MUTFORMER,0.9836065573770492,0.7058823529411765,0.98859
MUTFORMER,0.9835390946502057,0.7029411764705882,0.98875
MUTFORMER,0.983402489626556,0.6970588235294117,0.9888
MUTFORMER,0.9833333333333333,0.6941176470588235,0.9889
MUTFORMER,0.9832635983263598,0.6911764705882353,0.98895
MUTFORMER,0.9831223628691983,0.6852941176470588,0.98916
MUTFORMER,0.9829787234042553,0.6794117647058824,0.98921
MUTFORMER,0.9871794871794872,0.6794117647058824,0.98948
MUTFORMER,0.9870689655172413,0.6735294117647059,0.98959
MUTFORMER,0.987012987012987,0.6705882352941176,0.98976
MUTFORMER,0.9869565217391304,0.6676470588235294,0.98987
MUTFORMER,0.9912663755458515,0.6676470588235294,0.99032
MUTFORMER,0.9912280701754386,0.6647058823529411,0.99159
MUTFORMER,0.9911894273127754,0.6617647058823529,0.99166
MUTFORMER,0.9911504424778761,0.6588235294117647,0.99267
MUTFORMER,0.9911111111111112,0.6558823529411765,0.99325
MUTFORMER,0.9955357142857143,0.6558823529411765,0.99348
MUTFORMER,0.9955156950672646,0.6529411764705882,0.99371
MUTFORMER,0.9954954954954955,0.65,0.9947
MUTFORMER,0.995475113122172,0.6470588235294118,0.99479
MUTFORMER,0.9954545454545455,0.6441176470588236,0.99496
MUTFORMER,0.9954128440366973,0.638235294117647,0.99523
MUTFORMER,0.9953917050691244,0.6352941176470588,0.99532
MUTFORMER,0.9953703703703703,0.6323529411764706,0.99551
MUTFORMER,0.9953488372093023,0.6294117647058823,0.99561
MUTFORMER,0.9953271028037384,0.6264705882352941,0.99581
MUTFORMER,0.9953051643192489,0.6235294117647059,0.99601
MUTFORMER,0.9952830188679245,0.6205882352941177,0.99611
MUTFORMER,1.0,0.6176470588235294,0.99622
MUTFORMER,1.0,0.6147058823529412,0.99632
MUTFORMER,1.0,0.6088235294117647,0.99643
MUTFORMER,1.0,0.6058823529411764,0.99655
MUTFORMER,1.0,0.6,0.99678
MUTFORMER,1.0,0.5941176470588235,0.99689
MUTFORMER,1.0,0.5882352941176471,0.99701
MUTFORMER,1.0,0.5852941176470589,0.99714
MUTFORMER,1.0,0.5735294117647058,0.99726
MUTFORMER,1.0,0.5647058823529412,0.99739
MUTFORMER,1.0,0.5617647058823529,0.99752
MUTFORMER,1.0,0.5558823529411765,0.99765
MUTFORMER,1.0,0.5470588235294118,0.99778
MUTFORMER,1.0,0.5352941176470588,0.99792
MUTFORMER,1.0,0.5176470588235295,0.99806
MUTFORMER,1.0,0.5058823529411764,0.9982
MUTFORMER,1.0,0.49411764705882355,0.99835
MUTFORMER,1.0,0.47941176470588237,0.99849
MUTFORMER,1.0,0.45,0.99864
MUTFORMER,1.0,0.4117647058823529,0.99879
MUTFORMER,1.0,0.35,0.99894
MUTFORMER,1.0,0.26176470588235295,0.99909
MUTFORMER,1.0,0.10588235294117647,0.99924
MUTFORMER,1.0,0.026470588235294117,0.99939
MUTSCORE,0.8542713567839196,1.0,0.00124
MUTSCORE,0.8560606060606061,0.9970588235294118,0.01897
MUTSCORE,0.8625954198473282,0.9970588235294118,0.02966
MUTSCORE,0.8692307692307693,0.9970588235294118,0.05473
MUTSCORE,0.8737113402061856,0.9970588235294118,0.05809
MUTSCORE,0.875968992248062,0.9970588235294118,0.07179
MUTSCORE,0.8782383419689119,0.9970588235294118,0.07875
MUTSCORE,0.8805194805194805,0.9970588235294118,0.09987
MUTSCORE,0.8828125,0.9970588235294118,0.1069
MUTSCORE,0.8851174934725848,0.9970588235294118,0.11041
MUTSCORE,0.8921052631578947,0.9970588235294118,0.12436
MUTSCORE,0.8944591029023746,0.9970588235294118,0.13125
MUTSCORE,0.8968253968253969,0.9970588235294118,0.13809
MUTSCORE,0.901595744680851,0.9970588235294118,0.16802
MUTSCORE,0.9037433155080213,0.9941176470588236,0.17126
MUTSCORE,0.9061662198391421,0.9941176470588236,0.17447
MUTSCORE,0.9086021505376344,0.9941176470588236,0.18708
MUTSCORE,0.9110512129380054,0.9941176470588236,0.21139
MUTSCORE,0.9135135135135135,0.9941176470588236,0.23159
MUTSCORE,0.9159891598915989,0.9941176470588236,0.23997
MUTSCORE,0.9184782608695652,0.9941176470588236,0.25085
MUTSCORE,0.9209809264305178,0.9941176470588236,0.27677
MUTSCORE,0.9207650273224044,0.9911764705882353,0.28905
MUTSCORE,0.9232876712328767,0.9911764705882353,0.34247
MUTSCORE,0.9258241758241759,0.9911764705882353,0.3623
MUTSCORE,0.928374655647383,0.9911764705882353,0.37362
MUTSCORE,0.9335180055401662,0.9911764705882353,0.3809
MUTSCORE,0.9361111111111111,0.9911764705882353,0.38447
MUTSCORE,0.9387186629526463,0.9911764705882353,0.39664
MUTSCORE,0.9413407821229051,0.9911764705882353,0.40503
MUTSCORE,0.9439775910364145,0.9911764705882353,0.44195
MUTSCORE,0.9466292134831461,0.9911764705882353,0.47926
MUTSCORE,0.9492957746478873,0.9911764705882353,0.4805
MUTSCORE,0.9491525423728814,0.9882352941176471,0.49947
MUTSCORE,0.9490084985835694,0.9852941176470589,0.50175
MUTSCORE,0.9517045454545454,0.9852941176470589,0.50401
MUTSCORE,0.9515669515669516,0.9823529411764705,0.50845
MUTSCORE,0.9542857142857143,0.9823529411764705,0.50956
MUTSCORE,0.9541547277936963,0.9794117647058823,0.52344
MUTSCORE,0.9568965517241379,0.9794117647058823,0.53265
MUTSCORE,0.9567723342939481,0.9764705882352941,0.53563
MUTSCORE,0.9595375722543352,0.9764705882352941,0.54442
MUTSCORE,0.9623188405797102,0.9764705882352941,0.55009
MUTSCORE,0.9651162790697675,0.9764705882352941,0.55289
MUTSCORE,0.9650145772594753,0.9735294117647059,0.56734
MUTSCORE,0.9678362573099415,0.9735294117647059,0.56822
MUTSCORE,0.9706744868035191,0.9735294117647059,0.57432
MUTSCORE,0.9735294117647059,0.9735294117647059,0.58449
MUTSCORE,0.9734513274336283,0.9705882352941176,0.59514
MUTSCORE,0.9763313609467456,0.9705882352941176,0.61402
MUTSCORE,0.9762611275964391,0.9676470588235294,0.61555
MUTSCORE,0.9761904761904762,0.9647058823529412,0.61784
MUTSCORE,0.9791044776119403,0.9647058823529412,0.61861
MUTSCORE,0.9790419161676647,0.961764705882353,0.62163
MUTSCORE,0.978978978978979,0.9588235294117647,0.63204
MUTSCORE,0.9819277108433735,0.9588235294117647,0.63863
MUTSCORE,0.9818731117824774,0.9558823529411765,0.64513
MUTSCORE,0.9848484848484849,0.9558823529411765,0.66835
MUTSCORE,0.9848024316109423,0.9529411764705882,0.69612
MUTSCORE,0.9847560975609756,0.95,0.70142
MUTSCORE,0.9847094801223242,0.9470588235294117,0.70274
MUTSCORE,0.9877300613496932,0.9470588235294117,0.70339
MUTSCORE,0.9907692307692307,0.9470588235294117,0.70667
MUTSCORE,0.9907407407407407,0.9441176470588235,0.71577
MUTSCORE,0.9907120743034056,0.9411764705882353,0.72475
MUTSCORE,0.9906832298136646,0.9382352941176471,0.74542
MUTSCORE,0.9906542056074766,0.9352941176470588,0.75641
MUTSCORE,0.990625,0.9323529411764706,0.76362
MUTSCORE,0.9905956112852664,0.9294117647058824,0.76602
MUTSCORE,0.9905660377358491,0.9264705882352942,0.7702
MUTSCORE,0.9905362776025236,0.9235294117647059,0.77198
MUTSCORE,0.990506329113924,0.9205882352941176,0.7779
MUTSCORE,0.9904761904761905,0.9176470588235294,0.77908
MUTSCORE,0.9904458598726115,0.9147058823529411,0.78377
MUTSCORE,0.9904153354632588,0.9117647058823529,0.78611
MUTSCORE,0.9903846153846154,0.9088235294117647,0.78961
MUTSCORE,0.9903536977491961,0.9058823529411765,0.79077
MUTSCORE,0.9903225806451613,0.9029411764705882,0.79598
MUTSCORE,0.9902597402597403,0.8970588235294118,0.79714
MUTSCORE,0.990228013029316,0.8941176470588236,0.80003
MUTSCORE,0.9901960784313726,0.8911764705882353,0.80291
MUTSCORE,0.9901639344262295,0.888235294117647,0.81551
MUTSCORE,0.9900990099009901,0.8823529411764706,0.82515
MUTSCORE,0.9900662251655629,0.8794117647058823,0.82629
MUTSCORE,0.9900332225913622,0.8764705882352941,0.82854
MUTSCORE,0.99,0.8735294117647059,0.8381
MUTSCORE,0.9899665551839465,0.8705882352941177,0.83922
MUTSCORE,0.9899328859060402,0.8676470588235294,0.84202
MUTSCORE,0.98989898989899,0.8647058823529412,0.84426
MUTSCORE,0.9898648648648649,0.861764705882353,0.85429
MUTSCORE,0.9898305084745763,0.8588235294117647,0.85819
MUTSCORE,0.9897959183673469,0.8558823529411764,0.86153
MUTSCORE,0.9897610921501706,0.8529411764705882,0.86988
MUTSCORE,0.9897260273972602,0.85,0.87544
MUTSCORE,0.993103448275862,0.8470588235294118,0.876
MUTSCORE,0.9930795847750865,0.8441176470588235,0.87655
MUTSCORE,0.9930555555555556,0.8411764705882353,0.87767
MUTSCORE,0.9930313588850174,0.8382352941176471,0.88324
MUTSCORE,0.993006993006993,0.8352941176470589,0.88436
MUTSCORE,0.9964664310954063,0.8294117647058824,0.88492
MUTSCORE,0.9964539007092199,0.8264705882352941,0.88548
MUTSCORE,0.99644128113879,0.8235294117647058,0.88771
MUTSCORE,0.9964285714285714,0.8205882352941176,0.88939
MUTSCORE,0.996415770609319,0.8176470588235294,0.89051
MUTSCORE,0.9964028776978417,0.8147058823529412,0.89163
MUTSCORE,0.9963898916967509,0.8117647058823529,0.89556
MUTSCORE,0.9963768115942029,0.8088235294117647,0.89781
MUTSCORE,0.9963636363636363,0.8058823529411765,0.90006
MUTSCORE,0.9963503649635036,0.8029411764705883,0.90346
MUTSCORE,0.9963369963369964,0.8,0.90686
MUTSCORE,0.996309963099631,0.7941176470588235,0.90858
MUTSCORE,0.9962962962962963,0.7911764705882353,0.90915
MUTSCORE,0.9962825278810409,0.788235294117647,0.91029
MUTSCORE,0.996268656716418,0.7852941176470588,0.91143
MUTSCORE,0.9962406015037594,0.7794117647058824,0.91431
MUTSCORE,0.9962264150943396,0.7764705882352941,0.91546
MUTSCORE,0.9962121212121212,0.7735294117647059,0.91604
MUTSCORE,0.9961977186311787,0.7705882352941177,0.9172
MUTSCORE,0.9961685823754789,0.7647058823529411,0.91893
MUTSCORE,0.9961538461538462,0.7617647058823529,0.92008
MUTSCORE,0.9961389961389961,0.7588235294117647,0.92066
MUTSCORE,0.9961089494163424,0.7529411764705882,0.92474
MUTSCORE,0.99609375,0.75,0.92591
MUTSCORE,0.996078431372549,0.7470588235294118,0.92649
MUTSCORE,0.9960474308300395,0.7411764705882353,0.92708
MUTSCORE,0.996031746031746,0.7382352941176471,0.92884
MUTSCORE,0.9960159362549801,0.7352941176470589,0.93177
MUTSCORE,0.996,0.7323529411764705,0.93236
MUTSCORE,0.9959677419354839,0.7264705882352941,0.9353
MUTSCORE,0.9959514170040485,0.7235294117647059,0.9359
MUTSCORE,0.9959183673469387,0.7176470588235294,0.93768
MUTSCORE,0.9959016393442623,0.7147058823529412,0.93946
MUTSCORE,0.9958847736625515,0.711764705882353,0.94066
MUTSCORE,0.9958677685950413,0.7088235294117647,0.94245
MUTSCORE,0.995850622406639,0.7058823529411765,0.94305
MUTSCORE,1.0,0.7058823529411765,0.94364
MUTSCORE,1.0,0.7029411764705882,0.94544
MUTSCORE,1.0,0.7,0.94604
MUTSCORE,1.0,0.6970588235294117,0.94663
MUTSCORE,1.0,0.6852941176470588,0.94783
MUTSCORE,1.0,0.6823529411764706,0.95023
MUTSCORE,1.0,0.6764705882352942,0.95204
MUTSCORE,1.0,0.6735294117647059,0.95264
MUTSCORE,1.0,0.6705882352941176,0.95566
MUTSCORE,1.0,0.6647058823529411,0.95626
MUTSCORE,1.0,0.6588235294117647,0.95687
MUTSCORE,1.0,0.6470588235294118,0.95929
MUTSCORE,1.0,0.6441176470588236,0.9599
MUTSCORE,1.0,0.638235294117647,0.9605
MUTSCORE,1.0,0.6352941176470588,0.96292
MUTSCORE,1.0,0.6294117647058823,0.96353
MUTSCORE,1.0,0.6235294117647059,0.96474
MUTSCORE,1.0,0.6176470588235294,0.96535
MUTSCORE,1.0,0.611764705882353,0.96596
MUTSCORE,1.0,0.6088235294117647,0.96717
MUTSCORE,1.0,0.6058823529411764,0.96777
MUTSCORE,1.0,0.5941176470588235,0.96837
MUTSCORE,1.0,0.5794117647058824,0.96898
MUTSCORE,1.0,0.5735294117647058,0.97019
MUTSCORE,1.0,0.5588235294117647,0.97079
MUTSCORE,1.0,0.5558823529411765,0.97139
MUTSCORE,1.0,0.5529411764705883,0.97199
MUTSCORE,1.0,0.5441176470588235,0.97259
MUTSCORE,1.0,0.5411764705882353,0.97437
MUTSCORE,1.0,0.538235294117647,0.97496
MUTSCORE,1.0,0.5352941176470588,0.97614
MUTSCORE,1.0,0.5294117647058824,0.97673
MUTSCORE,1.0,0.5264705882352941,0.97732
MUTSCORE,1.0,0.5235294117647059,0.9779
MUTSCORE,1.0,0.5176470588235295,0.97907
MUTSCORE,1.0,0.5117647058823529,0.97964
MUTSCORE,1.0,0.5088235294117647,0.98022
MUTSCORE,1.0,0.5,0.98079
MUTSCORE,1.0,0.49411764705882355,0.98192
MUTSCORE,1.0,0.49117647058823527,0.98248
MUTSCORE,1.0,0.4852941176470588,0.98304
MUTSCORE,1.0,0.47352941176470587,0.98523
MUTSCORE,1.0,0.46176470588235297,0.98576
MUTSCORE,1.0,0.45588235294117646,0.98629
MUTSCORE,1.0,0.45294117647058824,0.98682
MUTSCORE,1.0,0.4411764705882353,0.98734
MUTSCORE,1.0,0.43529411764705883,0.98785
MUTSCORE,1.0,0.4235294117647059,0.98836
MUTSCORE,1.0,0.42058823529411765,0.98885
MUTSCORE,1.0,0.4147058823529412,0.98934
MUTSCORE,1.0,0.40588235294117647,0.98982
MUTSCORE,1.0,0.38823529411764707,0.99029
MUTSCORE,1.0,0.3764705882352941,0.99076
MUTSCORE,1.0,0.36764705882352944,0.99121
MUTSCORE,1.0,0.35294117647058826,0.99166
MUTSCORE,1.0,0.3352941176470588,0.99209
MUTSCORE,1.0,0.3205882352941177,0.99252
MUTSCORE,1.0,0.3088235294117647,0.99294
MUTSCORE,1.0,0.2911764705882353,0.99334
MUTSCORE,1.0,0.26176470588235295,0.99374
MUTSCORE,1.0,0.2529411764705882,0.99413
MUTSCORE,1.0,0.2411764705882353,0.9945
MUTSCORE,1.0,0.2323529411764706,0.99487
MUTSCORE,1.0,0.22058823529411764,0.99524
MUTSCORE,1.0,0.21176470588235294,0.99559
MUTSCORE,1.0,0.19411764705882353,0.99594
MUTSCORE,1.0,0.18529411764705883,0.99628
MUTSCORE,1.0,0.14411764705882352,0.99661
MUTSCORE,1.0,0.12941176470588237,0.99694
MUTSCORE,1.0,0.11470588235294117,0.99727
MUTSCORE,1.0,0.10294117647058823,0.9976
MUTSCORE,1.0,0.08823529411764706,0.99793
MUTSCORE,1.0,0.07058823529411765,0.99826
MUTSCORE,1.0,0.03823529411764706,0.99859
MUTSCORE,1.0,0.03529411764705882,0.99892
MUTSCORE,1.0,0.014705882352941176,0.99926
MUTSCORE,1.0,0.011764705882352941,0.99956
MUTSCORE,1.0,0.0058823529411764705,0.99985
MUTTASTE,0.8542713567839196,1.0,0.01751
MUTTASTE,0.8607594936708861,1.0,0.08015
MUTTASTE,0.8651399491094147,1.0,0.10877
MUTTASTE,0.8717948717948718,1.0,0.13669
MUTTASTE,0.8740359897172236,1.0,0.16373
MUTTASTE,0.8785529715762274,1.0,0.21442
MUTTASTE,0.8831168831168831,1.0,0.26006
MUTTASTE,0.8854166666666666,1.0,0.28107
MUTTASTE,0.8923884514435696,1.0,0.30097
MUTTASTE,0.8947368421052632,1.0,0.31989
MUTTASTE,0.9018567639257294,1.0,0.33788
MUTTASTE,0.9042553191489362,1.0,0.355
MUTTASTE,0.9066666666666666,1.0,0.38685
MUTTASTE,0.9115281501340483,1.0,0.42965
MUTTASTE,0.9139784946236559,1.0,0.44282
MUTTASTE,0.9164420485175202,1.0,0.45549
MUTTASTE,0.918918918918919,1.0,0.46772
MUTTASTE,0.9214092140921409,1.0,0.47954
MUTTASTE,0.9211956521739131,0.9970588235294118,0.49097
MUTTASTE,0.9234972677595629,0.9941176470588236,0.52324
MUTTASTE,0.9285714285714286,0.9941176470588236,0.53339
MUTTASTE,0.931129476584022,0.9941176470588236,0.54326
MUTTASTE,0.9362880886426593,0.9941176470588236,0.56225
MUTTASTE,0.9388888888888889,0.9941176470588236,0.58037
MUTTASTE,0.9387186629526463,0.9911764705882353,0.58915
MUTTASTE,0.9385474860335196,0.9882352941176471,0.59775
MUTTASTE,0.9410112359550562,0.9852941176470589,0.60618
MUTTASTE,0.9436619718309859,0.9852941176470589,0.64613
MUTTASTE,0.943502824858757,0.9823529411764705,0.65374
MUTTASTE,0.943342776203966,0.9794117647058823,0.66123
MUTTASTE,0.9460227272727273,0.9794117647058823,0.66863
MUTTASTE,0.9487179487179487,0.9794117647058823,0.72539
MUTTASTE,0.9485714285714286,0.9764705882352941,0.78014
MUTTASTE,0.9484240687679083,0.9735294117647059,0.79708
MUTTASTE,0.9482758620689655,0.9705882352941176,0.8026
MUTTASTE,0.9481268011527377,0.9676470588235294,0.81345
MUTTASTE,0.9479768786127167,0.9647058823529412,0.8241
MUTTASTE,0.9478260869565217,0.961764705882353,0.83975
MUTTASTE,0.9476744186046512,0.9588235294117647,0.85499
MUTTASTE,0.9504373177842566,0.9588235294117647,0.85999
MUTTASTE,0.9501466275659824,0.9529411764705882,0.86494
MUTTASTE,0.9498525073746312,0.9470588235294117,0.86984
MUTTASTE,0.9494047619047619,0.9382352941176471,0.8747
MUTTASTE,0.9519519519519519,0.9323529411764706,0.87956
MUTTASTE,0.9542682926829268,0.9205882352941176,0.8892
MUTTASTE,0.9539877300613497,0.9147058823529411,0.89397
MUTTASTE,0.9537037037037037,0.9088235294117647,0.89875
MUTTASTE,0.9565217391304348,0.9058823529411765,0.90354
MUTTASTE,0.9622641509433962,0.9,0.90832
MUTTASTE,0.9650793650793651,0.8941176470588236,0.91311
MUTTASTE,0.964968152866242,0.8911764705882353,0.91795
MUTTASTE,0.964516129032258,0.8794117647058823,0.92286
MUTTASTE,0.9642857142857143,0.8735294117647059,0.92786
MUTTASTE,0.9636963696369637,0.8588235294117647,0.933
MUTTASTE,0.9633333333333334,0.85,0.93829
MUTTASTE,0.9630872483221476,0.8441176470588235,0.94378
MUTTASTE,0.9655172413793104,0.8235294117647058,0.94956
MUTTASTE,0.96415770609319,0.7911764705882353,0.95575
MUTTASTE,0.9638989169675091,0.7852941176470588,0.96253
MUTTASTE,0.969811320754717,0.7558823529411764,0.97016
MUTTASTE,0.9672131147540983,0.6941176470588235,0.97926
MUTTASTE,0.9808612440191388,0.6029411764705882,0.99291
MVP,0.8542713567839196,1.0,0.1139
MVP,0.8585858585858586,1.0,0.17001
MVP,0.8607594936708861,1.0,0.17073
MVP,0.8629441624365483,1.0,0.24165
MVP,0.8651399491094147,1.0,0.33709
MVP,0.8673469387755102,1.0,0.35074
MVP,0.8695652173913043,1.0,0.36062
MVP,0.8692307692307693,0.9970588235294118,0.39341
MVP,0.87146529562982,0.9970588235294118,0.45416
MVP,0.8737113402061856,0.9970588235294118,0.47825
MVP,0.8733850129198967,0.9941176470588236,0.48523
MVP,0.8756476683937824,0.9941176470588236,0.49966
MVP,0.8779220779220779,0.9941176470588236,0.51589
MVP,0.8802083333333334,0.9941176470588236,0.52819
MVP,0.8825065274151436,0.9941176470588236,0.55966
MVP,0.8848167539267016,0.9941176470588236,0.57632
MVP,0.8871391076115486,0.9941176470588236,0.59239
MVP,0.8894736842105263,0.9941176470588236,0.61749
MVP,0.8891820580474934,0.9911764705882353,0.62865
MVP,0.8915343915343915,0.9911764705882353,0.6477
MVP,0.8938992042440318,0.9911764705882353,0.65579
MVP,0.8962765957446809,0.9911764705882353,0.66112
MVP,0.8986666666666666,0.9911764705882353,0.67574
MVP,0.8983957219251337,0.9882352941176471,0.68362
MVP,0.8981233243967829,0.9852941176470589,0.68615
MVP,0.9005376344086021,0.9852941176470589,0.69082
MVP,0.9002695417789758,0.9823529411764705,0.69089
MVP,0.9027027027027027,0.9823529411764705,0.6913
MVP,0.9024390243902439,0.9794117647058823,0.72326
MVP,0.9021739130434783,0.9764705882352941,0.72911
MVP,0.9046321525885559,0.9764705882352941,0.75994
MVP,0.907103825136612,0.9764705882352941,0.76441
MVP,0.9068493150684932,0.9735294117647059,0.76891
MVP,0.9093406593406593,0.9735294117647059,0.77434
MVP,0.9090909090909091,0.9705882352941176,0.78605
MVP,0.9088397790055248,0.9676470588235294,0.79489
MVP,0.9085872576177285,0.9647058823529412,0.79618
MVP,0.9083333333333333,0.961764705882353,0.80826
MVP,0.9080779944289693,0.9588235294117647,0.81161
MVP,0.9106145251396648,0.9588235294117647,0.8159
MVP,0.9103641456582633,0.9558823529411765,0.81913
MVP,0.9129213483146067,0.9558823529411765,0.81951
MVP,0.9126760563380282,0.9529411764705882,0.81952
MVP,0.9124293785310734,0.95,0.82636
MVP,0.9121813031161473,0.9470588235294117,0.82673
MVP,0.9119318181818182,0.9441176470588235,0.83326
MVP,0.9116809116809117,0.9411764705882353,0.83328
MVP,0.9114285714285715,0.9382352941176471,0.83878
MVP,0.9111747851002865,0.9352941176470588,0.83889
MVP,0.9109195402298851,0.9323529411764706,0.84191
MVP,0.9135446685878963,0.9323529411764706,0.85404
MVP,0.9132947976878613,0.9294117647058824,0.85428
MVP,0.9159420289855073,0.9294117647058824,0.85457
MVP,0.9186046511627907,0.9294117647058824,0.85485
MVP,0.9183673469387755,0.9264705882352942,0.86846
MVP,0.9181286549707602,0.9235294117647059,0.87151
MVP,0.9208211143695014,0.9235294117647059,0.87541
MVP,0.9205882352941176,0.9205882352941176,0.87647
MVP,0.9203539823008849,0.9176470588235294,0.88282
MVP,0.9230769230769231,0.9176470588235294,0.88301
MVP,0.9228486646884273,0.9147058823529411,0.8845
MVP,0.9226190476190477,0.9117647058823529,0.88673
MVP,0.9223880597014925,0.9088235294117647,0.88793
MVP,0.9221556886227545,0.9058823529411765,0.88986
MVP,0.924924924924925,0.9058823529411765,0.89399
MVP,0.9244712990936556,0.9,0.89423
MVP,0.9272727272727272,0.9,0.89481
MVP,0.9270516717325228,0.8970588235294118,0.89596
MVP,0.926829268292683,0.8941176470588236,0.89651
MVP,0.926605504587156,0.8911764705882353,0.8977
MVP,0.9263803680981595,0.888235294117647,0.90137
MVP,0.9261538461538461,0.8852941176470588,0.90512
MVP,0.9259259259259259,0.8823529411764706,0.90521
MVP,0.9256965944272446,0.8794117647058823,0.90678
MVP,0.9254658385093167,0.8764705882352941,0.90871
MVP,0.9252336448598131,0.8735294117647059,0.9108
MVP,0.925,0.8705882352941177,0.91519
MVP,0.9247648902821317,0.8676470588235294,0.91698
MVP,0.9245283018867925,0.8647058823529412,0.91796
MVP,0.9274447949526814,0.8647058823529412,0.9191
MVP,0.9272151898734177,0.861764705882353,0.92019
MVP,0.926984126984127,0.8588235294117647,0.92152
MVP,0.9267515923566879,0.8558823529411764,0.92454
MVP,0.9265175718849841,0.8529411764705882,0.92476
MVP,0.9262820512820513,0.85,0.92625
MVP,0.9260450160771704,0.8470588235294118,0.92723
MVP,0.9290322580645162,0.8470588235294118,0.92785
MVP,0.9288025889967637,0.8441176470588235,0.92899
MVP,0.9285714285714286,0.8411764705882353,0.93036
MVP,0.9283387622149837,0.8382352941176471,0.93082
MVP,0.9281045751633987,0.8352941176470589,0.93268
MVP,0.9278688524590164,0.8323529411764706,0.93314
MVP,0.9276315789473685,0.8294117647058824,0.9334
MVP,0.9273927392739274,0.8264705882352941,0.93381
MVP,0.9304635761589404,0.8264705882352941,0.9366
MVP,0.9302325581395349,0.8235294117647058,0.94008
MVP,0.93,0.8205882352941176,0.94098
MVP,0.9297658862876255,0.8176470588235294,0.9416
MVP,0.9295302013422819,0.8147058823529412,0.94213
MVP,0.9292929292929293,0.8117647058823529,0.94307
MVP,0.9322033898305084,0.8088235294117647,0.94368
MVP,0.935374149659864,0.8088235294117647,0.9437
MVP,0.9385665529010239,0.8088235294117647,0.94398
MVP,0.9383561643835616,0.8058823529411765,0.94414
MVP,0.9381443298969072,0.8029411764705883,0.94562
MVP,0.9379310344827586,0.8,0.94714
MVP,0.9377162629757786,0.7970588235294118,0.94763
MVP,0.9409722222222222,0.7970588235294118,0.94848
MVP,0.9407665505226481,0.7941176470588235,0.95074
MVP,0.9405594405594405,0.7911764705882353,0.95238
MVP,0.9438596491228071,0.7911764705882353,0.95241
MVP,0.9436619718309859,0.788235294117647,0.95255
MVP,0.9434628975265018,0.7852941176470588,0.9534
MVP,0.9432624113475178,0.7823529411764706,0.95375
MVP,0.9466192170818505,0.7823529411764706,0.95539
MVP,0.9464285714285714,0.7794117647058824,0.95603
MVP,0.946236559139785,0.7764705882352941,0.95709
MVP,0.9458483754512635,0.7705882352941177,0.95773
MVP,0.9456521739130435,0.7676470588235295,0.95942
MVP,0.9454545454545454,0.7647058823529411,0.9598
MVP,0.9452554744525548,0.7617647058823529,0.96021
MVP,0.9487179487179487,0.7617647058823529,0.96108
MVP,0.9485294117647058,0.7588235294117647,0.96169
MVP,0.9520295202952029,0.7588235294117647,0.96204
MVP,0.9518518518518518,0.7558823529411764,0.96207
MVP,0.9516728624535316,0.7529411764705882,0.96286
MVP,0.9514925373134329,0.75,0.96305
MVP,0.951310861423221,0.7470588235294118,0.96335
MVP,0.9511278195488722,0.7441176470588236,0.96368
MVP,0.9509433962264151,0.7411764705882353,0.96377
MVP,0.9507575757575758,0.7382352941176471,0.96399
MVP,0.9505703422053232,0.7352941176470589,0.96401
MVP,0.950381679389313,0.7323529411764705,0.96428
MVP,0.9501915708812261,0.7294117647058823,0.96455
MVP,0.95,0.7264705882352941,0.9646
MVP,0.9498069498069498,0.7235294117647059,0.96479
MVP,0.9496124031007752,0.7205882352941176,0.96487
MVP,0.9494163424124513,0.7176470588235294,0.96607
MVP,0.94921875,0.7147058823529412,0.96612
MVP,0.9490196078431372,0.711764705882353,0.9668
MVP,0.9488188976377953,0.7088235294117647,0.96688
MVP,0.9486166007905138,0.7058823529411765,0.96705
MVP,0.9484126984126984,0.7029411764705882,0.96706
MVP,0.952191235059761,0.7029411764705882,0.96745
MVP,0.956,0.7029411764705882,0.96749
MVP,0.9558232931726908,0.7,0.96754
MVP,0.9556451612903226,0.6970588235294117,0.96825
MVP,0.9554655870445344,0.6941176470588235,0.96838
MVP,0.9552845528455285,0.6911764705882353,0.96853
MVP,0.9551020408163265,0.6882352941176471,0.96879
MVP,0.9549180327868853,0.6852941176470588,0.96881
MVP,0.9547325102880658,0.6823529411764706,0.96893
MVP,0.9545454545454546,0.6794117647058824,0.96906
MVP,0.9543568464730291,0.6764705882352942,0.96978
MVP,0.9541666666666667,0.6735294117647059,0.97055
MVP,0.9539748953974896,0.6705882352941176,0.97098
MVP,0.9537815126050421,0.6676470588235294,0.97149
MVP,0.9535864978902954,0.6647058823529411,0.97199
MVP,0.9533898305084746,0.6617647058823529,0.97255
MVP,0.9574468085106383,0.6617647058823529,0.97325
MVP,0.9572649572649573,0.6588235294117647,0.9733
MVP,0.9613733905579399,0.6588235294117647,0.97338
MVP,0.9655172413793104,0.6588235294117647,0.97339
MVP,0.9653679653679653,0.6558823529411765,0.97385
MVP,0.9652173913043478,0.6529411764705882,0.97391
MVP,0.9650655021834061,0.65,0.97426
MVP,0.9649122807017544,0.6470588235294118,0.97445
MVP,0.9691629955947136,0.6470588235294118,0.9747
MVP,0.9690265486725663,0.6441176470588236,0.97484
MVP,0.9688888888888889,0.6411764705882353,0.97509
MVP,0.96875,0.638235294117647,0.9754
MVP,0.968609865470852,0.6352941176470588,0.97581
MVP,0.9684684684684685,0.6323529411764706,0.97605
MVP,0.9683257918552036,0.6294117647058823,0.97606
MVP,0.9681818181818181,0.6264705882352941,0.97611
MVP,0.9680365296803652,0.6235294117647059,0.97616
MVP,0.967741935483871,0.6176470588235294,0.97633
MVP,0.9675925925925926,0.6147058823529412,0.97657
MVP,0.9674418604651163,0.611764705882353,0.97746
MVP,0.9672897196261683,0.6088235294117647,0.97794
MVP,0.9671361502347418,0.6058823529411764,0.97801
MVP,0.9669811320754716,0.6029411764705882,0.97815
MVP,0.966824644549763,0.6,0.97816
MVP,0.9666666666666667,0.5970588235294118,0.9783
MVP,0.9665071770334929,0.5941176470588235,0.9785
MVP,0.9663461538461539,0.5911764705882353,0.97853
MVP,0.966183574879227,0.5882352941176471,0.97855
MVP,0.970873786407767,0.5882352941176471,0.97863
MVP,0.975609756097561,0.5882352941176471,0.97895
MVP,0.9754901960784313,0.5852941176470589,0.97919
MVP,0.9753694581280788,0.5823529411764706,0.97938
MVP,0.9752475247524752,0.5794117647058824,0.97962
MVP,0.9751243781094527,0.5764705882352941,0.97981
MVP,0.98,0.5764705882352941,0.98013
MVP,0.9797979797979798,0.5705882352941176,0.98023
MVP,0.9796954314720813,0.5676470588235294,0.98031
MVP,0.9795918367346939,0.5647058823529412,0.98036
MVP,0.9794871794871794,0.5617647058823529,0.9804
MVP,0.979381443298969,0.5588235294117647,0.98041
MVP,0.9792746113989638,0.5558823529411765,0.98042
MVP,0.9791666666666666,0.5529411764705883,0.98075
MVP,0.9790575916230366,0.55,0.98092
MVP,0.9789473684210527,0.5470588235294118,0.98094
MVP,0.9788359788359788,0.5441176470588235,0.98111
MVP,0.9787234042553191,0.5411764705882353,0.98123
MVP,0.9786096256684492,0.538235294117647,0.98133
MVP,0.978494623655914,0.5352941176470588,0.9814
MVP,0.9783783783783784,0.5323529411764706,0.98151
MVP,0.9836065573770492,0.5294117647058824,0.98159
MVP,0.9835164835164835,0.5264705882352941,0.98169
MVP,0.9834254143646409,0.5235294117647059,0.98171
MVP,0.9831460674157303,0.5147058823529411,0.98178
MVP,0.9830508474576272,0.5117647058823529,0.98189
MVP,0.9829545454545454,0.5088235294117647,0.98237
MVP,0.9828571428571429,0.5058823529411764,0.9825
MVP,0.9827586206896551,0.5029411764705882,0.98251
MVP,0.9826589595375722,0.5,0.98294
MVP,0.9825581395348837,0.4970588235294118,0.98317
MVP,0.9824561403508771,0.49411764705882355,0.98402
MVP,0.9823529411764705,0.49117647058823527,0.98406
MVP,0.9822485207100592,0.48823529411764705,0.98428
MVP,0.9821428571428571,0.4852941176470588,0.98436
MVP,0.9820359281437125,0.4823529411764706,0.98442
MVP,0.9819277108433735,0.47941176470588237,0.98445
MVP,0.9818181818181818,0.4764705882352941,0.98452
MVP,0.9817073170731707,0.47352941176470587,0.98453
MVP,0.9815950920245399,0.47058823529411764,0.98454
MVP,0.9813664596273292,0.4647058823529412,0.98456
MVP,0.98125,0.46176470588235297,0.98477
MVP,0.9811320754716981,0.4588235294117647,0.9849
MVP,0.9810126582278481,0.45588235294117646,0.98515
MVP,0.9808917197452229,0.45294117647058824,0.9853
MVP,0.9807692307692307,0.45,0.9854
MVP,0.9870967741935484,0.45,0.98576
MVP,0.987012987012987,0.4470588235294118,0.98594
MVP,0.9869281045751634,0.4441176470588235,0.98595
MVP,0.9868421052631579,0.4411764705882353,0.98602
MVP,0.9867549668874173,0.43823529411764706,0.98605
MVP,0.9866666666666667,0.43529411764705883,0.98606
MVP,0.9865771812080537,0.4323529411764706,0.98631
MVP,0.9864864864864865,0.4294117647058823,0.98648
MVP,0.9863945578231292,0.4264705882352941,0.98663
MVP,0.9863013698630136,0.4235294117647059,0.98665
MVP,0.9862068965517241,0.42058823529411765,0.98676
MVP,0.9861111111111112,0.4176470588235294,0.98677
MVP,0.986013986013986,0.4147058823529412,0.98678
MVP,0.9859154929577465,0.4117647058823529,0.98718
MVP,0.9858156028368794,0.4088235294117647,0.98719
MVP,0.9857142857142858,0.40588235294117647,0.98732
MVP,0.9856115107913669,0.40294117647058825,0.98743
MVP,0.9855072463768116,0.4,0.98761
MVP,0.9854014598540146,0.39705882352941174,0.98767
MVP,0.9852941176470589,0.3941176470588235,0.98775
MVP,0.9851851851851852,0.3911764705882353,0.98779
MVP,0.9850746268656716,0.38823529411764707,0.98803
MVP,0.9849624060150376,0.38529411764705884,0.98824
MVP,0.9848484848484849,0.38235294117647056,0.98839
MVP,0.9847328244274809,0.37941176470588234,0.98846
MVP,0.9846153846153847,0.3764705882352941,0.98847
MVP,0.9844961240310077,0.3735294117647059,0.9885
MVP,0.984375,0.37058823529411766,0.98857
MVP,0.984251968503937,0.36764705882352944,0.98862
MVP,0.9841269841269841,0.36470588235294116,0.98873
MVP,0.984,0.36176470588235293,0.98878
MVP,0.9838709677419355,0.3588235294117647,0.98883
MVP,0.983739837398374,0.3558823529411765,0.98888
MVP,0.9836065573770492,0.35294117647058826,0.98895
MVP,0.9834710743801653,0.35,0.98922
MVP,0.9833333333333333,0.34705882352941175,0.98923
MVP,0.9831932773109243,0.34411764705882353,0.98937
MVP,0.9830508474576272,0.3411764705882353,0.98958
MVP,0.9829059829059829,0.3382352941176471,0.98959
MVP,0.9827586206896551,0.3352941176470588,0.98968
MVP,0.9826086956521739,0.3323529411764706,0.98973
MVP,0.9823008849557522,0.3264705882352941,0.98977
MVP,0.9821428571428571,0.3235294117647059,0.98981
MVP,0.9819819819819819,0.3205882352941177,0.98993
MVP,0.9818181818181818,0.3176470588235294,0.99003
MVP,0.981651376146789,0.31470588235294117,0.99008
MVP,0.9907407407407407,0.31470588235294117,0.99019
MVP,0.9906542056074766,0.31176470588235294,0.99021
MVP,0.9905660377358491,0.3088235294117647,0.99023
MVP,0.9904761904761905,0.3058823529411765,0.99035
MVP,0.9903846153846154,0.3029411764705882,0.99036
MVP,0.9902912621359223,0.3,0.99038
MVP,0.9900990099009901,0.29411764705882354,0.99042
MVP,0.99,0.2911764705882353,0.99044
MVP,0.9897959183673469,0.2852941176470588,0.99054
MVP,0.9896907216494846,0.2823529411764706,0.99055
MVP,0.9895833333333334,0.27941176470588236,0.99076
MVP,0.9894736842105263,0.27647058823529413,0.99103
MVP,0.9893617021276596,0.2735294117647059,0.99112
MVP,0.989247311827957,0.27058823529411763,0.99116
MVP,0.9891304347826086,0.2676470588235294,0.99129
MVP,0.989010989010989,0.2647058823529412,0.99131
MVP,0.9888888888888889,0.26176470588235295,0.99136
MVP,0.9887640449438202,0.25882352941176473,0.99149
MVP,0.9886363636363636,0.25588235294117645,0.99151
MVP,0.9885057471264368,0.2529411764705882,0.99154
MVP,0.9883720930232558,0.25,0.99166
MVP,0.9882352941176471,0.24705882352941178,0.99172
MVP,0.9880952380952381,0.24411764705882352,0.99176
MVP,0.9879518072289156,0.2411764705882353,0.99196
MVP,0.9878048780487805,0.23823529411764705,0.992
MVP,0.9876543209876543,0.23529411764705882,0.99204
MVP,0.9873417721518988,0.22941176470588234,0.99207
MVP,0.9871794871794872,0.22647058823529412,0.99213
MVP,0.987012987012987,0.2235294117647059,0.99224
MVP,0.9868421052631579,0.22058823529411764,0.9923
MVP,0.9866666666666667,0.21764705882352942,0.99241
MVP,0.9864864864864865,0.21470588235294116,0.99246
MVP,0.9863013698630136,0.21176470588235294,0.99247
MVP,0.9859154929577465,0.20588235294117646,0.9925
MVP,0.9857142857142858,0.20294117647058824,0.99251
MVP,0.9855072463768116,0.2,0.99272
MVP,0.9852941176470589,0.19705882352941176,0.99275
MVP,0.9850746268656716,0.19411764705882353,0.99276
MVP,0.9848484848484849,0.19117647058823528,0.99297
MVP,0.9846153846153847,0.18823529411764706,0.99299
MVP,0.984375,0.18529411764705883,0.99305
MVP,0.9841269841269841,0.18235294117647058,0.99307
MVP,0.9838709677419355,0.17941176470588235,0.99314
MVP,0.9836065573770492,0.17647058823529413,0.99327
MVP,0.9833333333333333,0.17352941176470588,0.99331
MVP,0.9827586206896551,0.1676470588235294,0.99339
MVP,0.9824561403508771,0.16470588235294117,0.99358
MVP,0.9821428571428571,0.16176470588235295,0.99359
MVP,0.9818181818181818,0.1588235294117647,0.99363
MVP,0.9814814814814815,0.15588235294117647,0.99364
MVP,0.9811320754716981,0.15294117647058825,0.99386
MVP,1.0,0.15294117647058825,0.99396
MVP,1.0,0.15,0.99402
MVP,1.0,0.14705882352941177,0.99406
MVP,1.0,0.14411764705882352,0.99414
MVP,1.0,0.1411764705882353,0.99431
MVP,1.0,0.13823529411764707,0.99439
MVP,1.0,0.13529411764705881,0.99445
MVP,1.0,0.1323529411764706,0.99465
MVP,1.0,0.1264705882352941,0.99469
MVP,1.0,0.12058823529411765,0.99473
MVP,1.0,0.11764705882352941,0.99475
MVP,1.0,0.11470588235294117,0.99476
MVP,1.0,0.11176470588235295,0.99477
MVP,1.0,0.10882352941176471,0.99482
MVP,1.0,0.10588235294117647,0.99485
MVP,1.0,0.10294117647058823,0.99489
MVP,1.0,0.1,0.99493
MVP,1.0,0.09705882352941177,0.99498
MVP,1.0,0.09117647058823529,0.995
MVP,1.0,0.08823529411764706,0.99512
MVP,1.0,0.08529411764705883,0.99521
MVP,1.0,0.08235294117647059,0.99527
MVP,1.0,0.07941176470588235,0.99538
MVP,1.0,0.07647058823529412,0.99545
MVP,1.0,0.07352941176470588,0.99592
MVP,1.0,0.07058823529411765,0.99631
MVP,1.0,0.06764705882352941,0.99635
MVP,1.0,0.06470588235294118,0.99636
MVP,1.0,0.061764705882352944,0.99645
MVP,1.0,0.058823529411764705,0.99655
MVP,1.0,0.05588235294117647,0.99668
MVP,1.0,0.052941176470588235,0.99672
MVP,1.0,0.05,0.99707
MVP,1.0,0.047058823529411764,0.99709
MVP,1.0,0.04411764705882353,0.9973
MVP,1.0,0.041176470588235294,0.99753
MVP,1.0,0.03823529411764706,0.9978
MVP,1.0,0.03235294117647059,0.99783
MVP,1.0,0.029411764705882353,0.9979
MVP,1.0,0.026470588235294117,0.99802
MVP,1.0,0.023529411764705882,0.99836
MVP,1.0,0.020588235294117647,0.99843
MVP,1.0,0.01764705882352941,0.99867
MVP,1.0,0.011764705882352941,0.99892
MVP,1.0,0.008823529411764706,0.99897
MVP,1.0,0.0058823529411764705,0.99948
MVP,1.0,0.0029411764705882353,0.99954
PHACTB,0.8542713567839196,1.0,0.04503
PHACTB,0.8564231738035264,1.0,0.04607
PHACTB,0.8585858585858586,1.0,0.08553
PHACTB,0.8607594936708861,1.0,0.12394
PHACTB,0.8629441624365483,1.0,0.12753
PHACTB,0.8651399491094147,1.0,0.13587
PHACTB,0.8673469387755102,1.0,0.17753
PHACTB,0.8695652173913043,1.0,0.18752
PHACTB,0.8717948717948718,1.0,0.19162
PHACTB,0.8740359897172236,1.0,0.20934
PHACTB,0.8762886597938144,1.0,0.20945
PHACTB,0.8785529715762274,1.0,0.23572
PHACTB,0.8808290155440415,1.0,0.23707
PHACTB,0.8831168831168831,1.0,0.24691
PHACTB,0.8854166666666666,1.0,0.25975
PHACTB,0.8851174934725848,0.9970588235294118,0.27396
PHACTB,0.887434554973822,0.9970588235294118,0.28519
PHACTB,0.889763779527559,0.9970588235294118,0.30191
PHACTB,0.8921052631578947,0.9970588235294118,0.30722
PHACTB,0.8944591029023746,0.9970588235294118,0.31111
PHACTB,0.8968253968253969,0.9970588235294118,0.33825
PHACTB,0.8992042440318302,0.9970588235294118,0.34647
PHACTB,0.901595744680851,0.9970588235294118,0.35222
PHACTB,0.904,0.9970588235294118,0.35657
PHACTB,0.9064171122994652,0.9970588235294118,0.38674
PHACTB,0.9088471849865952,0.9970588235294118,0.38892
PHACTB,0.9086021505376344,0.9941176470588236,0.40426
PHACTB,0.9083557951482479,0.9911764705882353,0.41015
PHACTB,0.9081081081081082,0.9882352941176471,0.41407
PHACTB,0.9105691056910569,0.9882352941176471,0.41532
PHACTB,0.9130434782608695,0.9882352941176471,0.42171
PHACTB,0.9155313351498637,0.9882352941176471,0.43922
PHACTB,0.9180327868852459,0.9882352941176471,0.44117
PHACTB,0.9205479452054794,0.9882352941176471,0.45627
PHACTB,0.9230769230769231,0.9882352941176471,0.47635
PHACTB,0.9228650137741047,0.9852941176470589,0.47917
PHACTB,0.9226519337016574,0.9823529411764705,0.48617
PHACTB,0.925207756232687,0.9823529411764705,0.5097
PHACTB,0.925,0.9794117647058823,0.51357
PHACTB,0.9275766016713092,0.9794117647058823,0.52969
PHACTB,0.9301675977653632,0.9794117647058823,0.55575
PHACTB,0.9327731092436975,0.9794117647058823,0.5769
PHACTB,0.9353932584269663,0.9794117647058823,0.58018
PHACTB,0.9352112676056338,0.9764705882352941,0.58059
PHACTB,0.9378531073446328,0.9764705882352941,0.58489
PHACTB,0.9376770538243626,0.9735294117647059,0.58779
PHACTB,0.9375,0.9705882352941176,0.59025
PHACTB,0.9373219373219374,0.9676470588235294,0.59452
PHACTB,0.94,0.9676470588235294,0.60616
PHACTB,0.9426934097421203,0.9676470588235294,0.61009
PHACTB,0.9454022988505747,0.9676470588235294,0.61307
PHACTB,0.9481268011527377,0.9676470588235294,0.6189
PHACTB,0.9508670520231214,0.9676470588235294,0.63777
PHACTB,0.9536231884057971,0.9676470588235294,0.64365
PHACTB,0.9563953488372093,0.9676470588235294,0.64435
PHACTB,0.9591836734693877,0.9676470588235294,0.65263
PHACTB,0.9590643274853801,0.9647058823529412,0.65903
PHACTB,0.9589442815249267,0.961764705882353,0.66004
PHACTB,0.961764705882353,0.961764705882353,0.67496
PHACTB,0.9646017699115044,0.961764705882353,0.67516
PHACTB,0.9644970414201184,0.9588235294117647,0.68137
PHACTB,0.9643916913946587,0.9558823529411765,0.68343
PHACTB,0.9642857142857143,0.9529411764705882,0.6837
PHACTB,0.9641791044776119,0.95,0.685
PHACTB,0.9640718562874252,0.9470588235294117,0.69175
PHACTB,0.9669669669669669,0.9470588235294117,0.69496
PHACTB,0.9668674698795181,0.9441176470588235,0.69857
PHACTB,0.9667673716012085,0.9411764705882353,0.70389
PHACTB,0.9696969696969697,0.9411764705882353,0.7098
PHACTB,0.9696048632218845,0.9382352941176471,0.71232
PHACTB,0.9695121951219512,0.9352941176470588,0.71671
PHACTB,0.9694189602446484,0.9323529411764706,0.71743
PHACTB,0.9693251533742331,0.9294117647058824,0.71818
PHACTB,0.9692307692307692,0.9264705882352942,0.72635
PHACTB,0.9691358024691358,0.9235294117647059,0.72775
PHACTB,0.9690402476780186,0.9205882352941176,0.73272
PHACTB,0.968944099378882,0.9176470588235294,0.7399
PHACTB,0.9688473520249221,0.9147058823529411,0.74166
PHACTB,0.971875,0.9147058823529411,0.74783
PHACTB,0.9717868338557993,0.9117647058823529,0.75115
PHACTB,0.9748427672955975,0.9117647058823529,0.75617
PHACTB,0.9747634069400631,0.9088235294117647,0.75708
PHACTB,0.9746835443037974,0.9058823529411765,0.75772
PHACTB,0.9777777777777777,0.9058823529411765,0.75887
PHACTB,0.9777070063694268,0.9029411764705882,0.75888
PHACTB,0.9776357827476039,0.9,0.76028
PHACTB,0.9775641025641025,0.8970588235294118,0.76111
PHACTB,0.977491961414791,0.8941176470588236,0.76275
PHACTB,0.9774193548387097,0.8911764705882353,0.76743
PHACTB,0.9805825242718447,0.8911764705882353,0.77101
PHACTB,0.9805194805194806,0.888235294117647,0.77409
PHACTB,0.9804560260586319,0.8852941176470588,0.77633
PHACTB,0.9803921568627451,0.8823529411764706,0.77918
PHACTB,0.980327868852459,0.8794117647058823,0.78686
PHACTB,0.9835526315789473,0.8794117647058823,0.79255
PHACTB,0.9834983498349835,0.8764705882352941,0.79308
PHACTB,0.9834437086092715,0.8735294117647059,0.79849
PHACTB,0.9833887043189369,0.8705882352941177,0.79879
PHACTB,0.9833333333333333,0.8676470588235294,0.8009
PHACTB,0.9832775919732442,0.8647058823529412,0.80365
PHACTB,0.9865771812080537,0.8647058823529412,0.80672
PHACTB,0.9865319865319865,0.861764705882353,0.80781
PHACTB,0.9898648648648649,0.861764705882353,0.808
PHACTB,0.9898305084745763,0.8588235294117647,0.81837
PHACTB,0.9897959183673469,0.8558823529411764,0.81881
PHACTB,0.9897610921501706,0.8529411764705882,0.81923
PHACTB,0.9897260273972602,0.85,0.82079
PHACTB,0.9896907216494846,0.8470588235294118,0.82098
PHACTB,0.9896551724137931,0.8441176470588235,0.82291
PHACTB,0.9896193771626297,0.8411764705882353,0.82298
PHACTB,0.9895833333333334,0.8382352941176471,0.82349
PHACTB,0.9895470383275261,0.8352941176470589,0.82474
PHACTB,0.9895104895104895,0.8323529411764706,0.82593
PHACTB,0.9894736842105263,0.8294117647058824,0.82953
PHACTB,0.9894366197183099,0.8264705882352941,0.8303
PHACTB,0.9893992932862191,0.8235294117647058,0.83117
PHACTB,0.9893617021276596,0.8205882352941176,0.83419
PHACTB,0.9893238434163701,0.8176470588235294,0.83771
PHACTB,0.9892857142857143,0.8147058823529412,0.8378
PHACTB,0.989247311827957,0.8117647058823529,0.84027
PHACTB,0.9891696750902527,0.8058823529411765,0.84142
PHACTB,0.9891304347826086,0.8029411764705883,0.84301
PHACTB,0.9890909090909091,0.8,0.84463
PHACTB,0.9890510948905109,0.7970588235294118,0.84505
PHACTB,0.989010989010989,0.7941176470588235,0.84543
PHACTB,0.9889705882352942,0.7911764705882353,0.8472
PHACTB,0.988929889298893,0.788235294117647,0.84886
PHACTB,0.9888888888888889,0.7852941176470588,0.84936
PHACTB,0.9888475836431226,0.7823529411764706,0.84938
PHACTB,0.9888059701492538,0.7794117647058824,0.84956
PHACTB,0.9887640449438202,0.7764705882352941,0.85196
PHACTB,0.9887218045112782,0.7735294117647059,0.85344
PHACTB,0.9886792452830189,0.7705882352941177,0.85562
PHACTB,0.9886363636363636,0.7676470588235295,0.85702
PHACTB,0.9885931558935361,0.7647058823529411,0.85782
PHACTB,0.9885496183206107,0.7617647058823529,0.85939
PHACTB,0.9885057471264368,0.7588235294117647,0.8614
PHACTB,0.9884615384615385,0.7558823529411764,0.86288
PHACTB,0.9884169884169884,0.7529411764705882,0.86408
PHACTB,0.9883720930232558,0.75,0.86691
PHACTB,0.9883268482490273,0.7470588235294118,0.86767
PHACTB,0.98828125,0.7441176470588236,0.87031
PHACTB,0.9882352941176471,0.7411764705882353,0.87034
PHACTB,0.9921259842519685,0.7411764705882353,0.87061
PHACTB,0.9920948616600791,0.7382352941176471,0.8709
PHACTB,0.9920634920634921,0.7352941176470589,0.87155
PHACTB,0.992,0.7294117647058823,0.87188
PHACTB,0.9919678714859438,0.7264705882352941,0.87208
PHACTB,0.9919354838709677,0.7235294117647059,0.87234
PHACTB,0.9919028340080972,0.7205882352941176,0.87366
PHACTB,0.991869918699187,0.7176470588235294,0.87512
PHACTB,0.9918367346938776,0.7147058823529412,0.87526
PHACTB,0.9918032786885246,0.711764705882353,0.87696
PHACTB,0.9917695473251029,0.7088235294117647,0.877
PHACTB,0.9917355371900827,0.7058823529411765,0.87721
PHACTB,0.991701244813278,0.7029411764705882,0.87817
PHACTB,0.9916666666666667,0.7,0.87824
PHACTB,0.9916317991631799,0.6970588235294117,0.87828
PHACTB,0.9915966386554622,0.6941176470588235,0.8785
PHACTB,0.9915611814345991,0.6911764705882353,0.88057
PHACTB,0.9915254237288136,0.6882352941176471,0.88308
PHACTB,0.9914893617021276,0.6852941176470588,0.88477
PHACTB,0.9914529914529915,0.6823529411764706,0.88481
PHACTB,0.9914163090128756,0.6794117647058824,0.88527
PHACTB,0.9913793103448276,0.6764705882352942,0.88638
PHACTB,0.9913419913419913,0.6735294117647059,0.88729
PHACTB,0.991304347826087,0.6705882352941176,0.88808
PHACTB,0.9912280701754386,0.6647058823529411,0.89181
PHACTB,0.9911504424778761,0.6588235294117647,0.89263
PHACTB,0.9911111111111112,0.6558823529411765,0.89278
PHACTB,0.9910313901345291,0.65,0.89455
PHACTB,0.990990990990991,0.6470588235294118,0.89506
PHACTB,0.9909502262443439,0.6441176470588236,0.89546
PHACTB,0.990909090909091,0.6411764705882353,0.89671
PHACTB,0.9908675799086758,0.638235294117647,0.89745
PHACTB,0.9908256880733946,0.6352941176470588,0.89962
PHACTB,0.9907834101382489,0.6323529411764706,0.90212
PHACTB,0.9907407407407407,0.6294117647058823,0.90307
PHACTB,0.9906976744186047,0.6264705882352941,0.90464
PHACTB,0.9906542056074766,0.6235294117647059,0.90532
PHACTB,0.9953051643192489,0.6235294117647059,0.90627
PHACTB,0.9952830188679245,0.6205882352941177,0.90646
PHACTB,0.995260663507109,0.6176470588235294,0.90691
PHACTB,0.9952153110047847,0.611764705882353,0.90834
PHACTB,0.9951690821256038,0.6058823529411764,0.91258
PHACTB,0.9951456310679612,0.6029411764705882,0.91287
PHACTB,0.9950980392156863,0.5970588235294118,0.91301
PHACTB,0.9950738916256158,0.5941176470588235,0.91338
PHACTB,0.995049504950495,0.5911764705882353,0.91466
PHACTB,0.9950248756218906,0.5882352941176471,0.91542
PHACTB,0.995,0.5852941176470589,0.91652
PHACTB,0.9949748743718593,0.5823529411764706,0.91797
PHACTB,0.9949494949494949,0.5794117647058824,0.9183
PHACTB,0.9949238578680203,0.5764705882352941,0.91999
PHACTB,0.9948979591836735,0.5735294117647058,0.92095
PHACTB,0.9948717948717949,0.5705882352941176,0.9213
PHACTB,0.9948453608247423,0.5676470588235294,0.92184
PHACTB,0.9948186528497409,0.5647058823529412,0.92229
PHACTB,0.9947916666666666,0.5617647058823529,0.92238
PHACTB,0.9947643979057592,0.5588235294117647,0.92274
PHACTB,0.9947368421052631,0.5558823529411765,0.92293
PHACTB,0.9947089947089947,0.5529411764705883,0.92339
PHACTB,0.9946808510638298,0.55,0.92348
PHACTB,0.9946524064171123,0.5470588235294118,0.92424
PHACTB,0.9946236559139785,0.5441176470588235,0.92443
PHACTB,0.9945945945945946,0.5411764705882353,0.9249
PHACTB,0.9945652173913043,0.538235294117647,0.92548
PHACTB,0.994535519125683,0.5352941176470588,0.92577
PHACTB,0.9945054945054945,0.5323529411764706,0.92607
PHACTB,0.994475138121547,0.5294117647058824,0.92657
PHACTB,0.9944444444444445,0.5264705882352941,0.92676
PHACTB,0.994413407821229,0.5235294117647059,0.92738
PHACTB,0.9943820224719101,0.5205882352941177,0.92768
PHACTB,0.9943502824858758,0.5176470588235295,0.92799
PHACTB,0.9943181818181818,0.5147058823529411,0.9283
PHACTB,0.9942857142857143,0.5117647058823529,0.92882
PHACTB,0.9942196531791907,0.5058823529411764,0.92904
PHACTB,0.9941860465116279,0.5029411764705882,0.92915
PHACTB,0.9941520467836257,0.5,0.92936
PHACTB,0.9941176470588236,0.4970588235294118,0.92947
PHACTB,0.9940828402366864,0.49411764705882355,0.93077
PHACTB,1.0,0.49411764705882355,0.93099
PHACTB,1.0,0.49117647058823527,0.93236
PHACTB,1.0,0.48823529411764705,0.93259
PHACTB,1.0,0.4852941176470588,0.9327
PHACTB,1.0,0.4823529411764706,0.93282
PHACTB,1.0,0.4764705882352941,0.93305
PHACTB,1.0,0.47352941176470587,0.93341
PHACTB,1.0,0.47058823529411764,0.93412
PHACTB,1.0,0.4676470588235294,0.93546
PHACTB,1.0,0.4647058823529412,0.93584
PHACTB,1.0,0.46176470588235297,0.93597
PHACTB,1.0,0.4588235294117647,0.93673
PHACTB,1.0,0.45588235294117646,0.93699
PHACTB,1.0,0.45294117647058824,0.93751
PHACTB,1.0,0.4470588235294118,0.93791
PHACTB,1.0,0.4441176470588235,0.93804
PHACTB,1.0,0.4411764705882353,0.93817
PHACTB,1.0,0.43823529411764706,0.93831
PHACTB,1.0,0.43529411764705883,0.93844
PHACTB,1.0,0.4323529411764706,0.94107
PHACTB,1.0,0.4294117647058823,0.9415
PHACTB,1.0,0.4264705882352941,0.94194
PHACTB,1.0,0.4235294117647059,0.94344
PHACTB,1.0,0.42058823529411765,0.94359
PHACTB,1.0,0.4176470588235294,0.94436
PHACTB,1.0,0.4147058823529412,0.94515
PHACTB,1.0,0.4088235294117647,0.94531
PHACTB,1.0,0.40588235294117647,0.94548
PHACTB,1.0,0.40294117647058825,0.9463
PHACTB,1.0,0.4,0.94646
PHACTB,1.0,0.3941176470588235,0.94697
PHACTB,1.0,0.3911764705882353,0.94782
PHACTB,1.0,0.38823529411764707,0.948
PHACTB,1.0,0.38235294117647056,0.94853
PHACTB,1.0,0.3764705882352941,0.94961
PHACTB,1.0,0.3735294117647059,0.94979
PHACTB,1.0,0.37058823529411766,0.95035
PHACTB,1.0,0.36764705882352944,0.95053
PHACTB,1.0,0.36470588235294116,0.95072
PHACTB,1.0,0.3588235294117647,0.95148
PHACTB,1.0,0.3558823529411765,0.95207
PHACTB,1.0,0.35294117647058826,0.95306
PHACTB,1.0,0.35,0.95326
PHACTB,1.0,0.34705882352941175,0.9545
PHACTB,1.0,0.34411764705882353,0.95513
PHACTB,1.0,0.3411764705882353,0.95644
PHACTB,1.0,0.3382352941176471,0.95667
PHACTB,1.0,0.3352941176470588,0.95689
PHACTB,1.0,0.3205882352941177,0.95712
PHACTB,1.0,0.3176470588235294,0.95735
PHACTB,1.0,0.31470588235294117,0.95782
PHACTB,1.0,0.31176470588235294,0.95829
PHACTB,1.0,0.3088235294117647,0.95853
PHACTB,1.0,0.3029411764705882,0.95877
PHACTB,1.0,0.3,0.95951
PHACTB,1.0,0.29705882352941176,0.96001
PHACTB,1.0,0.29411764705882354,0.96026
PHACTB,1.0,0.2911764705882353,0.96052
PHACTB,1.0,0.28823529411764703,0.96103
PHACTB,1.0,0.2852941176470588,0.96155
PHACTB,1.0,0.2823529411764706,0.96263
PHACTB,1.0,0.27647058823529413,0.9629
PHACTB,1.0,0.2735294117647059,0.96318
PHACTB,1.0,0.27058823529411763,0.96346
PHACTB,1.0,0.26176470588235295,0.96375
PHACTB,1.0,0.25882352941176473,0.96403
PHACTB,1.0,0.25588235294117645,0.96432
PHACTB,1.0,0.24705882352941178,0.96461
PHACTB,1.0,0.24411764705882352,0.96673
PHACTB,1.0,0.23823529411764705,0.96737
PHACTB,1.0,0.23529411764705882,0.96802
PHACTB,1.0,0.22647058823529412,0.96869
PHACTB,1.0,0.22058823529411764,0.96903
PHACTB,1.0,0.21764705882352942,0.96938
PHACTB,1.0,0.21176470588235294,0.96973
PHACTB,1.0,0.20588235294117646,0.97008
PHACTB,1.0,0.20294117647058824,0.97117
PHACTB,1.0,0.19705882352941176,0.97154
PHACTB,1.0,0.19411764705882353,0.97193
PHACTB,1.0,0.19117647058823528,0.97231
PHACTB,1.0,0.18823529411764706,0.9731
PHACTB,1.0,0.18529411764705883,0.97351
PHACTB,1.0,0.18235294117647058,0.97392
PHACTB,1.0,0.17352941176470588,0.97434
PHACTB,1.0,0.1676470588235294,0.97477
PHACTB,1.0,0.1588235294117647,0.97565
PHACTB,1.0,0.15294117647058825,0.97656
PHACTB,1.0,0.14411764705882352,0.97704
PHACTB,1.0,0.13823529411764707,0.97751
PHACTB,1.0,0.13529411764705881,0.978
PHACTB,1.0,0.12941176470588237,0.97851
PHACTB,1.0,0.1264705882352941,0.97903
PHACTB,1.0,0.11176470588235295,0.97955
PHACTB,1.0,0.10882352941176471,0.98009
PHACTB,1.0,0.1,0.98063
PHACTB,1.0,0.09705882352941177,0.98179
PHACTB,1.0,0.09411764705882353,0.98301
PHACTB,1.0,0.08529411764705883,0.98365
PHACTB,1.0,0.08235294117647059,0.98431
PHACTB,1.0,0.07941176470588235,0.98499
PHACTB,1.0,0.07647058823529412,0.98645
PHACTB,1.0,0.07058823529411765,0.98723
PHACTB,1.0,0.06764705882352941,0.98806
PHACTB,1.0,0.05588235294117647,0.98892
PHACTB,1.0,0.052941176470588235,0.98982
PHACTB,1.0,0.04411764705882353,0.99079
PHACTB,1.0,0.03529411764705882,0.99183
PHACTB,1.0,0.01764705882352941,0.99297
PHACTB,1.0,0.011764705882352941,0.99427
POLYP2HDIV,0.8542713567839196,1.0,0.0295
POLYP2HDIV,0.8663239074550129,0.9911764705882353,0.0748
POLYP2HDIV,0.8682170542635659,0.9882352941176471,0.09864
POLYP2HDIV,0.8727272727272727,0.9882352941176471,0.12194
POLYP2HDIV,0.8769633507853403,0.9852941176470589,0.13006
POLYP2HDIV,0.8792650918635171,0.9852941176470589,0.13655
POLYP2HDIV,0.8839050131926122,0.9852941176470589,0.171
POLYP2HDIV,0.8862433862433863,0.9852941176470589,0.18897
POLYP2HDIV,0.8859416445623343,0.9823529411764705,0.19419
POLYP2HDIV,0.8882978723404256,0.9823529411764705,0.19568
POLYP2HDIV,0.888,0.9794117647058823,0.19724
POLYP2HDIV,0.8877005347593583,0.9764705882352941,0.20256
POLYP2HDIV,0.8900804289544236,0.9764705882352941,0.20628
POLYP2HDIV,0.8924731182795699,0.9764705882352941,0.20746
POLYP2HDIV,0.894878706199461,0.9764705882352941,0.21252
POLYP2HDIV,0.8972972972972973,0.9764705882352941,0.21372
POLYP2HDIV,0.8970189701897019,0.9735294117647059,0.23391
POLYP2HDIV,0.8961748633879781,0.9647058823529412,0.24618
POLYP2HDIV,0.8986301369863013,0.9647058823529412,0.27517
POLYP2HDIV,0.8983516483516484,0.961764705882353,0.2829
POLYP2HDIV,0.8980716253443526,0.9588235294117647,0.29606
POLYP2HDIV,0.9005524861878453,0.9588235294117647,0.30353
POLYP2HDIV,0.9030470914127424,0.9588235294117647,0.30376
POLYP2HDIV,0.9055555555555556,0.9588235294117647,0.31489
POLYP2HDIV,0.9080779944289693,0.9588235294117647,0.31701
POLYP2HDIV,0.9078212290502793,0.9558823529411765,0.3292
POLYP2HDIV,0.9103641456582633,0.9558823529411765,0.34304
POLYP2HDIV,0.9101123595505618,0.9529411764705882,0.34741
POLYP2HDIV,0.9126760563380282,0.9529411764705882,0.35403
POLYP2HDIV,0.9124293785310734,0.95,0.35599
POLYP2HDIV,0.9121813031161473,0.9470588235294117,0.36148
POLYP2HDIV,0.9147727272727273,0.9470588235294117,0.37224
POLYP2HDIV,0.9173789173789174,0.9470588235294117,0.3747
POLYP2HDIV,0.9171428571428571,0.9441176470588235,0.3787
POLYP2HDIV,0.9169054441260746,0.9411764705882353,0.39161
POLYP2HDIV,0.9195402298850575,0.9411764705882353,0.40008
POLYP2HDIV,0.9193083573487032,0.9382352941176471,0.40326
POLYP2HDIV,0.9190751445086706,0.9352941176470588,0.41364
POLYP2HDIV,0.9188405797101449,0.9323529411764706,0.41627
POLYP2HDIV,0.9186046511627907,0.9294117647058824,0.42752
POLYP2HDIV,0.9183673469387755,0.9264705882352942,0.43217
POLYP2HDIV,0.9210526315789473,0.9264705882352942,0.43246
POLYP2HDIV,0.9235294117647059,0.9235294117647059,0.43833
POLYP2HDIV,0.9233038348082596,0.9205882352941176,0.45064
POLYP2HDIV,0.9230769230769231,0.9176470588235294,0.45185
POLYP2HDIV,0.9228486646884273,0.9147058823529411,0.45697
POLYP2HDIV,0.9226190476190477,0.9117647058823529,0.45752
POLYP2HDIV,0.9253731343283582,0.9117647058823529,0.46722
POLYP2HDIV,0.9251497005988024,0.9088235294117647,0.46793
POLYP2HDIV,0.924924924924925,0.9058823529411765,0.46893
POLYP2HDIV,0.9246987951807228,0.9029411764705882,0.47092
POLYP2HDIV,0.9244712990936556,0.9,0.47572
POLYP2HDIV,0.9272727272727272,0.9,0.48237
POLYP2HDIV,0.9300911854103343,0.9,0.483
POLYP2HDIV,0.9296636085626911,0.8941176470588236,0.48632
POLYP2HDIV,0.9294478527607362,0.8911764705882353,0.48882
POLYP2HDIV,0.9292307692307692,0.888235294117647,0.48954
POLYP2HDIV,0.9290123456790124,0.8852941176470588,0.49038
POLYP2HDIV,0.9318885448916409,0.8852941176470588,0.50348
POLYP2HDIV,0.9316770186335404,0.8823529411764706,0.50762
POLYP2HDIV,0.93125,0.8764705882352941,0.51481
POLYP2HDIV,0.9310344827586207,0.8735294117647059,0.51624
POLYP2HDIV,0.9339622641509434,0.8735294117647059,0.51703
POLYP2HDIV,0.9337539432176656,0.8705882352941177,0.52216
POLYP2HDIV,0.9333333333333333,0.8647058823529412,0.52291
POLYP2HDIV,0.9363057324840764,0.8647058823529412,0.5349
POLYP2HDIV,0.9361022364217252,0.861764705882353,0.53632
POLYP2HDIV,0.9358974358974359,0.8588235294117647,0.54003
POLYP2HDIV,0.9356913183279743,0.8558823529411764,0.54293
POLYP2HDIV,0.9387096774193548,0.8558823529411764,0.54525
POLYP2HDIV,0.941747572815534,0.8558823529411764,0.54679
POLYP2HDIV,0.9415584415584416,0.8529411764705882,0.55445
POLYP2HDIV,0.9446254071661238,0.8529411764705882,0.55869
POLYP2HDIV,0.9444444444444444,0.85,0.56027
POLYP2HDIV,0.9442622950819672,0.8470588235294118,0.56216
POLYP2HDIV,0.9471947194719472,0.8441176470588235,0.56423
POLYP2HDIV,0.946843853820598,0.8382352941176471,0.57419
POLYP2HDIV,0.9496644295302014,0.8323529411764706,0.58089
POLYP2HDIV,0.9493243243243243,0.8264705882352941,0.58769
POLYP2HDIV,0.9491525423728814,0.8235294117647058,0.59057
POLYP2HDIV,0.9489795918367347,0.8205882352941176,0.59367
POLYP2HDIV,0.9488054607508533,0.8176470588235294,0.5969
POLYP2HDIV,0.9486301369863014,0.8147058823529412,0.60051
POLYP2HDIV,0.9480968858131488,0.8058823529411765,0.60394
POLYP2HDIV,0.9479166666666666,0.8029411764705883,0.60748
POLYP2HDIV,0.9477351916376306,0.8,0.61134
POLYP2HDIV,0.9475524475524476,0.7970588235294118,0.6154
POLYP2HDIV,0.9469964664310954,0.788235294117647,0.61929
POLYP2HDIV,0.95,0.7823529411764706,0.62341
POLYP2HDIV,0.9494584837545126,0.7735294117647059,0.62839
POLYP2HDIV,0.9487179487179487,0.7617647058823529,0.63438
POLYP2HDIV,0.9485294117647058,0.7588235294117647,0.64084
POLYP2HDIV,0.9520295202952029,0.7588235294117647,0.64752
POLYP2HDIV,0.9509433962264151,0.7411764705882353,0.65587
POLYP2HDIV,0.9501915708812261,0.7294117647058823,0.66535
POLYP2HDIV,0.9494163424124513,0.7176470588235294,0.67505
POLYP2HDIV,0.951417004048583,0.6911764705882353,0.68795
POLYP2HDIV,0.9497907949790795,0.6676470588235294,0.70687
POLYP2HDIV,0.9478260869565217,0.6411764705882353,0.73231
POLYP2HDIV,0.9493087557603687,0.6058823529411764,0.77914
POLYP2HDIV,0.9468085106382979,0.5235294117647059,0.9058
POLYP2HVAR,0.8542713567839196,1.0,0.01384
POLYP2HVAR,0.8582278481012658,0.9970588235294118,0.04348
POLYP2HVAR,0.8634020618556701,0.9852941176470589,0.06938
POLYP2HVAR,0.8701298701298701,0.9852941176470589,0.10086
POLYP2HVAR,0.8746736292428199,0.9852941176470589,0.12129
POLYP2HVAR,0.8769633507853403,0.9852941176470589,0.12988
POLYP2HVAR,0.883289124668435,0.9794117647058823,0.13705
POLYP2HVAR,0.888,0.9794117647058823,0.14297
POLYP2HVAR,0.8903743315508021,0.9794117647058823,0.15518
POLYP2HVAR,0.8900804289544236,0.9764705882352941,0.18486
POLYP2HVAR,0.894878706199461,0.9764705882352941,0.18782
POLYP2HVAR,0.8972972972972973,0.9764705882352941,0.20509
POLYP2HVAR,0.8970189701897019,0.9735294117647059,0.20792
POLYP2HVAR,0.8956043956043956,0.9588235294117647,0.21085
POLYP2HVAR,0.8977900552486188,0.9558823529411765,0.23989
POLYP2HVAR,0.9002770083102493,0.9558823529411765,0.2528
POLYP2HVAR,0.9,0.9529411764705882,0.26282
POLYP2HVAR,0.8997214484679665,0.95,0.27544
POLYP2HVAR,0.9022346368715084,0.95,0.28875
POLYP2HVAR,0.9047619047619048,0.95,0.3109
POLYP2HVAR,0.9044943820224719,0.9470588235294117,0.33075
POLYP2HVAR,0.9070422535211268,0.9470588235294117,0.3382
POLYP2HVAR,0.9067796610169492,0.9441176470588235,0.33873
POLYP2HVAR,0.9065155807365439,0.9411764705882353,0.34474
POLYP2HVAR,0.9090909090909091,0.9411764705882353,0.34841
POLYP2HVAR,0.9088319088319088,0.9382352941176471,0.35396
POLYP2HVAR,0.9114285714285715,0.9382352941176471,0.36768
POLYP2HVAR,0.9140401146131805,0.9382352941176471,0.37793
POLYP2HVAR,0.9137931034482759,0.9352941176470588,0.38646
POLYP2HVAR,0.9135446685878963,0.9323529411764706,0.39351
POLYP2HVAR,0.9132947976878613,0.9294117647058824,0.41466
POLYP2HVAR,0.9130434782608695,0.9264705882352942,0.41633
POLYP2HVAR,0.9127906976744186,0.9235294117647059,0.41825
POLYP2HVAR,0.9154518950437318,0.9235294117647059,0.42203
POLYP2HVAR,0.9152046783625731,0.9205882352941176,0.42263
POLYP2HVAR,0.9149560117302052,0.9176470588235294,0.42747
POLYP2HVAR,0.9176470588235294,0.9176470588235294,0.44177
POLYP2HVAR,0.9171597633136095,0.9117647058823529,0.44215
POLYP2HVAR,0.9198813056379822,0.9117647058823529,0.44398
POLYP2HVAR,0.9226190476190477,0.9117647058823529,0.45295
POLYP2HVAR,0.9223880597014925,0.9088235294117647,0.45684
POLYP2HVAR,0.9251497005988024,0.9088235294117647,0.45749
POLYP2HVAR,0.924924924924925,0.9058823529411765,0.4592
POLYP2HVAR,0.9246987951807228,0.9029411764705882,0.4634
POLYP2HVAR,0.9244712990936556,0.9,0.46422
POLYP2HVAR,0.9242424242424242,0.8970588235294118,0.46595
POLYP2HVAR,0.9240121580547113,0.8941176470588236,0.47058
POLYP2HVAR,0.926829268292683,0.8941176470588236,0.474
POLYP2HVAR,0.9296636085626911,0.8941176470588236,0.477
POLYP2HVAR,0.9382716049382716,0.8941176470588236,0.47988
POLYP2HVAR,0.9411764705882353,0.8941176470588236,0.48965
POLYP2HVAR,0.9409937888198758,0.8911764705882353,0.51228
POLYP2HVAR,0.940809968847352,0.888235294117647,0.51472
POLYP2HVAR,0.940625,0.8852941176470588,0.51988
POLYP2HVAR,0.9404388714733543,0.8823529411764706,0.52377
POLYP2HVAR,0.9433962264150944,0.8823529411764706,0.53468
POLYP2HVAR,0.943217665615142,0.8794117647058823,0.53555
POLYP2HVAR,0.9430379746835443,0.8764705882352941,0.54774
POLYP2HVAR,0.9428571428571428,0.8735294117647059,0.55524
POLYP2HVAR,0.9426751592356688,0.8705882352941177,0.55686
POLYP2HVAR,0.9456869009584664,0.8705882352941177,0.56057
POLYP2HVAR,0.9455128205128205,0.8676470588235294,0.56519
POLYP2HVAR,0.9453376205787781,0.8647058823529412,0.56822
POLYP2HVAR,0.9451612903225807,0.861764705882353,0.57115
POLYP2HVAR,0.9449838187702265,0.8588235294117647,0.57414
POLYP2HVAR,0.9448051948051948,0.8558823529411764,0.57665
POLYP2HVAR,0.9446254071661238,0.8529411764705882,0.57824
POLYP2HVAR,0.9444444444444444,0.85,0.57875
POLYP2HVAR,0.9475409836065574,0.85,0.58558
POLYP2HVAR,0.9473684210526315,0.8470588235294118,0.59264
POLYP2HVAR,0.9471947194719472,0.8441176470588235,0.59819
POLYP2HVAR,0.9470198675496688,0.8411764705882353,0.59914
POLYP2HVAR,0.9501661129568106,0.8411764705882353,0.60222
POLYP2HVAR,0.95,0.8382352941176471,0.60367
POLYP2HVAR,0.9498327759197325,0.8352941176470589,0.60515
POLYP2HVAR,0.9496644295302014,0.8323529411764706,0.6086
POLYP2HVAR,0.9494949494949495,0.8294117647058824,0.61455
POLYP2HVAR,0.9493243243243243,0.8264705882352941,0.61741
POLYP2HVAR,0.9489795918367347,0.8205882352941176,0.62233
POLYP2HVAR,0.9488054607508533,0.8176470588235294,0.62509
POLYP2HVAR,0.9486301369863014,0.8147058823529412,0.62691
POLYP2HVAR,0.9484536082474226,0.8117647058823529,0.62891
POLYP2HVAR,0.9482758620689655,0.8088235294117647,0.63411
POLYP2HVAR,0.9480968858131488,0.8058823529411765,0.63625
POLYP2HVAR,0.9479166666666666,0.8029411764705883,0.63701
POLYP2HVAR,0.9477351916376306,0.8,0.63796
POLYP2HVAR,0.9475524475524476,0.7970588235294118,0.64098
POLYP2HVAR,0.9473684210526315,0.7941176470588235,0.64345
POLYP2HVAR,0.9471830985915493,0.7911764705882353,0.64417
POLYP2HVAR,0.9469964664310954,0.788235294117647,0.64559
POLYP2HVAR,0.950354609929078,0.788235294117647,0.64635
POLYP2HVAR,0.9501779359430605,0.7852941176470588,0.64791
POLYP2HVAR,0.95,0.7823529411764706,0.6488
POLYP2HVAR,0.9498207885304659,0.7794117647058824,0.65085
POLYP2HVAR,0.9496402877697842,0.7764705882352941,0.65388
POLYP2HVAR,0.9494584837545126,0.7735294117647059,0.66089
POLYP2HVAR,0.9492753623188406,0.7705882352941177,0.66273
POLYP2HVAR,0.9490909090909091,0.7676470588235295,0.6646
POLYP2HVAR,0.9487179487179487,0.7617647058823529,0.66591
POLYP2HVAR,0.9485294117647058,0.7588235294117647,0.66718
POLYP2HVAR,0.9520295202952029,0.7588235294117647,0.66812
POLYP2HVAR,0.9555555555555556,0.7588235294117647,0.669
POLYP2HVAR,0.9553903345724907,0.7558823529411764,0.67146
POLYP2HVAR,0.9552238805970149,0.7529411764705882,0.67258
POLYP2HVAR,0.9550561797752809,0.75,0.67557
POLYP2HVAR,0.9548872180451128,0.7470588235294118,0.67655
POLYP2HVAR,0.9547169811320755,0.7441176470588236,0.68158
POLYP2HVAR,0.9545454545454546,0.7411764705882353,0.68403
POLYP2HVAR,0.9541984732824428,0.7352941176470589,0.69738
POLYP2HVAR,0.9578544061302682,0.7352941176470589,0.699
POLYP2HVAR,0.9576923076923077,0.7323529411764705,0.70672
POLYP2HVAR,0.9575289575289575,0.7294117647058823,0.71005
POLYP2HVAR,0.9573643410852714,0.7264705882352941,0.71341
POLYP2HVAR,0.9571984435797666,0.7235294117647059,0.71532
POLYP2HVAR,0.9568627450980393,0.7176470588235294,0.71743
POLYP2HVAR,0.9566929133858267,0.7147058823529412,0.72228
POLYP2HVAR,0.9604743083003953,0.7147058823529412,0.72446
POLYP2HVAR,0.9603174603174603,0.711764705882353,0.72694
POLYP2HVAR,0.9601593625498008,0.7088235294117647,0.73159
POLYP2HVAR,0.9598393574297188,0.7029411764705882,0.73364
POLYP2HVAR,0.959349593495935,0.6941176470588235,0.73565
POLYP2HVAR,0.9590163934426229,0.6882352941176471,0.74106
POLYP2HVAR,0.9586776859504132,0.6823529411764706,0.74458
POLYP2HVAR,0.9585062240663901,0.6794117647058824,0.74847
POLYP2HVAR,0.9583333333333334,0.6764705882352942,0.75172
POLYP2HVAR,0.9621848739495799,0.6735294117647059,0.75481
POLYP2HVAR,0.9620253164556962,0.6705882352941176,0.75798
POLYP2HVAR,0.9617021276595744,0.6647058823529411,0.76461
POLYP2HVAR,0.961038961038961,0.6529411764705882,0.7692
POLYP2HVAR,0.960352422907489,0.6411764705882353,0.77493
POLYP2HVAR,0.9601769911504425,0.638235294117647,0.77983
POLYP2HVAR,0.9642857142857143,0.6352941176470588,0.78402
POLYP2HVAR,0.9636363636363636,0.6235294117647059,0.78943
POLYP2HVAR,0.9620853080568721,0.5970588235294118,0.7968
POLYP2HVAR,0.9619047619047619,0.5941176470588235,0.80453
POLYP2HVAR,0.9611650485436893,0.5823529411764706,0.81117
POLYP2HVAR,0.9601990049751243,0.5676470588235294,0.82066
POLYP2HVAR,0.9642857142857143,0.5558823529411765,0.83178
POLYP2HVAR,0.9629629629629629,0.5352941176470588,0.84488
POLYP2HVAR,0.9611111111111111,0.5088235294117647,0.86259
POLYP2HVAR,0.9644970414201184,0.47941176470588237,0.88579
POLYP2HVAR,0.9733333333333334,0.4294117647058823,0.92348
POLYP2HVAR,0.9696969696969697,0.18823529411764706,0.97365
PRIMAI,0.8542713567839196,1.0,0.00401
PRIMAI,0.8564231738035264,1.0,0.02625
PRIMAI,0.8585858585858586,1.0,0.02939
PRIMAI,0.8607594936708861,1.0,0.05533
PRIMAI,0.8629441624365483,1.0,0.07481
PRIMAI,0.8651399491094147,1.0,0.08657
PRIMAI,0.8673469387755102,1.0,0.09269
PRIMAI,0.8695652173913043,1.0,0.10146
PRIMAI,0.8717948717948718,1.0,0.10836
PRIMAI,0.8740359897172236,1.0,0.12759
PRIMAI,0.8762886597938144,1.0,0.14797
PRIMAI,0.8785529715762274,1.0,0.16254
PRIMAI,0.8782383419689119,0.9970588235294118,0.17052
PRIMAI,0.8779220779220779,0.9941176470588236,0.17575
PRIMAI,0.8802083333333334,0.9941176470588236,0.17882
PRIMAI,0.8825065274151436,0.9941176470588236,0.18381
PRIMAI,0.8848167539267016,0.9941176470588236,0.18471
PRIMAI,0.8871391076115486,0.9941176470588236,0.19136
PRIMAI,0.8868421052631579,0.9911764705882353,0.22043
PRIMAI,0.8891820580474934,0.9911764705882353,0.22307
PRIMAI,0.8915343915343915,0.9911764705882353,0.2251
PRIMAI,0.8938992042440318,0.9911764705882353,0.22533
PRIMAI,0.8936170212765957,0.9882352941176471,0.22781
PRIMAI,0.896,0.9882352941176471,0.23109
PRIMAI,0.8983957219251337,0.9882352941176471,0.2504
PRIMAI,0.900804289544236,0.9882352941176471,0.2543
PRIMAI,0.9032258064516129,0.9882352941176471,0.26005
PRIMAI,0.9056603773584906,0.9882352941176471,0.29297
PRIMAI,0.9081081081081082,0.9882352941176471,0.29966
PRIMAI,0.907859078590786,0.9852941176470589,0.29988
PRIMAI,0.907608695652174,0.9823529411764705,0.30576
PRIMAI,0.9073569482288828,0.9794117647058823,0.31325
PRIMAI,0.9098360655737705,0.9794117647058823,0.31971
PRIMAI,0.9095890410958904,0.9764705882352941,0.33572
PRIMAI,0.9120879120879121,0.9764705882352941,0.34264
PRIMAI,0.9146005509641874,0.9764705882352941,0.34505
PRIMAI,0.914364640883978,0.9735294117647059,0.34929
PRIMAI,0.9168975069252078,0.9735294117647059,0.35098
PRIMAI,0.9166666666666666,0.9705882352941176,0.36458
PRIMAI,0.9164345403899722,0.9676470588235294,0.36489
PRIMAI,0.9189944134078212,0.9676470588235294,0.3764
PRIMAI,0.9187675070028011,0.9647058823529412,0.38022
PRIMAI,0.9213483146067416,0.9647058823529412,0.38194
PRIMAI,0.923943661971831,0.9647058823529412,0.38517
PRIMAI,0.923728813559322,0.961764705882353,0.39123
PRIMAI,0.9235127478753541,0.9588235294117647,0.40608
PRIMAI,0.9232954545454546,0.9558823529411765,0.41258
PRIMAI,0.9259259259259259,0.9558823529411765,0.41741
PRIMAI,0.9285714285714286,0.9558823529411765,0.42124
PRIMAI,0.9312320916905444,0.9558823529411765,0.43289
PRIMAI,0.9310344827586207,0.9529411764705882,0.44051
PRIMAI,0.930835734870317,0.95,0.44186
PRIMAI,0.9335260115606936,0.95,0.45014
PRIMAI,0.9333333333333333,0.9470588235294117,0.45704
PRIMAI,0.9331395348837209,0.9441176470588235,0.47035
PRIMAI,0.9329446064139941,0.9411764705882353,0.48064
PRIMAI,0.9327485380116959,0.9382352941176471,0.49096
PRIMAI,0.9325513196480938,0.9352941176470588,0.50622
PRIMAI,0.9323529411764706,0.9323529411764706,0.50927
PRIMAI,0.9351032448377581,0.9323529411764706,0.52189
PRIMAI,0.9349112426035503,0.9294117647058824,0.5271
PRIMAI,0.9347181008902077,0.9264705882352942,0.53716
PRIMAI,0.9345238095238095,0.9235294117647059,0.53828
PRIMAI,0.9343283582089552,0.9205882352941176,0.53896
PRIMAI,0.937125748502994,0.9205882352941176,0.54174
PRIMAI,0.9369369369369369,0.9176470588235294,0.54364
PRIMAI,0.9367469879518072,0.9147058823529411,0.54438
PRIMAI,0.9365558912386707,0.9117647058823529,0.54933
PRIMAI,0.9363636363636364,0.9088235294117647,0.55735
PRIMAI,0.9361702127659575,0.9058823529411765,0.55932
PRIMAI,0.9359756097560976,0.9029411764705882,0.5641
PRIMAI,0.9357798165137615,0.9,0.56455
PRIMAI,0.9355828220858896,0.8970588235294118,0.56712
PRIMAI,0.9353846153846154,0.8941176470588236,0.59437
PRIMAI,0.9351851851851852,0.8911764705882353,0.60048
PRIMAI,0.934984520123839,0.888235294117647,0.60226
PRIMAI,0.9347826086956522,0.8852941176470588,0.60814
PRIMAI,0.9376947040498442,0.8852941176470588,0.60829
PRIMAI,0.9375,0.8823529411764706,0.60834
PRIMAI,0.9404388714733543,0.8823529411764706,0.61004
PRIMAI,0.940251572327044,0.8794117647058823,0.61054
PRIMAI,0.9400630914826499,0.8764705882352941,0.62149
PRIMAI,0.939873417721519,0.8735294117647059,0.63493
PRIMAI,0.9428571428571428,0.8735294117647059,0.64075
PRIMAI,0.9426751592356688,0.8705882352941177,0.64099
PRIMAI,0.9424920127795527,0.8676470588235294,0.64104
PRIMAI,0.9423076923076923,0.8647058823529412,0.64523
PRIMAI,0.9421221864951769,0.861764705882353,0.64986
PRIMAI,0.9419354838709677,0.8588235294117647,0.65152
PRIMAI,0.941747572815534,0.8558823529411764,0.6571
PRIMAI,0.9415584415584416,0.8529411764705882,0.6597
PRIMAI,0.9413680781758957,0.85,0.6621
PRIMAI,0.9411764705882353,0.8470588235294118,0.66247
PRIMAI,0.940983606557377,0.8441176470588235,0.66378
PRIMAI,0.9407894736842105,0.8411764705882353,0.67219
PRIMAI,0.9438943894389439,0.8411764705882353,0.67407
PRIMAI,0.9437086092715232,0.8382352941176471,0.67599
PRIMAI,0.9435215946843853,0.8352941176470589,0.68031
PRIMAI,0.9433333333333334,0.8323529411764706,0.68181
PRIMAI,0.9431438127090301,0.8294117647058824,0.68196
PRIMAI,0.9429530201342282,0.8264705882352941,0.68241
PRIMAI,0.9427609427609428,0.8235294117647058,0.68535
PRIMAI,0.9459459459459459,0.8235294117647058,0.68712
PRIMAI,0.9457627118644067,0.8205882352941176,0.68931
PRIMAI,0.9455782312925171,0.8176470588235294,0.68941
PRIMAI,0.9453924914675768,0.8147058823529412,0.69045
PRIMAI,0.9452054794520548,0.8117647058823529,0.69204
PRIMAI,0.9450171821305842,0.8088235294117647,0.69449
PRIMAI,0.9448275862068966,0.8058823529411765,0.70072
PRIMAI,0.9446366782006921,0.8029411764705883,0.70108
PRIMAI,0.9444444444444444,0.8,0.70648
PRIMAI,0.9442508710801394,0.7970588235294118,0.71365
PRIMAI,0.9440559440559441,0.7941176470588235,0.71423
PRIMAI,0.9438596491228071,0.7911764705882353,0.71579
PRIMAI,0.9471830985915493,0.7911764705882353,0.72509
PRIMAI,0.9469964664310954,0.788235294117647,0.72531
PRIMAI,0.9468085106382979,0.7852941176470588,0.72569
PRIMAI,0.9466192170818505,0.7823529411764706,0.72628
PRIMAI,0.9464285714285714,0.7794117647058824,0.72657
PRIMAI,0.946236559139785,0.7764705882352941,0.72948
PRIMAI,0.9460431654676259,0.7735294117647059,0.73076
PRIMAI,0.9494584837545126,0.7735294117647059,0.73388
PRIMAI,0.9492753623188406,0.7705882352941177,0.73597
PRIMAI,0.9490909090909091,0.7676470588235295,0.73612
PRIMAI,0.948905109489051,0.7647058823529411,0.7435
PRIMAI,0.9487179487179487,0.7617647058823529,0.74614
PRIMAI,0.9485294117647058,0.7588235294117647,0.74685
PRIMAI,0.948339483394834,0.7558823529411764,0.7482
PRIMAI,0.9481481481481482,0.7529411764705882,0.74832
PRIMAI,0.9477611940298507,0.7470588235294118,0.74904
PRIMAI,0.947565543071161,0.7441176470588236,0.75149
PRIMAI,0.9473684210526315,0.7411764705882353,0.75269
PRIMAI,0.9471698113207547,0.7382352941176471,0.75275
PRIMAI,0.946969696969697,0.7352941176470589,0.75288
PRIMAI,0.9467680608365019,0.7323529411764705,0.75395
PRIMAI,0.950381679389313,0.7323529411764705,0.75624
PRIMAI,0.9501915708812261,0.7294117647058823,0.75626
PRIMAI,0.95,0.7264705882352941,0.75739
PRIMAI,0.9496124031007752,0.7205882352941176,0.76014
PRIMAI,0.9494163424124513,0.7176470588235294,0.76069
PRIMAI,0.94921875,0.7147058823529412,0.76419
PRIMAI,0.9490196078431372,0.711764705882353,0.76433
PRIMAI,0.9488188976377953,0.7088235294117647,0.76453
PRIMAI,0.9486166007905138,0.7058823529411765,0.76695
PRIMAI,0.9484126984126984,0.7029411764705882,0.76726
PRIMAI,0.9482071713147411,0.7,0.77029
PRIMAI,0.952,0.7,0.77042
PRIMAI,0.9518072289156626,0.6970588235294117,0.77087
PRIMAI,0.9556451612903226,0.6970588235294117,0.77118
PRIMAI,0.9554655870445344,0.6941176470588235,0.77132
PRIMAI,0.9552845528455285,0.6911764705882353,0.77366
PRIMAI,0.9551020408163265,0.6882352941176471,0.7754
PRIMAI,0.9549180327868853,0.6852941176470588,0.77668
PRIMAI,0.9547325102880658,0.6823529411764706,0.77999
PRIMAI,0.9545454545454546,0.6794117647058824,0.78238
PRIMAI,0.9543568464730291,0.6764705882352942,0.78556
PRIMAI,0.9541666666666667,0.6735294117647059,0.78798
PRIMAI,0.9539748953974896,0.6705882352941176,0.78811
PRIMAI,0.9537815126050421,0.6676470588235294,0.78843
PRIMAI,0.9535864978902954,0.6647058823529411,0.78864
PRIMAI,0.9533898305084746,0.6617647058823529,0.78867
PRIMAI,0.9531914893617022,0.6588235294117647,0.78973
PRIMAI,0.9529914529914529,0.6558823529411765,0.79395
PRIMAI,0.9527896995708155,0.6529411764705882,0.79777
PRIMAI,0.9525862068965517,0.65,0.79801
PRIMAI,0.9523809523809523,0.6470588235294118,0.79883
PRIMAI,0.9521739130434783,0.6441176470588236,0.80044
PRIMAI,0.9519650655021834,0.6411764705882353,0.80229
PRIMAI,0.9517543859649122,0.638235294117647,0.80315
PRIMAI,0.9515418502202643,0.6352941176470588,0.80378
PRIMAI,0.9513274336283186,0.6323529411764706,0.80442
PRIMAI,0.9511111111111111,0.6294117647058823,0.80524
PRIMAI,0.9508928571428571,0.6264705882352941,0.80718
PRIMAI,0.9506726457399103,0.6235294117647059,0.80808
PRIMAI,0.9504504504504504,0.6205882352941177,0.80849
PRIMAI,0.9547511312217195,0.6205882352941177,0.81101
PRIMAI,0.9545454545454546,0.6176470588235294,0.81521
PRIMAI,0.954337899543379,0.6147058823529412,0.8154
PRIMAI,0.9541284403669725,0.611764705882353,0.81649
PRIMAI,0.9539170506912442,0.6088235294117647,0.81722
PRIMAI,0.9537037037037037,0.6058823529411764,0.81776
PRIMAI,0.9534883720930233,0.6029411764705882,0.81812
PRIMAI,0.9532710280373832,0.6,0.81925
PRIMAI,0.9530516431924883,0.5970588235294118,0.82092
PRIMAI,0.9528301886792453,0.5941176470588235,0.82226
PRIMAI,0.957345971563981,0.5941176470588235,0.82246
PRIMAI,0.9571428571428572,0.5911764705882353,0.82535
PRIMAI,0.9569377990430622,0.5882352941176471,0.82563
PRIMAI,0.9615384615384616,0.5882352941176471,0.82564
PRIMAI,0.961352657004831,0.5852941176470589,0.82614
PRIMAI,0.9611650485436893,0.5823529411764706,0.82695
PRIMAI,0.9609756097560975,0.5794117647058824,0.82698
PRIMAI,0.9607843137254902,0.5764705882352941,0.82861
PRIMAI,0.9605911330049262,0.5735294117647058,0.83158
PRIMAI,0.9603960396039604,0.5705882352941176,0.83195
PRIMAI,0.9601990049751243,0.5676470588235294,0.8345
PRIMAI,0.96,0.5647058823529412,0.83542
PRIMAI,0.9597989949748744,0.5617647058823529,0.83585
PRIMAI,0.9595959595959596,0.5588235294117647,0.83604
PRIMAI,0.9593908629441624,0.5558823529411765,0.83658
PRIMAI,0.9591836734693877,0.5529411764705883,0.83821
PRIMAI,0.958974358974359,0.55,0.8391
PRIMAI,0.9587628865979382,0.5470588235294118,0.83962
PRIMAI,0.9585492227979274,0.5441176470588235,0.84065
PRIMAI,0.9583333333333334,0.5411764705882353,0.8407
PRIMAI,0.9581151832460733,0.538235294117647,0.84402
PRIMAI,0.9578947368421052,0.5352941176470588,0.84544
PRIMAI,0.9576719576719577,0.5323529411764706,0.84587
PRIMAI,0.9574468085106383,0.5294117647058824,0.84632
PRIMAI,0.9625668449197861,0.5294117647058824,0.84693
PRIMAI,0.9623655913978495,0.5264705882352941,0.84714
PRIMAI,0.9621621621621622,0.5235294117647059,0.85039
PRIMAI,0.9619565217391305,0.5205882352941177,0.85361
PRIMAI,0.9617486338797814,0.5176470588235295,0.8556
PRIMAI,0.9615384615384616,0.5147058823529411,0.85603
PRIMAI,0.9613259668508287,0.5117647058823529,0.85618
PRIMAI,0.9666666666666667,0.5117647058823529,0.85687
PRIMAI,0.9661016949152542,0.5029411764705882,0.85753
PRIMAI,0.9657142857142857,0.4970588235294118,0.8583
PRIMAI,0.9655172413793104,0.49411764705882355,0.85899
PRIMAI,0.9653179190751445,0.49117647058823527,0.86036
PRIMAI,0.9651162790697675,0.48823529411764705,0.86068
PRIMAI,0.9649122807017544,0.4852941176470588,0.86081
PRIMAI,0.9647058823529412,0.4823529411764706,0.86099
PRIMAI,0.9644970414201184,0.47941176470588237,0.86108
PRIMAI,0.9642857142857143,0.4764705882352941,0.86175
PRIMAI,0.9640718562874252,0.47352941176470587,0.86177
PRIMAI,0.963855421686747,0.47058823529411764,0.86348
PRIMAI,0.9636363636363636,0.4676470588235294,0.86411
PRIMAI,0.9634146341463414,0.4647058823529412,0.86415
PRIMAI,0.9631901840490797,0.46176470588235297,0.86493
PRIMAI,0.9629629629629629,0.4588235294117647,0.8656
PRIMAI,0.9627329192546584,0.45588235294117646,0.86615
PRIMAI,0.9625,0.45294117647058824,0.8687
PRIMAI,0.9622641509433962,0.45,0.86899
PRIMAI,0.9620253164556962,0.4470588235294118,0.87092
PRIMAI,0.9617834394904459,0.4441176470588235,0.87362
PRIMAI,0.9615384615384616,0.4411764705882353,0.87444
PRIMAI,0.967741935483871,0.4411764705882353,0.87445
PRIMAI,0.9675324675324676,0.43823529411764706,0.87614
PRIMAI,0.9736842105263158,0.43529411764705883,0.87752
PRIMAI,0.9735099337748344,0.4323529411764706,0.87777
PRIMAI,0.9733333333333334,0.4294117647058823,0.87793
PRIMAI,0.9798657718120806,0.4294117647058823,0.87962
PRIMAI,0.9864864864864865,0.4294117647058823,0.88052
PRIMAI,0.9863945578231292,0.4264705882352941,0.8806
PRIMAI,0.9863013698630136,0.4235294117647059,0.88158
PRIMAI,0.9862068965517241,0.42058823529411765,0.88384
PRIMAI,0.9861111111111112,0.4176470588235294,0.88477
PRIMAI,0.986013986013986,0.4147058823529412,0.88522
PRIMAI,0.9859154929577465,0.4117647058823529,0.88663
PRIMAI,0.9858156028368794,0.4088235294117647,0.88806
PRIMAI,0.9857142857142858,0.40588235294117647,0.88941
PRIMAI,0.9856115107913669,0.40294117647058825,0.89017
PRIMAI,0.9855072463768116,0.4,0.89063
PRIMAI,0.9852941176470589,0.3941176470588235,0.89211
PRIMAI,0.9851851851851852,0.3911764705882353,0.89308
PRIMAI,0.9850746268656716,0.38823529411764707,0.89344
PRIMAI,0.9924812030075187,0.38823529411764707,0.89369
PRIMAI,0.9924242424242424,0.38529411764705884,0.89393
PRIMAI,0.9923664122137404,0.38235294117647056,0.89487
PRIMAI,0.9923076923076923,0.37941176470588234,0.89831
PRIMAI,0.9922480620155039,0.3764705882352941,0.90105
PRIMAI,1.0,0.3764705882352941,0.90109
PRIMAI,1.0,0.3735294117647059,0.90115
PRIMAI,1.0,0.37058823529411766,0.90334
PRIMAI,1.0,0.36764705882352944,0.90566
PRIMAI,1.0,0.36470588235294116,0.90776
PRIMAI,1.0,0.36176470588235293,0.90784
PRIMAI,1.0,0.3588235294117647,0.90981
PRIMAI,1.0,0.3558823529411765,0.91033
PRIMAI,1.0,0.35,0.91051
PRIMAI,1.0,0.34705882352941175,0.91183
PRIMAI,1.0,0.34411764705882353,0.91287
PRIMAI,1.0,0.3411764705882353,0.91292
PRIMAI,1.0,0.3382352941176471,0.91432
PRIMAI,1.0,0.3323529411764706,0.91509
PRIMAI,1.0,0.32941176470588235,0.91607
PRIMAI,1.0,0.3264705882352941,0.91667
PRIMAI,1.0,0.3235294117647059,0.91671
PRIMAI,1.0,0.3205882352941177,0.91762
PRIMAI,1.0,0.3176470588235294,0.91836
PRIMAI,1.0,0.31470588235294117,0.91844
PRIMAI,1.0,0.31176470588235294,0.91939
PRIMAI,1.0,0.3088235294117647,0.91945
PRIMAI,1.0,0.3058823529411765,0.91996
PRIMAI,1.0,0.3029411764705882,0.92055
PRIMAI,1.0,0.3,0.92176
PRIMAI,1.0,0.29705882352941176,0.92228
PRIMAI,1.0,0.29411764705882354,0.92278
PRIMAI,1.0,0.28823529411764703,0.92367
PRIMAI,1.0,0.2852941176470588,0.92415
PRIMAI,1.0,0.2823529411764706,0.92489
PRIMAI,1.0,0.27941176470588236,0.92608
PRIMAI,1.0,0.27647058823529413,0.92661
PRIMAI,1.0,0.2735294117647059,0.92738
PRIMAI,1.0,0.27058823529411763,0.93032
PRIMAI,1.0,0.2676470588235294,0.93059
PRIMAI,1.0,0.2647058823529412,0.93076
PRIMAI,1.0,0.26176470588235295,0.93117
PRIMAI,1.0,0.25882352941176473,0.93293
PRIMAI,1.0,0.25588235294117645,0.93484
PRIMAI,1.0,0.2529411764705882,0.93491
PRIMAI,1.0,0.25,0.93631
PRIMAI,1.0,0.24411764705882352,0.93666
PRIMAI,1.0,0.2411764705882353,0.93702
PRIMAI,1.0,0.23823529411764705,0.93847
PRIMAI,1.0,0.23529411764705882,0.93921
PRIMAI,1.0,0.2323529411764706,0.94051
PRIMAI,1.0,0.22941176470588234,0.94122
PRIMAI,1.0,0.22647058823529412,0.94174
PRIMAI,1.0,0.2235294117647059,0.94373
PRIMAI,1.0,0.22058823529411764,0.94434
PRIMAI,1.0,0.21764705882352942,0.94471
PRIMAI,1.0,0.21470588235294116,0.94484
PRIMAI,1.0,0.21176470588235294,0.94491
PRIMAI,1.0,0.2088235294117647,0.94778
PRIMAI,1.0,0.20588235294117646,0.94855
PRIMAI,1.0,0.20294117647058824,0.94865
PRIMAI,1.0,0.2,0.94942
PRIMAI,1.0,0.19705882352941176,0.94991
PRIMAI,1.0,0.19411764705882353,0.95131
PRIMAI,1.0,0.19117647058823528,0.95215
PRIMAI,1.0,0.18823529411764706,0.9529
PRIMAI,1.0,0.18529411764705883,0.95412
PRIMAI,1.0,0.18235294117647058,0.95465
PRIMAI,1.0,0.17941176470588235,0.95479
PRIMAI,1.0,0.17647058823529413,0.95529
PRIMAI,1.0,0.17352941176470588,0.95601
PRIMAI,1.0,0.17058823529411765,0.95619
PRIMAI,1.0,0.1676470588235294,0.95906
PRIMAI,1.0,0.16470588235294117,0.95917
PRIMAI,1.0,0.16176470588235295,0.96149
PRIMAI,1.0,0.1588235294117647,0.96318
PRIMAI,1.0,0.15588235294117647,0.96476
PRIMAI,1.0,0.15294117647058825,0.96498
PRIMAI,1.0,0.15,0.96501
PRIMAI,1.0,0.14705882352941177,0.96513
PRIMAI,1.0,0.14411764705882352,0.96554
PRIMAI,1.0,0.1411764705882353,0.96586
PRIMAI,1.0,0.13823529411764707,0.96667
PRIMAI,1.0,0.13529411764705881,0.96754
PRIMAI,1.0,0.12941176470588237,0.96767
PRIMAI,1.0,0.1264705882352941,0.96797
PRIMAI,1.0,0.12352941176470589,0.96844
PRIMAI,1.0,0.11764705882352941,0.96964
PRIMAI,1.0,0.11470588235294117,0.96967
PRIMAI,1.0,0.11176470588235295,0.97043
PRIMAI,1.0,0.10882352941176471,0.97116
PRIMAI,1.0,0.10588235294117647,0.9712
PRIMAI,1.0,0.10294117647058823,0.97159
PRIMAI,1.0,0.1,0.97168
PRIMAI,1.0,0.09705882352941177,0.97247
PRIMAI,1.0,0.09411764705882353,0.97257
PRIMAI,1.0,0.09117647058823529,0.97351
PRIMAI,1.0,0.08823529411764706,0.97417
PRIMAI,1.0,0.08529411764705883,0.97545
PRIMAI,1.0,0.08235294117647059,0.97671
PRIMAI,1.0,0.07941176470588235,0.97684
PRIMAI,1.0,0.07647058823529412,0.97692
PRIMAI,1.0,0.07352941176470588,0.97894
PRIMAI,1.0,0.07058823529411765,0.98125
PRIMAI,1.0,0.06470588235294118,0.98171
PRIMAI,1.0,0.061764705882352944,0.98251
PRIMAI,1.0,0.058823529411764705,0.98353
PRIMAI,1.0,0.05588235294117647,0.98419
PRIMAI,1.0,0.052941176470588235,0.98502
PRIMAI,1.0,0.05,0.98547
PRIMAI,1.0,0.047058823529411764,0.98551
PRIMAI,1.0,0.04411764705882353,0.98597
PRIMAI,1.0,0.041176470588235294,0.98648
PRIMAI,1.0,0.03823529411764706,0.98688
PRIMAI,1.0,0.03529411764705882,0.98701
PRIMAI,1.0,0.03235294117647059,0.98818
PRIMAI,1.0,0.029411764705882353,0.9893
PRIMAI,1.0,0.026470588235294117,0.98949
PRIMAI,1.0,0.023529411764705882,0.9896
PRIMAI,1.0,0.020588235294117647,0.98971
PRIMAI,1.0,0.01764705882352941,0.99076
PRIMAI,1.0,0.014705882352941176,0.99244
PRIMAI,1.0,0.011764705882352941,0.99251
PRIMAI,1.0,0.008823529411764706,0.99323
PRIMAI,1.0,0.0058823529411764705,0.9967
PRIMAI,1.0,0.0029411764705882353,0.99858
PROVEAN,0.8542713567839196,1.0,0.00563
PROVEAN,0.853904282115869,0.9970588235294118,0.01375
PROVEAN,0.8560606060606061,0.9970588235294118,0.01415
PROVEAN,0.8582278481012658,0.9970588235294118,0.03121
PROVEAN,0.8604060913705583,0.9970588235294118,0.0374
PROVEAN,0.8625954198473282,0.9970588235294118,0.04283
PROVEAN,0.8622448979591837,0.9941176470588236,0.07547
PROVEAN,0.8644501278772379,0.9941176470588236,0.08754
PROVEAN,0.8641025641025641,0.9911764705882353,0.10415
PROVEAN,0.8685567010309279,0.9911764705882353,0.10767
PROVEAN,0.8682170542635659,0.9882352941176471,0.13539
PROVEAN,0.8678756476683938,0.9852941176470589,0.14318
PROVEAN,0.8701298701298701,0.9852941176470589,0.15712
PROVEAN,0.8723958333333334,0.9852941176470589,0.15916
PROVEAN,0.8720626631853786,0.9823529411764705,0.16117
PROVEAN,0.8740157480314961,0.9794117647058823,0.16529
PROVEAN,0.8763157894736842,0.9794117647058823,0.18393
PROVEAN,0.8759894459102903,0.9764705882352941,0.18604
PROVEAN,0.8783068783068783,0.9764705882352941,0.19232
PROVEAN,0.8806366047745358,0.9764705882352941,0.19656
PROVEAN,0.88,0.9705882352941176,0.19869
PROVEAN,0.8796791443850267,0.9676470588235294,0.20943
PROVEAN,0.8814016172506739,0.961764705882353,0.21156
PROVEAN,0.8810810810810811,0.9588235294117647,0.21585
PROVEAN,0.8807588075880759,0.9558823529411765,0.2202
PROVEAN,0.8801089918256131,0.95,0.22237
PROVEAN,0.8818681318681318,0.9441176470588235,0.22452
PROVEAN,0.8815426997245179,0.9411764705882353,0.22672
PROVEAN,0.8839779005524862,0.9411764705882353,0.23318
PROVEAN,0.8864265927977839,0.9411764705882353,0.23537
PROVEAN,0.8861111111111111,0.9382352941176471,0.24626
PROVEAN,0.8857938718662952,0.9352941176470588,0.24848
PROVEAN,0.8854748603351955,0.9323529411764706,0.25069
PROVEAN,0.8851540616246498,0.9294117647058824,0.25723
PROVEAN,0.8873239436619719,0.9264705882352942,0.26593
PROVEAN,0.8898305084745762,0.9264705882352942,0.26798
PROVEAN,0.8920454545454546,0.9235294117647059,0.27215
PROVEAN,0.8917378917378918,0.9205882352941176,0.2742
PROVEAN,0.8942857142857142,0.9205882352941176,0.27834
PROVEAN,0.896551724137931,0.9176470588235294,0.28043
PROVEAN,0.899135446685879,0.9176470588235294,0.2825
PROVEAN,0.8988439306358381,0.9147058823529411,0.29076
PROVEAN,0.9014492753623189,0.9147058823529411,0.29284
PROVEAN,0.9040697674418605,0.9147058823529411,0.29487
PROVEAN,0.9037900874635568,0.9117647058823529,0.29897
PROVEAN,0.9035087719298246,0.9088235294117647,0.30521
PROVEAN,0.906158357771261,0.9088235294117647,0.30931
PROVEAN,0.9088235294117647,0.9088235294117647,0.31138
PROVEAN,0.9142011834319527,0.9088235294117647,0.31545
PROVEAN,0.9169139465875371,0.9088235294117647,0.32764
PROVEAN,0.9166666666666666,0.9058823529411765,0.32965
PROVEAN,0.9164179104477612,0.9029411764705882,0.34175
PROVEAN,0.9161676646706587,0.9,0.34575
PROVEAN,0.9186746987951807,0.8970588235294118,0.34775
PROVEAN,0.9214501510574018,0.8970588235294118,0.35175
PROVEAN,0.9212121212121213,0.8941176470588236,0.36572
PROVEAN,0.9209726443768997,0.8911764705882353,0.36772
PROVEAN,0.9237804878048781,0.8911764705882353,0.36966
PROVEAN,0.9235474006116208,0.888235294117647,0.37554
PROVEAN,0.9230769230769231,0.8823529411764706,0.37748
PROVEAN,0.9259259259259259,0.8823529411764706,0.38336
PROVEAN,0.9285714285714286,0.8794117647058823,0.38532
PROVEAN,0.9314641744548287,0.8794117647058823,0.38917
PROVEAN,0.93125,0.8764705882352941,0.39882
PROVEAN,0.9310344827586207,0.8735294117647059,0.42002
PROVEAN,0.9308176100628931,0.8705882352941177,0.42193
PROVEAN,0.9305993690851735,0.8676470588235294,0.43338
PROVEAN,0.930379746835443,0.8647058823529412,0.441
PROVEAN,0.9333333333333333,0.8647058823529412,0.44478
PROVEAN,0.9329073482428115,0.8588235294117647,0.44664
PROVEAN,0.9358974358974359,0.8588235294117647,0.44859
PROVEAN,0.9356913183279743,0.8558823529411764,0.45412
PROVEAN,0.9387096774193548,0.8558823529411764,0.47693
PROVEAN,0.9385113268608414,0.8529411764705882,0.48196
PROVEAN,0.9413680781758957,0.85,0.48864
PROVEAN,0.9411764705882353,0.8470588235294118,0.49032
PROVEAN,0.9442622950819672,0.8470588235294118,0.49201
PROVEAN,0.9438943894389439,0.8411764705882353,0.49533
PROVEAN,0.9470198675496688,0.8411764705882353,0.49699
PROVEAN,0.95,0.8382352941176471,0.50191
PROVEAN,0.9498327759197325,0.8352941176470589,0.50683
PROVEAN,0.9496644295302014,0.8323529411764706,0.50847
PROVEAN,0.9494949494949495,0.8294117647058824,0.51665
PROVEAN,0.9493243243243243,0.8264705882352941,0.5183
PROVEAN,0.9491525423728814,0.8235294117647058,0.5231
PROVEAN,0.9523809523809523,0.8235294117647058,0.52471
PROVEAN,0.9556313993174061,0.8235294117647058,0.52633
PROVEAN,0.9554794520547946,0.8205882352941176,0.52959
PROVEAN,0.9553264604810997,0.8176470588235294,0.53117
PROVEAN,0.9551724137931035,0.8147058823529412,0.53599
PROVEAN,0.9583333333333334,0.8117647058823529,0.55049
PROVEAN,0.9578947368421052,0.8029411764705883,0.55688
PROVEAN,0.9577464788732394,0.8,0.55847
PROVEAN,0.9644128113879004,0.7970588235294118,0.57138
PROVEAN,0.9642857142857143,0.7941176470588235,0.57302
PROVEAN,0.96415770609319,0.7911764705882353,0.57463
PROVEAN,0.9638989169675091,0.7852941176470588,0.57791
PROVEAN,0.9637681159420289,0.7823529411764706,0.5795
PROVEAN,0.9635036496350365,0.7764705882352941,0.58278
PROVEAN,0.9633699633699634,0.7735294117647059,0.58437
PROVEAN,0.9630996309963099,0.7676470588235295,0.58599
PROVEAN,0.9629629629629629,0.7647058823529411,0.58927
PROVEAN,0.9628252788104089,0.7617647058823529,0.5909
PROVEAN,0.9626865671641791,0.7588235294117647,0.59576
PROVEAN,0.9624060150375939,0.7529411764705882,0.59742
PROVEAN,0.9621212121212122,0.7470588235294118,0.6006
PROVEAN,0.9619771863117871,0.7441176470588236,0.6022
PROVEAN,0.9612403100775194,0.7294117647058823,0.6038
PROVEAN,0.9610894941634242,0.7264705882352941,0.60539
PROVEAN,0.9609375,0.7235294117647059,0.61161
PROVEAN,0.9607843137254902,0.7205882352941176,0.61467
PROVEAN,0.9606299212598425,0.7176470588235294,0.61896
PROVEAN,0.9644268774703557,0.7176470588235294,0.62181
PROVEAN,0.9642857142857143,0.7147058823529412,0.62369
PROVEAN,0.9637096774193549,0.7029411764705882,0.63
PROVEAN,0.9635627530364372,0.7,0.63232
PROVEAN,0.967479674796748,0.7,0.63348
PROVEAN,0.9673469387755103,0.6970588235294117,0.63579
PROVEAN,0.9672131147540983,0.6941176470588235,0.63695
PROVEAN,0.9670781893004116,0.6911764705882353,0.64045
PROVEAN,0.9669421487603306,0.6882352941176471,0.64505
PROVEAN,0.966804979253112,0.6852941176470588,0.65084
PROVEAN,0.9666666666666667,0.6823529411764706,0.66002
PROVEAN,0.9707112970711297,0.6823529411764706,0.66354
PROVEAN,0.9705882352941176,0.6794117647058824,0.66466
PROVEAN,0.9746835443037974,0.6794117647058824,0.66811
PROVEAN,0.9744680851063829,0.6735294117647059,0.66927
PROVEAN,0.9786324786324786,0.6735294117647059,0.67858
PROVEAN,0.9785407725321889,0.6705882352941176,0.67975
PROVEAN,0.9783549783549783,0.6647058823529411,0.68446
PROVEAN,0.9782608695652174,0.6617647058823529,0.68915
PROVEAN,0.9780701754385965,0.6558823529411765,0.69035
PROVEAN,0.9777777777777777,0.6470588235294118,0.69154
PROVEAN,0.9776785714285714,0.6441176470588236,0.69272
PROVEAN,0.9772727272727273,0.6323529411764706,0.69751
PROVEAN,0.9770642201834863,0.6264705882352941,0.69987
PROVEAN,0.9769585253456221,0.6235294117647059,0.70105
PROVEAN,0.9767441860465116,0.6176470588235294,0.70228
PROVEAN,0.9766355140186916,0.6147058823529412,0.70351
PROVEAN,0.9761904761904762,0.6029411764705882,0.70711
PROVEAN,0.9760765550239234,0.6,0.71195
PROVEAN,0.9757281553398058,0.5911764705882353,0.71314
PROVEAN,0.9754901960784313,0.5852941176470589,0.71557
PROVEAN,0.9752475247524752,0.5794117647058824,0.71677
PROVEAN,0.9748743718592965,0.5705882352941176,0.71919
PROVEAN,0.9736842105263158,0.5441176470588235,0.72631
PROVEAN,0.9735449735449735,0.5411764705882353,0.72967
PROVEAN,0.973404255319149,0.538235294117647,0.73303
PROVEAN,0.9732620320855615,0.5352941176470588,0.73719
PROVEAN,0.9731182795698925,0.5323529411764706,0.74082
PROVEAN,0.972972972972973,0.5294117647058824,0.75007
PROVEAN,0.9728260869565217,0.5264705882352941,0.75883
PROVEAN,0.9726775956284153,0.5235294117647059,0.76204
PROVEAN,0.9723756906077348,0.5176470588235295,0.76365
PROVEAN,0.9722222222222222,0.5147058823529411,0.76853
PROVEAN,0.9719101123595506,0.5088235294117647,0.77092
PROVEAN,0.9717514124293786,0.5058823529411764,0.77586
PROVEAN,0.9715909090909091,0.5029411764705882,0.77749
PROVEAN,0.9714285714285714,0.5,0.77913
PROVEAN,0.976878612716763,0.4970588235294118,0.77997
PROVEAN,0.9767441860465116,0.49411764705882355,0.78079
PROVEAN,0.9766081871345029,0.49117647058823527,0.78167
PROVEAN,0.9823529411764705,0.49117647058823527,0.78254
PROVEAN,0.9822485207100592,0.48823529411764705,0.78505
PROVEAN,0.9820359281437125,0.4823529411764706,0.78586
PROVEAN,0.9819277108433735,0.47941176470588237,0.78669
PROVEAN,0.9817073170731707,0.47352941176470587,0.78839
PROVEAN,0.9815950920245399,0.47058823529411764,0.78923
PROVEAN,0.9814814814814815,0.4676470588235294,0.79008
PROVEAN,0.9813664596273292,0.4647058823529412,0.79176
PROVEAN,0.9811320754716981,0.4588235294117647,0.79516
PROVEAN,0.9810126582278481,0.45588235294117646,0.79604
PROVEAN,0.9808917197452229,0.45294117647058824,0.79862
PROVEAN,0.9807692307692307,0.45,0.80118
PROVEAN,0.9806451612903225,0.4470588235294118,0.80204
PROVEAN,0.9805194805194806,0.4441176470588235,0.80373
PROVEAN,0.9802631578947368,0.43823529411764706,0.80457
PROVEAN,0.98,0.4323529411764706,0.80627
PROVEAN,0.9797297297297297,0.4264705882352941,0.80714
PROVEAN,0.9795918367346939,0.4235294117647059,0.80883
PROVEAN,0.9794520547945206,0.42058823529411765,0.81139
PROVEAN,0.9793103448275862,0.4176470588235294,0.813
PROVEAN,0.9790209790209791,0.4117647058823529,0.81545
PROVEAN,0.9788732394366197,0.4088235294117647,0.81705
PROVEAN,0.9787234042553191,0.40588235294117647,0.81865
PROVEAN,0.9785714285714285,0.40294117647058825,0.82367
PROVEAN,0.9784172661870504,0.4,0.82599
PROVEAN,0.9855072463768116,0.4,0.83052
PROVEAN,0.9854014598540146,0.39705882352941174,0.8379
PROVEAN,0.9852941176470589,0.3941176470588235,0.84133
PROVEAN,0.9851851851851852,0.3911764705882353,0.84415
PROVEAN,0.9849624060150376,0.38529411764705884,0.84485
PROVEAN,0.9846153846153847,0.3764705882352941,0.84629
PROVEAN,0.9922480620155039,0.3764705882352941,0.8484
PROVEAN,0.9921875,0.3735294117647059,0.84984
PROVEAN,0.9920634920634921,0.36764705882352944,0.85056
PROVEAN,0.992,0.36470588235294116,0.85206
PROVEAN,0.9919354838709677,0.36176470588235293,0.85277
PROVEAN,0.991869918699187,0.3588235294117647,0.85499
PROVEAN,0.9917355371900827,0.35294117647058826,0.85572
PROVEAN,0.9915254237288136,0.34411764705882353,0.85874
PROVEAN,0.9913793103448276,0.3382352941176471,0.85951
PROVEAN,0.991304347826087,0.3352941176470588,0.86103
PROVEAN,0.9912280701754386,0.3323529411764706,0.86253
PROVEAN,0.9911504424778761,0.32941176470588235,0.86481
PROVEAN,0.9910714285714286,0.3264705882352941,0.86558
PROVEAN,0.990990990990991,0.3235294117647059,0.86639
PROVEAN,0.9908256880733946,0.3176470588235294,0.86717
PROVEAN,0.9906542056074766,0.31176470588235294,0.86945
PROVEAN,0.9905660377358491,0.3088235294117647,0.87094
PROVEAN,0.9904761904761905,0.3058823529411765,0.87561
PROVEAN,0.99,0.2911764705882353,0.87641
PROVEAN,0.9897959183673469,0.2852941176470588,0.87717
PROVEAN,0.9893617021276596,0.2735294117647059,0.8779
PROVEAN,0.989247311827957,0.27058823529411763,0.88318
PROVEAN,0.9891304347826086,0.2676470588235294,0.89237
PROVEAN,0.989010989010989,0.2647058823529412,0.90157
PROVEAN,0.9888888888888889,0.26176470588235295,0.90195
PROVEAN,0.9887640449438202,0.25882352941176473,0.90272
PROVEAN,0.9886363636363636,0.25588235294117645,0.9035
PROVEAN,0.9885057471264368,0.2529411764705882,0.90429
PROVEAN,0.9883720930232558,0.25,0.90548
PROVEAN,0.9882352941176471,0.24705882352941178,0.90626
PROVEAN,0.9880952380952381,0.24411764705882352,0.90667
PROVEAN,0.9879518072289156,0.2411764705882353,0.90914
PROVEAN,0.9878048780487805,0.23823529411764705,0.90996
PROVEAN,0.9876543209876543,0.23529411764705882,0.91036
PROVEAN,1.0,0.23529411764705882,0.91246
PROVEAN,1.0,0.22941176470588234,0.91287
PROVEAN,1.0,0.22647058823529412,0.9133
PROVEAN,1.0,0.2235294117647059,0.91415
PROVEAN,1.0,0.22058823529411764,0.91629
PROVEAN,1.0,0.21764705882352942,0.91716
PROVEAN,1.0,0.21470588235294116,0.91932
PROVEAN,1.0,0.21176470588235294,0.92194
PROVEAN,1.0,0.2088235294117647,0.92281
PROVEAN,1.0,0.20588235294117646,0.92366
PROVEAN,1.0,0.2,0.92411
PROVEAN,1.0,0.19705882352941176,0.92453
PROVEAN,1.0,0.18823529411764706,0.92496
PROVEAN,1.0,0.18529411764705883,0.92539
PROVEAN,1.0,0.18235294117647058,0.92625
PROVEAN,1.0,0.17941176470588235,0.92712
PROVEAN,1.0,0.17647058823529413,0.93
PROVEAN,1.0,0.17058823529411765,0.93117
PROVEAN,1.0,0.1676470588235294,0.93713
PROVEAN,1.0,0.16470588235294117,0.94038
PROVEAN,1.0,0.16176470588235295,0.94186
PROVEAN,1.0,0.15294117647058825,0.94265
PROVEAN,1.0,0.15,0.94393
PROVEAN,1.0,0.14411764705882352,0.94473
PROVEAN,1.0,0.1411764705882353,0.94553
PROVEAN,1.0,0.13529411764705881,0.94581
PROVEAN,1.0,0.1323529411764706,0.94609
PROVEAN,1.0,0.12941176470588237,0.94662
PROVEAN,1.0,0.1264705882352941,0.9469
PROVEAN,1.0,0.12352941176470589,0.94746
PROVEAN,1.0,0.12058823529411765,0.94774
PROVEAN,1.0,0.11764705882352941,0.94944
PROVEAN,1.0,0.11470588235294117,0.95032
PROVEAN,1.0,0.11176470588235295,0.95263
PROVEAN,1.0,0.10882352941176471,0.95293
PROVEAN,1.0,0.10588235294117647,0.95322
PROVEAN,1.0,0.10294117647058823,0.955
PROVEAN,1.0,0.09705882352941177,0.95529
PROVEAN,1.0,0.09411764705882353,0.95591
PROVEAN,1.0,0.09117647058823529,0.9562
PROVEAN,1.0,0.08823529411764706,0.95782
PROVEAN,1.0,0.08529411764705883,0.9594
PROVEAN,1.0,0.08235294117647059,0.96074
PROVEAN,1.0,0.07941176470588235,0.96441
PROVEAN,1.0,0.07647058823529412,0.96895
PROVEAN,1.0,0.07352941176470588,0.96911
PROVEAN,1.0,0.06764705882352941,0.97004
PROVEAN,1.0,0.06470588235294118,0.97198
PROVEAN,1.0,0.061764705882352944,0.97293
PROVEAN,1.0,0.058823529411764705,0.97359
PROVEAN,1.0,0.052941176470588235,0.97476
PROVEAN,1.0,0.047058823529411764,0.97525
PROVEAN,1.0,0.04411764705882353,0.97648
PROVEAN,1.0,0.041176470588235294,0.97796
PROVEAN,1.0,0.03823529411764706,0.981
PROVEAN,1.0,0.03235294117647059,0.98173
PROVEAN,1.0,0.026470588235294117,0.98223
PROVEAN,1.0,0.023529411764705882,0.98309
PROVEAN,1.0,0.020588235294117647,0.98386
PROVEAN,1.0,0.01764705882352941,0.98808
PROVEAN,1.0,0.014705882352941176,0.98827
PROVEAN,1.0,0.011764705882352941,0.99657
PROVEAN,1.0,0.008823529411764706,0.99742
PROVEAN,1.0,0.0058823529411764705,0.99744
REVEL,0.8542713567839196,1.0,0.04585
REVEL,0.8585858585858586,1.0,0.07976
REVEL,0.8607594936708861,1.0,0.08673
REVEL,0.8629441624365483,1.0,0.10768
REVEL,0.8651399491094147,1.0,0.15529
REVEL,0.8673469387755102,1.0,0.15858
REVEL,0.8695652173913043,1.0,0.19044
REVEL,0.8717948717948718,1.0,0.19659
REVEL,0.8740359897172236,1.0,0.23465
REVEL,0.8762886597938144,1.0,0.25916
REVEL,0.8785529715762274,1.0,0.27977
REVEL,0.8808290155440415,1.0,0.28723
REVEL,0.8831168831168831,1.0,0.29456
REVEL,0.8854166666666666,1.0,0.31349
REVEL,0.8877284595300261,1.0,0.35737
REVEL,0.8900523560209425,1.0,0.39929
REVEL,0.889763779527559,0.9970588235294118,0.40311
REVEL,0.8921052631578947,0.9970588235294118,0.40878
REVEL,0.8918205804749341,0.9941176470588236,0.41066
REVEL,0.8941798941798942,0.9941176470588236,0.42902
REVEL,0.896551724137931,0.9941176470588236,0.44851
REVEL,0.898936170212766,0.9941176470588236,0.52551
REVEL,0.9013333333333333,0.9941176470588236,0.55539
REVEL,0.9037433155080213,0.9941176470588236,0.56082
REVEL,0.903485254691689,0.9911764705882353,0.56217
REVEL,0.9059139784946236,0.9911764705882353,0.56616
REVEL,0.9056603773584906,0.9882352941176471,0.56748
REVEL,0.9054054054054054,0.9852941176470589,0.57919
REVEL,0.907859078590786,0.9852941176470589,0.58926
REVEL,0.9073569482288828,0.9794117647058823,0.60137
REVEL,0.9098360655737705,0.9794117647058823,0.60256
REVEL,0.9093406593406593,0.9735294117647059,0.60374
REVEL,0.9090909090909091,0.9705882352941176,0.63186
REVEL,0.9088397790055248,0.9676470588235294,0.65143
REVEL,0.9113573407202216,0.9676470588235294,0.65538
REVEL,0.9138888888888889,0.9676470588235294,0.6612
REVEL,0.9136490250696379,0.9647058823529412,0.67702
REVEL,0.9134078212290503,0.961764705882353,0.6928
REVEL,0.9131652661064426,0.9588235294117647,0.69364
REVEL,0.9129213483146067,0.9558823529411765,0.69702
REVEL,0.9154929577464789,0.9558823529411765,0.70364
REVEL,0.9152542372881356,0.9529411764705882,0.70849
REVEL,0.9150141643059491,0.95,0.71009
REVEL,0.9147727272727273,0.9470588235294117,0.71562
REVEL,0.9173789173789174,0.9470588235294117,0.71718
REVEL,0.92,0.9470588235294117,0.72332
REVEL,0.9226361031518625,0.9470588235294117,0.7323
REVEL,0.9224137931034483,0.9441176470588235,0.73594
REVEL,0.9221902017291066,0.9411764705882353,0.73667
REVEL,0.9246376811594202,0.9382352941176471,0.73739
REVEL,0.9244186046511628,0.9352941176470588,0.74452
REVEL,0.9271137026239067,0.9352941176470588,0.75215
REVEL,0.9269005847953217,0.9323529411764706,0.76889
REVEL,0.9266862170087976,0.9294117647058824,0.77793
REVEL,0.9264705882352942,0.9264705882352942,0.78111
REVEL,0.9262536873156342,0.9235294117647059,0.78299
REVEL,0.9289940828402367,0.9235294117647059,0.7855
REVEL,0.9287833827893175,0.9205882352941176,0.78736
REVEL,0.9285714285714286,0.9176470588235294,0.78799
REVEL,0.9283582089552239,0.9147058823529411,0.79354
REVEL,0.9281437125748503,0.9117647058823529,0.79963
REVEL,0.9279279279279279,0.9088235294117647,0.80145
REVEL,0.927710843373494,0.9058823529411765,0.80265
REVEL,0.9274924471299094,0.9029411764705882,0.80325
REVEL,0.9300911854103343,0.9,0.80385
REVEL,0.9327217125382263,0.8970588235294118,0.80743
REVEL,0.9325153374233128,0.8941176470588236,0.81097
REVEL,0.9353846153846154,0.8941176470588236,0.82485
REVEL,0.9351851851851852,0.8911764705882353,0.82712
REVEL,0.934984520123839,0.888235294117647,0.82769
REVEL,0.937888198757764,0.888235294117647,0.82883
REVEL,0.9376947040498442,0.8852941176470588,0.8405
REVEL,0.940625,0.8852941176470588,0.84159
REVEL,0.940251572327044,0.8794117647058823,0.84268
REVEL,0.9400630914826499,0.8764705882352941,0.84376
REVEL,0.939873417721519,0.8735294117647059,0.84592
REVEL,0.9428571428571428,0.8735294117647059,0.84699
REVEL,0.9426751592356688,0.8705882352941177,0.84966
REVEL,0.9424920127795527,0.8676470588235294,0.85283
REVEL,0.9423076923076923,0.8647058823529412,0.85389
REVEL,0.9453376205787781,0.8647058823529412,0.8596
REVEL,0.9451612903225807,0.861764705882353,0.86473
REVEL,0.9449838187702265,0.8588235294117647,0.86724
REVEL,0.948051948051948,0.8588235294117647,0.87323
REVEL,0.9509803921568627,0.8558823529411764,0.87421
REVEL,0.9508196721311475,0.8529411764705882,0.87471
REVEL,0.9539473684210527,0.8529411764705882,0.87618
REVEL,0.9537953795379538,0.85,0.88104
REVEL,0.9536423841059603,0.8470588235294118,0.88152
REVEL,0.9534883720930233,0.8441176470588235,0.882
REVEL,0.9533333333333334,0.8411764705882353,0.88487
REVEL,0.9565217391304348,0.8411764705882353,0.88771
REVEL,0.9595959595959596,0.8382352941176471,0.89145
REVEL,0.9593220338983051,0.8323529411764706,0.89377
REVEL,0.9591836734693877,0.8294117647058824,0.89423
REVEL,0.9590443686006825,0.8264705882352941,0.89698
REVEL,0.958904109589041,0.8235294117647058,0.89743
REVEL,0.9587628865979382,0.8205882352941176,0.89789
REVEL,0.9586206896551724,0.8176470588235294,0.90195
REVEL,0.9618055555555556,0.8147058823529412,0.90374
REVEL,0.9651567944250871,0.8147058823529412,0.90463
REVEL,0.965034965034965,0.8117647058823529,0.90507
REVEL,0.9649122807017544,0.8088235294117647,0.90639
REVEL,0.9647887323943662,0.8058823529411765,0.90816
REVEL,0.9645390070921985,0.8,0.90859
REVEL,0.9644128113879004,0.7970588235294118,0.91077
REVEL,0.9642857142857143,0.7941176470588235,0.91551
REVEL,0.9640287769784173,0.788235294117647,0.91849
REVEL,0.9637681159420289,0.7823529411764706,0.92184
REVEL,0.9636363636363636,0.7794117647058824,0.92225
REVEL,0.9635036496350365,0.7764705882352941,0.92308
REVEL,0.9633699633699634,0.7735294117647059,0.92392
REVEL,0.9632352941176471,0.7705882352941177,0.92556
REVEL,0.9630996309963099,0.7676470588235295,0.92639
REVEL,0.9629629629629629,0.7647058823529411,0.92762
REVEL,0.9628252788104089,0.7617647058823529,0.92843
REVEL,0.9626865671641791,0.7588235294117647,0.93005
REVEL,0.9625468164794008,0.7558823529411764,0.93165
REVEL,0.9660377358490566,0.7529411764705882,0.93244
REVEL,0.9659090909090909,0.75,0.93324
REVEL,0.9657794676806084,0.7470588235294118,0.93403
REVEL,0.9656488549618321,0.7441176470588236,0.93639
REVEL,0.9655172413793104,0.7411764705882353,0.93679
REVEL,0.9653846153846154,0.7382352941176471,0.93796
REVEL,0.9652509652509652,0.7352941176470589,0.93912
REVEL,0.96875,0.7294117647058823,0.94182
REVEL,0.968503937007874,0.7235294117647059,0.94374
REVEL,0.9682539682539683,0.7176470588235294,0.94411
REVEL,0.9681274900398407,0.7147058823529412,0.94525
REVEL,0.968,0.711764705882353,0.94713
REVEL,0.9678714859437751,0.7088235294117647,0.94788
REVEL,0.967741935483871,0.7058823529411765,0.94825
REVEL,0.9676113360323887,0.7029411764705882,0.94863
REVEL,0.967479674796748,0.7,0.94975
REVEL,0.9714285714285714,0.7,0.95012
REVEL,0.9713114754098361,0.6970588235294117,0.9505
REVEL,0.9711934156378601,0.6941176470588235,0.95162
REVEL,0.9710743801652892,0.6911764705882353,0.95236
REVEL,0.9708333333333333,0.6852941176470588,0.95273
REVEL,0.9707112970711297,0.6823529411764706,0.9531
REVEL,0.9705882352941176,0.6794117647058824,0.95495
REVEL,0.9704641350210971,0.6764705882352942,0.95717
REVEL,0.9702127659574468,0.6705882352941176,0.95754
REVEL,0.9700854700854701,0.6676470588235294,0.95828
REVEL,0.9699570815450643,0.6647058823529411,0.95902
REVEL,0.9698275862068966,0.6617647058823529,0.95939
REVEL,0.974025974025974,0.6617647058823529,0.96013
REVEL,0.9739130434782609,0.6588235294117647,0.9605
REVEL,0.9737991266375546,0.6558823529411765,0.96161
REVEL,0.9736842105263158,0.6529411764705882,0.96198
REVEL,0.973568281938326,0.65,0.96234
REVEL,0.9734513274336283,0.6470588235294118,0.96308
REVEL,0.9733333333333334,0.6441176470588236,0.96345
REVEL,0.9730941704035875,0.638235294117647,0.96382
REVEL,0.9728506787330317,0.6323529411764706,0.96419
REVEL,0.9727272727272728,0.6294117647058823,0.96494
REVEL,0.9724770642201835,0.6235294117647059,0.96606
REVEL,0.9723502304147466,0.6205882352941177,0.96681
REVEL,0.9722222222222222,0.6176470588235294,0.96718
REVEL,0.9720930232558139,0.6147058823529412,0.96866
REVEL,0.9719626168224299,0.611764705882353,0.96979
REVEL,0.9764150943396226,0.6088235294117647,0.97054
REVEL,0.976303317535545,0.6058823529411764,0.97092
REVEL,0.9760765550239234,0.6,0.9713
REVEL,0.9758454106280193,0.5941176470588235,0.97243
REVEL,0.975609756097561,0.5882352941176471,0.97281
REVEL,0.9753694581280788,0.5823529411764706,0.97356
REVEL,0.9752475247524752,0.5794117647058824,0.97394
REVEL,0.9748743718592965,0.5705882352941176,0.97508
REVEL,0.9746192893401016,0.5647058823529412,0.97583
REVEL,0.9744897959183674,0.5617647058823529,0.97621
REVEL,0.9743589743589743,0.5588235294117647,0.97697
REVEL,0.9742268041237113,0.5558823529411765,0.97735
REVEL,0.9740932642487047,0.5529411764705883,0.97887
REVEL,0.9736842105263158,0.5441176470588235,0.97963
REVEL,0.973404255319149,0.538235294117647,0.98001
REVEL,0.9732620320855615,0.5352941176470588,0.98039
REVEL,0.9731182795698925,0.5323529411764706,0.98076
REVEL,0.9723756906077348,0.5176470588235295,0.98114
REVEL,0.9717514124293786,0.5058823529411764,0.98152
REVEL,0.9710982658959537,0.49411764705882355,0.98227
REVEL,0.9709302325581395,0.49117647058823527,0.98265
REVEL,0.9760479041916168,0.47941176470588237,0.98339
REVEL,0.9759036144578314,0.4764705882352941,0.98376
REVEL,0.9757575757575757,0.47352941176470587,0.98414
REVEL,0.975609756097561,0.47058823529411764,0.98451
REVEL,0.9754601226993865,0.4676470588235294,0.98488
REVEL,0.9748427672955975,0.45588235294117646,0.98525
REVEL,0.9745222929936306,0.45,0.98598
REVEL,0.9736842105263158,0.43529411764705883,0.98634
REVEL,0.9735099337748344,0.4323529411764706,0.98671
REVEL,0.9727891156462585,0.42058823529411765,0.98707
REVEL,0.9726027397260274,0.4176470588235294,0.98743
REVEL,0.972027972027972,0.4088235294117647,0.98779
REVEL,0.9712230215827338,0.39705882352941174,0.98815
REVEL,0.9705882352941176,0.38823529411764707,0.9885
REVEL,0.9703703703703703,0.38529411764705884,0.98886
REVEL,0.9772727272727273,0.37941176470588234,0.98921
REVEL,0.9767441860465116,0.37058823529411766,0.98955
REVEL,0.9763779527559056,0.36470588235294116,0.98989
REVEL,0.976,0.3588235294117647,0.99024
REVEL,0.975609756097561,0.35294117647058826,0.99057
REVEL,0.9747899159663865,0.3411764705882353,0.99091
REVEL,0.9739130434782609,0.32941176470588235,0.99124
REVEL,0.9734513274336283,0.3235294117647059,0.99157
REVEL,0.9727272727272728,0.31470588235294117,0.99189
REVEL,0.9722222222222222,0.3088235294117647,0.99221
REVEL,0.9716981132075472,0.3029411764705882,0.99253
REVEL,0.9705882352941176,0.2911764705882353,0.99285
REVEL,0.96875,0.2735294117647059,0.99315
REVEL,0.978021978021978,0.26176470588235295,0.99346
REVEL,0.9764705882352941,0.24411764705882352,0.99376
REVEL,0.9759036144578314,0.23823529411764705,0.99405
REVEL,0.975,0.22941176470588234,0.99434
REVEL,0.974025974025974,0.22058823529411764,0.99463
REVEL,0.9733333333333334,0.21470588235294116,0.99491
REVEL,0.972972972972973,0.21176470588235294,0.99518
REVEL,0.971830985915493,0.20294117647058824,0.99545
REVEL,0.9692307692307692,0.18529411764705883,0.99571
REVEL,0.967741935483871,0.17647058823529413,0.99622
REVEL,0.9666666666666667,0.17058823529411765,0.99647
REVEL,0.9824561403508771,0.16470588235294117,0.99671
REVEL,0.9821428571428571,0.16176470588235295,0.99695
REVEL,0.9803921568627451,0.14705882352941177,0.99718
REVEL,0.9777777777777777,0.12941176470588237,0.9974
REVEL,0.9767441860465116,0.12352941176470589,0.99762
REVEL,0.975609756097561,0.11764705882352941,0.99783
REVEL,0.9722222222222222,0.10294117647058823,0.99803
REVEL,1.0,0.09411764705882353,0.99822
REVEL,1.0,0.07058823529411765,0.9984
REVEL,1.0,0.058823529411764705,0.99858
REVEL,1.0,0.052941176470588235,0.99874
REVEL,1.0,0.04411764705882353,0.9989
REVEL,1.0,0.03529411764705882,0.99904
REVEL,1.0,0.026470588235294117,0.99918
REVEL,1.0,0.023529411764705882,0.9993
REVEL,1.0,0.011764705882352941,0.99952
REVEL,1.0,0.008823529411764706,0.99961
REVEL,1.0,0.0029411764705882353,0.99986
SIFT,0.8542713567839196,1.0,0.00968
SIFT,0.8560606060606061,0.9970588235294118,0.02423
SIFT,0.8556962025316456,0.9941176470588236,0.02471
SIFT,0.8553299492385786,0.9911764705882353,0.0349
SIFT,0.8575063613231552,0.9911764705882353,0.05373
SIFT,0.8596938775510204,0.9911764705882353,0.05703
SIFT,0.8593350383631714,0.9882352941176471,0.08662
SIFT,0.8615384615384616,0.9882352941176471,0.09835
SIFT,0.8637532133676092,0.9882352941176471,0.11546
SIFT,0.865979381443299,0.9882352941176471,0.11839
SIFT,0.8682170542635659,0.9882352941176471,0.11952
SIFT,0.8678756476683938,0.9852941176470589,0.1218
SIFT,0.8701298701298701,0.9852941176470589,0.13079
SIFT,0.8723958333333334,0.9852941176470589,0.13383
SIFT,0.8720626631853786,0.9823529411764705,0.14728
SIFT,0.8743455497382199,0.9823529411764705,0.15184
SIFT,0.8740157480314961,0.9794117647058823,0.15338
SIFT,0.8733509234828496,0.9735294117647059,0.15858
SIFT,0.8756613756613757,0.9735294117647059,0.16128
SIFT,0.8779840848806366,0.9735294117647059,0.16612
SIFT,0.8776595744680851,0.9705882352941176,0.16942
SIFT,0.88,0.9705882352941176,0.16997
SIFT,0.8823529411764706,0.9705882352941176,0.17108
SIFT,0.8820375335120644,0.9676470588235294,0.17278
SIFT,0.8844086021505376,0.9676470588235294,0.17391
SIFT,0.8867924528301887,0.9676470588235294,0.17564
SIFT,0.8891891891891892,0.9676470588235294,0.1774
SIFT,0.8940217391304348,0.9676470588235294,0.17919
SIFT,0.8937329700272479,0.9647058823529412,0.18471
SIFT,0.8934426229508197,0.961764705882353,0.18662
SIFT,0.8958904109589041,0.961764705882353,0.19673
SIFT,0.8983516483516484,0.961764705882353,0.2026
SIFT,0.8980716253443526,0.9588235294117647,0.20791
SIFT,0.8977900552486188,0.9558823529411765,0.20867
SIFT,0.9002770083102493,0.9558823529411765,0.21254
SIFT,0.9,0.9529411764705882,0.21578
SIFT,0.9025069637883009,0.9529411764705882,0.21997
SIFT,0.9047619047619048,0.95,0.22338
SIFT,0.9073033707865169,0.95,0.23211
SIFT,0.9070422535211268,0.9470588235294117,0.25892
SIFT,0.9067796610169492,0.9441176470588235,0.26103
SIFT,0.9065155807365439,0.9411764705882353,0.26317
SIFT,0.9090909090909091,0.9411764705882353,0.27092
SIFT,0.9088319088319088,0.9382352941176471,0.27322
SIFT,0.9083094555873925,0.9323529411764706,0.27555
SIFT,0.9080459770114943,0.9294117647058824,0.27913
SIFT,0.9077809798270894,0.9264705882352942,0.28279
SIFT,0.9104046242774566,0.9264705882352942,0.29292
SIFT,0.9101449275362319,0.9235294117647059,0.29423
SIFT,0.9154518950437318,0.9235294117647059,0.30233
SIFT,0.9152046783625731,0.9205882352941176,0.30794
SIFT,0.9149560117302052,0.9176470588235294,0.31226
SIFT,0.9147058823529411,0.9147058823529411,0.31374
SIFT,0.9144542772861357,0.9117647058823529,0.31523
SIFT,0.9142011834319527,0.9088235294117647,0.32595
SIFT,0.913946587537092,0.9058823529411765,0.32912
SIFT,0.9166666666666666,0.9058823529411765,0.33072
SIFT,0.9164179104477612,0.9029411764705882,0.33234
SIFT,0.9161676646706587,0.9,0.33397
SIFT,0.918918918918919,0.9,0.33898
SIFT,0.9186746987951807,0.8970588235294118,0.3424
SIFT,0.918429003021148,0.8941176470588236,0.3459
SIFT,0.9181818181818182,0.8911764705882353,0.34767
SIFT,0.9209726443768997,0.8911764705882353,0.34947
SIFT,0.9207317073170732,0.888235294117647,0.35312
SIFT,0.9235474006116208,0.888235294117647,0.35875
SIFT,0.9230769230769231,0.8823529411764706,0.36262
SIFT,0.9228395061728395,0.8794117647058823,0.37268
SIFT,0.9226006191950464,0.8764705882352941,0.37688
SIFT,0.9221183800623053,0.8705882352941177,0.38118
SIFT,0.9247648902821317,0.8676470588235294,0.3856
SIFT,0.9242902208201893,0.861764705882353,0.38786
SIFT,0.9238095238095239,0.8558823529411764,0.39251
SIFT,0.9267515923566879,0.8558823529411764,0.39974
SIFT,0.9265175718849841,0.8529411764705882,0.40729
SIFT,0.9262820512820513,0.85,0.40988
SIFT,0.9292604501607717,0.85,0.41252
SIFT,0.932258064516129,0.85,0.42072
SIFT,0.9320388349514563,0.8470588235294118,0.42356
SIFT,0.9318181818181818,0.8441176470588235,0.42645
SIFT,0.9315960912052117,0.8411764705882353,0.42941
SIFT,0.9313725490196079,0.8382352941176471,0.44188
SIFT,0.9337748344370861,0.8294117647058824,0.44516
SIFT,0.9335548172757475,0.8264705882352941,0.45197
SIFT,0.9333333333333333,0.8235294117647058,0.46288
SIFT,0.9328859060402684,0.8176470588235294,0.46673
SIFT,0.9326599326599326,0.8147058823529412,0.47069
SIFT,0.9355932203389831,0.8117647058823529,0.48345
SIFT,0.9351535836177475,0.8058823529411765,0.49772
SIFT,0.9347079037800687,0.8,0.50291
SIFT,0.9375,0.7941176470588235,0.50835
SIFT,0.9405594405594405,0.7911764705882353,0.51407
SIFT,0.9403508771929825,0.788235294117647,0.52012
SIFT,0.9401408450704225,0.7852941176470588,0.5265
SIFT,0.9432624113475178,0.7823529411764706,0.53331
SIFT,0.9430604982206405,0.7794117647058824,0.54059
SIFT,0.9428571428571428,0.7764705882352941,0.54841
SIFT,0.9424460431654677,0.7705882352941177,0.55689
SIFT,0.9422382671480144,0.7676470588235295,0.56615
SIFT,0.9456521739130435,0.7676470588235295,0.57638
SIFT,0.945054945054945,0.7588235294117647,0.58783
SIFT,0.9548872180451128,0.7470588235294118,0.60085
SIFT,0.9618320610687023,0.7411764705882353,0.61594
SIFT,0.9612403100775194,0.7294117647058823,0.63383
SIFT,0.9676113360323887,0.7029411764705882,0.65576
SIFT,0.975,0.6882352941176471,0.68399
SIFT,0.9782608695652174,0.6617647058823529,0.72322
SIFT,0.9808612440191388,0.6029411764705882,0.78662
SIFT,0.9855072463768116,0.4,0.91343
SIFT4G,0.8542713567839196,1.0,0.01173
SIFT4G,0.8582278481012658,0.9970588235294118,0.02889
SIFT4G,0.8578680203045685,0.9941176470588236,0.03386
SIFT4G,0.8575063613231552,0.9911764705882353,0.04534
SIFT4G,0.8571428571428571,0.9882352941176471,0.05118
SIFT4G,0.8593350383631714,0.9882352941176471,0.05173
SIFT4G,0.8615384615384616,0.9882352941176471,0.058
SIFT4G,0.8637532133676092,0.9882352941176471,0.05958
SIFT4G,0.8634020618556701,0.9852941176470589,0.06595
SIFT4G,0.8656330749354005,0.9852941176470589,0.07082
SIFT4G,0.8652849740932642,0.9823529411764705,0.07265
SIFT4G,0.8649350649350649,0.9794117647058823,0.07487
SIFT4G,0.8645833333333334,0.9764705882352941,0.08238
SIFT4G,0.8642297650130548,0.9735294117647059,0.08825
SIFT4G,0.8664921465968587,0.9735294117647059,0.09075
SIFT4G,0.8661417322834646,0.9705882352941176,0.10299
SIFT4G,0.868421052631579,0.9705882352941176,0.10371
SIFT4G,0.8680738786279684,0.9676470588235294,0.10955
SIFT4G,0.8677248677248677,0.9647058823529412,0.10991
SIFT4G,0.8673740053050398,0.961764705882353,0.11176
SIFT4G,0.8670212765957447,0.9588235294117647,0.11511
SIFT4G,0.8666666666666667,0.9558823529411765,0.13114
SIFT4G,0.8663101604278075,0.9529411764705882,0.13151
SIFT4G,0.8659517426273459,0.95,0.13836
SIFT4G,0.8655913978494624,0.9470588235294117,0.14407
SIFT4G,0.8652291105121294,0.9441176470588235,0.15175
SIFT4G,0.8648648648648649,0.9411764705882353,0.15224
SIFT4G,0.8644986449864499,0.9382352941176471,0.15725
SIFT4G,0.8668478260869565,0.9382352941176471,0.16261
SIFT4G,0.8664850136239782,0.9352941176470588,0.16457
SIFT4G,0.8688524590163934,0.9352941176470588,0.16996
SIFT4G,0.8684931506849315,0.9323529411764706,0.18639
SIFT4G,0.8681318681318682,0.9294117647058824,0.18694
SIFT4G,0.8705234159779615,0.9294117647058824,0.1898
SIFT4G,0.8729281767955801,0.9294117647058824,0.19151
SIFT4G,0.8725761772853186,0.9264705882352942,0.19266
SIFT4G,0.875,0.9264705882352942,0.19381
SIFT4G,0.8774373259052924,0.9264705882352942,0.19614
SIFT4G,0.8798882681564246,0.9264705882352942,0.19976
SIFT4G,0.8795518207282913,0.9235294117647059,0.20878
SIFT4G,0.8792134831460674,0.9205882352941176,0.21209
SIFT4G,0.8816901408450705,0.9205882352941176,0.22634
SIFT4G,0.884180790960452,0.9205882352941176,0.2277
SIFT4G,0.8888888888888888,0.9176470588235294,0.23241
SIFT4G,0.8885714285714286,0.9147058823529411,0.23444
SIFT4G,0.8911174785100286,0.9147058823529411,0.23784
SIFT4G,0.8936781609195402,0.9147058823529411,0.23853
SIFT4G,0.8962536023054755,0.9147058823529411,0.24129
SIFT4G,0.8959537572254336,0.9117647058823529,0.24199
SIFT4G,0.8956521739130435,0.9088235294117647,0.24837
SIFT4G,0.8979591836734694,0.9058823529411765,0.25129
SIFT4G,0.9002932551319648,0.9029411764705882,0.25427
SIFT4G,0.9029411764705882,0.9029411764705882,0.26122
SIFT4G,0.9026548672566371,0.9,0.26362
SIFT4G,0.9023668639053254,0.8970588235294118,0.26522
SIFT4G,0.9017857142857143,0.8911764705882353,0.26765
SIFT4G,0.9014925373134328,0.888235294117647,0.27183
SIFT4G,0.9011976047904192,0.8852941176470588,0.27627
SIFT4G,0.9039039039039038,0.8852941176470588,0.27717
SIFT4G,0.9066265060240963,0.8852941176470588,0.29169
SIFT4G,0.9093655589123867,0.8852941176470588,0.29366
SIFT4G,0.9121212121212121,0.8852941176470588,0.29853
SIFT4G,0.9118541033434651,0.8823529411764706,0.30158
SIFT4G,0.9115853658536586,0.8794117647058823,0.30655
SIFT4G,0.9113149847094801,0.8764705882352941,0.30851
SIFT4G,0.911042944785276,0.8735294117647059,0.31545
SIFT4G,0.9104938271604939,0.8676470588235294,0.31849
SIFT4G,0.9102167182662538,0.8647058823529412,0.32573
SIFT4G,0.9096573208722741,0.8588235294117647,0.32679
SIFT4G,0.909375,0.8558823529411764,0.32786
SIFT4G,0.9088050314465409,0.85,0.33109
SIFT4G,0.9085173501577287,0.8470588235294118,0.33218
SIFT4G,0.9082278481012658,0.8441176470588235,0.33658
SIFT4G,0.9079365079365079,0.8411764705882353,0.33883
SIFT4G,0.9076433121019108,0.8382352941176471,0.34809
SIFT4G,0.907051282051282,0.8323529411764706,0.35048
SIFT4G,0.909967845659164,0.8323529411764706,0.36175
SIFT4G,0.9129032258064517,0.8323529411764706,0.36569
SIFT4G,0.912621359223301,0.8294117647058824,0.37928
SIFT4G,0.9123376623376623,0.8264705882352941,0.38356
SIFT4G,0.9153094462540716,0.8264705882352941,0.38791
SIFT4G,0.9180327868852459,0.8235294117647058,0.39532
SIFT4G,0.9177631578947368,0.8205882352941176,0.39683
SIFT4G,0.9169435215946844,0.8117647058823529,0.39834
SIFT4G,0.9166666666666666,0.8088235294117647,0.40454
SIFT4G,0.9163879598662207,0.8058823529411765,0.40612
SIFT4G,0.9155405405405406,0.7970588235294118,0.4077
SIFT4G,0.9152542372881356,0.7941176470588235,0.41254
SIFT4G,0.9149659863945578,0.7911764705882353,0.41419
SIFT4G,0.9146757679180887,0.788235294117647,0.41751
SIFT4G,0.9143835616438356,0.7852941176470588,0.42259
SIFT4G,0.9140893470790378,0.7823529411764706,0.42433
SIFT4G,0.9137931034482759,0.7794117647058824,0.43141
SIFT4G,0.916955017301038,0.7794117647058824,0.43323
SIFT4G,0.9166666666666666,0.7764705882352941,0.43507
SIFT4G,0.916083916083916,0.7705882352941177,0.43692
SIFT4G,0.9154929577464789,0.7647058823529411,0.44069
SIFT4G,0.9187279151943463,0.7647058823529411,0.44651
SIFT4G,0.9184397163120568,0.7617647058823529,0.4546
SIFT4G,0.9181494661921709,0.7588235294117647,0.46094
SIFT4G,0.9175627240143369,0.7529411764705882,0.46312
SIFT4G,0.9172661870503597,0.75,0.47448
SIFT4G,0.9205776173285198,0.75,0.47932
SIFT4G,0.9194139194139194,0.7382352941176471,0.48432
SIFT4G,0.9191176470588235,0.7352941176470589,0.48688
SIFT4G,0.922509225092251,0.7352941176470589,0.49207
SIFT4G,0.9245283018867925,0.7205882352941176,0.49472
SIFT4G,0.9230769230769231,0.7058823529411765,0.49742
SIFT4G,0.9227799227799228,0.7029411764705882,0.50015
SIFT4G,0.9224806201550387,0.7,0.50294
SIFT4G,0.9296875,0.7,0.50866
SIFT4G,0.9291338582677166,0.6941176470588235,0.51463
SIFT4G,0.9288537549407114,0.6911764705882353,0.51772
SIFT4G,0.9285714285714286,0.6882352941176471,0.52087
SIFT4G,0.932,0.6852941176470588,0.5241
SIFT4G,0.9357429718875502,0.6852941176470588,0.53775
SIFT4G,0.9354838709677419,0.6823529411764706,0.54136
SIFT4G,0.9392712550607287,0.6823529411764706,0.54507
SIFT4G,0.943089430894309,0.6823529411764706,0.54888
SIFT4G,0.9428571428571428,0.6794117647058824,0.55281
SIFT4G,0.9426229508196722,0.6764705882352942,0.56104
SIFT4G,0.950207468879668,0.6735294117647059,0.56535
SIFT4G,0.9541666666666667,0.6735294117647059,0.57928
SIFT4G,0.9537815126050421,0.6676470588235294,0.5895
SIFT4G,0.9535864978902954,0.6647058823529411,0.60067
SIFT4G,0.9533898305084746,0.6617647058823529,0.61305
SIFT4G,0.9613733905579399,0.6588235294117647,0.61973
SIFT4G,0.9612068965517241,0.6558823529411765,0.62681
SIFT4G,0.9606986899563319,0.6470588235294118,0.63436
SIFT4G,0.9605263157894737,0.6441176470588236,0.64242
SIFT4G,0.9646017699115044,0.6411764705882353,0.65108
SIFT4G,0.9641255605381166,0.6323529411764706,0.66047
SIFT4G,0.963963963963964,0.6294117647058823,0.67073
SIFT4G,0.9724770642201835,0.6235294117647059,0.68204
SIFT4G,0.9719626168224299,0.611764705882353,0.69466
SIFT4G,0.9715639810426541,0.6029411764705882,0.70891
SIFT4G,0.9757281553398058,0.5911764705882353,0.7253
SIFT4G,0.9748743718592965,0.5705882352941176,0.74454
SIFT4G,0.979381443298969,0.5588235294117647,0.76775
SIFT4G,0.9772727272727273,0.5058823529411764,0.79703
SIFT4G,0.9856115107913669,0.40294117647058825,0.83643
SIFT4G,0.9897959183673469,0.2852941176470588,0.92967
VAR_ER,0.8542713567839196,1.0,0.00274
VAR_ER,0.8564231738035264,1.0,0.00756
VAR_ER,0.8585858585858586,1.0,0.01123
VAR_ER,0.8607594936708861,1.0,0.01254
VAR_ER,0.8629441624365483,1.0,0.0184
VAR_ER,0.8651399491094147,1.0,0.02141
VAR_ER,0.8673469387755102,1.0,0.02359
VAR_ER,0.8695652173913043,1.0,0.02853
VAR_ER,0.8717948717948718,1.0,0.03013
VAR_ER,0.8740359897172236,1.0,0.03584
VAR_ER,0.8762886597938144,1.0,0.04356
VAR_ER,0.8785529715762274,1.0,0.04926
VAR_ER,0.8782383419689119,0.9970588235294118,0.05758
VAR_ER,0.8805194805194805,0.9970588235294118,0.0651
VAR_ER,0.8828125,0.9970588235294118,0.06873
VAR_ER,0.8851174934725848,0.9970588235294118,0.07354
VAR_ER,0.887434554973822,0.9970588235294118,0.07475
VAR_ER,0.889763779527559,0.9970588235294118,0.08096
VAR_ER,0.8921052631578947,0.9970588235294118,0.08724
VAR_ER,0.8944591029023746,0.9970588235294118,0.09459
VAR_ER,0.8968253968253969,0.9970588235294118,0.10243
VAR_ER,0.8992042440318302,0.9970588235294118,0.11412
VAR_ER,0.901595744680851,0.9970588235294118,0.13957
VAR_ER,0.904,0.9970588235294118,0.14586
VAR_ER,0.9064171122994652,0.9970588235294118,0.15503
VAR_ER,0.9088471849865952,0.9970588235294118,0.16981
VAR_ER,0.9086021505376344,0.9941176470588236,0.173
VAR_ER,0.9110512129380054,0.9941176470588236,0.18428
VAR_ER,0.9135135135135135,0.9941176470588236,0.20169
VAR_ER,0.9132791327913279,0.9911764705882353,0.21319
VAR_ER,0.9157608695652174,0.9911764705882353,0.22197
VAR_ER,0.9155313351498637,0.9882352941176471,0.22651
VAR_ER,0.9180327868852459,0.9882352941176471,0.25456
VAR_ER,0.9178082191780822,0.9852941176470589,0.26981
VAR_ER,0.9203296703296703,0.9852941176470589,0.27595
VAR_ER,0.9228650137741047,0.9852941176470589,0.30248
VAR_ER,0.9226519337016574,0.9823529411764705,0.30961
VAR_ER,0.9224376731301939,0.9794117647058823,0.32033
VAR_ER,0.925,0.9794117647058823,0.32069
VAR_ER,0.9275766016713092,0.9794117647058823,0.32348
VAR_ER,0.9301675977653632,0.9794117647058823,0.32376
VAR_ER,0.9299719887955182,0.9764705882352941,0.32452
VAR_ER,0.9297752808988764,0.9735294117647059,0.3294
VAR_ER,0.9323943661971831,0.9735294117647059,0.32975
VAR_ER,0.9350282485875706,0.9735294117647059,0.335
VAR_ER,0.9376770538243626,0.9735294117647059,0.33633
VAR_ER,0.9375,0.9705882352941176,0.3639
VAR_ER,0.9401709401709402,0.9705882352941176,0.37917
VAR_ER,0.94,0.9676470588235294,0.38051
VAR_ER,0.9426934097421203,0.9676470588235294,0.38209
VAR_ER,0.9425287356321839,0.9647058823529412,0.39667
VAR_ER,0.9423631123919308,0.961764705882353,0.40206
VAR_ER,0.9421965317919075,0.9588235294117647,0.40229
VAR_ER,0.9420289855072463,0.9558823529411765,0.40587
VAR_ER,0.9418604651162791,0.9529411764705882,0.4162
VAR_ER,0.9416909620991254,0.95,0.42404
VAR_ER,0.9444444444444444,0.95,0.43359
VAR_ER,0.9442815249266863,0.9470588235294117,0.44283
VAR_ER,0.9470588235294117,0.9470588235294117,0.44552
VAR_ER,0.9469026548672567,0.9441176470588235,0.44948
VAR_ER,0.9497041420118343,0.9441176470588235,0.45558
VAR_ER,0.9525222551928784,0.9441176470588235,0.45944
VAR_ER,0.9523809523809523,0.9411764705882353,0.47077
VAR_ER,0.9520958083832335,0.9352941176470588,0.47709
VAR_ER,0.9519519519519519,0.9323529411764706,0.4822
VAR_ER,0.9518072289156626,0.9294117647058824,0.48549
VAR_ER,0.9546827794561934,0.9294117647058824,0.49991
VAR_ER,0.9545454545454546,0.9264705882352942,0.50221
VAR_ER,0.9574468085106383,0.9264705882352942,0.50657
VAR_ER,0.9573170731707317,0.9235294117647059,0.50855
VAR_ER,0.9571865443425076,0.9205882352941176,0.51829
VAR_ER,0.9601226993865031,0.9205882352941176,0.52316
VAR_ER,0.96,0.9176470588235294,0.52591
VAR_ER,0.9598765432098766,0.9147058823529411,0.53327
VAR_ER,0.9628482972136223,0.9147058823529411,0.53546
VAR_ER,0.9627329192546584,0.9117647058823529,0.53596
VAR_ER,0.9626168224299065,0.9088235294117647,0.54545
VAR_ER,0.965625,0.9088235294117647,0.55285
VAR_ER,0.9655172413793104,0.9058823529411765,0.55595
VAR_ER,0.9654088050314465,0.9029411764705882,0.56115
VAR_ER,0.9684542586750788,0.9029411764705882,0.56518
VAR_ER,0.9715189873417721,0.9029411764705882,0.56659
VAR_ER,0.9714285714285714,0.9,0.56976
VAR_ER,0.9713375796178344,0.8970588235294118,0.57158
VAR_ER,0.9712460063897763,0.8941176470588236,0.58694
VAR_ER,0.9711538461538461,0.8911764705882353,0.59191
VAR_ER,0.9742765273311897,0.8911764705882353,0.59538
VAR_ER,0.9741935483870968,0.888235294117647,0.59703
VAR_ER,0.9741100323624595,0.8852941176470588,0.59854
VAR_ER,0.9772727272727273,0.8852941176470588,0.6016
VAR_ER,0.9771986970684039,0.8823529411764706,0.60585
VAR_ER,0.9771241830065359,0.8794117647058823,0.60621
VAR_ER,0.9770491803278688,0.8764705882352941,0.61832
VAR_ER,0.9802631578947368,0.8764705882352941,0.61922
VAR_ER,0.9801980198019802,0.8735294117647059,0.63013
VAR_ER,0.9800664451827242,0.8676470588235294,0.63531
VAR_ER,0.98,0.8647058823529412,0.63832
VAR_ER,0.9798657718120806,0.8588235294117647,0.64294
VAR_ER,0.9797979797979798,0.8558823529411764,0.64303
VAR_ER,0.9797297297297297,0.8529411764705882,0.64312
VAR_ER,0.9796610169491525,0.85,0.64372
VAR_ER,0.9795918367346939,0.8470588235294118,0.64476
VAR_ER,0.9795221843003413,0.8441176470588235,0.64498
VAR_ER,0.9794520547945206,0.8411764705882353,0.65171
VAR_ER,0.979381443298969,0.8382352941176471,0.65567
VAR_ER,0.9793103448275862,0.8352941176470589,0.65581
VAR_ER,0.9791666666666666,0.8294117647058824,0.66245
VAR_ER,0.9790940766550522,0.8264705882352941,0.66276
VAR_ER,0.9790209790209791,0.8235294117647058,0.66292
VAR_ER,0.9789473684210527,0.8205882352941176,0.66411
VAR_ER,0.9788732394366197,0.8176470588235294,0.66772
VAR_ER,0.9787985865724381,0.8147058823529412,0.66788
VAR_ER,0.9787234042553191,0.8117647058823529,0.66944
VAR_ER,0.9822064056939501,0.8117647058823529,0.67148
VAR_ER,0.9821428571428571,0.8088235294117647,0.67172
VAR_ER,0.982078853046595,0.8058823529411765,0.67324
VAR_ER,0.9820143884892086,0.8029411764705883,0.67399
VAR_ER,0.9819494584837545,0.8,0.67573
VAR_ER,0.9818840579710145,0.7970588235294118,0.68039
VAR_ER,0.9818181818181818,0.7941176470588235,0.68111
VAR_ER,0.9817518248175182,0.7911764705882353,0.68191
VAR_ER,0.9816849816849816,0.788235294117647,0.68309
VAR_ER,0.9816176470588235,0.7852941176470588,0.68635
VAR_ER,0.981549815498155,0.7823529411764706,0.68748
VAR_ER,0.9814814814814815,0.7794117647058824,0.68927
VAR_ER,0.9814126394052045,0.7764705882352941,0.68946
VAR_ER,0.9813432835820896,0.7735294117647059,0.69318
VAR_ER,0.9812734082397003,0.7705882352941177,0.6938
VAR_ER,0.981203007518797,0.7676470588235295,0.69801
VAR_ER,0.9811320754716981,0.7647058823529411,0.70007
VAR_ER,0.9810606060606061,0.7617647058823529,0.702
VAR_ER,0.9809885931558935,0.7588235294117647,0.70881
VAR_ER,0.9809160305343512,0.7558823529411764,0.71144
VAR_ER,0.9808429118773946,0.7529411764705882,0.71775
VAR_ER,0.9807692307692307,0.75,0.71826
VAR_ER,0.9806949806949807,0.7470588235294118,0.71908
VAR_ER,0.9806201550387597,0.7441176470588236,0.71927
VAR_ER,0.980544747081712,0.7411764705882353,0.72064
VAR_ER,0.98046875,0.7382352941176471,0.72098
VAR_ER,0.984313725490196,0.7382352941176471,0.72103
VAR_ER,0.984251968503937,0.7352941176470589,0.72272
VAR_ER,0.9881422924901185,0.7352941176470589,0.72337
VAR_ER,0.9880952380952381,0.7323529411764705,0.72365
VAR_ER,0.9880478087649402,0.7294117647058823,0.72596
VAR_ER,0.988,0.7264705882352941,0.72651
VAR_ER,0.9919678714859438,0.7264705882352941,0.73051
VAR_ER,0.9919354838709677,0.7235294117647059,0.7336
VAR_ER,0.9919028340080972,0.7205882352941176,0.73408
VAR_ER,0.991869918699187,0.7176470588235294,0.73472
VAR_ER,0.9918367346938776,0.7147058823529412,0.73503
VAR_ER,0.9918032786885246,0.711764705882353,0.73635
VAR_ER,0.9917695473251029,0.7088235294117647,0.73643
VAR_ER,0.9917355371900827,0.7058823529411765,0.73667
VAR_ER,0.991701244813278,0.7029411764705882,0.7393
VAR_ER,0.9916666666666667,0.7,0.74128
VAR_ER,0.9915966386554622,0.6941176470588235,0.74256
VAR_ER,0.9915611814345991,0.6911764705882353,0.74549
VAR_ER,0.9915254237288136,0.6882352941176471,0.75071
VAR_ER,0.9914893617021276,0.6852941176470588,0.75436
VAR_ER,0.9914529914529915,0.6823529411764706,0.75797
VAR_ER,0.9914163090128756,0.6794117647058824,0.75859
VAR_ER,0.9913793103448276,0.6764705882352942,0.76052
VAR_ER,0.9913419913419913,0.6735294117647059,0.76158
VAR_ER,0.991304347826087,0.6705882352941176,0.76364
VAR_ER,0.9912663755458515,0.6676470588235294,0.7648
VAR_ER,0.9912280701754386,0.6647058823529411,0.7661
VAR_ER,0.9911894273127754,0.6617647058823529,0.7663
VAR_ER,0.9911504424778761,0.6588235294117647,0.76698
VAR_ER,0.9911111111111112,0.6558823529411765,0.77155
VAR_ER,0.9910714285714286,0.6529411764705882,0.77257
VAR_ER,0.9910313901345291,0.65,0.7749
VAR_ER,0.990990990990991,0.6470588235294118,0.77558
VAR_ER,0.9909502262443439,0.6441176470588236,0.77748
VAR_ER,0.990909090909091,0.6411764705882353,0.78018
VAR_ER,0.9908675799086758,0.638235294117647,0.78119
VAR_ER,0.9908256880733946,0.6352941176470588,0.78229
VAR_ER,0.9907834101382489,0.6323529411764706,0.78329
VAR_ER,0.9907407407407407,0.6294117647058823,0.78765
VAR_ER,0.9906976744186047,0.6264705882352941,0.79272
VAR_ER,0.9906542056074766,0.6235294117647059,0.79485
VAR_ER,0.9905660377358491,0.6176470588235294,0.79599
VAR_ER,0.990521327014218,0.6147058823529412,0.79852
VAR_ER,0.9904761904761905,0.611764705882353,0.79951
VAR_ER,0.9904306220095693,0.6088235294117647,0.80159
VAR_ER,0.9903846153846154,0.6058823529411764,0.80166
VAR_ER,0.9951690821256038,0.6058823529411764,0.80203
VAR_ER,0.9951456310679612,0.6029411764705882,0.80444
VAR_ER,0.9951219512195122,0.6,0.80897
VAR_ER,0.9950980392156863,0.5970588235294118,0.80979
VAR_ER,0.9950738916256158,0.5941176470588235,0.81099
VAR_ER,0.995049504950495,0.5911764705882353,0.81148
VAR_ER,0.9950248756218906,0.5882352941176471,0.81344
VAR_ER,0.995,0.5852941176470589,0.81513
VAR_ER,0.9949748743718593,0.5823529411764706,0.81701
VAR_ER,0.9949494949494949,0.5794117647058824,0.81776
VAR_ER,0.9949238578680203,0.5764705882352941,0.819
VAR_ER,0.9948979591836735,0.5735294117647058,0.81988
VAR_ER,1.0,0.5735294117647058,0.81994
VAR_ER,1.0,0.5676470588235294,0.82214
VAR_ER,1.0,0.5647058823529412,0.8223
VAR_ER,1.0,0.5617647058823529,0.82309
VAR_ER,1.0,0.5588235294117647,0.82319
VAR_ER,1.0,0.5558823529411765,0.82557
VAR_ER,1.0,0.5529411764705883,0.82692
VAR_ER,1.0,0.55,0.82694
VAR_ER,1.0,0.5470588235294118,0.82989
VAR_ER,1.0,0.5441176470588235,0.83086
VAR_ER,1.0,0.5411764705882353,0.83093
VAR_ER,1.0,0.538235294117647,0.83102
VAR_ER,1.0,0.5352941176470588,0.83258
VAR_ER,1.0,0.5323529411764706,0.83337
VAR_ER,1.0,0.5294117647058824,0.83428
VAR_ER,1.0,0.5264705882352941,0.8381
VAR_ER,1.0,0.5235294117647059,0.83942
VAR_ER,1.0,0.5205882352941177,0.84403
VAR_ER,1.0,0.5176470588235295,0.84408
VAR_ER,1.0,0.5147058823529411,0.84418
VAR_ER,1.0,0.5117647058823529,0.84432
VAR_ER,1.0,0.5088235294117647,0.84754
VAR_ER,1.0,0.5058823529411764,0.84819
VAR_ER,1.0,0.5029411764705882,0.84861
VAR_ER,1.0,0.5,0.8505
VAR_ER,1.0,0.4970588235294118,0.85073
VAR_ER,1.0,0.49411764705882355,0.8517
VAR_ER,1.0,0.49117647058823527,0.85207
VAR_ER,1.0,0.48823529411764705,0.85463
VAR_ER,1.0,0.4852941176470588,0.8573
VAR_ER,1.0,0.4823529411764706,0.85852
VAR_ER,1.0,0.47941176470588237,0.85956
VAR_ER,1.0,0.4764705882352941,0.86062
VAR_ER,1.0,0.47352941176470587,0.86148
VAR_ER,1.0,0.4676470588235294,0.86232
VAR_ER,1.0,0.4647058823529412,0.86256
VAR_ER,1.0,0.46176470588235297,0.86297
VAR_ER,1.0,0.4588235294117647,0.86298
VAR_ER,1.0,0.45588235294117646,0.86337
VAR_ER,1.0,0.45294117647058824,0.86423
VAR_ER,1.0,0.45,0.86458
VAR_ER,1.0,0.4470588235294118,0.86487
VAR_ER,1.0,0.4441176470588235,0.866
VAR_ER,1.0,0.4411764705882353,0.8663
VAR_ER,1.0,0.43823529411764706,0.86653
VAR_ER,1.0,0.43529411764705883,0.8681
VAR_ER,1.0,0.4323529411764706,0.86868
VAR_ER,1.0,0.4294117647058823,0.8711
VAR_ER,1.0,0.4264705882352941,0.87154
VAR_ER,1.0,0.4235294117647059,0.87267
VAR_ER,1.0,0.42058823529411765,0.87329
VAR_ER,1.0,0.4176470588235294,0.87371
VAR_ER,1.0,0.4147058823529412,0.87557
VAR_ER,1.0,0.4117647058823529,0.87569
VAR_ER,1.0,0.4088235294117647,0.87584
VAR_ER,1.0,0.40588235294117647,0.87804
VAR_ER,1.0,0.40294117647058825,0.87808
VAR_ER,1.0,0.4,0.88105
VAR_ER,1.0,0.39705882352941174,0.88133
VAR_ER,1.0,0.3941176470588235,0.88358
VAR_ER,1.0,0.3911764705882353,0.88548
VAR_ER,1.0,0.38823529411764707,0.88567
VAR_ER,1.0,0.38529411764705884,0.88701
VAR_ER,1.0,0.38235294117647056,0.8871
VAR_ER,1.0,0.37941176470588234,0.89011
VAR_ER,1.0,0.3764705882352941,0.8911
VAR_ER,1.0,0.3735294117647059,0.89145
VAR_ER,1.0,0.37058823529411766,0.89359
VAR_ER,1.0,0.36764705882352944,0.89409
VAR_ER,1.0,0.36470588235294116,0.89415
VAR_ER,1.0,0.36176470588235293,0.89558
VAR_ER,1.0,0.3588235294117647,0.89564
VAR_ER,1.0,0.3558823529411765,0.89788
VAR_ER,1.0,0.35294117647058826,0.8983
VAR_ER,1.0,0.35,0.89842
VAR_ER,1.0,0.34705882352941175,0.89933
VAR_ER,1.0,0.34411764705882353,0.90013
VAR_ER,1.0,0.3411764705882353,0.9004
VAR_ER,1.0,0.3382352941176471,0.90043
VAR_ER,1.0,0.3352941176470588,0.90307
VAR_ER,1.0,0.3323529411764706,0.90476
VAR_ER,1.0,0.32941176470588235,0.90527
VAR_ER,1.0,0.3264705882352941,0.90615
VAR_ER,1.0,0.3235294117647059,0.9071
VAR_ER,1.0,0.3205882352941177,0.90881
VAR_ER,1.0,0.3176470588235294,0.90903
VAR_ER,1.0,0.31470588235294117,0.90947
VAR_ER,1.0,0.31176470588235294,0.91094
VAR_ER,1.0,0.3088235294117647,0.91288
VAR_ER,1.0,0.3,0.91398
VAR_ER,1.0,0.29705882352941176,0.91423
VAR_ER,1.0,0.29411764705882354,0.91718
VAR_ER,1.0,0.2911764705882353,0.91826
VAR_ER,1.0,0.28823529411764703,0.91866
VAR_ER,1.0,0.2852941176470588,0.91886
VAR_ER,1.0,0.2823529411764706,0.91975
VAR_ER,1.0,0.27941176470588236,0.91994
VAR_ER,1.0,0.27647058823529413,0.92006
VAR_ER,1.0,0.2735294117647059,0.92099
VAR_ER,1.0,0.27058823529411763,0.92139
VAR_ER,1.0,0.2676470588235294,0.92163
VAR_ER,1.0,0.2647058823529412,0.92374
VAR_ER,1.0,0.26176470588235295,0.9238
VAR_ER,1.0,0.25882352941176473,0.9239
VAR_ER,1.0,0.25588235294117645,0.92549
VAR_ER,1.0,0.2529411764705882,0.92694
VAR_ER,1.0,0.25,0.92706
VAR_ER,1.0,0.24705882352941178,0.92715
VAR_ER,1.0,0.24411764705882352,0.92728
VAR_ER,1.0,0.2411764705882353,0.92756
VAR_ER,1.0,0.23823529411764705,0.9305
VAR_ER,1.0,0.23529411764705882,0.93068
VAR_ER,1.0,0.2323529411764706,0.93086
VAR_ER,1.0,0.22941176470588234,0.9315
VAR_ER,1.0,0.22647058823529412,0.9317
VAR_ER,1.0,0.2235294117647059,0.93336
VAR_ER,1.0,0.22058823529411764,0.93426
VAR_ER,1.0,0.21764705882352942,0.93493
VAR_ER,1.0,0.21470588235294116,0.93531
VAR_ER,1.0,0.21176470588235294,0.93581
VAR_ER,1.0,0.2088235294117647,0.9361
VAR_ER,1.0,0.20588235294117646,0.93718
VAR_ER,1.0,0.20294117647058824,0.93737
VAR_ER,1.0,0.2,0.93786
VAR_ER,1.0,0.19411764705882353,0.93796
VAR_ER,1.0,0.19117647058823528,0.93904
VAR_ER,1.0,0.18823529411764706,0.94178
VAR_ER,1.0,0.18529411764705883,0.94258
VAR_ER,1.0,0.18235294117647058,0.94309
VAR_ER,1.0,0.17941176470588235,0.94321
VAR_ER,1.0,0.17647058823529413,0.9453
VAR_ER,1.0,0.17352941176470588,0.94702
VAR_ER,1.0,0.17058823529411765,0.9474
VAR_ER,1.0,0.1676470588235294,0.94911
VAR_ER,1.0,0.16470588235294117,0.95272
VAR_ER,1.0,0.16176470588235295,0.95428
VAR_ER,1.0,0.1588235294117647,0.95432
VAR_ER,1.0,0.15588235294117647,0.95793
VAR_ER,1.0,0.15294117647058825,0.95905
VAR_ER,1.0,0.15,0.95996
VAR_ER,1.0,0.14705882352941177,0.96059
VAR_ER,1.0,0.14411764705882352,0.9627
VAR_ER,1.0,0.1411764705882353,0.96293
VAR_ER,1.0,0.13823529411764707,0.96315
VAR_ER,1.0,0.13529411764705881,0.96353
VAR_ER,1.0,0.1323529411764706,0.96431
VAR_ER,1.0,0.12941176470588237,0.96503
VAR_ER,1.0,0.1264705882352941,0.96604
VAR_ER,1.0,0.12352941176470589,0.96664
VAR_ER,1.0,0.12058823529411765,0.96827
VAR_ER,1.0,0.11764705882352941,0.9689
VAR_ER,1.0,0.11470588235294117,0.96984
VAR_ER,1.0,0.11176470588235295,0.97031
VAR_ER,1.0,0.10882352941176471,0.9706
VAR_ER,1.0,0.10588235294117647,0.97067
VAR_ER,1.0,0.10294117647058823,0.97131
VAR_ER,1.0,0.1,0.97217
VAR_ER,1.0,0.09705882352941177,0.97295
VAR_ER,1.0,0.09411764705882353,0.97301
VAR_ER,1.0,0.09117647058823529,0.97459
VAR_ER,1.0,0.08823529411764706,0.97808
VAR_ER,1.0,0.08529411764705883,0.97903
VAR_ER,1.0,0.08235294117647059,0.97963
VAR_ER,1.0,0.07941176470588235,0.97996
VAR_ER,1.0,0.07647058823529412,0.98088
VAR_ER,1.0,0.07352941176470588,0.98243
VAR_ER,1.0,0.07058823529411765,0.9836
VAR_ER,1.0,0.06764705882352941,0.98387
VAR_ER,1.0,0.06470588235294118,0.98464
VAR_ER,1.0,0.061764705882352944,0.98549
VAR_ER,1.0,0.058823529411764705,0.98696
VAR_ER,1.0,0.05588235294117647,0.98722
VAR_ER,1.0,0.052941176470588235,0.98734
VAR_ER,1.0,0.05,0.98773
VAR_ER,1.0,0.047058823529411764,0.98858
VAR_ER,1.0,0.04411764705882353,0.98986
VAR_ER,1.0,0.041176470588235294,0.99028
VAR_ER,1.0,0.03823529411764706,0.99121
VAR_ER,1.0,0.03529411764705882,0.99123
VAR_ER,1.0,0.03235294117647059,0.99183
VAR_ER,1.0,0.029411764705882353,0.99379
VAR_ER,1.0,0.026470588235294117,0.99446
VAR_ER,1.0,0.023529411764705882,0.99538
VAR_ER,1.0,0.020588235294117647,0.99544
VAR_ER,1.0,0.01764705882352941,0.99648
VAR_ER,1.0,0.014705882352941176,0.99662
VAR_ER,1.0,0.011764705882352941,0.99718
VAR_ER,1.0,0.008823529411764706,0.99811
VAR_ER,1.0,0.0058823529411764705,0.99815
VAR_ER,1.0,0.0029411764705882353,0.99882
VAR_ERL,0.8542713567839196,1.0,0.00274
VAR_ERL,0.8564231738035264,1.0,0.00466
VAR_ERL,0.8585858585858586,1.0,0.00494
VAR_ERL,0.8607594936708861,1.0,0.01253
VAR_ERL,0.8629441624365483,1.0,0.0184
VAR_ERL,0.8651399491094147,1.0,0.02141
VAR_ERL,0.8673469387755102,1.0,0.02359
VAR_ERL,0.8695652173913043,1.0,0.03012
VAR_ERL,0.8717948717948718,1.0,0.03584
VAR_ERL,0.8740359897172236,1.0,0.03591
VAR_ERL,0.8762886597938144,1.0,0.04161
VAR_ERL,0.875968992248062,0.9970588235294118,0.04796
VAR_ERL,0.8782383419689119,0.9970588235294118,0.0651
VAR_ERL,0.8805194805194805,0.9970588235294118,0.06766
VAR_ERL,0.8828125,0.9970588235294118,0.07354
VAR_ERL,0.8851174934725848,0.9970588235294118,0.07764
VAR_ERL,0.887434554973822,0.9970588235294118,0.08784
VAR_ERL,0.889763779527559,0.9970588235294118,0.09085
VAR_ERL,0.8921052631578947,0.9970588235294118,0.09459
VAR_ERL,0.8944591029023746,0.9970588235294118,0.10939
VAR_ERL,0.8968253968253969,0.9970588235294118,0.11412
VAR_ERL,0.8992042440318302,0.9970588235294118,0.12546
VAR_ERL,0.901595744680851,0.9970588235294118,0.13957
VAR_ERL,0.904,0.9970588235294118,0.14585
VAR_ERL,0.9064171122994652,0.9970588235294118,0.15503
VAR_ERL,0.9088471849865952,0.9970588235294118,0.17123
VAR_ERL,0.9112903225806451,0.9970588235294118,0.19162
VAR_ERL,0.9110512129380054,0.9941176470588236,0.19352
VAR_ERL,0.9135135135135135,0.9941176470588236,0.19816
VAR_ERL,0.9132791327913279,0.9911764705882353,0.20852
VAR_ERL,0.9157608695652174,0.9911764705882353,0.22135
VAR_ERL,0.9155313351498637,0.9882352941176471,0.24938
VAR_ERL,0.9180327868852459,0.9882352941176471,0.25456
VAR_ERL,0.9178082191780822,0.9852941176470589,0.2698
VAR_ERL,0.9203296703296703,0.9852941176470589,0.27594
VAR_ERL,0.9228650137741047,0.9852941176470589,0.2826
VAR_ERL,0.9226519337016574,0.9823529411764705,0.30247
VAR_ERL,0.9224376731301939,0.9794117647058823,0.30675
VAR_ERL,0.925,0.9794117647058823,0.3096
VAR_ERL,0.924791086350975,0.9764705882352941,0.32068
VAR_ERL,0.9273743016759777,0.9764705882352941,0.32134
VAR_ERL,0.927170868347339,0.9735294117647059,0.32974
VAR_ERL,0.9297752808988764,0.9735294117647059,0.33598
VAR_ERL,0.9323943661971831,0.9735294117647059,0.33632
VAR_ERL,0.9322033898305084,0.9705882352941176,0.33716
VAR_ERL,0.9320113314447592,0.9676470588235294,0.34268
VAR_ERL,0.9318181818181818,0.9647058823529412,0.34896
VAR_ERL,0.9316239316239316,0.961764705882353,0.35148
VAR_ERL,0.9342857142857143,0.961764705882353,0.35356
VAR_ERL,0.9369627507163324,0.961764705882353,0.35379
VAR_ERL,0.9396551724137931,0.961764705882353,0.37386
VAR_ERL,0.9394812680115274,0.9588235294117647,0.3805
VAR_ERL,0.9421965317919075,0.9588235294117647,0.39612
VAR_ERL,0.9420289855072463,0.9558823529411765,0.39702
VAR_ERL,0.9418604651162791,0.9529411764705882,0.40338
VAR_ERL,0.9416909620991254,0.95,0.40586
VAR_ERL,0.9415204678362573,0.9470588235294117,0.40721
VAR_ERL,0.9413489736070382,0.9441176470588235,0.42234
VAR_ERL,0.9411764705882353,0.9411764705882353,0.42337
VAR_ERL,0.9410029498525073,0.9382352941176471,0.42749
VAR_ERL,0.9437869822485208,0.9382352941176471,0.43043
VAR_ERL,0.9434523809523809,0.9323529411764706,0.44554
VAR_ERL,0.9432835820895522,0.9294117647058824,0.44947
VAR_ERL,0.9461077844311377,0.9294117647058824,0.45557
VAR_ERL,0.948948948948949,0.9294117647058824,0.46353
VAR_ERL,0.9518072289156626,0.9294117647058824,0.47213
VAR_ERL,0.9546827794561934,0.9294117647058824,0.48219
VAR_ERL,0.9545454545454546,0.9264705882352942,0.48949
VAR_ERL,0.9544072948328267,0.9235294117647059,0.49395
VAR_ERL,0.9542682926829268,0.9205882352941176,0.498
VAR_ERL,0.9541284403669725,0.9176470588235294,0.4999
VAR_ERL,0.9539877300613497,0.9147058823529411,0.51828
VAR_ERL,0.9569230769230769,0.9147058823529411,0.51845
VAR_ERL,0.9567901234567902,0.9117647058823529,0.52315
VAR_ERL,0.9566563467492261,0.9088235294117647,0.53326
VAR_ERL,0.9596273291925466,0.9088235294117647,0.5366
VAR_ERL,0.9626168224299065,0.9088235294117647,0.53728
VAR_ERL,0.965625,0.9088235294117647,0.54247
VAR_ERL,0.9655172413793104,0.9058823529411765,0.54962
VAR_ERL,0.9654088050314465,0.9029411764705882,0.55245
VAR_ERL,0.9652996845425867,0.9,0.56206
VAR_ERL,0.9651898734177216,0.8970588235294118,0.56408
VAR_ERL,0.9650793650793651,0.8941176470588236,0.56698
VAR_ERL,0.964968152866242,0.8911764705882353,0.57547
VAR_ERL,0.9648562300319489,0.888235294117647,0.57678
VAR_ERL,0.9647435897435898,0.8852941176470588,0.58211
VAR_ERL,0.9646302250803859,0.8823529411764706,0.5822
VAR_ERL,0.967741935483871,0.8823529411764706,0.58322
VAR_ERL,0.970873786407767,0.8823529411764706,0.5852
VAR_ERL,0.9707792207792207,0.8794117647058823,0.58598
VAR_ERL,0.9706840390879479,0.8764705882352941,0.58848
VAR_ERL,0.9738562091503268,0.8764705882352941,0.59213
VAR_ERL,0.9736842105263158,0.8705882352941177,0.59853
VAR_ERL,0.976897689768977,0.8705882352941177,0.60159
VAR_ERL,0.9768211920529801,0.8676470588235294,0.61427
VAR_ERL,0.9767441860465116,0.8647058823529412,0.62271
VAR_ERL,0.9766666666666667,0.861764705882353,0.62725
VAR_ERL,0.9765886287625418,0.8588235294117647,0.63028
VAR_ERL,0.9798657718120806,0.8588235294117647,0.63054
VAR_ERL,0.9797979797979798,0.8558823529411764,0.631
VAR_ERL,0.9797297297297297,0.8529411764705882,0.63449
VAR_ERL,0.9830508474576272,0.8529411764705882,0.63468
VAR_ERL,0.9829931972789115,0.85,0.63529
VAR_ERL,0.9829351535836177,0.8470588235294118,0.6373
VAR_ERL,0.9828767123287672,0.8441176470588235,0.64294
VAR_ERL,0.9828178694158075,0.8411764705882353,0.64336
VAR_ERL,0.9827586206896551,0.8382352941176471,0.64457
VAR_ERL,0.9826989619377162,0.8352941176470589,0.64498
VAR_ERL,0.9826388888888888,0.8323529411764706,0.64814
VAR_ERL,0.9825783972125436,0.8294117647058824,0.65171
VAR_ERL,0.9825174825174825,0.8264705882352941,0.65567
VAR_ERL,0.9824561403508771,0.8235294117647058,0.66245
VAR_ERL,0.9823943661971831,0.8205882352941176,0.66266
VAR_ERL,0.9823321554770318,0.8176470588235294,0.66276
VAR_ERL,0.9822695035460993,0.8147058823529412,0.66292
VAR_ERL,0.9822064056939501,0.8117647058823529,0.66435
VAR_ERL,0.9821428571428571,0.8088235294117647,0.66481
VAR_ERL,0.982078853046595,0.8058823529411765,0.66585
VAR_ERL,0.9820143884892086,0.8029411764705883,0.66698
VAR_ERL,0.9819494584837545,0.8,0.67017
VAR_ERL,0.9818840579710145,0.7970588235294118,0.67149
VAR_ERL,0.9818181818181818,0.7941176470588235,0.68149
VAR_ERL,0.9817518248175182,0.7911764705882353,0.68192
VAR_ERL,0.9816849816849816,0.788235294117647,0.68195
VAR_ERL,0.9816176470588235,0.7852941176470588,0.68202
VAR_ERL,0.981549815498155,0.7823529411764706,0.68434
VAR_ERL,0.9814814814814815,0.7794117647058824,0.68454
VAR_ERL,0.9814126394052045,0.7764705882352941,0.68515
VAR_ERL,0.9812734082397003,0.7705882352941177,0.69244
VAR_ERL,0.981203007518797,0.7676470588235295,0.69276
VAR_ERL,0.9811320754716981,0.7647058823529411,0.69424
VAR_ERL,0.9810606060606061,0.7617647058823529,0.69566
VAR_ERL,0.9809885931558935,0.7588235294117647,0.69801
VAR_ERL,0.9809160305343512,0.7558823529411764,0.7047
VAR_ERL,0.9808429118773946,0.7529411764705882,0.70546
VAR_ERL,0.9807692307692307,0.75,0.70583
VAR_ERL,0.9806201550387597,0.7441176470588236,0.71035
VAR_ERL,0.980544747081712,0.7411764705882353,0.7116
VAR_ERL,0.98046875,0.7382352941176471,0.71826
VAR_ERL,0.9803921568627451,0.7352941176470589,0.71888
VAR_ERL,0.9803149606299213,0.7323529411764705,0.71921
VAR_ERL,0.9802371541501976,0.7294117647058823,0.72085
VAR_ERL,0.9801587301587301,0.7264705882352941,0.72104
VAR_ERL,0.9800796812749004,0.7235294117647059,0.72272
VAR_ERL,0.984,0.7235294117647059,0.72325
VAR_ERL,0.9839357429718876,0.7205882352941176,0.72433
VAR_ERL,0.9838709677419355,0.7176470588235294,0.72652
VAR_ERL,0.9878542510121457,0.7176470588235294,0.72829
VAR_ERL,0.9878048780487805,0.7147058823529412,0.72857
VAR_ERL,0.9877551020408163,0.711764705882353,0.72864
VAR_ERL,0.9918032786885246,0.711764705882353,0.72937
VAR_ERL,0.9917695473251029,0.7088235294117647,0.73503
VAR_ERL,0.9917355371900827,0.7058823529411765,0.73559
VAR_ERL,0.991701244813278,0.7029411764705882,0.74472
VAR_ERL,0.9916666666666667,0.7,0.74627
VAR_ERL,0.9916317991631799,0.6970588235294117,0.74963
VAR_ERL,0.9915966386554622,0.6941176470588235,0.75072
VAR_ERL,0.9915611814345991,0.6911764705882353,0.75126
VAR_ERL,0.9915254237288136,0.6882352941176471,0.75244
VAR_ERL,0.9914893617021276,0.6852941176470588,0.75353
VAR_ERL,0.9914529914529915,0.6823529411764706,0.7586
VAR_ERL,0.9914163090128756,0.6794117647058824,0.76053
VAR_ERL,0.9913793103448276,0.6764705882352942,0.76054
VAR_ERL,0.991304347826087,0.6705882352941176,0.76102
VAR_ERL,0.9912663755458515,0.6676470588235294,0.76365
VAR_ERL,0.9912280701754386,0.6647058823529411,0.76638
VAR_ERL,0.9911894273127754,0.6617647058823529,0.7669
VAR_ERL,0.995575221238938,0.6617647058823529,0.76868
VAR_ERL,0.9955555555555555,0.6588235294117647,0.77156
VAR_ERL,0.9955357142857143,0.6558823529411765,0.77258
VAR_ERL,0.9955156950672646,0.6529411764705882,0.77612
VAR_ERL,0.9954954954954955,0.65,0.77769
VAR_ERL,0.995475113122172,0.6470588235294118,0.77948
VAR_ERL,0.9954545454545455,0.6441176470588236,0.78369
VAR_ERL,0.9954337899543378,0.6411764705882353,0.78495
VAR_ERL,0.9954128440366973,0.638235294117647,0.78577
VAR_ERL,0.9953917050691244,0.6352941176470588,0.78669
VAR_ERL,0.9953488372093023,0.6294117647058823,0.78699
VAR_ERL,0.9953271028037384,0.6264705882352941,0.78766
VAR_ERL,0.9953051643192489,0.6235294117647059,0.78831
VAR_ERL,0.9952830188679245,0.6205882352941177,0.78921
VAR_ERL,0.995260663507109,0.6176470588235294,0.79173
VAR_ERL,0.9952380952380953,0.6147058823529412,0.79602
VAR_ERL,0.9952153110047847,0.611764705882353,0.79654
VAR_ERL,0.9951923076923077,0.6088235294117647,0.79816
VAR_ERL,0.9951690821256038,0.6058823529411764,0.79854
VAR_ERL,0.9951456310679612,0.6029411764705882,0.79976
VAR_ERL,0.9951219512195122,0.6,0.79981
VAR_ERL,0.9950980392156863,0.5970588235294118,0.80029
VAR_ERL,0.9950738916256158,0.5941176470588235,0.80065
VAR_ERL,0.995049504950495,0.5911764705882353,0.8016
VAR_ERL,0.9950248756218906,0.5882352941176471,0.80445
VAR_ERL,0.995,0.5852941176470589,0.80593
VAR_ERL,0.9949748743718593,0.5823529411764706,0.80688
VAR_ERL,0.9949494949494949,0.5794117647058824,0.81026
VAR_ERL,0.9948979591836735,0.5735294117647058,0.81292
VAR_ERL,0.9948717948717949,0.5705882352941176,0.81514
VAR_ERL,0.9948453608247423,0.5676470588235294,0.81586
VAR_ERL,0.9948186528497409,0.5647058823529412,0.81621
VAR_ERL,0.9947916666666666,0.5617647058823529,0.81777
VAR_ERL,0.9947643979057592,0.5588235294117647,0.81845
VAR_ERL,0.9947368421052631,0.5558823529411765,0.81862
VAR_ERL,0.9947089947089947,0.5529411764705883,0.82045
VAR_ERL,0.9946808510638298,0.55,0.82129
VAR_ERL,0.9946524064171123,0.5470588235294118,0.82261
VAR_ERL,0.9946236559139785,0.5441176470588235,0.82356
VAR_ERL,0.9945945945945946,0.5411764705882353,0.82695
VAR_ERL,0.9945652173913043,0.538235294117647,0.8291
VAR_ERL,0.994535519125683,0.5352941176470588,0.83027
VAR_ERL,0.9945054945054945,0.5323529411764706,0.83103
VAR_ERL,0.994475138121547,0.5294117647058824,0.83154
VAR_ERL,0.9944444444444445,0.5264705882352941,0.83506
VAR_ERL,0.994413407821229,0.5235294117647059,0.83552
VAR_ERL,0.9943820224719101,0.5205882352941177,0.83566
VAR_ERL,0.9943502824858758,0.5176470588235295,0.84033
VAR_ERL,0.9943181818181818,0.5147058823529411,0.84375
VAR_ERL,0.9942857142857143,0.5117647058823529,0.84517
VAR_ERL,0.9942528735632183,0.5088235294117647,0.84616
VAR_ERL,0.9942196531791907,0.5058823529411764,0.85171
VAR_ERL,0.9941860465116279,0.5029411764705882,0.85205
VAR_ERL,0.9941520467836257,0.5,0.85319
VAR_ERL,0.9941176470588236,0.4970588235294118,0.8543
VAR_ERL,0.9940828402366864,0.49411764705882355,0.85567
VAR_ERL,0.9940476190476191,0.49117647058823527,0.85693
VAR_ERL,0.9940119760479041,0.48823529411764705,0.85793
VAR_ERL,0.9939759036144579,0.4852941176470588,0.85809
VAR_ERL,0.9939393939393939,0.4823529411764706,0.86118
VAR_ERL,0.9939024390243902,0.47941176470588237,0.86149
VAR_ERL,1.0,0.47352941176470587,0.8617
VAR_ERL,1.0,0.47058823529411764,0.86185
VAR_ERL,1.0,0.4676470588235294,0.86187
VAR_ERL,1.0,0.4647058823529412,0.86475
VAR_ERL,1.0,0.46176470588235297,0.86612
VAR_ERL,1.0,0.4588235294117647,0.86799
VAR_ERL,1.0,0.45588235294117646,0.86952
VAR_ERL,1.0,0.45294117647058824,0.87247
VAR_ERL,1.0,0.45,0.8725
VAR_ERL,1.0,0.4470588235294118,0.87254
VAR_ERL,1.0,0.4441176470588235,0.87387
VAR_ERL,1.0,0.4411764705882353,0.87422
VAR_ERL,1.0,0.43823529411764706,0.87618
VAR_ERL,1.0,0.43529411764705883,0.87664
VAR_ERL,1.0,0.4323529411764706,0.87717
VAR_ERL,1.0,0.4294117647058823,0.87861
VAR_ERL,1.0,0.4264705882352941,0.87879
VAR_ERL,1.0,0.4235294117647059,0.88128
VAR_ERL,1.0,0.42058823529411765,0.88174
VAR_ERL,1.0,0.4176470588235294,0.88359
VAR_ERL,1.0,0.4147058823529412,0.88379
VAR_ERL,1.0,0.4117647058823529,0.88493
VAR_ERL,1.0,0.4088235294117647,0.88571
VAR_ERL,1.0,0.40588235294117647,0.88583
VAR_ERL,1.0,0.40294117647058825,0.88624
VAR_ERL,1.0,0.4,0.88663
VAR_ERL,1.0,0.39705882352941174,0.88665
VAR_ERL,1.0,0.3941176470588235,0.88718
VAR_ERL,1.0,0.3911764705882353,0.88747
VAR_ERL,1.0,0.38823529411764707,0.88852
VAR_ERL,1.0,0.38529411764705884,0.89011
VAR_ERL,1.0,0.38235294117647056,0.89012
VAR_ERL,1.0,0.37941176470588234,0.89129
VAR_ERL,1.0,0.37058823529411766,0.89217
VAR_ERL,1.0,0.36764705882352944,0.89264
VAR_ERL,1.0,0.36470588235294116,0.89345
VAR_ERL,1.0,0.36176470588235293,0.89424
VAR_ERL,1.0,0.3588235294117647,0.89602
VAR_ERL,1.0,0.3558823529411765,0.89778
VAR_ERL,1.0,0.35294117647058826,0.89805
VAR_ERL,1.0,0.35,0.89853
VAR_ERL,1.0,0.34705882352941175,0.89971
VAR_ERL,1.0,0.34411764705882353,0.90013
VAR_ERL,1.0,0.3411764705882353,0.90125
VAR_ERL,1.0,0.3382352941176471,0.90155
VAR_ERL,1.0,0.3352941176470588,0.90203
VAR_ERL,1.0,0.3323529411764706,0.90205
VAR_ERL,1.0,0.32941176470588235,0.90288
VAR_ERL,1.0,0.3264705882352941,0.90451
VAR_ERL,1.0,0.3235294117647059,0.90591
VAR_ERL,1.0,0.3205882352941177,0.90637
VAR_ERL,1.0,0.3176470588235294,0.90716
VAR_ERL,1.0,0.31470588235294117,0.90857
VAR_ERL,1.0,0.31176470588235294,0.90867
VAR_ERL,1.0,0.3088235294117647,0.90903
VAR_ERL,1.0,0.3058823529411765,0.9096
VAR_ERL,1.0,0.3029411764705882,0.90998
VAR_ERL,1.0,0.3,0.91146
VAR_ERL,1.0,0.29705882352941176,0.91241
VAR_ERL,1.0,0.29411764705882354,0.91298
VAR_ERL,1.0,0.2911764705882353,0.9156
VAR_ERL,1.0,0.28823529411764703,0.91611
VAR_ERL,1.0,0.2852941176470588,0.91693
VAR_ERL,1.0,0.2823529411764706,0.91718
VAR_ERL,1.0,0.27941176470588236,0.91829
VAR_ERL,1.0,0.27647058823529413,0.92163
VAR_ERL,1.0,0.2735294117647059,0.92224
VAR_ERL,1.0,0.27058823529411763,0.92236
VAR_ERL,1.0,0.2676470588235294,0.92296
VAR_ERL,1.0,0.2647058823529412,0.92423
VAR_ERL,1.0,0.26176470588235295,0.92444
VAR_ERL,1.0,0.25882352941176473,0.9246
VAR_ERL,1.0,0.25588235294117645,0.92518
VAR_ERL,1.0,0.2529411764705882,0.92715
VAR_ERL,1.0,0.25,0.92744
VAR_ERL,1.0,0.24705882352941178,0.92845
VAR_ERL,1.0,0.24411764705882352,0.92886
VAR_ERL,1.0,0.2411764705882353,0.92953
VAR_ERL,1.0,0.23823529411764705,0.92963
VAR_ERL,1.0,0.23529411764705882,0.93069
VAR_ERL,1.0,0.2323529411764706,0.93369
VAR_ERL,1.0,0.22941176470588234,0.93373
VAR_ERL,1.0,0.22647058823529412,0.93477
VAR_ERL,1.0,0.2235294117647059,0.93531
VAR_ERL,1.0,0.22058823529411764,0.93583
VAR_ERL,1.0,0.21764705882352942,0.93615
VAR_ERL,1.0,0.21470588235294116,0.93616
VAR_ERL,1.0,0.21176470588235294,0.93623
VAR_ERL,1.0,0.2088235294117647,0.93661
VAR_ERL,1.0,0.20588235294117646,0.93845
VAR_ERL,1.0,0.20294117647058824,0.93924
VAR_ERL,1.0,0.2,0.94048
VAR_ERL,1.0,0.19705882352941176,0.94129
VAR_ERL,1.0,0.19411764705882353,0.94183
VAR_ERL,1.0,0.19117647058823528,0.94319
VAR_ERL,1.0,0.18823529411764706,0.94385
VAR_ERL,1.0,0.18529411764705883,0.94387
VAR_ERL,1.0,0.18235294117647058,0.94821
VAR_ERL,1.0,0.17941176470588235,0.95043
VAR_ERL,1.0,0.17647058823529413,0.95087
VAR_ERL,1.0,0.17352941176470588,0.95219
VAR_ERL,1.0,0.17058823529411765,0.95292
VAR_ERL,1.0,0.1676470588235294,0.95329
VAR_ERL,1.0,0.16470588235294117,0.95407
VAR_ERL,1.0,0.16176470588235295,0.95606
VAR_ERL,1.0,0.1588235294117647,0.95623
VAR_ERL,1.0,0.15588235294117647,0.95697
VAR_ERL,1.0,0.15294117647058825,0.9574
VAR_ERL,1.0,0.15,0.95839
VAR_ERL,1.0,0.14705882352941177,0.95868
VAR_ERL,1.0,0.14411764705882352,0.95882
VAR_ERL,1.0,0.1411764705882353,0.9589
VAR_ERL,1.0,0.13823529411764707,0.95968
VAR_ERL,1.0,0.13529411764705881,0.96053
VAR_ERL,1.0,0.12941176470588237,0.96257
VAR_ERL,1.0,0.1264705882352941,0.96293
VAR_ERL,1.0,0.12352941176470589,0.96431
VAR_ERL,1.0,0.12058823529411765,0.96565
VAR_ERL,1.0,0.11764705882352941,0.96606
VAR_ERL,1.0,0.11470588235294117,0.96665
VAR_ERL,1.0,0.11176470588235295,0.96682
VAR_ERL,1.0,0.10882352941176471,0.96684
VAR_ERL,1.0,0.10588235294117647,0.96922
VAR_ERL,1.0,0.10294117647058823,0.96972
VAR_ERL,1.0,0.1,0.96978
VAR_ERL,1.0,0.09705882352941177,0.96985
VAR_ERL,1.0,0.09411764705882353,0.97131
VAR_ERL,1.0,0.09117647058823529,0.97262
VAR_ERL,1.0,0.08823529411764706,0.97303
VAR_ERL,1.0,0.08529411764705883,0.97371
VAR_ERL,1.0,0.08235294117647059,0.97563
VAR_ERL,1.0,0.07941176470588235,0.97579
VAR_ERL,1.0,0.07647058823529412,0.97604
VAR_ERL,1.0,0.07352941176470588,0.97674
VAR_ERL,1.0,0.07058823529411765,0.97688
VAR_ERL,1.0,0.06764705882352941,0.97722
VAR_ERL,1.0,0.06470588235294118,0.97798
VAR_ERL,1.0,0.061764705882352944,0.98251
VAR_ERL,1.0,0.058823529411764705,0.98387
VAR_ERL,1.0,0.05588235294117647,0.98466
VAR_ERL,1.0,0.052941176470588235,0.98511
VAR_ERL,1.0,0.05,0.98647
VAR_ERL,1.0,0.047058823529411764,0.98707
VAR_ERL,1.0,0.04411764705882353,0.98822
VAR_ERL,1.0,0.041176470588235294,0.98836
VAR_ERL,1.0,0.03823529411764706,0.99057
VAR_ERL,1.0,0.03529411764705882,0.99184
VAR_ERL,1.0,0.03235294117647059,0.99274
VAR_ERL,1.0,0.029411764705882353,0.99278
VAR_ERL,1.0,0.026470588235294117,0.99311
VAR_ERL,1.0,0.023529411764705882,0.99376
VAR_ERL,1.0,0.020588235294117647,0.9938
VAR_ERL,1.0,0.01764705882352941,0.99461
VAR_ERL,1.0,0.014705882352941176,0.99511
VAR_ERL,1.0,0.011764705882352941,0.99517
VAR_ERL,1.0,0.008823529411764706,0.99539
VAR_ERL,1.0,0.0058823529411764705,0.99544
VAR_ERL,1.0,0.0029411764705882353,0.99812
VAR_R,0.8542713567839196,1.0,0.00144
VAR_R,0.8564231738035264,1.0,0.00259
VAR_R,0.8585858585858586,1.0,0.0026
VAR_R,0.8607594936708861,1.0,0.00333
VAR_R,0.8629441624365483,1.0,0.00531
VAR_R,0.8651399491094147,1.0,0.01246
VAR_R,0.8673469387755102,1.0,0.01491
VAR_R,0.8695652173913043,1.0,0.02338
VAR_R,0.8717948717948718,1.0,0.02529
VAR_R,0.8740359897172236,1.0,0.03894
VAR_R,0.8762886597938144,1.0,0.04554
VAR_R,0.8785529715762274,1.0,0.05405
VAR_R,0.8808290155440415,1.0,0.05523
VAR_R,0.8831168831168831,1.0,0.0599
VAR_R,0.8854166666666666,1.0,0.08308
VAR_R,0.8877284595300261,1.0,0.10588
VAR_R,0.887434554973822,0.9970588235294118,0.10646
VAR_R,0.889763779527559,0.9970588235294118,0.11026
VAR_R,0.8921052631578947,0.9970588235294118,0.12195
VAR_R,0.8944591029023746,0.9970588235294118,0.13747
VAR_R,0.8968253968253969,0.9970588235294118,0.15147
VAR_R,0.8992042440318302,0.9970588235294118,0.16592
VAR_R,0.901595744680851,0.9970588235294118,0.16767
VAR_R,0.9013333333333333,0.9941176470588236,0.16801
VAR_R,0.9037433155080213,0.9941176470588236,0.17779
VAR_R,0.903485254691689,0.9911764705882353,0.20101
VAR_R,0.9059139784946236,0.9911764705882353,0.23309
VAR_R,0.9083557951482479,0.9911764705882353,0.25507
VAR_R,0.9108108108108108,0.9911764705882353,0.25675
VAR_R,0.9132791327913279,0.9911764705882353,0.26845
VAR_R,0.9157608695652174,0.9911764705882353,0.27902
VAR_R,0.9155313351498637,0.9882352941176471,0.28944
VAR_R,0.9180327868852459,0.9882352941176471,0.29323
VAR_R,0.9205479452054794,0.9882352941176471,0.30924
VAR_R,0.9230769230769231,0.9882352941176471,0.31249
VAR_R,0.9256198347107438,0.9882352941176471,0.32593
VAR_R,0.9281767955801105,0.9882352941176471,0.32916
VAR_R,0.9307479224376731,0.9882352941176471,0.3333
VAR_R,0.9333333333333333,0.9882352941176471,0.33624
VAR_R,0.9331476323119777,0.9852941176470589,0.34157
VAR_R,0.9329608938547486,0.9823529411764705,0.34489
VAR_R,0.9355742296918768,0.9823529411764705,0.35955
VAR_R,0.9382022471910112,0.9823529411764705,0.36085
VAR_R,0.9380281690140845,0.9794117647058823,0.37152
VAR_R,0.9378531073446328,0.9764705882352941,0.3821
VAR_R,0.9405099150141643,0.9764705882352941,0.3907
VAR_R,0.9403409090909091,0.9735294117647059,0.39982
VAR_R,0.9401709401709402,0.9705882352941176,0.43521
VAR_R,0.9428571428571428,0.9705882352941176,0.43569
VAR_R,0.9455587392550143,0.9705882352941176,0.44162
VAR_R,0.9454022988505747,0.9676470588235294,0.45908
VAR_R,0.9481268011527377,0.9676470588235294,0.46221
VAR_R,0.9479768786127167,0.9647058823529412,0.46919
VAR_R,0.9478260869565217,0.961764705882353,0.47467
VAR_R,0.9476744186046512,0.9588235294117647,0.47857
VAR_R,0.9475218658892128,0.9558823529411765,0.48707
VAR_R,0.9502923976608187,0.9558823529411765,0.49627
VAR_R,0.9501466275659824,0.9529411764705882,0.49766
VAR_R,0.95,0.95,0.50168
VAR_R,0.9498525073746312,0.9470588235294117,0.50539
VAR_R,0.9526627218934911,0.9470588235294117,0.52132
VAR_R,0.9554896142433235,0.9470588235294117,0.5222
VAR_R,0.9553571428571429,0.9441176470588235,0.52305
VAR_R,0.9552238805970149,0.9411764705882353,0.54627
VAR_R,0.9580838323353293,0.9411764705882353,0.55312
VAR_R,0.960960960960961,0.9411764705882353,0.55593
VAR_R,0.963855421686747,0.9411764705882353,0.564
VAR_R,0.9637462235649547,0.9382352941176471,0.56434
VAR_R,0.9636363636363636,0.9352941176470588,0.57483
VAR_R,0.9665653495440729,0.9352941176470588,0.57657
VAR_R,0.9664634146341463,0.9323529411764706,0.57724
VAR_R,0.9663608562691132,0.9294117647058824,0.58166
VAR_R,0.9661538461538461,0.9235294117647059,0.58206
VAR_R,0.9660493827160493,0.9205882352941176,0.59801
VAR_R,0.9690402476780186,0.9205882352941176,0.60337
VAR_R,0.968944099378882,0.9176470588235294,0.62897
VAR_R,0.9688473520249221,0.9147058823529411,0.63805
VAR_R,0.96875,0.9117647058823529,0.6424
VAR_R,0.9717868338557993,0.9117647058823529,0.64447
VAR_R,0.9716981132075472,0.9088235294117647,0.65347
VAR_R,0.9716088328075709,0.9058823529411765,0.65467
VAR_R,0.9715189873417721,0.9029411764705882,0.65777
VAR_R,0.9714285714285714,0.9,0.66716
VAR_R,0.9745222929936306,0.9,0.66822
VAR_R,0.9744408945686901,0.8970588235294118,0.67183
VAR_R,0.9743589743589743,0.8941176470588236,0.6742
VAR_R,0.9742765273311897,0.8911764705882353,0.67447
VAR_R,0.9741935483870968,0.888235294117647,0.67743
VAR_R,0.9741100323624595,0.8852941176470588,0.67845
VAR_R,0.9772727272727273,0.8852941176470588,0.68118
VAR_R,0.9771241830065359,0.8794117647058823,0.68268
VAR_R,0.9770491803278688,0.8764705882352941,0.68438
VAR_R,0.9769736842105263,0.8735294117647059,0.68569
VAR_R,0.976897689768977,0.8705882352941177,0.68595
VAR_R,0.9768211920529801,0.8676470588235294,0.68654
VAR_R,0.9767441860465116,0.8647058823529412,0.68738
VAR_R,0.9766666666666667,0.861764705882353,0.68777
VAR_R,0.9765100671140939,0.8558823529411764,0.68811
VAR_R,0.9764309764309764,0.8529411764705882,0.68881
VAR_R,0.9763513513513513,0.85,0.69148
VAR_R,0.976271186440678,0.8470588235294118,0.69271
VAR_R,0.9795918367346939,0.8470588235294118,0.69278
VAR_R,0.9794520547945206,0.8411764705882353,0.69692
VAR_R,0.979381443298969,0.8382352941176471,0.69868
VAR_R,0.9793103448275862,0.8352941176470589,0.70033
VAR_R,0.9792387543252595,0.8323529411764706,0.70078
VAR_R,0.9791666666666666,0.8294117647058824,0.7028
VAR_R,0.9790940766550522,0.8264705882352941,0.7029
VAR_R,0.9790209790209791,0.8235294117647058,0.70469
VAR_R,0.9789473684210527,0.8205882352941176,0.70617
VAR_R,0.9788732394366197,0.8176470588235294,0.7073
VAR_R,0.9787985865724381,0.8147058823529412,0.71252
VAR_R,0.9787234042553191,0.8117647058823529,0.71286
VAR_R,0.9786476868327402,0.8088235294117647,0.71412
VAR_R,0.9785714285714285,0.8058823529411765,0.71681
VAR_R,0.978494623655914,0.8029411764705883,0.71702
VAR_R,0.9784172661870504,0.8,0.71802
VAR_R,0.9819494584837545,0.8,0.71831
VAR_R,0.9855072463768116,0.8,0.72301
VAR_R,0.9854545454545455,0.7970588235294118,0.72412
VAR_R,0.9854014598540146,0.7941176470588235,0.72456
VAR_R,0.9853479853479854,0.7911764705882353,0.72487
VAR_R,0.9852941176470589,0.788235294117647,0.72512
VAR_R,0.985239852398524,0.7852941176470588,0.72869
VAR_R,0.9851851851851852,0.7823529411764706,0.72913
VAR_R,0.9851301115241635,0.7794117647058824,0.7295
VAR_R,0.9850746268656716,0.7764705882352941,0.72996
VAR_R,0.9850187265917603,0.7735294117647059,0.73311
VAR_R,0.9849624060150376,0.7705882352941177,0.73712
VAR_R,0.9849056603773585,0.7676470588235295,0.73757
VAR_R,0.9848484848484849,0.7647058823529411,0.73823
VAR_R,0.9847908745247148,0.7617647058823529,0.7441
VAR_R,0.9847328244274809,0.7588235294117647,0.74443
VAR_R,0.9885057471264368,0.7588235294117647,0.74478
VAR_R,0.9884615384615385,0.7558823529411764,0.74784
VAR_R,0.9884169884169884,0.7529411764705882,0.75135
VAR_R,0.9922480620155039,0.7529411764705882,0.75586
VAR_R,0.9922178988326849,0.75,0.7588
VAR_R,0.9921875,0.7470588235294118,0.76639
VAR_R,0.9921568627450981,0.7441176470588236,0.76805
VAR_R,0.9921259842519685,0.7411764705882353,0.77147
VAR_R,0.9920948616600791,0.7382352941176471,0.77328
VAR_R,0.9920634920634921,0.7352941176470589,0.77632
VAR_R,0.9920318725099602,0.7323529411764705,0.77641
VAR_R,0.992,0.7294117647058823,0.77709
VAR_R,0.9919678714859438,0.7264705882352941,0.77743
VAR_R,0.9919354838709677,0.7235294117647059,0.78292
VAR_R,0.9919028340080972,0.7205882352941176,0.7852
VAR_R,0.991869918699187,0.7176470588235294,0.79155
VAR_R,0.9918367346938776,0.7147058823529412,0.7918
VAR_R,0.9918032786885246,0.711764705882353,0.79222
VAR_R,0.9917695473251029,0.7088235294117647,0.79306
VAR_R,0.9917355371900827,0.7058823529411765,0.79391
VAR_R,0.995850622406639,0.7058823529411765,0.79428
VAR_R,0.9958333333333333,0.7029411764705882,0.79994
VAR_R,0.99581589958159,0.7,0.80085
VAR_R,0.9957983193277311,0.6970588235294117,0.80231
VAR_R,0.9957805907172996,0.6941176470588235,0.80634
VAR_R,0.9957627118644068,0.6911764705882353,0.81
VAR_R,0.9957446808510638,0.6882352941176471,0.81211
VAR_R,0.9957264957264957,0.6852941176470588,0.81282
VAR_R,0.9957081545064378,0.6823529411764706,0.81345
VAR_R,0.9956896551724138,0.6794117647058824,0.81368
VAR_R,0.9956709956709957,0.6764705882352942,0.81682
VAR_R,0.9956521739130435,0.6735294117647059,0.81683
VAR_R,0.9956331877729258,0.6705882352941176,0.81734
VAR_R,0.9955947136563876,0.6647058823529411,0.81751
VAR_R,0.995575221238938,0.6617647058823529,0.81927
VAR_R,0.9955555555555555,0.6588235294117647,0.82021
VAR_R,0.9955357142857143,0.6558823529411765,0.8204
VAR_R,0.9955156950672646,0.6529411764705882,0.82407
VAR_R,0.9954954954954955,0.65,0.82529
VAR_R,0.995475113122172,0.6470588235294118,0.82599
VAR_R,0.9954545454545455,0.6441176470588236,0.82781
VAR_R,0.9954337899543378,0.6411764705882353,0.8293
VAR_R,0.9954128440366973,0.638235294117647,0.8329
VAR_R,0.9953703703703703,0.6323529411764706,0.83451
VAR_R,0.9953488372093023,0.6294117647058823,0.83468
VAR_R,0.9953271028037384,0.6264705882352941,0.83529
VAR_R,0.9953051643192489,0.6235294117647059,0.83583
VAR_R,0.9952830188679245,0.6205882352941177,0.83708
VAR_R,0.995260663507109,0.6176470588235294,0.83712
VAR_R,0.9952380952380953,0.6147058823529412,0.83798
VAR_R,0.9952153110047847,0.611764705882353,0.838
VAR_R,0.9951923076923077,0.6088235294117647,0.84004
VAR_R,0.9951690821256038,0.6058823529411764,0.84039
VAR_R,0.9951456310679612,0.6029411764705882,0.8426
VAR_R,0.9951219512195122,0.6,0.84482
VAR_R,1.0,0.6,0.84883
VAR_R,1.0,0.5970588235294118,0.84917
VAR_R,1.0,0.5941176470588235,0.85074
VAR_R,1.0,0.5911764705882353,0.85134
VAR_R,1.0,0.5882352941176471,0.85215
VAR_R,1.0,0.5852941176470589,0.85338
VAR_R,1.0,0.5823529411764706,0.85547
VAR_R,1.0,0.5794117647058824,0.85557
VAR_R,1.0,0.5764705882352941,0.85581
VAR_R,1.0,0.5735294117647058,0.85704
VAR_R,1.0,0.5705882352941176,0.85791
VAR_R,1.0,0.5676470588235294,0.85924
VAR_R,1.0,0.5647058823529412,0.85938
VAR_R,1.0,0.5617647058823529,0.85963
VAR_R,1.0,0.5588235294117647,0.86097
VAR_R,1.0,0.5529411764705883,0.86183
VAR_R,1.0,0.55,0.86287
VAR_R,1.0,0.5470588235294118,0.86392
VAR_R,1.0,0.5441176470588235,0.86479
VAR_R,1.0,0.5411764705882353,0.86537
VAR_R,1.0,0.5323529411764706,0.8658
VAR_R,1.0,0.5264705882352941,0.8667
VAR_R,1.0,0.5235294117647059,0.86759
VAR_R,1.0,0.5205882352941177,0.86896
VAR_R,1.0,0.5176470588235295,0.86951
VAR_R,1.0,0.5147058823529411,0.86998
VAR_R,1.0,0.5117647058823529,0.8704
VAR_R,1.0,0.5088235294117647,0.87067
VAR_R,1.0,0.5058823529411764,0.87193
VAR_R,1.0,0.5029411764705882,0.87283
VAR_R,1.0,0.5,0.87487
VAR_R,1.0,0.4970588235294118,0.8753
VAR_R,1.0,0.49411764705882355,0.87625
VAR_R,1.0,0.49117647058823527,0.87642
VAR_R,1.0,0.48823529411764705,0.87771
VAR_R,1.0,0.4852941176470588,0.87781
VAR_R,1.0,0.4823529411764706,0.87913
VAR_R,1.0,0.47941176470588237,0.88175
VAR_R,1.0,0.4764705882352941,0.88432
VAR_R,1.0,0.47352941176470587,0.88546
VAR_R,1.0,0.47058823529411764,0.88739
VAR_R,1.0,0.4676470588235294,0.88791
VAR_R,1.0,0.4647058823529412,0.88905
VAR_R,1.0,0.46176470588235297,0.88989
VAR_R,1.0,0.4588235294117647,0.89009
VAR_R,1.0,0.45588235294117646,0.89047
VAR_R,1.0,0.45294117647058824,0.8905
VAR_R,1.0,0.45,0.89063
VAR_R,1.0,0.4470588235294118,0.89148
VAR_R,1.0,0.4441176470588235,0.89206
VAR_R,1.0,0.4411764705882353,0.89333
VAR_R,1.0,0.43823529411764706,0.89348
VAR_R,1.0,0.43529411764705883,0.8953
VAR_R,1.0,0.4323529411764706,0.89593
VAR_R,1.0,0.4294117647058823,0.8968
VAR_R,1.0,0.4264705882352941,0.89805
VAR_R,1.0,0.4235294117647059,0.89857
VAR_R,1.0,0.42058823529411765,0.89952
VAR_R,1.0,0.4176470588235294,0.90196
VAR_R,1.0,0.4147058823529412,0.90256
VAR_R,1.0,0.4088235294117647,0.9035
VAR_R,1.0,0.40588235294117647,0.90409
VAR_R,1.0,0.40294117647058825,0.90411
VAR_R,1.0,0.4,0.90697
VAR_R,1.0,0.39705882352941174,0.90725
VAR_R,1.0,0.3941176470588235,0.9077
VAR_R,1.0,0.3911764705882353,0.90896
VAR_R,1.0,0.38823529411764707,0.90906
VAR_R,1.0,0.38529411764705884,0.90934
VAR_R,1.0,0.38235294117647056,0.9095
VAR_R,1.0,0.37941176470588234,0.91005
VAR_R,1.0,0.3764705882352941,0.91063
VAR_R,1.0,0.3735294117647059,0.9108
VAR_R,1.0,0.37058823529411766,0.91103
VAR_R,1.0,0.36764705882352944,0.91116
VAR_R,1.0,0.36470588235294116,0.9114
VAR_R,1.0,0.36176470588235293,0.91186
VAR_R,1.0,0.3588235294117647,0.91346
VAR_R,1.0,0.3558823529411765,0.914
VAR_R,1.0,0.35294117647058826,0.91467
VAR_R,1.0,0.35,0.91619
VAR_R,1.0,0.34705882352941175,0.9166
VAR_R,1.0,0.34411764705882353,0.91676
VAR_R,1.0,0.3411764705882353,0.91754
VAR_R,1.0,0.3382352941176471,0.91797
VAR_R,1.0,0.3352941176470588,0.91826
VAR_R,1.0,0.3323529411764706,0.91881
VAR_R,1.0,0.32941176470588235,0.91895
VAR_R,1.0,0.3264705882352941,0.91933
VAR_R,1.0,0.3235294117647059,0.91984
VAR_R,1.0,0.3205882352941177,0.92101
VAR_R,1.0,0.3176470588235294,0.9212
VAR_R,1.0,0.31470588235294117,0.9213
VAR_R,1.0,0.31176470588235294,0.92132
VAR_R,1.0,0.3088235294117647,0.92264
VAR_R,1.0,0.3058823529411765,0.92359
VAR_R,1.0,0.3029411764705882,0.92362
VAR_R,1.0,0.3,0.92416
VAR_R,1.0,0.29705882352941176,0.92527
VAR_R,1.0,0.29411764705882354,0.9262
VAR_R,1.0,0.2911764705882353,0.9274
VAR_R,1.0,0.28823529411764703,0.92841
VAR_R,1.0,0.2852941176470588,0.92941
VAR_R,1.0,0.2823529411764706,0.93003
VAR_R,1.0,0.27941176470588236,0.93385
VAR_R,1.0,0.27647058823529413,0.93391
VAR_R,1.0,0.2735294117647059,0.93482
VAR_R,1.0,0.27058823529411763,0.9351
VAR_R,1.0,0.2676470588235294,0.93518
VAR_R,1.0,0.2647058823529412,0.93641
VAR_R,1.0,0.26176470588235295,0.93736
VAR_R,1.0,0.25882352941176473,0.93737
VAR_R,1.0,0.25588235294117645,0.93756
VAR_R,1.0,0.2529411764705882,0.9377
VAR_R,1.0,0.25,0.93846
VAR_R,1.0,0.24705882352941178,0.93878
VAR_R,1.0,0.24411764705882352,0.93908
VAR_R,1.0,0.2411764705882353,0.9394
VAR_R,1.0,0.23823529411764705,0.94187
VAR_R,1.0,0.23529411764705882,0.94382
VAR_R,1.0,0.2323529411764706,0.94497
VAR_R,1.0,0.22941176470588234,0.94539
VAR_R,1.0,0.22647058823529412,0.9475
VAR_R,1.0,0.2235294117647059,0.94776
VAR_R,1.0,0.22058823529411764,0.94832
VAR_R,1.0,0.21764705882352942,0.94986
VAR_R,1.0,0.21470588235294116,0.95089
VAR_R,1.0,0.21176470588235294,0.95173
VAR_R,1.0,0.2088235294117647,0.95207
VAR_R,1.0,0.20588235294117646,0.95306
VAR_R,1.0,0.20294117647058824,0.95309
VAR_R,1.0,0.19705882352941176,0.9534
VAR_R,1.0,0.19411764705882353,0.95389
VAR_R,1.0,0.19117647058823528,0.95486
VAR_R,1.0,0.18823529411764706,0.95538
VAR_R,1.0,0.18529411764705883,0.95559
VAR_R,1.0,0.18235294117647058,0.95589
VAR_R,1.0,0.17941176470588235,0.95662
VAR_R,1.0,0.17352941176470588,0.95691
VAR_R,1.0,0.17058823529411765,0.95837
VAR_R,1.0,0.1676470588235294,0.95843
VAR_R,1.0,0.16470588235294117,0.95905
VAR_R,1.0,0.16176470588235295,0.95955
VAR_R,1.0,0.1588235294117647,0.96199
VAR_R,1.0,0.15588235294117647,0.96205
VAR_R,1.0,0.15294117647058825,0.96235
VAR_R,1.0,0.15,0.96296
VAR_R,1.0,0.14705882352941177,0.96367
VAR_R,1.0,0.14411764705882352,0.96475
VAR_R,1.0,0.1411764705882353,0.96477
VAR_R,1.0,0.13823529411764707,0.96486
VAR_R,1.0,0.13529411764705881,0.96762
VAR_R,1.0,0.1323529411764706,0.96851
VAR_R,1.0,0.12941176470588237,0.96882
VAR_R,1.0,0.1264705882352941,0.9697
VAR_R,1.0,0.12352941176470589,0.97001
VAR_R,1.0,0.12058823529411765,0.971
VAR_R,1.0,0.11764705882352941,0.97184
VAR_R,1.0,0.11470588235294117,0.97348
VAR_R,1.0,0.11176470588235295,0.974
VAR_R,1.0,0.10882352941176471,0.97411
VAR_R,1.0,0.10588235294117647,0.9749
VAR_R,1.0,0.10294117647058823,0.97602
VAR_R,1.0,0.1,0.97609
VAR_R,1.0,0.09705882352941177,0.97612
VAR_R,1.0,0.09411764705882353,0.97749
VAR_R,1.0,0.09117647058823529,0.97825
VAR_R,1.0,0.08823529411764706,0.97986
VAR_R,1.0,0.08529411764705883,0.98173
VAR_R,1.0,0.08235294117647059,0.98328
VAR_R,1.0,0.07941176470588235,0.9833
VAR_R,1.0,0.07647058823529412,0.98401
VAR_R,1.0,0.07352941176470588,0.98456
VAR_R,1.0,0.07058823529411765,0.98498
VAR_R,1.0,0.06764705882352941,0.98503
VAR_R,1.0,0.06470588235294118,0.98555
VAR_R,1.0,0.061764705882352944,0.98606
VAR_R,1.0,0.058823529411764705,0.98728
VAR_R,1.0,0.05588235294117647,0.98847
VAR_R,1.0,0.052941176470588235,0.98855
VAR_R,1.0,0.05,0.98917
VAR_R,1.0,0.047058823529411764,0.98977
VAR_R,1.0,0.04411764705882353,0.98989
VAR_R,1.0,0.041176470588235294,0.98994
VAR_R,1.0,0.03823529411764706,0.99011
VAR_R,1.0,0.03529411764705882,0.99216
VAR_R,1.0,0.03235294117647059,0.99281
VAR_R,1.0,0.029411764705882353,0.99287
VAR_R,1.0,0.026470588235294117,0.99328
VAR_R,1.0,0.023529411764705882,0.99512
VAR_R,1.0,0.020588235294117647,0.99562
VAR_R,1.0,0.01764705882352941,0.99583
VAR_R,1.0,0.014705882352941176,0.99592
VAR_R,1.0,0.011764705882352941,0.99611
VAR_R,1.0,0.008823529411764706,0.99874
VAR_R,1.0,0.0029411764705882353,0.99958
VAR_RL,0.8542713567839196,1.0,0.00144
VAR_RL,0.8564231738035264,1.0,0.00259
VAR_RL,0.8585858585858586,1.0,0.00531
VAR_RL,0.8607594936708861,1.0,0.00691
VAR_RL,0.8629441624365483,1.0,0.00808
VAR_RL,0.8651399491094147,1.0,0.01308
VAR_RL,0.8673469387755102,1.0,0.01996
VAR_RL,0.8695652173913043,1.0,0.02337
VAR_RL,0.8717948717948718,1.0,0.02528
VAR_RL,0.8740359897172236,1.0,0.03894
VAR_RL,0.8762886597938144,1.0,0.04554
VAR_RL,0.8785529715762274,1.0,0.05989
VAR_RL,0.8808290155440415,1.0,0.06019
VAR_RL,0.8831168831168831,1.0,0.06714
VAR_RL,0.8854166666666666,1.0,0.0748
VAR_RL,0.8877284595300261,1.0,0.08655
VAR_RL,0.887434554973822,0.9970588235294118,0.10646
VAR_RL,0.889763779527559,0.9970588235294118,0.11026
VAR_RL,0.8921052631578947,0.9970588235294118,0.12194
VAR_RL,0.8944591029023746,0.9970588235294118,0.12375
VAR_RL,0.8941798941798942,0.9941176470588236,0.13747
VAR_RL,0.896551724137931,0.9941176470588236,0.15039
VAR_RL,0.898936170212766,0.9941176470588236,0.15147
VAR_RL,0.9013333333333333,0.9941176470588236,0.16404
VAR_RL,0.9010695187165776,0.9911764705882353,0.16801
VAR_RL,0.903485254691689,0.9911764705882353,0.1746
VAR_RL,0.9059139784946236,0.9911764705882353,0.18868
VAR_RL,0.9083557951482479,0.9911764705882353,0.19439
VAR_RL,0.9108108108108108,0.9911764705882353,0.19787
VAR_RL,0.9105691056910569,0.9882352941176471,0.23308
VAR_RL,0.9130434782608695,0.9882352941176471,0.25675
VAR_RL,0.9155313351498637,0.9882352941176471,0.28943
VAR_RL,0.9180327868852459,0.9882352941176471,0.29143
VAR_RL,0.9178082191780822,0.9852941176470589,0.29322
VAR_RL,0.9203296703296703,0.9852941176470589,0.31127
VAR_RL,0.9228650137741047,0.9852941176470589,0.31428
VAR_RL,0.925414364640884,0.9852941176470589,0.31673
VAR_RL,0.9279778393351801,0.9852941176470589,0.33329
VAR_RL,0.9305555555555556,0.9852941176470589,0.33432
VAR_RL,0.9331476323119777,0.9852941176470589,0.34297
VAR_RL,0.9357541899441341,0.9852941176470589,0.35859
VAR_RL,0.9355742296918768,0.9823529411764705,0.36085
VAR_RL,0.9353932584269663,0.9794117647058823,0.3639
VAR_RL,0.9380281690140845,0.9794117647058823,0.37116
VAR_RL,0.940677966101695,0.9794117647058823,0.37152
VAR_RL,0.9405099150141643,0.9764705882352941,0.3907
VAR_RL,0.9403409090909091,0.9735294117647059,0.40542
VAR_RL,0.9401709401709402,0.9705882352941176,0.43
VAR_RL,0.94,0.9676470588235294,0.43521
VAR_RL,0.9426934097421203,0.9676470588235294,0.44146
VAR_RL,0.9425287356321839,0.9647058823529412,0.44692
VAR_RL,0.9423631123919308,0.961764705882353,0.44914
VAR_RL,0.9421965317919075,0.9588235294117647,0.44947
VAR_RL,0.9420289855072463,0.9558823529411765,0.46327
VAR_RL,0.9418604651162791,0.9529411764705882,0.46681
VAR_RL,0.9416909620991254,0.95,0.47467
VAR_RL,0.9415204678362573,0.9470588235294117,0.49018
VAR_RL,0.9442815249266863,0.9470588235294117,0.49241
VAR_RL,0.9441176470588235,0.9441176470588235,0.49913
VAR_RL,0.9469026548672567,0.9441176470588235,0.50168
VAR_RL,0.9467455621301775,0.9411764705882353,0.52305
VAR_RL,0.9465875370919882,0.9382352941176471,0.5265
VAR_RL,0.9494047619047619,0.9382352941176471,0.53222
VAR_RL,0.9522388059701492,0.9382352941176471,0.53995
VAR_RL,0.9520958083832335,0.9352941176470588,0.54429
VAR_RL,0.954954954954955,0.9352941176470588,0.54775
VAR_RL,0.9578313253012049,0.9352941176470588,0.55312
VAR_RL,0.9607250755287009,0.9352941176470588,0.55593
VAR_RL,0.9636363636363636,0.9352941176470588,0.55716
VAR_RL,0.9635258358662614,0.9323529411764706,0.55724
VAR_RL,0.9634146341463414,0.9294117647058824,0.56434
VAR_RL,0.963302752293578,0.9264705882352942,0.56967
VAR_RL,0.9631901840490797,0.9235294117647059,0.5753
VAR_RL,0.9629629629629629,0.9176470588235294,0.58826
VAR_RL,0.9659442724458205,0.9176470588235294,0.60021
VAR_RL,0.9658385093167702,0.9147058823529411,0.60338
VAR_RL,0.9657320872274143,0.9117647058823529,0.60504
VAR_RL,0.965625,0.9088235294117647,0.61407
VAR_RL,0.9686520376175548,0.9088235294117647,0.61559
VAR_RL,0.9684542586750788,0.9029411764705882,0.62556
VAR_RL,0.9683544303797469,0.9,0.63424
VAR_RL,0.9681528662420382,0.8941176470588236,0.64404
VAR_RL,0.9680511182108626,0.8911764705882353,0.65175
VAR_RL,0.9711538461538461,0.8911764705882353,0.65254
VAR_RL,0.9742765273311897,0.8911764705882353,0.65348
VAR_RL,0.9741935483870968,0.888235294117647,0.65504
VAR_RL,0.9773462783171522,0.888235294117647,0.65602
VAR_RL,0.9772727272727273,0.8852941176470588,0.65882
VAR_RL,0.9771986970684039,0.8823529411764706,0.66523
VAR_RL,0.9771241830065359,0.8794117647058823,0.66823
VAR_RL,0.9770491803278688,0.8764705882352941,0.66899
VAR_RL,0.9769736842105263,0.8735294117647059,0.67161
VAR_RL,0.976897689768977,0.8705882352941177,0.67355
VAR_RL,0.9768211920529801,0.8676470588235294,0.67404
VAR_RL,0.9767441860465116,0.8647058823529412,0.67448
VAR_RL,0.9766666666666667,0.861764705882353,0.67535
VAR_RL,0.9765886287625418,0.8588235294117647,0.67643
VAR_RL,0.9765100671140939,0.8558823529411764,0.6771
VAR_RL,0.9764309764309764,0.8529411764705882,0.67847
VAR_RL,0.9763513513513513,0.85,0.68201
VAR_RL,0.976271186440678,0.8470588235294118,0.6851
VAR_RL,0.9761904761904762,0.8441176470588235,0.68551
VAR_RL,0.9795221843003413,0.8441176470588235,0.6857
VAR_RL,0.9794520547945206,0.8411764705882353,0.68739
VAR_RL,0.979381443298969,0.8382352941176471,0.68802
VAR_RL,0.9793103448275862,0.8352941176470589,0.68981
VAR_RL,0.9791666666666666,0.8294117647058824,0.69005
VAR_RL,0.9790940766550522,0.8264705882352941,0.69015
VAR_RL,0.9790209790209791,0.8235294117647058,0.69149
VAR_RL,0.9789473684210527,0.8205882352941176,0.69172
VAR_RL,0.9788732394366197,0.8176470588235294,0.69249
VAR_RL,0.9787985865724381,0.8147058823529412,0.69272
VAR_RL,0.9822695035460993,0.8147058823529412,0.6946
VAR_RL,0.9822064056939501,0.8117647058823529,0.69841
VAR_RL,0.9821428571428571,0.8088235294117647,0.69869
VAR_RL,0.982078853046595,0.8058823529411765,0.70079
VAR_RL,0.9820143884892086,0.8029411764705883,0.70207
VAR_RL,0.9855595667870036,0.8029411764705883,0.70291
VAR_RL,0.9855072463768116,0.8,0.70446
VAR_RL,0.9854545454545455,0.7970588235294118,0.70578
VAR_RL,0.9854014598540146,0.7941176470588235,0.70618
VAR_RL,0.9853479853479854,0.7911764705882353,0.70723
VAR_RL,0.9852941176470589,0.788235294117647,0.70732
VAR_RL,0.985239852398524,0.7852941176470588,0.71
VAR_RL,0.9851851851851852,0.7823529411764706,0.71012
VAR_RL,0.9851301115241635,0.7794117647058824,0.71287
VAR_RL,0.9850746268656716,0.7764705882352941,0.7136
VAR_RL,0.9850187265917603,0.7735294117647059,0.71484
VAR_RL,0.9849624060150376,0.7705882352941177,0.72245
VAR_RL,0.9849056603773585,0.7676470588235295,0.72458
VAR_RL,0.9848484848484849,0.7647058823529411,0.72499
VAR_RL,0.9847908745247148,0.7617647058823529,0.72689
VAR_RL,0.9847328244274809,0.7588235294117647,0.72903
VAR_RL,0.9846743295019157,0.7558823529411764,0.73183
VAR_RL,0.9846153846153847,0.7529411764705882,0.73713
VAR_RL,0.9845559845559846,0.75,0.73824
VAR_RL,0.9844961240310077,0.7470588235294118,0.74087
VAR_RL,0.9844357976653697,0.7441176470588236,0.74114
VAR_RL,0.984375,0.7411764705882353,0.74445
VAR_RL,0.9882352941176471,0.7411764705882353,0.75137
VAR_RL,0.9921259842519685,0.7411764705882353,0.75694
VAR_RL,0.9920948616600791,0.7382352941176471,0.75695
VAR_RL,0.9920634920634921,0.7352941176470589,0.76082
VAR_RL,0.9920318725099602,0.7323529411764705,0.7649
VAR_RL,0.992,0.7294117647058823,0.76564
VAR_RL,0.9919678714859438,0.7264705882352941,0.76806
VAR_RL,0.9919354838709677,0.7235294117647059,0.77069
VAR_RL,0.9919028340080972,0.7205882352941176,0.77132
VAR_RL,0.991869918699187,0.7176470588235294,0.77355
VAR_RL,0.9918367346938776,0.7147058823529412,0.77681
VAR_RL,0.9918032786885246,0.711764705882353,0.77836
VAR_RL,0.9917695473251029,0.7088235294117647,0.7794
VAR_RL,0.9917355371900827,0.7058823529411765,0.78131
VAR_RL,0.991701244813278,0.7029411764705882,0.78293
VAR_RL,0.9916666666666667,0.7,0.78541
VAR_RL,0.9916317991631799,0.6970588235294117,0.78619
VAR_RL,0.9915966386554622,0.6941176470588235,0.78698
VAR_RL,0.9915611814345991,0.6911764705882353,0.78827
VAR_RL,0.9915254237288136,0.6882352941176471,0.78958
VAR_RL,0.9914893617021276,0.6852941176470588,0.7928
VAR_RL,0.9914529914529915,0.6823529411764706,0.79392
VAR_RL,0.9957081545064378,0.6823529411764706,0.79429
VAR_RL,0.9956896551724138,0.6794117647058824,0.79438
VAR_RL,0.9956521739130435,0.6735294117647059,0.79452
VAR_RL,0.9956331877729258,0.6705882352941176,0.79611
VAR_RL,0.9956140350877193,0.6676470588235294,0.79651
VAR_RL,0.9955947136563876,0.6647058823529411,0.8
VAR_RL,0.995575221238938,0.6617647058823529,0.80013
VAR_RL,0.9955555555555555,0.6588235294117647,0.80093
VAR_RL,0.9955357142857143,0.6558823529411765,0.80232
VAR_RL,0.9955156950672646,0.6529411764705882,0.80713
VAR_RL,0.9954954954954955,0.65,0.80931
VAR_RL,0.995475113122172,0.6470588235294118,0.80997
VAR_RL,0.9954545454545455,0.6441176470588236,0.81055
VAR_RL,0.9954128440366973,0.638235294117647,0.81753
VAR_RL,0.9953917050691244,0.6352941176470588,0.81883
VAR_RL,0.9953488372093023,0.6294117647058823,0.81928
VAR_RL,0.9953271028037384,0.6264705882352941,0.82037
VAR_RL,0.9953051643192489,0.6235294117647059,0.82085
VAR_RL,0.9952830188679245,0.6205882352941177,0.82092
VAR_RL,0.995260663507109,0.6176470588235294,0.82378
VAR_RL,0.9952380952380953,0.6147058823529412,0.82867
VAR_RL,0.9952153110047847,0.611764705882353,0.83405
VAR_RL,0.9951923076923077,0.6088235294117647,0.83585
VAR_RL,0.9951690821256038,0.6058823529411764,0.83981
VAR_RL,0.9951456310679612,0.6029411764705882,0.8414
VAR_RL,0.9951219512195122,0.6,0.84421
VAR_RL,0.9950738916256158,0.5941176470588235,0.84438
VAR_RL,0.995049504950495,0.5911764705882353,0.84516
VAR_RL,0.9950248756218906,0.5882352941176471,0.84553
VAR_RL,0.995,0.5852941176470589,0.84562
VAR_RL,0.9949748743718593,0.5823529411764706,0.84693
VAR_RL,0.9949494949494949,0.5794117647058824,0.84748
VAR_RL,0.9949238578680203,0.5764705882352941,0.84754
VAR_RL,0.9948979591836735,0.5735294117647058,0.85257
VAR_RL,0.9948717948717949,0.5705882352941176,0.85455
VAR_RL,0.9948453608247423,0.5676470588235294,0.85562
VAR_RL,0.9948186528497409,0.5647058823529412,0.85646
VAR_RL,0.9947916666666666,0.5617647058823529,0.85687
VAR_RL,0.9947643979057592,0.5588235294117647,0.85717
VAR_RL,1.0,0.5588235294117647,0.85781
VAR_RL,1.0,0.5558823529411765,0.85789
VAR_RL,1.0,0.5529411764705883,0.85827
VAR_RL,1.0,0.55,0.85878
VAR_RL,1.0,0.5470588235294118,0.85901
VAR_RL,1.0,0.5441176470588235,0.85921
VAR_RL,1.0,0.5411764705882353,0.86008
VAR_RL,1.0,0.538235294117647,0.8613
VAR_RL,1.0,0.5352941176470588,0.86152
VAR_RL,1.0,0.5323529411764706,0.86264
VAR_RL,1.0,0.5294117647058824,0.86436
VAR_RL,1.0,0.5264705882352941,0.86671
VAR_RL,1.0,0.5235294117647059,0.8676
VAR_RL,1.0,0.5205882352941177,0.86781
VAR_RL,1.0,0.5176470588235295,0.86898
VAR_RL,1.0,0.5147058823529411,0.86924
VAR_RL,1.0,0.5117647058823529,0.87345
VAR_RL,1.0,0.5088235294117647,0.87357
VAR_RL,1.0,0.5058823529411764,0.87375
VAR_RL,1.0,0.5029411764705882,0.87543
VAR_RL,1.0,0.5,0.877
VAR_RL,1.0,0.4970588235294118,0.87786
VAR_RL,1.0,0.49411764705882355,0.87938
VAR_RL,1.0,0.49117647058823527,0.88151
VAR_RL,1.0,0.48823529411764705,0.8817
VAR_RL,1.0,0.4852941176470588,0.88176
VAR_RL,1.0,0.4823529411764706,0.88188
VAR_RL,1.0,0.47941176470588237,0.88227
VAR_RL,1.0,0.4764705882352941,0.88266
VAR_RL,1.0,0.47352941176470587,0.88345
VAR_RL,1.0,0.4676470588235294,0.8843
VAR_RL,1.0,0.4647058823529412,0.88433
VAR_RL,1.0,0.46176470588235297,0.88466
VAR_RL,1.0,0.4588235294117647,0.8865
VAR_RL,1.0,0.45,0.88793
VAR_RL,1.0,0.4470588235294118,0.88815
VAR_RL,1.0,0.4441176470588235,0.88829
VAR_RL,1.0,0.4411764705882353,0.88863
VAR_RL,1.0,0.43823529411764706,0.88906
VAR_RL,1.0,0.43529411764705883,0.8901
VAR_RL,1.0,0.4323529411764706,0.89065
VAR_RL,1.0,0.4294117647058823,0.89158
VAR_RL,1.0,0.4264705882352941,0.89177
VAR_RL,1.0,0.4235294117647059,0.89316
VAR_RL,1.0,0.42058823529411765,0.89564
VAR_RL,1.0,0.4176470588235294,0.89668
VAR_RL,1.0,0.4147058823529412,0.89716
VAR_RL,1.0,0.4117647058823529,0.89744
VAR_RL,1.0,0.4088235294117647,0.89766
VAR_RL,1.0,0.40588235294117647,0.89817
VAR_RL,1.0,0.40294117647058825,0.90054
VAR_RL,1.0,0.4,0.90186
VAR_RL,1.0,0.39705882352941174,0.9019
VAR_RL,1.0,0.3941176470588235,0.90464
VAR_RL,1.0,0.3911764705882353,0.90565
VAR_RL,1.0,0.38823529411764707,0.90585
VAR_RL,1.0,0.38529411764705884,0.90671
VAR_RL,1.0,0.38235294117647056,0.90702
VAR_RL,1.0,0.3764705882352941,0.90726
VAR_RL,1.0,0.3735294117647059,0.90772
VAR_RL,1.0,0.37058823529411766,0.90849
VAR_RL,1.0,0.36764705882352944,0.90872
VAR_RL,1.0,0.36470588235294116,0.90885
VAR_RL,1.0,0.36176470588235293,0.90901
VAR_RL,1.0,0.3588235294117647,0.90907
VAR_RL,1.0,0.3558823529411765,0.90959
VAR_RL,1.0,0.35294117647058826,0.90997
VAR_RL,1.0,0.35,0.91006
VAR_RL,1.0,0.34705882352941175,0.91256
VAR_RL,1.0,0.34411764705882353,0.91377
VAR_RL,1.0,0.3411764705882353,0.91463
VAR_RL,1.0,0.3382352941176471,0.91619
VAR_RL,1.0,0.3352941176470588,0.91747
VAR_RL,1.0,0.3323529411764706,0.91756
VAR_RL,1.0,0.32941176470588235,0.91773
VAR_RL,1.0,0.3264705882352941,0.91985
VAR_RL,1.0,0.3235294117647059,0.92056
VAR_RL,1.0,0.3205882352941177,0.92094
VAR_RL,1.0,0.3176470588235294,0.92125
VAR_RL,1.0,0.31470588235294117,0.92269
VAR_RL,1.0,0.31176470588235294,0.9229
VAR_RL,1.0,0.3088235294117647,0.92299
VAR_RL,1.0,0.3058823529411765,0.92314
VAR_RL,1.0,0.3029411764705882,0.92393
VAR_RL,1.0,0.3,0.92424
VAR_RL,1.0,0.29705882352941176,0.92577
VAR_RL,1.0,0.29411764705882354,0.92579
VAR_RL,1.0,0.2911764705882353,0.92801
VAR_RL,1.0,0.28823529411764703,0.92886
VAR_RL,1.0,0.2852941176470588,0.9293
VAR_RL,1.0,0.2823529411764706,0.92949
VAR_RL,1.0,0.27941176470588236,0.9299
VAR_RL,1.0,0.27647058823529413,0.93146
VAR_RL,1.0,0.2735294117647059,0.93275
VAR_RL,1.0,0.27058823529411763,0.9329
VAR_RL,1.0,0.2676470588235294,0.93343
VAR_RL,1.0,0.2647058823529412,0.93392
VAR_RL,1.0,0.26176470588235295,0.93426
VAR_RL,1.0,0.25882352941176473,0.93499
VAR_RL,1.0,0.25588235294117645,0.93606
VAR_RL,1.0,0.2529411764705882,0.9361
VAR_RL,1.0,0.25,0.93631
VAR_RL,1.0,0.24705882352941178,0.93642
VAR_RL,1.0,0.24411764705882352,0.93737
VAR_RL,1.0,0.2411764705882353,0.93738
VAR_RL,1.0,0.23823529411764705,0.9374
VAR_RL,1.0,0.23529411764705882,0.93791
VAR_RL,1.0,0.2323529411764706,0.93801
VAR_RL,1.0,0.22941176470588234,0.9386
VAR_RL,1.0,0.22647058823529412,0.93912
VAR_RL,1.0,0.2235294117647059,0.94009
VAR_RL,1.0,0.22058823529411764,0.94111
VAR_RL,1.0,0.21764705882352942,0.94117
VAR_RL,1.0,0.21470588235294116,0.94229
VAR_RL,1.0,0.21176470588235294,0.94382
VAR_RL,1.0,0.2088235294117647,0.94425
VAR_RL,1.0,0.20588235294117646,0.94654
VAR_RL,1.0,0.20294117647058824,0.94675
VAR_RL,1.0,0.2,0.94713
VAR_RL,1.0,0.19705882352941176,0.9475
VAR_RL,1.0,0.19411764705882353,0.94765
VAR_RL,1.0,0.19117647058823528,0.94819
VAR_RL,1.0,0.18529411764705883,0.94821
VAR_RL,1.0,0.18235294117647058,0.95043
VAR_RL,1.0,0.17941176470588235,0.95209
VAR_RL,1.0,0.17647058823529413,0.95293
VAR_RL,1.0,0.17352941176470588,0.95327
VAR_RL,1.0,0.17058823529411765,0.95467
VAR_RL,1.0,0.1676470588235294,0.9556
VAR_RL,1.0,0.16470588235294117,0.95803
VAR_RL,1.0,0.16176470588235295,0.95843
VAR_RL,1.0,0.1588235294117647,0.95909
VAR_RL,1.0,0.15588235294117647,0.96112
VAR_RL,1.0,0.15294117647058825,0.96222
VAR_RL,1.0,0.15,0.96379
VAR_RL,1.0,0.14705882352941177,0.96397
VAR_RL,1.0,0.14411764705882352,0.96407
VAR_RL,1.0,0.1411764705882353,0.96455
VAR_RL,1.0,0.13823529411764707,0.96473
VAR_RL,1.0,0.13529411764705881,0.96477
VAR_RL,1.0,0.1323529411764706,0.96572
VAR_RL,1.0,0.12941176470588237,0.96589
VAR_RL,1.0,0.1264705882352941,0.96895
VAR_RL,1.0,0.12352941176470589,0.97242
VAR_RL,1.0,0.12058823529411765,0.97349
VAR_RL,1.0,0.11764705882352941,0.97395
VAR_RL,1.0,0.11470588235294117,0.97411
VAR_RL,1.0,0.11176470588235295,0.97461
VAR_RL,1.0,0.10882352941176471,0.97531
VAR_RL,1.0,0.10294117647058823,0.97565
VAR_RL,1.0,0.1,0.97599
VAR_RL,1.0,0.09705882352941177,0.97623
VAR_RL,1.0,0.09411764705882353,0.97757
VAR_RL,1.0,0.09117647058823529,0.97769
VAR_RL,1.0,0.08823529411764706,0.97825
VAR_RL,1.0,0.08529411764705883,0.98162
VAR_RL,1.0,0.08235294117647059,0.98166
VAR_RL,1.0,0.07941176470588235,0.98228
VAR_RL,1.0,0.07647058823529412,0.98233
VAR_RL,1.0,0.07352941176470588,0.98279
VAR_RL,1.0,0.07058823529411765,0.98333
VAR_RL,1.0,0.06764705882352941,0.98401
VAR_RL,1.0,0.06470588235294118,0.98498
VAR_RL,1.0,0.061764705882352944,0.98535
VAR_RL,1.0,0.058823529411764705,0.98605
VAR_RL,1.0,0.05588235294117647,0.9861
VAR_RL,1.0,0.052941176470588235,0.98642
VAR_RL,1.0,0.05,0.98644
VAR_RL,1.0,0.047058823529411764,0.98761
VAR_RL,1.0,0.04411764705882353,0.98821
VAR_RL,1.0,0.041176470588235294,0.98866
VAR_RL,1.0,0.03823529411764706,0.98968
VAR_RL,1.0,0.03529411764705882,0.99028
VAR_RL,1.0,0.03235294117647059,0.99084
VAR_RL,1.0,0.029411764705882353,0.9917
VAR_RL,1.0,0.026470588235294117,0.99204
VAR_RL,1.0,0.023529411764705882,0.99328
VAR_RL,1.0,0.020588235294117647,0.99454
VAR_RL,1.0,0.01764705882352941,0.99512
VAR_RL,1.0,0.014705882352941176,0.99592
VAR_RL,1.0,0.011764705882352941,0.99623
VAR_RL,1.0,0.008823529411764706,0.9975
VAR_RL,1.0,0.0058823529411764705,0.99798
VAR_RL,1.0,0.0029411764705882353,0.99874
VEST4,0.8542713567839196,1.0,0.02173
VEST4,0.8564231738035264,1.0,0.0236
VEST4,0.8585858585858586,1.0,0.03169
VEST4,0.8607594936708861,1.0,0.0466
VEST4,0.8629441624365483,1.0,0.0553
VEST4,0.8651399491094147,1.0,0.06307
VEST4,0.8673469387755102,1.0,0.06571
VEST4,0.8695652173913043,1.0,0.08064
VEST4,0.8717948717948718,1.0,0.12851
VEST4,0.8740359897172236,1.0,0.14965
VEST4,0.8762886597938144,1.0,0.16903
VEST4,0.875968992248062,0.9970588235294118,0.23096
VEST4,0.8782383419689119,0.9970588235294118,0.23473
VEST4,0.8779220779220779,0.9941176470588236,0.23972
VEST4,0.8802083333333334,0.9941176470588236,0.24343
VEST4,0.8825065274151436,0.9941176470588236,0.24589
VEST4,0.8848167539267016,0.9941176470588236,0.24713
VEST4,0.8871391076115486,0.9941176470588236,0.24835
VEST4,0.8894736842105263,0.9941176470588236,0.25568
VEST4,0.8918205804749341,0.9941176470588236,0.26053
VEST4,0.8941798941798942,0.9941176470588236,0.26173
VEST4,0.896551724137931,0.9941176470588236,0.27482
VEST4,0.898936170212766,0.9941176470588236,0.27952
VEST4,0.9013333333333333,0.9941176470588236,0.28302
VEST4,0.9037433155080213,0.9941176470588236,0.29682
VEST4,0.9061662198391421,0.9941176470588236,0.30476
VEST4,0.9086021505376344,0.9941176470588236,0.3115
VEST4,0.9083557951482479,0.9911764705882353,0.31817
VEST4,0.9105691056910569,0.9882352941176471,0.32259
VEST4,0.9103260869565217,0.9852941176470589,0.32915
VEST4,0.9100817438692098,0.9823529411764705,0.33891
VEST4,0.912568306010929,0.9823529411764705,0.34641
VEST4,0.9123287671232877,0.9794117647058823,0.36956
VEST4,0.9120879120879121,0.9764705882352941,0.37784
VEST4,0.9118457300275482,0.9735294117647059,0.37886
VEST4,0.914364640883978,0.9735294117647059,0.39008
VEST4,0.9168975069252078,0.9735294117647059,0.40016
VEST4,0.9166666666666666,0.9705882352941176,0.40317
VEST4,0.9192200557103064,0.9705882352941176,0.40715
VEST4,0.9189944134078212,0.9676470588235294,0.40913
VEST4,0.9215686274509803,0.9676470588235294,0.42292
VEST4,0.9213483146067416,0.9647058823529412,0.43071
VEST4,0.9211267605633803,0.961764705882353,0.44799
VEST4,0.9206798866855525,0.9558823529411765,0.45084
VEST4,0.9204545454545454,0.9529411764705882,0.45272
VEST4,0.9202279202279202,0.95,0.47705
VEST4,0.92,0.9470588235294117,0.48352
VEST4,0.9226361031518625,0.9470588235294117,0.51345
VEST4,0.9224137931034483,0.9441176470588235,0.51434
VEST4,0.9221902017291066,0.9411764705882353,0.53123
VEST4,0.9219653179190751,0.9382352941176471,0.53387
VEST4,0.9217391304347826,0.9352941176470588,0.53739
VEST4,0.9215116279069767,0.9323529411764706,0.53915
VEST4,0.924198250728863,0.9323529411764706,0.54179
VEST4,0.9239766081871345,0.9294117647058824,0.54267
VEST4,0.9266862170087976,0.9294117647058824,0.55053
VEST4,0.9264705882352942,0.9264705882352942,0.55834
VEST4,0.9262536873156342,0.9235294117647059,0.56094
VEST4,0.9289940828402367,0.9235294117647059,0.56699
VEST4,0.9317507418397626,0.9235294117647059,0.57044
VEST4,0.9315476190476191,0.9205882352941176,0.57643
VEST4,0.9343283582089552,0.9205882352941176,0.57987
VEST4,0.937125748502994,0.9205882352941176,0.58756
VEST4,0.9369369369369369,0.9176470588235294,0.59012
VEST4,0.9397590361445783,0.9176470588235294,0.60035
VEST4,0.9425981873111783,0.9176470588235294,0.61482
VEST4,0.9454545454545454,0.9176470588235294,0.61994
VEST4,0.9483282674772037,0.9176470588235294,0.62419
VEST4,0.9512195121951219,0.9176470588235294,0.62504
VEST4,0.9510703363914373,0.9147058823529411,0.63954
VEST4,0.9539877300613497,0.9147058823529411,0.64639
VEST4,0.9538461538461539,0.9117647058823529,0.65068
VEST4,0.9537037037037037,0.9088235294117647,0.65844
VEST4,0.9535603715170279,0.9058823529411765,0.67402
VEST4,0.953416149068323,0.9029411764705882,0.67662
VEST4,0.956386292834891,0.9029411764705882,0.6915
VEST4,0.95625,0.9,0.69238
VEST4,0.9561128526645768,0.8970588235294118,0.69326
VEST4,0.9559748427672956,0.8941176470588236,0.69502
VEST4,0.9558359621451105,0.8911764705882353,0.69768
VEST4,0.9555555555555556,0.8852941176470588,0.70562
VEST4,0.9554140127388535,0.8823529411764706,0.71275
VEST4,0.9552715654952076,0.8794117647058823,0.71543
VEST4,0.9551282051282052,0.8764705882352941,0.71722
VEST4,0.954983922829582,0.8735294117647059,0.7226
VEST4,0.9548387096774194,0.8705882352941177,0.73435
VEST4,0.9546925566343042,0.8676470588235294,0.74257
VEST4,0.9577922077922078,0.8676470588235294,0.74349
VEST4,0.9576547231270358,0.8647058823529412,0.74808
VEST4,0.9575163398692811,0.861764705882353,0.74993
VEST4,0.9573770491803278,0.8588235294117647,0.75638
VEST4,0.9572368421052632,0.8558823529411764,0.75731
VEST4,0.9570957095709571,0.8529411764705882,0.75824
VEST4,0.9602649006622517,0.8529411764705882,0.75916
VEST4,0.9601328903654485,0.85,0.76009
VEST4,0.9633333333333334,0.85,0.77038
VEST4,0.9665551839464883,0.85,0.77132
VEST4,0.9664429530201343,0.8470588235294118,0.77416
VEST4,0.9663299663299664,0.8441176470588235,0.7789
VEST4,0.9695945945945946,0.8441176470588235,0.78271
VEST4,0.9694915254237289,0.8411764705882353,0.78558
VEST4,0.9727891156462585,0.8411764705882353,0.78655
VEST4,0.9761092150170648,0.8411764705882353,0.78847
VEST4,0.976027397260274,0.8382352941176471,0.79329
VEST4,0.9759450171821306,0.8352941176470589,0.79427
VEST4,0.9757785467128027,0.8294117647058824,0.79524
VEST4,0.975609756097561,0.8235294117647058,0.79621
VEST4,0.9755244755244755,0.8205882352941176,0.80207
VEST4,0.9754385964912281,0.8176470588235294,0.80404
VEST4,0.9753521126760564,0.8147058823529412,0.80503
VEST4,0.9752650176678446,0.8117647058823529,0.80602
VEST4,0.975177304964539,0.8088235294117647,0.807
VEST4,0.9750889679715302,0.8058823529411765,0.80998
VEST4,0.975,0.8029411764705883,0.81798
VEST4,0.974910394265233,0.8,0.81898
VEST4,0.9748201438848921,0.7970588235294118,0.81999
VEST4,0.9747292418772563,0.7941176470588235,0.82201
VEST4,0.9746376811594203,0.7911764705882353,0.82403
VEST4,0.9745454545454545,0.788235294117647,0.82607
VEST4,0.9781021897810219,0.788235294117647,0.82708
VEST4,0.978021978021978,0.7852941176470588,0.83015
VEST4,0.977859778597786,0.7794117647058824,0.83118
VEST4,0.9777777777777777,0.7764705882352941,0.83426
VEST4,0.9811320754716981,0.7647058823529411,0.83529
VEST4,0.9810606060606061,0.7617647058823529,0.83943
VEST4,0.9809885931558935,0.7588235294117647,0.84047
VEST4,0.9809160305343512,0.7558823529411764,0.84151
VEST4,0.9808429118773946,0.7529411764705882,0.84464
VEST4,0.9807692307692307,0.75,0.84673
VEST4,0.9806949806949807,0.7470588235294118,0.84778
VEST4,0.9806201550387597,0.7441176470588236,0.84989
VEST4,0.980544747081712,0.7411764705882353,0.85095
VEST4,0.984375,0.7411764705882353,0.85202
VEST4,0.9841897233201581,0.7323529411764705,0.85414
VEST4,0.9840637450199203,0.7264705882352941,0.8552
VEST4,0.9839357429718876,0.7205882352941176,0.85733
VEST4,0.9838709677419355,0.7176470588235294,0.85948
VEST4,0.9838056680161943,0.7147058823529412,0.86161
VEST4,0.983739837398374,0.711764705882353,0.86268
VEST4,0.9836734693877551,0.7088235294117647,0.86375
VEST4,0.9836065573770492,0.7058823529411765,0.86483
VEST4,0.9835390946502057,0.7029411764705882,0.86698
VEST4,0.983402489626556,0.6970588235294117,0.86916
VEST4,0.9833333333333333,0.6941176470588235,0.87241
VEST4,0.9832635983263598,0.6911764705882353,0.8735
VEST4,0.9831932773109243,0.6882352941176471,0.87459
VEST4,0.9831223628691983,0.6852941176470588,0.87569
VEST4,0.9830508474576272,0.6823529411764706,0.87678
VEST4,0.9829059829059829,0.6764705882352942,0.87898
VEST4,0.9827586206896551,0.6705882352941176,0.88009
VEST4,0.9826086956521739,0.6647058823529411,0.88119
VEST4,0.9824561403508771,0.6588235294117647,0.88229
VEST4,0.9823788546255506,0.6558823529411765,0.88339
VEST4,0.9823008849557522,0.6529411764705882,0.88561
VEST4,0.9865470852017937,0.6470588235294118,0.88673
VEST4,0.9864253393665159,0.6411764705882353,0.88784
VEST4,0.9863636363636363,0.638235294117647,0.8923
VEST4,0.9863013698630136,0.6352941176470588,0.89455
VEST4,0.9861751152073732,0.6294117647058823,0.8968
VEST4,0.985981308411215,0.6205882352941177,0.89792
VEST4,0.9906103286384976,0.6205882352941177,0.89904
VEST4,0.9904761904761905,0.611764705882353,0.90017
VEST4,0.9904306220095693,0.6088235294117647,0.90358
VEST4,0.9903381642512077,0.6029411764705882,0.90585
VEST4,0.9902912621359223,0.6,0.907
VEST4,0.9950980392156863,0.5970588235294118,0.90815
VEST4,0.9950738916256158,0.5941176470588235,0.91275
VEST4,0.9950248756218906,0.5882352941176471,0.9139
VEST4,0.995,0.5852941176470589,0.91737
VEST4,0.9949748743718593,0.5823529411764706,0.91853
VEST4,0.9948979591836735,0.5735294117647058,0.92203
VEST4,0.9948717948717949,0.5705882352941176,0.9232
VEST4,0.9948186528497409,0.5647058823529412,0.92437
VEST4,0.9947643979057592,0.5588235294117647,0.92671
VEST4,0.9947089947089947,0.5529411764705883,0.92789
VEST4,0.9946524064171123,0.5470588235294118,0.92907
VEST4,1.0,0.5441176470588235,0.93024
VEST4,1.0,0.5411764705882353,0.93141
VEST4,1.0,0.5323529411764706,0.93259
VEST4,1.0,0.5294117647058824,0.93495
VEST4,1.0,0.5264705882352941,0.93613
VEST4,1.0,0.5235294117647059,0.93732
VEST4,1.0,0.5176470588235295,0.93968
VEST4,1.0,0.5117647058823529,0.94206
VEST4,1.0,0.5058823529411764,0.94324
VEST4,1.0,0.5029411764705882,0.94442
VEST4,1.0,0.4970588235294118,0.94561
VEST4,1.0,0.49411764705882355,0.94679
VEST4,1.0,0.48823529411764705,0.94916
VEST4,1.0,0.4852941176470588,0.95034
VEST4,1.0,0.4823529411764706,0.95151
VEST4,1.0,0.4647058823529412,0.95387
VEST4,1.0,0.45,0.95504
VEST4,1.0,0.43823529411764706,0.95621
VEST4,1.0,0.42058823529411765,0.95739
VEST4,1.0,0.4176470588235294,0.95855
VEST4,1.0,0.4117647058823529,0.9597
VEST4,1.0,0.40294117647058825,0.96086
VEST4,1.0,0.39705882352941174,0.96202
VEST4,1.0,0.3941176470588235,0.96431
VEST4,1.0,0.38823529411764707,0.96546
VEST4,1.0,0.38235294117647056,0.96659
VEST4,1.0,0.37058823529411766,0.96773
VEST4,1.0,0.36176470588235293,0.96886
VEST4,1.0,0.35,0.96999
VEST4,1.0,0.34411764705882353,0.9711
VEST4,1.0,0.3323529411764706,0.97221
VEST4,1.0,0.3264705882352941,0.97332
VEST4,1.0,0.3176470588235294,0.97441
VEST4,1.0,0.3,0.9755
VEST4,1.0,0.28823529411764703,0.97658
VEST4,1.0,0.27647058823529413,0.97765
VEST4,1.0,0.2676470588235294,0.9787
VEST4,1.0,0.25882352941176473,0.97975
VEST4,1.0,0.2529411764705882,0.98079
VEST4,1.0,0.2411764705882353,0.98181
VEST4,1.0,0.22941176470588234,0.98282
VEST4,1.0,0.22058823529411764,0.98381
VEST4,1.0,0.21176470588235294,0.98479
VEST4,1.0,0.19411764705882353,0.98575
VEST4,1.0,0.17941176470588235,0.98762
VEST4,1.0,0.17647058823529413,0.98852
VEST4,1.0,0.17058823529411765,0.9894
VEST4,1.0,0.15588235294117647,0.99026
VEST4,1.0,0.14411764705882352,0.9911
VEST4,1.0,0.1323529411764706,0.99191
VEST4,1.0,0.1264705882352941,0.9927
VEST4,1.0,0.11176470588235295,0.99346
VEST4,1.0,0.10882352941176471,0.99419
VEST4,1.0,0.10294117647058823,0.99488
VEST4,1.0,0.1,0.99555
VEST4,1.0,0.08529411764705883,0.99617
VEST4,1.0,0.07941176470588235,0.99676
VEST4,1.0,0.07352941176470588,0.9973
VEST4,1.0,0.06764705882352941,0.99781
VEST4,1.0,0.06470588235294118,0.99826
VEST4,1.0,0.061764705882352944,0.99866
VEST4,1.0,0.047058823529411764,0.99902
VEST4,1.0,0.029411764705882353,0.99931
VEST4,1.0,0.01764705882352941,0.99974
VEST4,1.0,0.011764705882352941,0.99987
VEST4,1.0,0.0029411764705882353,0.99995
