SCORE_SOURCE,FALSE_POSITIVE_RATE,TRUE_POSITIVE_RATE,THRESHOLD
ALPHAM,0.0,0.0,inf
ALPHAM,0.0,0.0029411764705882353,0.99952
ALPHAM,0.0,0.0058823529411764705,0.99795
ALPHAM,0.0,0.01764705882352941,0.99584
ALPHAM,0.0,0.023529411764705882,0.99393
ALPHAM,0.0,0.03529411764705882,0.99217
ALPHAM,0.0,0.041176470588235294,0.98903
ALPHAM,0.0,0.04411764705882353,0.98761
ALPHAM,0.0,0.052941176470588235,0.98627
ALPHAM,0.0,0.06470588235294118,0.98378
ALPHAM,0.0,0.07647058823529412,0.98045
ALPHAM,0.0,0.08529411764705883,0.97942
ALPHAM,0.0,0.08823529411764706,0.97843
ALPHAM,0.0,0.11176470588235295,0.97655
ALPHAM,0.0,0.11470588235294117,0.97565
ALPHAM,0.0,0.1264705882352941,0.9731
ALPHAM,0.0,0.13823529411764707,0.9723
ALPHAM,0.0,0.14705882352941177,0.97151
ALPHAM,0.0,0.15294117647058825,0.97075
ALPHAM,0.0,0.16470588235294117,0.97
ALPHAM,0.0,0.17352941176470588,0.96927
ALPHAM,0.0,0.18529411764705883,0.96455
ALPHAM,0.0,0.19117647058823528,0.96393
ALPHAM,0.0,0.20294117647058824,0.96039
ALPHAM,0.0,0.21176470588235294,0.95928
ALPHAM,0.0,0.21764705882352942,0.95768
ALPHAM,0.0,0.22941176470588234,0.95665
ALPHAM,0.0,0.23823529411764705,0.95614
ALPHAM,0.0,0.24411764705882352,0.95564
ALPHAM,0.0,0.24705882352941178,0.9537
ALPHAM,0.0,0.25588235294117645,0.95185
ALPHAM,0.0,0.26176470588235295,0.95096
ALPHAM,0.0,0.2647058823529412,0.95051
ALPHAM,0.0,0.27058823529411763,0.94716
ALPHAM,0.0,0.2735294117647059,0.94676
ALPHAM,0.0,0.27941176470588236,0.94636
ALPHAM,0.0,0.2911764705882353,0.94441
ALPHAM,0.0,0.3029411764705882,0.9422
ALPHAM,0.0,0.3088235294117647,0.94148
ALPHAM,0.0,0.3176470588235294,0.94113
ALPHAM,0.0,0.3205882352941177,0.94078
ALPHAM,0.0,0.3264705882352941,0.94009
ALPHAM,0.0,0.32941176470588235,0.93974
ALPHAM,0.0,0.3352941176470588,0.93709
ALPHAM,0.0,0.3382352941176471,0.93645
ALPHAM,0.0,0.34411764705882353,0.93551
ALPHAM,0.0,0.34705882352941175,0.9352
ALPHAM,0.0,0.35294117647058826,0.93458
ALPHAM,0.0,0.36470588235294116,0.93277
ALPHAM,0.0,0.37058823529411766,0.92798
ALPHAM,0.0,0.3764705882352941,0.92718
ALPHAM,0.0,0.37941176470588234,0.92613
ALPHAM,0.0,0.3911764705882353,0.92484
ALPHAM,0.0,0.4117647058823529,0.91838
ALPHAM,0.0,0.4176470588235294,0.91816
ALPHAM,0.0,0.4411764705882353,0.91219
ALPHAM,0.0,0.4470588235294118,0.91178
ALPHAM,0.0,0.4676470588235294,0.90129
ALPHAM,0.0,0.47352941176470587,0.90112
ALPHAM,0.0,0.4852941176470588,0.89546
ALPHAM,0.0,0.49117647058823527,0.89303
ALPHAM,0.0,0.4970588235294118,0.89098
ALPHAM,0.0,0.5029411764705882,0.89012
ALPHAM,0.0,0.5176470588235295,0.88504
ALPHAM,0.0,0.5235294117647059,0.88451
ALPHAM,0.0,0.5264705882352941,0.88282
ALPHAM,0.0,0.5323529411764706,0.87797
ALPHAM,0.0,0.5970588235294118,0.84996
ALPHAM,0.017241379310344827,0.5970588235294118,0.84719
ALPHAM,0.017241379310344827,0.6088235294117647,0.84337
ALPHAM,0.034482758620689655,0.6088235294117647,0.8425
ALPHAM,0.034482758620689655,0.6264705882352941,0.83643
ALPHAM,0.034482758620689655,0.6323529411764706,0.83539
ALPHAM,0.034482758620689655,0.6558823529411765,0.82114
ALPHAM,0.034482758620689655,0.6617647058823529,0.8181
ALPHAM,0.034482758620689655,0.6676470588235294,0.81605
ALPHAM,0.05172413793103448,0.6676470588235294,0.81415
ALPHAM,0.05172413793103448,0.7588235294117647,0.75452
ALPHAM,0.06896551724137931,0.7588235294117647,0.74938
ALPHAM,0.06896551724137931,0.8,0.69376
ALPHAM,0.06896551724137931,0.8058823529411765,0.69266
ALPHAM,0.08620689655172414,0.8058823529411765,0.68935
ALPHAM,0.08620689655172414,0.8294117647058824,0.66387
ALPHAM,0.08620689655172414,0.8352941176470589,0.65879
ALPHAM,0.08620689655172414,0.8382352941176471,0.65514
ALPHAM,0.1206896551724138,0.8382352941176471,0.64523
ALPHAM,0.1206896551724138,0.8794117647058823,0.59749
ALPHAM,0.13793103448275862,0.8794117647058823,0.59512
ALPHAM,0.13793103448275862,0.888235294117647,0.58092
ALPHAM,0.15517241379310345,0.888235294117647,0.57687
ALPHAM,0.15517241379310345,0.9058823529411765,0.5376
ALPHAM,0.1724137931034483,0.9058823529411765,0.52407
ALPHAM,0.1724137931034483,0.9088235294117647,0.52366
ALPHAM,0.1896551724137931,0.9088235294117647,0.52142
ALPHAM,0.1896551724137931,0.9117647058823529,0.50867
ALPHAM,0.22413793103448276,0.9117647058823529,0.4925
ALPHAM,0.22413793103448276,0.9294117647058824,0.44403
ALPHAM,0.2413793103448276,0.9294117647058824,0.44128
ALPHAM,0.2413793103448276,0.9323529411764706,0.43783
ALPHAM,0.27586206896551724,0.9323529411764706,0.41904
ALPHAM,0.27586206896551724,0.9382352941176471,0.41374
ALPHAM,0.29310344827586204,0.9382352941176471,0.41035
ALPHAM,0.29310344827586204,0.9411764705882353,0.40687
ALPHAM,0.3103448275862069,0.9411764705882353,0.40023
ALPHAM,0.3103448275862069,0.9441176470588235,0.39298
ALPHAM,0.39655172413793105,0.9441176470588235,0.35034
ALPHAM,0.39655172413793105,0.9470588235294117,0.31885
ALPHAM,0.41379310344827586,0.9470588235294117,0.31154
ALPHAM,0.41379310344827586,0.9529411764705882,0.30026
ALPHAM,0.4482758620689655,0.9529411764705882,0.29836
ALPHAM,0.4482758620689655,0.9558823529411765,0.2937
ALPHAM,0.46551724137931033,0.9558823529411765,0.28923
ALPHAM,0.46551724137931033,0.9588235294117647,0.28525
ALPHAM,0.4827586206896552,0.9588235294117647,0.28031
ALPHAM,0.4827586206896552,0.9647058823529412,0.23743
ALPHAM,0.603448275862069,0.9647058823529412,0.19344
ALPHAM,0.603448275862069,0.9705882352941176,0.19059
ALPHAM,0.6206896551724138,0.9705882352941176,0.17682
ALPHAM,0.6206896551724138,0.9735294117647059,0.17126
ALPHAM,0.6379310344827587,0.9735294117647059,0.15897
ALPHAM,0.6379310344827587,0.9764705882352941,0.14538
ALPHAM,0.6896551724137931,0.9764705882352941,0.14262
ALPHAM,0.6896551724137931,0.9823529411764705,0.12522
ALPHAM,0.7068965517241379,0.9823529411764705,0.12092
ALPHAM,0.7068965517241379,0.9852941176470589,0.11707
ALPHAM,0.8793103448275862,0.9852941176470589,0.04534
ALPHAM,0.8793103448275862,0.9882352941176471,0.04493
ALPHAM,0.896551724137931,0.9882352941176471,0.04133
ALPHAM,0.896551724137931,0.9911764705882353,0.03823
ALPHAM,0.9310344827586207,0.9911764705882353,0.02523
ALPHAM,0.9310344827586207,0.9941176470588236,0.02346
ALPHAM,1.0,0.9941176470588236,0.0041
ALPHAM,1.0,1.0,0.00116
BAYESDAAF,0.0,0.0,inf
BAYESDAAF,0.0,0.0029411764705882353,0.97359
BAYESDAAF,0.0,0.008823529411764706,0.97353
BAYESDAAF,0.0,0.014705882352941176,0.97342
BAYESDAAF,0.0,0.023529411764705882,0.97341
BAYESDAAF,0.0,0.029411764705882353,0.97336
BAYESDAAF,0.0,0.047058823529411764,0.97325
BAYESDAAF,0.0,0.052941176470588235,0.97308
BAYESDAAF,0.0,0.05588235294117647,0.97306
BAYESDAAF,0.0,0.061764705882352944,0.97294
BAYESDAAF,0.0,0.06764705882352941,0.97056
BAYESDAAF,0.0,0.07352941176470588,0.97044
BAYESDAAF,0.0,0.07647058823529412,0.97042
BAYESDAAF,0.0,0.08235294117647059,0.97041
BAYESDAAF,0.0,0.10294117647058823,0.96989
BAYESDAAF,0.0,0.10882352941176471,0.96987
BAYESDAAF,0.0,0.11764705882352941,0.96979
BAYESDAAF,0.0,0.12941176470588237,0.96972
BAYESDAAF,0.0,0.14411764705882352,0.96948
BAYESDAAF,0.0,0.15,0.96947
BAYESDAAF,0.0,0.1588235294117647,0.96939
BAYESDAAF,0.0,0.16470588235294117,0.96937
BAYESDAAF,0.0,0.18529411764705883,0.96897
BAYESDAAF,0.0,0.19411764705882353,0.96885
BAYESDAAF,0.0,0.20294117647058824,0.96659
BAYESDAAF,0.0,0.2088235294117647,0.96644
BAYESDAAF,0.0,0.21764705882352942,0.96617
BAYESDAAF,0.0,0.2235294117647059,0.96613
BAYESDAAF,0.0,0.24411764705882352,0.9656
BAYESDAAF,0.0,0.25588235294117645,0.9655
BAYESDAAF,0.0,0.26176470588235295,0.96324
BAYESDAAF,0.0,0.2735294117647059,0.96314
BAYESDAAF,0.0,0.3264705882352941,0.96051
BAYESDAAF,0.0,0.3323529411764706,0.96046
BAYESDAAF,0.0,0.3558823529411765,0.95981
BAYESDAAF,0.0,0.36176470588235293,0.95973
BAYESDAAF,0.0,0.4588235294117647,0.95335
BAYESDAAF,0.0,0.4647058823529412,0.95319
BAYESDAAF,0.0,0.4764705882352941,0.95294
BAYESDAAF,0.0,0.4823529411764706,0.95288
BAYESDAAF,0.0,0.5147058823529411,0.95149
BAYESDAAF,0.0,0.5205882352941177,0.95136
BAYESDAAF,0.0,0.5470588235294118,0.94951
BAYESDAAF,0.0,0.5529411764705883,0.94943
BAYESDAAF,0.0,0.611764705882353,0.94434
BAYESDAAF,0.0,0.6176470588235294,0.94427
BAYESDAAF,0.0,0.6441176470588236,0.94118
BAYESDAAF,0.0,0.65,0.94099
BAYESDAAF,0.0,0.6735294117647059,0.93862
BAYESDAAF,0.017241379310344827,0.6735294117647059,0.93827
BAYESDAAF,0.017241379310344827,0.6794117647058824,0.93794
BAYESDAAF,0.017241379310344827,0.7058823529411765,0.93263
BAYESDAAF,0.017241379310344827,0.711764705882353,0.93248
BAYESDAAF,0.017241379310344827,0.7264705882352941,0.931
BAYESDAAF,0.034482758620689655,0.7264705882352941,0.92488
BAYESDAAF,0.034482758620689655,0.7470588235294118,0.90682
BAYESDAAF,0.05172413793103448,0.7470588235294118,0.9059
BAYESDAAF,0.05172413793103448,0.75,0.90486
BAYESDAAF,0.06896551724137931,0.75,0.90371
BAYESDAAF,0.06896551724137931,0.7823529411764706,0.88509
BAYESDAAF,0.08620689655172414,0.7823529411764706,0.8842
BAYESDAAF,0.08620689655172414,0.8235294117647058,0.8496
BAYESDAAF,0.10344827586206896,0.8235294117647058,0.84931
BAYESDAAF,0.10344827586206896,0.8470588235294118,0.82018
BAYESDAAF,0.1206896551724138,0.8470588235294118,0.81995
BAYESDAAF,0.1206896551724138,0.861764705882353,0.81279
BAYESDAAF,0.13793103448275862,0.861764705882353,0.80591
BAYESDAAF,0.13793103448275862,0.8705882352941177,0.79145
BAYESDAAF,0.15517241379310345,0.8705882352941177,0.7908
BAYESDAAF,0.15517241379310345,0.8911764705882353,0.75357
BAYESDAAF,0.1724137931034483,0.8911764705882353,0.7509
BAYESDAAF,0.1724137931034483,0.8941176470588236,0.73474
BAYESDAAF,0.1896551724137931,0.8941176470588236,0.72417
BAYESDAAF,0.1896551724137931,0.8970588235294118,0.72117
BAYESDAAF,0.20689655172413793,0.8970588235294118,0.7205
BAYESDAAF,0.20689655172413793,0.9176470588235294,0.68741
BAYESDAAF,0.22413793103448276,0.9176470588235294,0.68538
BAYESDAAF,0.22413793103448276,0.9264705882352942,0.67854
BAYESDAAF,0.2413793103448276,0.9264705882352942,0.66957
BAYESDAAF,0.2413793103448276,0.9441176470588235,0.65076
BAYESDAAF,0.25862068965517243,0.9441176470588235,0.64741
BAYESDAAF,0.25862068965517243,0.9558823529411765,0.61119
BAYESDAAF,0.29310344827586204,0.9558823529411765,0.60453
BAYESDAAF,0.29310344827586204,0.9588235294117647,0.58844
BAYESDAAF,0.3275862068965517,0.9588235294117647,0.58331
BAYESDAAF,0.3275862068965517,0.9676470588235294,0.55319
BAYESDAAF,0.3448275862068966,0.9676470588235294,0.54269
BAYESDAAF,0.3448275862068966,0.9705882352941176,0.54231
BAYESDAAF,0.3620689655172414,0.9705882352941176,0.54209
BAYESDAAF,0.3620689655172414,0.9735294117647059,0.53969
BAYESDAAF,0.39655172413793105,0.9735294117647059,0.51845
BAYESDAAF,0.39655172413793105,0.9852941176470589,0.49135
BAYESDAAF,0.41379310344827586,0.9852941176470589,0.46592
BAYESDAAF,0.41379310344827586,0.9882352941176471,0.46417
BAYESDAAF,0.43103448275862066,0.9882352941176471,0.45599
BAYESDAAF,0.43103448275862066,0.9911764705882353,0.45377
BAYESDAAF,0.5,0.9911764705882353,0.37485
BAYESDAAF,0.5,0.9941176470588236,0.36799
BAYESDAAF,0.5344827586206896,0.9941176470588236,0.30773
BAYESDAAF,0.5344827586206896,0.9970588235294118,0.30222
BAYESDAAF,0.6379310344827587,0.9970588235294118,0.21675
BAYESDAAF,0.6379310344827587,1.0,0.20284
BAYESDAAF,0.9482758620689655,1.0,0.00185
BAYESDAAF,0.9827586206896551,1.0,0.00156
BAYESDAAF,1.0,1.0,0.00115
BAYESDNAF,0.0,0.0,inf
BAYESDNAF,0.0,0.0029411764705882353,0.97317
BAYESDNAF,0.0,0.011764705882352941,0.97306
BAYESDNAF,0.0,0.023529411764705882,0.97299
BAYESDNAF,0.0,0.029411764705882353,0.97294
BAYESDNAF,0.0,0.047058823529411764,0.97282
BAYESDNAF,0.0,0.06764705882352941,0.97007
BAYESDNAF,0.0,0.07941176470588235,0.96993
BAYESDNAF,0.0,0.08529411764705883,0.9699
BAYESDNAF,0.0,0.09117647058823529,0.96986
BAYESDNAF,0.0,0.11764705882352941,0.9693
BAYESDNAF,0.0,0.1264705882352941,0.96923
BAYESDNAF,0.0,0.14705882352941177,0.96897
BAYESDNAF,0.0,0.15294117647058825,0.96896
BAYESDNAF,0.0,0.16176470588235295,0.96887
BAYESDNAF,0.0,0.1676470588235294,0.96886
BAYESDNAF,0.0,0.17352941176470588,0.96881
BAYESDNAF,0.0,0.17941176470588235,0.96873
BAYESDNAF,0.0,0.18529411764705883,0.96846
BAYESDNAF,0.0,0.19411764705882353,0.96834
BAYESDNAF,0.0,0.21764705882352942,0.96561
BAYESDNAF,0.0,0.2235294117647059,0.96557
BAYESDNAF,0.0,0.24411764705882352,0.96502
BAYESDNAF,0.0,0.2529411764705882,0.96493
BAYESDNAF,0.0,0.26176470588235295,0.96264
BAYESDNAF,0.0,0.2735294117647059,0.96254
BAYESDNAF,0.0,0.3176470588235294,0.9616
BAYESDNAF,0.017241379310344827,0.3176470588235294,0.96146
BAYESDNAF,0.017241379310344827,0.3205882352941177,0.96142
BAYESDNAF,0.017241379310344827,0.3264705882352941,0.95991
BAYESDNAF,0.017241379310344827,0.32941176470588235,0.95989
BAYESDNAF,0.017241379310344827,0.3352941176470588,0.95983
BAYESDNAF,0.017241379310344827,0.39705882352941174,0.95735
BAYESDNAF,0.034482758620689655,0.39705882352941174,0.95725
BAYESDNAF,0.034482758620689655,0.42058823529411765,0.9556
BAYESDNAF,0.034482758620689655,0.4264705882352941,0.95552
BAYESDNAF,0.034482758620689655,0.4441176470588235,0.95399
BAYESDNAF,0.05172413793103448,0.4441176470588235,0.95394
BAYESDNAF,0.05172413793103448,0.47941176470588237,0.95225
BAYESDNAF,0.05172413793103448,0.4852941176470588,0.95219
BAYESDNAF,0.05172413793103448,0.5176470588235295,0.95077
BAYESDNAF,0.05172413793103448,0.5235294117647059,0.95064
BAYESDNAF,0.05172413793103448,0.5529411764705883,0.94877
BAYESDNAF,0.05172413793103448,0.5588235294117647,0.94869
BAYESDNAF,0.05172413793103448,0.6147058823529412,0.94514
BAYESDNAF,0.06896551724137931,0.6147058823529412,0.94434
BAYESDNAF,0.06896551724137931,0.6235294117647059,0.94355
BAYESDNAF,0.06896551724137931,0.6294117647058823,0.94348
BAYESDNAF,0.06896551724137931,0.6323529411764706,0.94346
BAYESDNAF,0.08620689655172414,0.6323529411764706,0.94339
BAYESDNAF,0.08620689655172414,0.6529411764705882,0.94067
BAYESDNAF,0.10344827586206896,0.6529411764705882,0.94059
BAYESDNAF,0.10344827586206896,0.6558823529411765,0.94041
BAYESDNAF,0.10344827586206896,0.6617647058823529,0.94022
BAYESDNAF,0.10344827586206896,0.6735294117647059,0.93939
BAYESDNAF,0.1206896551724138,0.6735294117647059,0.93924
BAYESDNAF,0.1206896551724138,0.6911764705882353,0.93784
BAYESDNAF,0.1206896551724138,0.6970588235294117,0.93715
BAYESDNAF,0.1206896551724138,0.7235294117647059,0.93178
BAYESDNAF,0.1206896551724138,0.7294117647058823,0.93163
BAYESDNAF,0.1206896551724138,0.7382352941176471,0.93117
BAYESDNAF,0.13793103448275862,0.7382352941176471,0.93033
BAYESDNAF,0.13793103448275862,0.7411764705882353,0.93015
BAYESDNAF,0.1724137931034483,0.7411764705882353,0.91227
BAYESDNAF,0.1724137931034483,0.75,0.91003
BAYESDNAF,0.1896551724137931,0.75,0.90945
BAYESDNAF,0.1896551724137931,0.7852941176470588,0.89092
BAYESDNAF,0.22413793103448276,0.7852941176470588,0.89013
BAYESDNAF,0.22413793103448276,0.788235294117647,0.88964
BAYESDNAF,0.2413793103448276,0.788235294117647,0.88862
BAYESDNAF,0.2413793103448276,0.8235294117647058,0.85278
BAYESDNAF,0.25862068965517243,0.8235294117647058,0.85193
BAYESDNAF,0.25862068965517243,0.8411764705882353,0.84006
BAYESDNAF,0.27586206896551724,0.8411764705882353,0.83141
BAYESDNAF,0.27586206896551724,0.861764705882353,0.81468
BAYESDNAF,0.29310344827586204,0.861764705882353,0.81131
BAYESDNAF,0.29310344827586204,0.8794117647058823,0.78875
BAYESDNAF,0.29310344827586204,0.8852941176470588,0.78658
BAYESDNAF,0.29310344827586204,0.9088235294117647,0.75036
BAYESDNAF,0.3103448275862069,0.9088235294117647,0.74447
BAYESDNAF,0.3103448275862069,0.9147058823529411,0.72693
BAYESDNAF,0.3275862068965517,0.9147058823529411,0.72201
BAYESDNAF,0.3275862068965517,0.9205882352941176,0.71622
BAYESDNAF,0.3448275862068966,0.9205882352941176,0.71619
BAYESDNAF,0.3448275862068966,0.9235294117647059,0.71346
BAYESDNAF,0.39655172413793105,0.9235294117647059,0.70765
BAYESDNAF,0.39655172413793105,0.9294117647058824,0.70082
BAYESDNAF,0.41379310344827586,0.9294117647058824,0.69775
BAYESDNAF,0.41379310344827586,0.9352941176470588,0.68564
BAYESDNAF,0.43103448275862066,0.9352941176470588,0.68405
BAYESDNAF,0.43103448275862066,0.9382352941176471,0.68344
BAYESDNAF,0.5,0.9382352941176471,0.6789
BAYESDNAF,0.5,0.9441176470588235,0.66946
BAYESDNAF,0.5172413793103449,0.9441176470588235,0.6674
BAYESDNAF,0.5172413793103449,0.9470588235294117,0.66281
BAYESDNAF,0.5517241379310345,0.9470588235294117,0.65673
BAYESDNAF,0.5517241379310345,0.9588235294117647,0.64641
BAYESDNAF,0.5689655172413793,0.9588235294117647,0.64061
BAYESDNAF,0.5689655172413793,0.9705882352941176,0.60632
BAYESDNAF,0.603448275862069,0.9705882352941176,0.57908
BAYESDNAF,0.603448275862069,0.9735294117647059,0.57673
BAYESDNAF,0.6206896551724138,0.9735294117647059,0.56083
BAYESDNAF,0.6206896551724138,0.9852941176470589,0.53369
BAYESDNAF,0.6379310344827587,0.9852941176470589,0.53007
BAYESDNAF,0.6379310344827587,0.9911764705882353,0.48461
BAYESDNAF,0.6551724137931034,0.9911764705882353,0.46941
BAYESDNAF,0.6551724137931034,0.9941176470588236,0.44646
BAYESDNAF,0.6896551724137931,0.9941176470588236,0.43562
BAYESDNAF,0.6896551724137931,0.9970588235294118,0.4316
BAYESDNAF,0.7241379310344828,0.9970588235294118,0.39281
BAYESDNAF,0.7241379310344828,1.0,0.3793
BAYESDNAF,1.0,1.0,0.0401
CADD,0.0,0.0,inf
CADD,0.0,0.0029411764705882353,0.9541
CADD,0.0,0.023529411764705882,0.93868
CADD,0.0,0.029411764705882353,0.93819
CADD,0.0,0.061764705882352944,0.92673
CADD,0.017241379310344827,0.061764705882352944,0.9262
CADD,0.017241379310344827,0.06764705882352941,0.92425
CADD,0.017241379310344827,0.07352941176470588,0.92408
CADD,0.017241379310344827,0.12058823529411765,0.88659
CADD,0.034482758620689655,0.12058823529411765,0.88641
CADD,0.034482758620689655,0.1323529411764706,0.88165
CADD,0.05172413793103448,0.1323529411764706,0.88108
CADD,0.05172413793103448,0.1588235294117647,0.86829
CADD,0.06896551724137931,0.1588235294117647,0.86404
CADD,0.06896551724137931,0.22058823529411764,0.82466
CADD,0.06896551724137931,0.22647058823529412,0.82168
CADD,0.06896551724137931,0.22941176470588234,0.81974
CADD,0.08620689655172414,0.22941176470588234,0.81948
CADD,0.08620689655172414,0.24411764705882352,0.817
CADD,0.10344827586206896,0.24411764705882352,0.81332
CADD,0.10344827586206896,0.27941176470588236,0.79869
CADD,0.1206896551724138,0.2823529411764706,0.79828
CADD,0.1206896551724138,0.29411764705882354,0.79583
CADD,0.1206896551724138,0.3,0.79296
CADD,0.1206896551724138,0.3058823529411765,0.79172
CADD,0.13793103448275862,0.3058823529411765,0.78856
CADD,0.13793103448275862,0.3352941176470588,0.77971
CADD,0.15517241379310345,0.3382352941176471,0.77943
CADD,0.15517241379310345,0.34411764705882353,0.7793
CADD,0.15517241379310345,0.35294117647058826,0.77764
CADD,0.1724137931034483,0.35294117647058826,0.77736
CADD,0.1724137931034483,0.37058823529411766,0.77235
CADD,0.1896551724137931,0.3735294117647059,0.77109
CADD,0.1896551724137931,0.4147058823529412,0.75984
CADD,0.1896551724137931,0.42058823529411765,0.75914
CADD,0.1896551724137931,0.4294117647058823,0.75789
CADD,0.20689655172413793,0.4294117647058823,0.75733
CADD,0.20689655172413793,0.47352941176470587,0.74144
CADD,0.20689655172413793,0.47941176470588237,0.74117
CADD,0.20689655172413793,0.5147058823529411,0.72795
CADD,0.20689655172413793,0.5205882352941177,0.72768
CADD,0.20689655172413793,0.5441176470588235,0.72082
CADD,0.20689655172413793,0.55,0.72029
CADD,0.20689655172413793,0.5852941176470589,0.70809
CADD,0.22413793103448276,0.5852941176470589,0.7077
CADD,0.22413793103448276,0.6705882352941176,0.67805
CADD,0.22413793103448276,0.6764705882352942,0.67792
CADD,0.22413793103448276,0.7,0.66847
CADD,0.2413793103448276,0.7,0.6681
CADD,0.2413793103448276,0.75,0.64496
CADD,0.2413793103448276,0.7617647058823529,0.64313
CADD,0.2413793103448276,0.7764705882352941,0.63411
CADD,0.25862068965517243,0.7764705882352941,0.63326
CADD,0.25862068965517243,0.8117647058823529,0.60061
CADD,0.27586206896551724,0.8117647058823529,0.59648
CADD,0.27586206896551724,0.8147058823529412,0.59543
CADD,0.29310344827586204,0.8147058823529412,0.59391
CADD,0.29310344827586204,0.8235294117647058,0.59005
CADD,0.3103448275862069,0.8235294117647058,0.58982
CADD,0.3103448275862069,0.8558823529411764,0.56749
CADD,0.3620689655172414,0.8558823529411764,0.55569
CADD,0.3620689655172414,0.8794117647058823,0.51222
CADD,0.39655172413793105,0.8794117647058823,0.51017
CADD,0.39655172413793105,0.888235294117647,0.49041
CADD,0.41379310344827586,0.888235294117647,0.4864
CADD,0.41379310344827586,0.8911764705882353,0.48321
CADD,0.43103448275862066,0.8911764705882353,0.47733
CADD,0.43103448275862066,0.9,0.46961
CADD,0.46551724137931033,0.9,0.45939
CADD,0.46551724137931033,0.9088235294117647,0.45298
CADD,0.4827586206896552,0.9088235294117647,0.45171
CADD,0.4827586206896552,0.9117647058823529,0.45084
CADD,0.5172413793103449,0.9117647058823529,0.44824
CADD,0.5172413793103449,0.9264705882352942,0.41309
CADD,0.5344827586206896,0.9264705882352942,0.41171
CADD,0.5344827586206896,0.9294117647058824,0.40943
CADD,0.5517241379310345,0.9294117647058824,0.40915
CADD,0.5517241379310345,0.9323529411764706,0.40471
CADD,0.5689655172413793,0.9323529411764706,0.39786
CADD,0.5689655172413793,0.9382352941176471,0.3925
CADD,0.5862068965517241,0.9382352941176471,0.39099
CADD,0.5862068965517241,0.9529411764705882,0.37172
CADD,0.6379310344827587,0.9529411764705882,0.3648
CADD,0.6379310344827587,0.9558823529411765,0.3571
CADD,0.6551724137931034,0.9558823529411765,0.34155
CADD,0.6551724137931034,0.9735294117647059,0.28859
CADD,0.6724137931034483,0.9735294117647059,0.28851
CADD,0.6724137931034483,0.9794117647058823,0.27164
CADD,0.6896551724137931,0.9794117647058823,0.2662
CADD,0.6896551724137931,0.9823529411764705,0.25813
CADD,0.7068965517241379,0.9823529411764705,0.2547
CADD,0.7068965517241379,0.9911764705882353,0.24701
CADD,0.7241379310344828,0.9911764705882353,0.2262
CADD,0.7241379310344828,0.9941176470588236,0.2201
CADD,0.7413793103448276,0.9941176470588236,0.2161
CADD,0.7413793103448276,0.9970588235294118,0.20413
CADD,0.7586206896551724,0.9970588235294118,0.19393
CADD,0.7586206896551724,1.0,0.1892
CADD,1.0,1.0,0.01221
CLINPRED,0.0,0.0,inf
CLINPRED,0.0,0.0029411764705882353,0.99873
CLINPRED,0.0,0.0058823529411764705,0.9978
CLINPRED,0.0,0.011764705882352941,0.99466
CLINPRED,0.0,0.014705882352941176,0.99193
CLINPRED,0.0,0.026470588235294117,0.98821
CLINPRED,0.0,0.04411764705882353,0.97568
CLINPRED,0.0,0.05,0.97528
CLINPRED,0.0,0.05588235294117647,0.97367
CLINPRED,0.0,0.061764705882352944,0.97327
CLINPRED,0.0,0.07352941176470588,0.96158
CLINPRED,0.0,0.07941176470588235,0.96022
CLINPRED,0.0,0.1323529411764706,0.93948
CLINPRED,0.0,0.13823529411764707,0.93865
CLINPRED,0.0,0.14705882352941177,0.93561
CLINPRED,0.0,0.15294117647058825,0.93424
CLINPRED,0.0,0.15588235294117647,0.93371
CLINPRED,0.0,0.16176470588235295,0.93318
CLINPRED,0.0,0.16470588235294117,0.93265
CLINPRED,0.0,0.17647058823529413,0.93183
CLINPRED,0.0,0.20588235294117646,0.91746
CLINPRED,0.0,0.21470588235294116,0.91722
CLINPRED,0.0,0.2235294117647059,0.9131
CLINPRED,0.0,0.22941176470588234,0.91262
CLINPRED,0.0,0.24705882352941178,0.90587
CLINPRED,0.0,0.2529411764705882,0.90432
CLINPRED,0.0,0.27058823529411763,0.90098
CLINPRED,0.0,0.27647058823529413,0.90076
CLINPRED,0.0,0.2911764705882353,0.89711
CLINPRED,0.0,0.29705882352941176,0.8969
CLINPRED,0.0,0.3088235294117647,0.89436
CLINPRED,0.0,0.31470588235294117,0.89289
CLINPRED,0.0,0.3323529411764706,0.88465
CLINPRED,0.0,0.3382352941176471,0.88446
CLINPRED,0.0,0.36176470588235293,0.8748
CLINPRED,0.0,0.36764705882352944,0.87187
CLINPRED,0.0,0.3941176470588235,0.86436
CLINPRED,0.0,0.4,0.86231
CLINPRED,0.0,0.45588235294117646,0.83057
CLINPRED,0.017241379310344827,0.45588235294117646,0.82714
CLINPRED,0.017241379310344827,0.4647058823529412,0.82344
CLINPRED,0.017241379310344827,0.47058823529411764,0.82273
CLINPRED,0.017241379310344827,0.47352941176470587,0.82213
CLINPRED,0.017241379310344827,0.4823529411764706,0.82038
CLINPRED,0.017241379310344827,0.5911764705882353,0.74893
CLINPRED,0.017241379310344827,0.5970588235294118,0.74856
CLINPRED,0.017241379310344827,0.7764705882352941,0.60446
CLINPRED,0.05172413793103448,0.7764705882352941,0.59788
CLINPRED,0.05172413793103448,0.7852941176470588,0.59101
CLINPRED,0.06896551724137931,0.7852941176470588,0.58995
CLINPRED,0.06896551724137931,0.7941176470588235,0.58418
CLINPRED,0.08620689655172414,0.7941176470588235,0.58343
CLINPRED,0.08620689655172414,0.8,0.58322
CLINPRED,0.10344827586206896,0.8,0.57893
CLINPRED,0.10344827586206896,0.8235294117647058,0.5422
CLINPRED,0.10344827586206896,0.8294117647058824,0.54081
CLINPRED,0.10344827586206896,0.85,0.5155
CLINPRED,0.10344827586206896,0.8558823529411764,0.51154
CLINPRED,0.10344827586206896,0.9058823529411765,0.43714
CLINPRED,0.1206896551724138,0.9058823529411765,0.43355
CLINPRED,0.1206896551724138,0.9088235294117647,0.42502
CLINPRED,0.13793103448275862,0.9088235294117647,0.4195
CLINPRED,0.13793103448275862,0.9264705882352942,0.37774
CLINPRED,0.15517241379310345,0.9264705882352942,0.37648
CLINPRED,0.15517241379310345,0.9529411764705882,0.33887
CLINPRED,0.1896551724137931,0.9529411764705882,0.32229
CLINPRED,0.1896551724137931,0.9558823529411765,0.31365
CLINPRED,0.20689655172413793,0.9558823529411765,0.30915
CLINPRED,0.20689655172413793,0.961764705882353,0.29784
CLINPRED,0.22413793103448276,0.961764705882353,0.27424
CLINPRED,0.22413793103448276,0.9705882352941176,0.27313
CLINPRED,0.2413793103448276,0.9705882352941176,0.25939
CLINPRED,0.2413793103448276,0.9794117647058823,0.25391
CLINPRED,0.3103448275862069,0.9794117647058823,0.21683
CLINPRED,0.3103448275862069,0.9823529411764705,0.21463
CLINPRED,0.3275862068965517,0.9823529411764705,0.2067
CLINPRED,0.3275862068965517,0.9852941176470589,0.20631
CLINPRED,0.39655172413793105,0.9852941176470589,0.16201
CLINPRED,0.39655172413793105,0.9911764705882353,0.12894
CLINPRED,0.5,0.9911764705882353,0.07774
CLINPRED,0.5,0.9941176470588236,0.07514
CLINPRED,0.5344827586206896,0.9941176470588236,0.04965
CLINPRED,0.5344827586206896,1.0,0.03881
CLINPRED,1.0,1.0,3e-05
DANN,0.0,0.0,inf
DANN,0.017241379310344827,0.0,0.9999
DANN,0.034482758620689655,0.0,0.99963
DANN,0.034482758620689655,0.0058823529411764705,0.99886
DANN,0.034482758620689655,0.01764705882352941,0.99699
DANN,0.034482758620689655,0.023529411764705882,0.99535
DANN,0.05172413793103448,0.026470588235294117,0.99488
DANN,0.05172413793103448,0.03235294117647059,0.99334
DANN,0.05172413793103448,0.04411764705882353,0.99279
DANN,0.06896551724137931,0.047058823529411764,0.99222
DANN,0.06896551724137931,0.05,0.99164
DANN,0.06896551724137931,0.061764705882352944,0.98981
DANN,0.06896551724137931,0.06470588235294118,0.98918
DANN,0.08620689655172414,0.06470588235294118,0.98853
DANN,0.08620689655172414,0.07647058823529412,0.98655
DANN,0.08620689655172414,0.08823529411764706,0.98587
DANN,0.08620689655172414,0.09705882352941177,0.98519
DANN,0.08620689655172414,0.10294117647058823,0.9838
DANN,0.08620689655172414,0.11764705882352941,0.98168
DANN,0.08620689655172414,0.12058823529411765,0.98096
DANN,0.08620689655172414,0.1264705882352941,0.98024
DANN,0.10344827586206896,0.12941176470588237,0.9795
DANN,0.10344827586206896,0.13823529411764707,0.97802
DANN,0.10344827586206896,0.14411764705882352,0.97653
DANN,0.10344827586206896,0.16176470588235295,0.97503
DANN,0.10344827586206896,0.1676470588235294,0.97428
DANN,0.10344827586206896,0.17647058823529413,0.97352
DANN,0.10344827586206896,0.18235294117647058,0.97276
DANN,0.1206896551724138,0.18823529411764706,0.97125
DANN,0.13793103448275862,0.19117647058823528,0.9705
DANN,0.13793103448275862,0.20294117647058824,0.96821
DANN,0.13793103448275862,0.2088235294117647,0.96592
DANN,0.13793103448275862,0.21470588235294116,0.96515
DANN,0.13793103448275862,0.2235294117647059,0.96284
DANN,0.13793103448275862,0.22647058823529412,0.96129
DANN,0.13793103448275862,0.2323529411764706,0.95894
DANN,0.13793103448275862,0.23529411764705882,0.95815
DANN,0.13793103448275862,0.24705882352941178,0.95656
DANN,0.13793103448275862,0.2529411764705882,0.95331
DANN,0.15517241379310345,0.25588235294117645,0.95248
DANN,0.15517241379310345,0.2823529411764706,0.93734
DANN,0.15517241379310345,0.28823529411764703,0.93643
DANN,0.1724137931034483,0.29411764705882354,0.93463
DANN,0.1724137931034483,0.29705882352941176,0.93373
DANN,0.1896551724137931,0.3,0.93107
DANN,0.1896551724137931,0.3029411764705882,0.93018
DANN,0.1896551724137931,0.3088235294117647,0.9293
DANN,0.1896551724137931,0.31470588235294117,0.92668
DANN,0.1896551724137931,0.3205882352941177,0.92581
DANN,0.1896551724137931,0.32941176470588235,0.92235
DANN,0.1896551724137931,0.3382352941176471,0.92149
DANN,0.1896551724137931,0.35,0.92063
DANN,0.1896551724137931,0.36176470588235293,0.9172
DANN,0.1896551724137931,0.37058823529411766,0.91119
DANN,0.1896551724137931,0.3764705882352941,0.91033
DANN,0.20689655172413793,0.37941176470588234,0.90946
DANN,0.20689655172413793,0.38235294117647056,0.90334
DANN,0.22413793103448276,0.38529411764705884,0.90246
DANN,0.22413793103448276,0.3911764705882353,0.89893
DANN,0.22413793103448276,0.39705882352941174,0.89805
DANN,0.22413793103448276,0.4,0.89628
DANN,0.22413793103448276,0.40588235294117647,0.8945
DANN,0.22413793103448276,0.4088235294117647,0.89361
DANN,0.22413793103448276,0.4147058823529412,0.89183
DANN,0.22413793103448276,0.42058823529411765,0.89004
DANN,0.22413793103448276,0.4323529411764706,0.88293
DANN,0.22413793103448276,0.43529411764705883,0.88115
DANN,0.22413793103448276,0.4411764705882353,0.87938
DANN,0.22413793103448276,0.4470588235294118,0.87671
DANN,0.22413793103448276,0.45294117647058824,0.87582
DANN,0.22413793103448276,0.4588235294117647,0.87142
DANN,0.2413793103448276,0.46176470588235297,0.86878
DANN,0.25862068965517243,0.47058823529411764,0.86704
DANN,0.25862068965517243,0.4764705882352941,0.86531
DANN,0.25862068965517243,0.4823529411764706,0.85846
DANN,0.25862068965517243,0.49411764705882355,0.85266
DANN,0.29310344827586204,0.49411764705882355,0.84944
DANN,0.29310344827586204,0.5029411764705882,0.84167
DANN,0.29310344827586204,0.5088235294117647,0.84091
DANN,0.29310344827586204,0.5264705882352941,0.83135
DANN,0.29310344827586204,0.5352941176470588,0.83063
DANN,0.29310344827586204,0.538235294117647,0.82849
DANN,0.29310344827586204,0.5441176470588235,0.82636
DANN,0.29310344827586204,0.5529411764705883,0.81931
DANN,0.3103448275862069,0.5558823529411765,0.81791
DANN,0.3103448275862069,0.5617647058823529,0.81581
DANN,0.3448275862068966,0.5617647058823529,0.81371
DANN,0.3448275862068966,0.5676470588235294,0.81232
DANN,0.3448275862068966,0.5735294117647058,0.81093
DANN,0.3448275862068966,0.5823529411764706,0.80268
DANN,0.3620689655172414,0.5823529411764706,0.80201
DANN,0.3620689655172414,0.5882352941176471,0.80065
DANN,0.3620689655172414,0.5941176470588235,0.79662
DANN,0.3793103448275862,0.6,0.79529
DANN,0.3793103448275862,0.6264705882352941,0.76353
DANN,0.39655172413793105,0.6264705882352941,0.76291
DANN,0.41379310344827586,0.6294117647058823,0.75622
DANN,0.41379310344827586,0.6352941176470588,0.74249
DANN,0.43103448275862066,0.6352941176470588,0.74073
DANN,0.43103448275862066,0.6823529411764706,0.69446
DANN,0.4482758620689655,0.6852941176470588,0.69079
DANN,0.4482758620689655,0.6882352941176471,0.68422
DANN,0.4482758620689655,0.7,0.68188
DANN,0.4482758620689655,0.7147058823529412,0.66839
DANN,0.4482758620689655,0.7205882352941176,0.6673
DANN,0.4482758620689655,0.7323529411764705,0.65018
DANN,0.4482758620689655,0.7382352941176471,0.64718
DANN,0.4482758620689655,0.8088235294117647,0.55393
DANN,0.46551724137931033,0.8088235294117647,0.55303
DANN,0.46551724137931033,0.8441176470588235,0.50445
DANN,0.46551724137931033,0.85,0.50032
DANN,0.46551724137931033,0.8794117647058823,0.47405
DANN,0.4827586206896552,0.8794117647058823,0.47389
DANN,0.4827586206896552,0.8970588235294118,0.4568
DANN,0.5,0.8970588235294118,0.45252
DANN,0.5,0.9176470588235294,0.40166
DANN,0.5172413793103449,0.9176470588235294,0.39951
DANN,0.5172413793103449,0.9205882352941176,0.39914
DANN,0.5344827586206896,0.9205882352941176,0.38707
DANN,0.5344827586206896,0.9323529411764706,0.37167
DANN,0.5517241379310345,0.9323529411764706,0.36695
DANN,0.5517241379310345,0.9411764705882353,0.35912
DANN,0.5689655172413793,0.9411764705882353,0.35833
DANN,0.5689655172413793,0.95,0.3486
DANN,0.5862068965517241,0.95,0.34005
DANN,0.603448275862069,0.9529411764705882,0.33328
DANN,0.6206896551724138,0.9529411764705882,0.32761
DANN,0.6206896551724138,0.9705882352941176,0.29561
DANN,0.6551724137931034,0.9705882352941176,0.2921
DANN,0.6551724137931034,0.9794117647058823,0.27085
DANN,0.6724137931034483,0.9794117647058823,0.26449
DANN,0.6724137931034483,0.9882352941176471,0.25744
DANN,0.7068965517241379,0.9882352941176471,0.24686
DANN,0.7068965517241379,0.9941176470588236,0.23446
DANN,0.9482758620689655,0.9941176470588236,0.04447
DANN,0.9482758620689655,0.9970588235294118,0.04153
DANN,0.9827586206896551,0.9970588235294118,0.02489
DANN,0.9827586206896551,1.0,0.00718
DANN,1.0,1.0,0.00321
DEOGEN2,0.0,0.0,inf
DEOGEN2,0.0,0.020588235294117647,0.99997
DEOGEN2,0.0,0.03823529411764706,0.99996
DEOGEN2,0.0,0.04411764705882353,0.99994
DEOGEN2,0.0,0.05,0.99993
DEOGEN2,0.0,0.058823529411764705,0.99992
DEOGEN2,0.0,0.06470588235294118,0.9999
DEOGEN2,0.0,0.07941176470588235,0.99989
DEOGEN2,0.0,0.08823529411764706,0.99988
DEOGEN2,0.0,0.09411764705882353,0.99987
DEOGEN2,0.0,0.11764705882352941,0.99985
DEOGEN2,0.0,0.14705882352941177,0.99983
DEOGEN2,0.0,0.17058823529411765,0.99982
DEOGEN2,0.0,0.17941176470588235,0.99981
DEOGEN2,0.0,0.18235294117647058,0.9998
DEOGEN2,0.0,0.19117647058823528,0.99979
DEOGEN2,0.0,0.19411764705882353,0.99978
DEOGEN2,0.0,0.2,0.99977
DEOGEN2,0.0,0.20294117647058824,0.99974
DEOGEN2,0.0,0.21470588235294116,0.99973
DEOGEN2,0.0,0.22058823529411764,0.99971
DEOGEN2,0.0,0.22941176470588234,0.9997
DEOGEN2,0.0,0.2411764705882353,0.99966
DEOGEN2,0.0,0.2529411764705882,0.99959
DEOGEN2,0.0,0.25588235294117645,0.99956
DEOGEN2,0.0,0.26176470588235295,0.99955
DEOGEN2,0.0,0.2823529411764706,0.9993
DEOGEN2,0.0,0.28823529411764703,0.99927
DEOGEN2,0.0,0.3029411764705882,0.99905
DEOGEN2,0.0,0.3088235294117647,0.99901
DEOGEN2,0.0,0.3205882352941177,0.99892
DEOGEN2,0.0,0.3264705882352941,0.99891
DEOGEN2,0.017241379310344827,0.3264705882352941,0.99887
DEOGEN2,0.017241379310344827,0.36470588235294116,0.99854
DEOGEN2,0.017241379310344827,0.3735294117647059,0.99853
DEOGEN2,0.017241379310344827,0.39705882352941174,0.99818
DEOGEN2,0.017241379310344827,0.4088235294117647,0.99813
DEOGEN2,0.017241379310344827,0.4147058823529412,0.99807
DEOGEN2,0.017241379310344827,0.42058823529411765,0.99805
DEOGEN2,0.017241379310344827,0.4264705882352941,0.99795
DEOGEN2,0.017241379310344827,0.4323529411764706,0.99793
DEOGEN2,0.017241379310344827,0.4470588235294118,0.99771
DEOGEN2,0.017241379310344827,0.45294117647058824,0.99767
DEOGEN2,0.017241379310344827,0.4588235294117647,0.99753
DEOGEN2,0.034482758620689655,0.4588235294117647,0.99739
DEOGEN2,0.034482758620689655,0.4647058823529412,0.99729
DEOGEN2,0.034482758620689655,0.4764705882352941,0.99719
DEOGEN2,0.034482758620689655,0.5176470588235295,0.99608
DEOGEN2,0.05172413793103448,0.5176470588235295,0.99602
DEOGEN2,0.05172413793103448,0.5205882352941177,0.9957
DEOGEN2,0.05172413793103448,0.5264705882352941,0.99566
DEOGEN2,0.05172413793103448,0.5352941176470588,0.9956
DEOGEN2,0.05172413793103448,0.5411764705882353,0.99525
DEOGEN2,0.06896551724137931,0.5411764705882353,0.99474
DEOGEN2,0.06896551724137931,0.55,0.99375
DEOGEN2,0.08620689655172414,0.55,0.9936
DEOGEN2,0.08620689655172414,0.5558823529411765,0.99273
DEOGEN2,0.08620689655172414,0.5823529411764706,0.98983
DEOGEN2,0.10344827586206896,0.5823529411764706,0.98889
DEOGEN2,0.10344827586206896,0.6323529411764706,0.98057
DEOGEN2,0.10344827586206896,0.638235294117647,0.98056
DEOGEN2,0.10344827586206896,0.6705882352941176,0.97635
DEOGEN2,0.1206896551724138,0.6705882352941176,0.9756
DEOGEN2,0.1206896551724138,0.6823529411764706,0.97454
DEOGEN2,0.13793103448275862,0.6823529411764706,0.97437
DEOGEN2,0.13793103448275862,0.6911764705882353,0.97113
DEOGEN2,0.13793103448275862,0.6970588235294117,0.97093
DEOGEN2,0.13793103448275862,0.7235294117647059,0.95489
DEOGEN2,0.15517241379310345,0.7235294117647059,0.95467
DEOGEN2,0.15517241379310345,0.7352941176470589,0.95177
DEOGEN2,0.1724137931034483,0.7352941176470589,0.95158
DEOGEN2,0.1724137931034483,0.7411764705882353,0.94751
DEOGEN2,0.1724137931034483,0.7470588235294118,0.94698
DEOGEN2,0.1724137931034483,0.7676470588235295,0.93785
DEOGEN2,0.1896551724137931,0.7676470588235295,0.93566
DEOGEN2,0.1896551724137931,0.7911764705882353,0.92524
DEOGEN2,0.20689655172413793,0.7911764705882353,0.92492
DEOGEN2,0.20689655172413793,0.8088235294117647,0.91739
DEOGEN2,0.22413793103448276,0.8088235294117647,0.91714
DEOGEN2,0.22413793103448276,0.8264705882352941,0.91272
DEOGEN2,0.2413793103448276,0.8264705882352941,0.91204
DEOGEN2,0.2413793103448276,0.8676470588235294,0.88419
DEOGEN2,0.27586206896551724,0.8676470588235294,0.88165
DEOGEN2,0.27586206896551724,0.8735294117647059,0.87557
DEOGEN2,0.3103448275862069,0.8735294117647059,0.87224
DEOGEN2,0.3103448275862069,0.8970588235294118,0.84297
DEOGEN2,0.3275862068965517,0.8970588235294118,0.83623
DEOGEN2,0.3275862068965517,0.9029411764705882,0.82515
DEOGEN2,0.3620689655172414,0.9029411764705882,0.82272
DEOGEN2,0.3620689655172414,0.9235294117647059,0.79384
DEOGEN2,0.3793103448275862,0.9235294117647059,0.78796
DEOGEN2,0.3793103448275862,0.95,0.75796
DEOGEN2,0.41379310344827586,0.95,0.74776
DEOGEN2,0.41379310344827586,0.9529411764705882,0.74119
DEOGEN2,0.43103448275862066,0.9529411764705882,0.73976
DEOGEN2,0.43103448275862066,0.9558823529411765,0.7397
DEOGEN2,0.4482758620689655,0.9558823529411765,0.7291
DEOGEN2,0.4482758620689655,0.9794117647058823,0.69593
DEOGEN2,0.5,0.9794117647058823,0.69085
DEOGEN2,0.5,0.9823529411764705,0.68711
DEOGEN2,0.5172413793103449,0.9823529411764705,0.68436
DEOGEN2,0.5172413793103449,0.9852941176470589,0.6813
DEOGEN2,0.5517241379310345,0.9852941176470589,0.64691
DEOGEN2,0.5517241379310345,0.9882352941176471,0.63728
DEOGEN2,0.5862068965517241,0.9882352941176471,0.61714
DEOGEN2,0.5862068965517241,0.9911764705882353,0.59269
DEOGEN2,0.6551724137931034,0.9911764705882353,0.58048
DEOGEN2,0.6551724137931034,0.9941176470588236,0.57917
DEOGEN2,0.7931034482758621,0.9941176470588236,0.47762
DEOGEN2,0.7931034482758621,0.9970588235294118,0.46089
DEOGEN2,0.8103448275862069,0.9970588235294118,0.4564
DEOGEN2,0.8103448275862069,1.0,0.44746
DEOGEN2,1.0,1.0,0.19067
EIGEN,0.0,0.0,inf
EIGEN,0.0,0.0029411764705882353,0.98581
EIGEN,0.0,0.03235294117647059,0.97877
EIGEN,0.0,0.03823529411764706,0.97816
EIGEN,0.0,0.09705882352941177,0.96414
EIGEN,0.0,0.10294117647058823,0.96403
EIGEN,0.0,0.10882352941176471,0.96184
EIGEN,0.0,0.11470588235294117,0.95941
EIGEN,0.0,0.1264705882352941,0.95816
EIGEN,0.0,0.1323529411764706,0.95789
EIGEN,0.0,0.18823529411764706,0.9503
EIGEN,0.0,0.19705882352941176,0.95023
EIGEN,0.0,0.29705882352941176,0.92275
EIGEN,0.017241379310344827,0.29705882352941176,0.92181
EIGEN,0.017241379310344827,0.3352941176470588,0.90632
EIGEN,0.017241379310344827,0.3411764705882353,0.9049
EIGEN,0.017241379310344827,0.4441176470588235,0.86891
EIGEN,0.017241379310344827,0.45,0.86857
EIGEN,0.017241379310344827,0.4676470588235294,0.86415
EIGEN,0.034482758620689655,0.4676470588235294,0.86377
EIGEN,0.034482758620689655,0.5,0.85477
EIGEN,0.05172413793103448,0.5,0.85341
EIGEN,0.05172413793103448,0.5058823529411764,0.85142
EIGEN,0.06896551724137931,0.5058823529411764,0.85062
EIGEN,0.06896551724137931,0.5264705882352941,0.83839
EIGEN,0.08620689655172414,0.5264705882352941,0.83708
EIGEN,0.08620689655172414,0.5676470588235294,0.81554
EIGEN,0.10344827586206896,0.5676470588235294,0.81376
EIGEN,0.10344827586206896,0.5735294117647058,0.81109
EIGEN,0.10344827586206896,0.5794117647058824,0.81059
EIGEN,0.10344827586206896,0.5852941176470589,0.80646
EIGEN,0.13793103448275862,0.5852941176470589,0.80193
EIGEN,0.13793103448275862,0.5911764705882353,0.80081
EIGEN,0.13793103448275862,0.6205882352941177,0.78255
EIGEN,0.13793103448275862,0.6264705882352941,0.78186
EIGEN,0.13793103448275862,0.6676470588235294,0.7548
EIGEN,0.13793103448275862,0.6735294117647059,0.75324
EIGEN,0.13793103448275862,0.6882352941176471,0.74868
EIGEN,0.13793103448275862,0.6941176470588235,0.74667
EIGEN,0.13793103448275862,0.7529411764705882,0.69849
EIGEN,0.15517241379310345,0.7529411764705882,0.69741
EIGEN,0.15517241379310345,0.7558823529411764,0.69178
EIGEN,0.1896551724137931,0.7558823529411764,0.69069
EIGEN,0.1896551724137931,0.8117647058823529,0.65153
EIGEN,0.22413793103448276,0.8117647058823529,0.64819
EIGEN,0.22413793103448276,0.8176470588235294,0.64293
EIGEN,0.22413793103448276,0.8205882352941176,0.6403
EIGEN,0.2413793103448276,0.8205882352941176,0.63465
EIGEN,0.2413793103448276,0.8352941176470589,0.62484
EIGEN,0.2413793103448276,0.8411764705882353,0.61843
EIGEN,0.2413793103448276,0.8441176470588235,0.61804
EIGEN,0.25862068965517243,0.8441176470588235,0.60496
EIGEN,0.25862068965517243,0.8529411764705882,0.59681
EIGEN,0.27586206896551724,0.8529411764705882,0.59376
EIGEN,0.27586206896551724,0.8705882352941177,0.58581
EIGEN,0.29310344827586204,0.8705882352941177,0.58221
EIGEN,0.29310344827586204,0.8735294117647059,0.58054
EIGEN,0.3103448275862069,0.8735294117647059,0.57333
EIGEN,0.3103448275862069,0.9147058823529411,0.50806
EIGEN,0.3275862068965517,0.9147058823529411,0.50782
EIGEN,0.3275862068965517,0.9205882352941176,0.50128
EIGEN,0.3448275862068966,0.9205882352941176,0.50088
EIGEN,0.3448275862068966,0.9470588235294117,0.45943
EIGEN,0.3620689655172414,0.9470588235294117,0.43836
EIGEN,0.3620689655172414,0.95,0.42475
EIGEN,0.39655172413793105,0.95,0.41579
EIGEN,0.39655172413793105,0.9558823529411765,0.39945
EIGEN,0.41379310344827586,0.9558823529411765,0.3837
EIGEN,0.41379310344827586,0.961764705882353,0.36714
EIGEN,0.4482758620689655,0.961764705882353,0.34652
EIGEN,0.4482758620689655,0.9676470588235294,0.34421
EIGEN,0.46551724137931033,0.9676470588235294,0.34213
EIGEN,0.46551724137931033,0.9705882352941176,0.34088
EIGEN,0.5172413793103449,0.9705882352941176,0.33284
EIGEN,0.5172413793103449,0.9764705882352941,0.3261
EIGEN,0.5344827586206896,0.9764705882352941,0.3257
EIGEN,0.5344827586206896,0.9823529411764705,0.29763
EIGEN,0.5517241379310345,0.9823529411764705,0.28095
EIGEN,0.5517241379310345,0.9852941176470589,0.27778
EIGEN,0.5689655172413793,0.9852941176470589,0.27739
EIGEN,0.5689655172413793,0.9882352941176471,0.27521
EIGEN,0.6379310344827587,0.9882352941176471,0.24432
EIGEN,0.6379310344827587,0.9941176470588236,0.23861
EIGEN,0.6896551724137931,0.9941176470588236,0.19736
EIGEN,0.6896551724137931,0.9970588235294118,0.19394
EIGEN,0.8275862068965517,0.9970588235294118,0.11706
EIGEN,0.8275862068965517,1.0,0.10714
EIGEN,1.0,1.0,0.01189
EIGENPC,0.0,0.0,inf
EIGENPC,0.0,0.0029411764705882353,0.9943
EIGENPC,0.0,0.026470588235294117,0.99005
EIGENPC,0.0,0.03235294117647059,0.98969
EIGENPC,0.0,0.1,0.9752
EIGENPC,0.0,0.10588235294117647,0.97448
EIGENPC,0.0,0.12352941176470589,0.96823
EIGENPC,0.0,0.12941176470588237,0.96739
EIGENPC,0.0,0.15,0.964
EIGENPC,0.0,0.15588235294117647,0.96284
EIGENPC,0.0,0.17941176470588235,0.96014
EIGENPC,0.0,0.18529411764705883,0.96005
EIGENPC,0.0,0.22647058823529412,0.95298
EIGENPC,0.0,0.23529411764705882,0.95112
EIGENPC,0.0,0.26176470588235295,0.94373
EIGENPC,0.017241379310344827,0.26176470588235295,0.94174
EIGENPC,0.017241379310344827,0.3058823529411765,0.9242
EIGENPC,0.034482758620689655,0.3058823529411765,0.92326
EIGENPC,0.034482758620689655,0.4323529411764706,0.87709
EIGENPC,0.05172413793103448,0.4323529411764706,0.87677
EIGENPC,0.05172413793103448,0.4411764705882353,0.87302
EIGENPC,0.06896551724137931,0.4411764705882353,0.87234
EIGENPC,0.06896551724137931,0.4676470588235294,0.8653
EIGENPC,0.06896551724137931,0.47352941176470587,0.86404
EIGENPC,0.06896551724137931,0.5176470588235295,0.84686
EIGENPC,0.08620689655172414,0.5176470588235295,0.84674
EIGENPC,0.08620689655172414,0.5352941176470588,0.83903
EIGENPC,0.10344827586206896,0.5352941176470588,0.83799
EIGENPC,0.10344827586206896,0.5558823529411765,0.8291
EIGENPC,0.10344827586206896,0.5617647058823529,0.82415
EIGENPC,0.10344827586206896,0.5882352941176471,0.8114
EIGENPC,0.1206896551724138,0.5882352941176471,0.81041
EIGENPC,0.1206896551724138,0.5941176470588235,0.80596
EIGENPC,0.1206896551724138,0.6,0.80571
EIGENPC,0.1206896551724138,0.6088235294117647,0.80318
EIGENPC,0.1206896551724138,0.6147058823529412,0.80269
EIGENPC,0.1206896551724138,0.65,0.78494
EIGENPC,0.1206896551724138,0.6558823529411765,0.77869
EIGENPC,0.1206896551724138,0.6588235294117647,0.77783
EIGENPC,0.13793103448275862,0.6588235294117647,0.77735
EIGENPC,0.13793103448275862,0.7147058823529412,0.72815
EIGENPC,0.13793103448275862,0.7205882352941176,0.72761
EIGENPC,0.13793103448275862,0.7558823529411764,0.70188
EIGENPC,0.15517241379310345,0.7588235294117647,0.70185
EIGENPC,0.15517241379310345,0.7735294117647059,0.69508
EIGENPC,0.1724137931034483,0.7735294117647059,0.69448
EIGENPC,0.1724137931034483,0.7794117647058824,0.69154
EIGENPC,0.1896551724137931,0.7794117647058824,0.69006
EIGENPC,0.1896551724137931,0.7852941176470588,0.68817
EIGENPC,0.20689655172413793,0.7852941176470588,0.68508
EIGENPC,0.20689655172413793,0.8088235294117647,0.66857
EIGENPC,0.22413793103448276,0.8088235294117647,0.66796
EIGENPC,0.22413793103448276,0.8441176470588235,0.63357
EIGENPC,0.22413793103448276,0.85,0.63121
EIGENPC,0.27586206896551724,0.85,0.62977
EIGENPC,0.27586206896551724,0.8647058823529412,0.61375
EIGENPC,0.29310344827586204,0.8647058823529412,0.60372
EIGENPC,0.29310344827586204,0.9058823529411765,0.5638
EIGENPC,0.3103448275862069,0.9058823529411765,0.56268
EIGENPC,0.3103448275862069,0.9382352941176471,0.51107
EIGENPC,0.3275862068965517,0.9382352941176471,0.51098
EIGENPC,0.3275862068965517,0.9529411764705882,0.47085
EIGENPC,0.3793103448275862,0.9529411764705882,0.45613
EIGENPC,0.3793103448275862,0.9588235294117647,0.44563
EIGENPC,0.39655172413793105,0.9588235294117647,0.44045
EIGENPC,0.39655172413793105,0.9676470588235294,0.41241
EIGENPC,0.4482758620689655,0.9676470588235294,0.3858
EIGENPC,0.4482758620689655,0.9735294117647059,0.3794
EIGENPC,0.46551724137931033,0.9735294117647059,0.37568
EIGENPC,0.46551724137931033,0.9764705882352941,0.35113
EIGENPC,0.4827586206896552,0.9764705882352941,0.34422
EIGENPC,0.4827586206896552,0.9794117647058823,0.3412
EIGENPC,0.5,0.9794117647058823,0.3344
EIGENPC,0.5,0.9823529411764705,0.33251
EIGENPC,0.5344827586206896,0.9823529411764705,0.32138
EIGENPC,0.5344827586206896,0.9882352941176471,0.29906
EIGENPC,0.6206896551724138,0.9882352941176471,0.28257
EIGENPC,0.6206896551724138,0.9911764705882353,0.27503
EIGENPC,0.7068965517241379,0.9911764705882353,0.20876
EIGENPC,0.7068965517241379,0.9970588235294118,0.19766
EIGENPC,0.7413793103448276,0.9970588235294118,0.1907
EIGENPC,0.7413793103448276,1.0,0.17268
EIGENPC,1.0,1.0,0.01363
ESM1B,0.0,0.0,inf
ESM1B,0.0,0.0029411764705882353,0.99965
ESM1B,0.0,0.023529411764705882,0.99622
ESM1B,0.0,0.029411764705882353,0.99573
ESM1B,0.0,0.21764705882352942,0.95305
ESM1B,0.0,0.2235294117647059,0.95226
ESM1B,0.0,0.2676470588235294,0.94206
ESM1B,0.0,0.2735294117647059,0.942
ESM1B,0.0,0.3382352941176471,0.91372
ESM1B,0.0,0.34411764705882353,0.91287
ESM1B,0.0,0.36176470588235293,0.9083
ESM1B,0.017241379310344827,0.36176470588235293,0.90631
ESM1B,0.017241379310344827,0.36470588235294116,0.90608
ESM1B,0.017241379310344827,0.37058823529411766,0.90534
ESM1B,0.017241379310344827,0.43529411764705883,0.88535
ESM1B,0.034482758620689655,0.43529411764705883,0.88505
ESM1B,0.034482758620689655,0.4411764705882353,0.88423
ESM1B,0.034482758620689655,0.4470588235294118,0.88272
ESM1B,0.034482758620689655,0.45588235294117646,0.88126
ESM1B,0.034482758620689655,0.46176470588235297,0.88038
ESM1B,0.034482758620689655,0.6735294117647059,0.80251
ESM1B,0.05172413793103448,0.6735294117647059,0.80126
ESM1B,0.05172413793103448,0.6911764705882353,0.79069
ESM1B,0.06896551724137931,0.6911764705882353,0.78847
ESM1B,0.06896551724137931,0.6941176470588235,0.78564
ESM1B,0.06896551724137931,0.7,0.7853
ESM1B,0.06896551724137931,0.7147058823529412,0.77946
ESM1B,0.06896551724137931,0.7205882352941176,0.77743
ESM1B,0.06896551724137931,0.7235294117647059,0.77584
ESM1B,0.06896551724137931,0.7294117647058823,0.77362
ESM1B,0.06896551724137931,0.7382352941176471,0.76606
ESM1B,0.08620689655172414,0.7382352941176471,0.76502
ESM1B,0.08620689655172414,0.7411764705882353,0.76033
ESM1B,0.10344827586206896,0.7411764705882353,0.75834
ESM1B,0.10344827586206896,0.7470588235294118,0.75647
ESM1B,0.10344827586206896,0.7529411764705882,0.75377
ESM1B,0.10344827586206896,0.7852941176470588,0.72114
ESM1B,0.10344827586206896,0.7911764705882353,0.71695
ESM1B,0.10344827586206896,0.7970588235294118,0.71435
ESM1B,0.10344827586206896,0.8058823529411765,0.70907
ESM1B,0.10344827586206896,0.8147058823529412,0.69225
ESM1B,0.1206896551724138,0.8147058823529412,0.68869
ESM1B,0.1206896551724138,0.8205882352941176,0.68761
ESM1B,0.1206896551724138,0.8411764705882353,0.66308
ESM1B,0.1206896551724138,0.8470588235294118,0.6581
ESM1B,0.1206896551724138,0.85,0.65403
ESM1B,0.15517241379310345,0.85,0.65053
ESM1B,0.15517241379310345,0.8794117647058823,0.6164
ESM1B,0.1896551724137931,0.8794117647058823,0.61579
ESM1B,0.20689655172413793,0.8794117647058823,0.61552
ESM1B,0.20689655172413793,0.8823529411764706,0.6024
ESM1B,0.22413793103448276,0.8823529411764706,0.58968
ESM1B,0.22413793103448276,0.8852941176470588,0.58745
ESM1B,0.25862068965517243,0.8852941176470588,0.58305
ESM1B,0.25862068965517243,0.8970588235294118,0.56878
ESM1B,0.27586206896551724,0.8970588235294118,0.56607
ESM1B,0.27586206896551724,0.9058823529411765,0.55393
ESM1B,0.29310344827586204,0.9058823529411765,0.55314
ESM1B,0.29310344827586204,0.9147058823529411,0.54066
ESM1B,0.3103448275862069,0.9147058823529411,0.53759
ESM1B,0.3103448275862069,0.9176470588235294,0.53568
ESM1B,0.3275862068965517,0.9176470588235294,0.53463
ESM1B,0.3275862068965517,0.9235294117647059,0.53131
ESM1B,0.3620689655172414,0.9235294117647059,0.51118
ESM1B,0.3620689655172414,0.9294117647058824,0.49705
ESM1B,0.39655172413793105,0.9294117647058824,0.48997
ESM1B,0.39655172413793105,0.9411764705882353,0.45907
ESM1B,0.41379310344827586,0.9411764705882353,0.45492
ESM1B,0.41379310344827586,0.95,0.43255
ESM1B,0.46551724137931033,0.95,0.40179
ESM1B,0.46551724137931033,0.9529411764705882,0.39443
ESM1B,0.5172413793103449,0.9529411764705882,0.36753
ESM1B,0.5172413793103449,0.9558823529411765,0.35608
ESM1B,0.5862068965517241,0.9558823529411765,0.28191
ESM1B,0.5862068965517241,0.9588235294117647,0.27853
ESM1B,0.603448275862069,0.9588235294117647,0.27612
ESM1B,0.603448275862069,0.961764705882353,0.26822
ESM1B,0.6206896551724138,0.961764705882353,0.2602
ESM1B,0.6206896551724138,0.9647058823529412,0.25018
ESM1B,0.6379310344827587,0.9647058823529412,0.2484
ESM1B,0.6379310344827587,0.9676470588235294,0.23841
ESM1B,0.6724137931034483,0.9676470588235294,0.22818
ESM1B,0.6724137931034483,0.9764705882352941,0.20538
ESM1B,0.7758620689655172,0.9764705882352941,0.14734
ESM1B,0.7758620689655172,0.9794117647058823,0.13518
ESM1B,0.7931034482758621,0.9794117647058823,0.13301
ESM1B,0.7931034482758621,0.9823529411764705,0.13238
ESM1B,0.8793103448275862,0.9823529411764705,0.11632
ESM1B,0.8793103448275862,0.9852941176470589,0.11538
ESM1B,0.896551724137931,0.9852941176470589,0.11273
ESM1B,0.896551724137931,0.9911764705882353,0.09004
ESM1B,0.9827586206896551,0.9911764705882353,0.04049
ESM1B,0.9827586206896551,1.0,0.01773
ESM1B,1.0,1.0,0.00608
FATHMMXF,0.0,0.0,inf
FATHMMXF,0.0,0.0029411764705882353,0.99848
FATHMMXF,0.0,0.03823529411764706,0.99051
FATHMMXF,0.0,0.04411764705882353,0.98979
FATHMMXF,0.0,0.08235294117647059,0.97792
FATHMMXF,0.017241379310344827,0.08235294117647059,0.9773
FATHMMXF,0.017241379310344827,0.15588235294117647,0.96072
FATHMMXF,0.017241379310344827,0.16176470588235295,0.96041
FATHMMXF,0.017241379310344827,0.19117647058823528,0.95579
FATHMMXF,0.017241379310344827,0.20294117647058824,0.95539
FATHMMXF,0.017241379310344827,0.20588235294117646,0.95537
FATHMMXF,0.017241379310344827,0.21176470588235294,0.95328
FATHMMXF,0.017241379310344827,0.2235294117647059,0.95224
FATHMMXF,0.017241379310344827,0.22941176470588234,0.95173
FATHMMXF,0.017241379310344827,0.25588235294117645,0.9496
FATHMMXF,0.017241379310344827,0.26176470588235295,0.94957
FATHMMXF,0.017241379310344827,0.27058823529411763,0.94891
FATHMMXF,0.017241379310344827,0.27647058823529413,0.94838
FATHMMXF,0.017241379310344827,0.28823529411764703,0.94792
FATHMMXF,0.017241379310344827,0.3,0.94718
FATHMMXF,0.034482758620689655,0.3,0.94705
FATHMMXF,0.034482758620689655,0.31470588235294117,0.94153
FATHMMXF,0.034482758620689655,0.32941176470588235,0.94134
FATHMMXF,0.034482758620689655,0.3323529411764706,0.94011
FATHMMXF,0.034482758620689655,0.3382352941176471,0.94004
FATHMMXF,0.034482758620689655,0.34411764705882353,0.93823
FATHMMXF,0.034482758620689655,0.35,0.93677
FATHMMXF,0.034482758620689655,0.38823529411764707,0.92661
FATHMMXF,0.034482758620689655,0.3941176470588235,0.92589
FATHMMXF,0.034482758620689655,0.39705882352941174,0.92584
FATHMMXF,0.05172413793103448,0.39705882352941174,0.92438
FATHMMXF,0.05172413793103448,0.40294117647058825,0.92412
FATHMMXF,0.05172413793103448,0.43823529411764706,0.91746
FATHMMXF,0.05172413793103448,0.4441176470588235,0.91699
FATHMMXF,0.05172413793103448,0.47058823529411764,0.91179
FATHMMXF,0.05172413793103448,0.4764705882352941,0.91062
FATHMMXF,0.05172413793103448,0.4852941176470588,0.90874
FATHMMXF,0.06896551724137931,0.4852941176470588,0.90777
FATHMMXF,0.06896551724137931,0.5058823529411764,0.90261
FATHMMXF,0.06896551724137931,0.5117647058823529,0.9025
FATHMMXF,0.06896551724137931,0.5294117647058824,0.89605
FATHMMXF,0.06896551724137931,0.5352941176470588,0.89561
FATHMMXF,0.06896551724137931,0.5411764705882353,0.89535
FATHMMXF,0.08620689655172414,0.5411764705882353,0.8948
FATHMMXF,0.08620689655172414,0.5941176470588235,0.87479
FATHMMXF,0.10344827586206896,0.5941176470588235,0.87434
FATHMMXF,0.10344827586206896,0.6147058823529412,0.86737
FATHMMXF,0.1206896551724138,0.6147058823529412,0.86381
FATHMMXF,0.1206896551724138,0.6441176470588236,0.84394
FATHMMXF,0.1206896551724138,0.6529411764705882,0.83719
FATHMMXF,0.1206896551724138,0.6911764705882353,0.81083
FATHMMXF,0.13793103448275862,0.6911764705882353,0.80407
FATHMMXF,0.13793103448275862,0.7588235294117647,0.757
FATHMMXF,0.15517241379310345,0.7588235294117647,0.7546
FATHMMXF,0.15517241379310345,0.7941176470588235,0.72242
FATHMMXF,0.20689655172413793,0.7941176470588235,0.70859
FATHMMXF,0.20689655172413793,0.7970588235294118,0.70575
FATHMMXF,0.22413793103448276,0.7970588235294118,0.70524
FATHMMXF,0.22413793103448276,0.8029411764705883,0.69448
FATHMMXF,0.2413793103448276,0.8029411764705883,0.69018
FATHMMXF,0.2413793103448276,0.8088235294117647,0.68012
FATHMMXF,0.25862068965517243,0.8088235294117647,0.67977
FATHMMXF,0.25862068965517243,0.8558823529411764,0.63945
FATHMMXF,0.27586206896551724,0.8558823529411764,0.63582
FATHMMXF,0.27586206896551724,0.8735294117647059,0.62521
FATHMMXF,0.29310344827586204,0.8735294117647059,0.61786
FATHMMXF,0.29310344827586204,0.8794117647058823,0.61552
FATHMMXF,0.3103448275862069,0.8794117647058823,0.6073
FATHMMXF,0.3103448275862069,0.8823529411764706,0.60703
FATHMMXF,0.3448275862068966,0.8823529411764706,0.60451
FATHMMXF,0.3448275862068966,0.9147058823529411,0.57642
FATHMMXF,0.3793103448275862,0.9147058823529411,0.57414
FATHMMXF,0.3793103448275862,0.9176470588235294,0.57229
FATHMMXF,0.39655172413793105,0.9176470588235294,0.5636
FATHMMXF,0.39655172413793105,0.9264705882352942,0.5568
FATHMMXF,0.41379310344827586,0.9264705882352942,0.5477
FATHMMXF,0.41379310344827586,0.9323529411764706,0.54408
FATHMMXF,0.43103448275862066,0.9323529411764706,0.54159
FATHMMXF,0.43103448275862066,0.95,0.51377
FATHMMXF,0.4482758620689655,0.95,0.5136
FATHMMXF,0.4482758620689655,0.961764705882353,0.48067
FATHMMXF,0.46551724137931033,0.961764705882353,0.47628
FATHMMXF,0.46551724137931033,0.9647058823529412,0.46312
FATHMMXF,0.5,0.9647058823529412,0.44935
FATHMMXF,0.5,0.9705882352941176,0.4181
FATHMMXF,0.5344827586206896,0.9705882352941176,0.39987
FATHMMXF,0.5344827586206896,0.9735294117647059,0.39654
FATHMMXF,0.5862068965517241,0.9735294117647059,0.37653
FATHMMXF,0.5862068965517241,0.9764705882352941,0.36437
FATHMMXF,0.6379310344827587,0.9764705882352941,0.35674
FATHMMXF,0.6379310344827587,0.9911764705882353,0.31096
FATHMMXF,0.6896551724137931,0.9911764705882353,0.29991
FATHMMXF,0.6896551724137931,0.9941176470588236,0.29433
FATHMMXF,0.8620689655172413,0.9941176470588236,0.14937
FATHMMXF,0.8620689655172413,1.0,0.11981
FATHMMXF,1.0,1.0,0.0059
LISTS2,0.0,0.0,inf
LISTS2,0.0,0.0029411764705882353,0.99926
LISTS2,0.0,0.011764705882352941,0.99864
LISTS2,0.0,0.01764705882352941,0.99842
LISTS2,0.0,0.020588235294117647,0.99805
LISTS2,0.0,0.03235294117647059,0.99713
LISTS2,0.0,0.04411764705882353,0.99659
LISTS2,0.0,0.058823529411764705,0.99648
LISTS2,0.0,0.06470588235294118,0.9962
LISTS2,0.0,0.06764705882352941,0.99595
LISTS2,0.0,0.08529411764705883,0.99536
LISTS2,0.0,0.09705882352941177,0.99346
LISTS2,0.0,0.10294117647058823,0.99237
LISTS2,0.0,0.10588235294117647,0.99138
LISTS2,0.0,0.11176470588235295,0.99111
LISTS2,0.0,0.12058823529411765,0.98978
LISTS2,0.0,0.1264705882352941,0.98967
LISTS2,0.0,0.13529411764705881,0.98934
LISTS2,0.0,0.1411764705882353,0.98917
LISTS2,0.0,0.14705882352941177,0.98847
LISTS2,0.0,0.15588235294117647,0.98819
LISTS2,0.0,0.17647058823529413,0.98664
LISTS2,0.0,0.18235294117647058,0.98636
LISTS2,0.0,0.19411764705882353,0.98542
LISTS2,0.017241379310344827,0.19411764705882353,0.98487
LISTS2,0.017241379310344827,0.2,0.98428
LISTS2,0.017241379310344827,0.20588235294117646,0.98407
LISTS2,0.017241379310344827,0.21764705882352942,0.98353
LISTS2,0.017241379310344827,0.2235294117647059,0.98313
LISTS2,0.017241379310344827,0.22941176470588234,0.98306
LISTS2,0.017241379310344827,0.25588235294117645,0.98
LISTS2,0.017241379310344827,0.26176470588235295,0.97986
LISTS2,0.017241379310344827,0.2676470588235294,0.97935
LISTS2,0.017241379310344827,0.2735294117647059,0.97929
LISTS2,0.017241379310344827,0.31470588235294117,0.97334
LISTS2,0.017241379310344827,0.3323529411764706,0.97292
LISTS2,0.017241379310344827,0.3411764705882353,0.97217
LISTS2,0.017241379310344827,0.34705882352941175,0.97148
LISTS2,0.017241379310344827,0.36764705882352944,0.96714
LISTS2,0.017241379310344827,0.3735294117647059,0.96666
LISTS2,0.017241379310344827,0.3911764705882353,0.96442
LISTS2,0.017241379310344827,0.39705882352941174,0.96387
LISTS2,0.017241379310344827,0.4117647058823529,0.96133
LISTS2,0.034482758620689655,0.4117647058823529,0.96109
LISTS2,0.034482758620689655,0.4147058823529412,0.96097
LISTS2,0.034482758620689655,0.42058823529411765,0.96045
LISTS2,0.034482758620689655,0.4264705882352941,0.95926
LISTS2,0.034482758620689655,0.4323529411764706,0.95872
LISTS2,0.05172413793103448,0.4323529411764706,0.95854
LISTS2,0.05172413793103448,0.43823529411764706,0.95832
LISTS2,0.05172413793103448,0.4411764705882353,0.95812
LISTS2,0.05172413793103448,0.4470588235294118,0.95789
LISTS2,0.05172413793103448,0.45588235294117646,0.9562
LISTS2,0.05172413793103448,0.4647058823529412,0.95607
LISTS2,0.05172413793103448,0.48823529411764705,0.95122
LISTS2,0.05172413793103448,0.49411764705882355,0.95062
LISTS2,0.05172413793103448,0.5,0.94955
LISTS2,0.05172413793103448,0.5058823529411764,0.94885
LISTS2,0.06896551724137931,0.5058823529411764,0.94837
LISTS2,0.06896551724137931,0.5176470588235295,0.94417
LISTS2,0.08620689655172414,0.5176470588235295,0.94357
LISTS2,0.08620689655172414,0.5205882352941177,0.94194
LISTS2,0.10344827586206896,0.5205882352941177,0.94147
LISTS2,0.10344827586206896,0.5235294117647059,0.9411
LISTS2,0.1206896551724138,0.5264705882352941,0.94072
LISTS2,0.1206896551724138,0.5294117647058824,0.93952
LISTS2,0.1206896551724138,0.5470588235294118,0.93698
LISTS2,0.1206896551724138,0.5558823529411765,0.93437
LISTS2,0.13793103448275862,0.5617647058823529,0.9327
LISTS2,0.13793103448275862,0.5647058823529412,0.9324
LISTS2,0.15517241379310345,0.5647058823529412,0.93161
LISTS2,0.15517241379310345,0.5705882352941176,0.92893
LISTS2,0.15517241379310345,0.5764705882352941,0.92805
LISTS2,0.1724137931034483,0.5794117647058824,0.9272
LISTS2,0.1724137931034483,0.5852941176470589,0.92613
LISTS2,0.1896551724137931,0.5882352941176471,0.92531
LISTS2,0.1896551724137931,0.5911764705882353,0.923
LISTS2,0.1896551724137931,0.5970588235294118,0.9212
LISTS2,0.1896551724137931,0.6088235294117647,0.91928
LISTS2,0.1896551724137931,0.6147058823529412,0.91721
LISTS2,0.1896551724137931,0.6176470588235294,0.91391
LISTS2,0.1896551724137931,0.6235294117647059,0.91215
LISTS2,0.1896551724137931,0.6294117647058823,0.90786
LISTS2,0.1896551724137931,0.6411764705882353,0.90392
LISTS2,0.1896551724137931,0.6529411764705882,0.89928
LISTS2,0.20689655172413793,0.6558823529411765,0.89743
LISTS2,0.20689655172413793,0.6676470588235294,0.8932
LISTS2,0.22413793103448276,0.6676470588235294,0.89087
LISTS2,0.22413793103448276,0.7,0.8665
LISTS2,0.2413793103448276,0.7,0.86505
LISTS2,0.2413793103448276,0.7058823529411765,0.86177
LISTS2,0.2413793103448276,0.7088235294117647,0.86096
LISTS2,0.27586206896551724,0.7088235294117647,0.85963
LISTS2,0.27586206896551724,0.7176470588235294,0.85366
LISTS2,0.29310344827586204,0.7176470588235294,0.85259
LISTS2,0.29310344827586204,0.7235294117647059,0.84965
LISTS2,0.29310344827586204,0.7264705882352941,0.84469
LISTS2,0.3275862068965517,0.7264705882352941,0.8429
LISTS2,0.3275862068965517,0.7323529411764705,0.83895
LISTS2,0.3448275862068966,0.7323529411764705,0.83506
LISTS2,0.3448275862068966,0.7411764705882353,0.82884
LISTS2,0.3620689655172414,0.7411764705882353,0.82606
LISTS2,0.3620689655172414,0.7470588235294118,0.82082
LISTS2,0.3620689655172414,0.7558823529411764,0.818
LISTS2,0.3793103448275862,0.7558823529411764,0.81627
LISTS2,0.3793103448275862,0.8088235294117647,0.74497
LISTS2,0.3793103448275862,0.8147058823529412,0.74307
LISTS2,0.3793103448275862,0.8470588235294118,0.69935
LISTS2,0.3793103448275862,0.8558823529411764,0.69649
LISTS2,0.3793103448275862,0.8588235294117647,0.69271
LISTS2,0.3793103448275862,0.8647058823529412,0.69028
LISTS2,0.3793103448275862,0.8676470588235294,0.68877
LISTS2,0.39655172413793105,0.8676470588235294,0.68733
LISTS2,0.39655172413793105,0.8705882352941177,0.68405
LISTS2,0.41379310344827586,0.8705882352941177,0.67473
LISTS2,0.41379310344827586,0.8735294117647059,0.67429
LISTS2,0.43103448275862066,0.8764705882352941,0.67236
LISTS2,0.43103448275862066,0.8794117647058823,0.66836
LISTS2,0.4482758620689655,0.8794117647058823,0.66787
LISTS2,0.4482758620689655,0.8823529411764706,0.664
LISTS2,0.5,0.8823529411764706,0.64967
LISTS2,0.5,0.8941176470588236,0.63484
LISTS2,0.5172413793103449,0.8970588235294118,0.63072
LISTS2,0.5172413793103449,0.9,0.62487
LISTS2,0.5344827586206896,0.9,0.62072
LISTS2,0.5344827586206896,0.9205882352941176,0.58802
LISTS2,0.5517241379310345,0.9235294117647059,0.582
LISTS2,0.5517241379310345,0.9352941176470588,0.55349
LISTS2,0.5689655172413793,0.9352941176470588,0.54356
LISTS2,0.5689655172413793,0.9441176470588235,0.53558
LISTS2,0.5862068965517241,0.9441176470588235,0.53361
LISTS2,0.5862068965517241,0.9529411764705882,0.52535
LISTS2,0.6551724137931034,0.9529411764705882,0.50977
LISTS2,0.6551724137931034,0.9558823529411765,0.50058
LISTS2,0.6551724137931034,0.961764705882353,0.487
LISTS2,0.6896551724137931,0.961764705882353,0.47404
LISTS2,0.6896551724137931,0.9705882352941176,0.45013
LISTS2,0.7068965517241379,0.9705882352941176,0.4474
LISTS2,0.7068965517241379,0.9735294117647059,0.41965
LISTS2,0.7241379310344828,0.9735294117647059,0.41134
LISTS2,0.7241379310344828,0.9764705882352941,0.40494
LISTS2,0.7413793103448276,0.9764705882352941,0.40079
LISTS2,0.7413793103448276,0.9794117647058823,0.3774
LISTS2,0.7758620689655172,0.9794117647058823,0.37244
LISTS2,0.7758620689655172,0.9882352941176471,0.36593
LISTS2,0.7931034482758621,0.9882352941176471,0.34384
LISTS2,0.7931034482758621,0.9911764705882353,0.3309
LISTS2,0.8103448275862069,0.9911764705882353,0.31359
LISTS2,0.8103448275862069,0.9941176470588236,0.29886
LISTS2,0.8275862068965517,0.9941176470588236,0.29155
LISTS2,0.8275862068965517,0.9970588235294118,0.2856
LISTS2,0.896551724137931,0.9970588235294118,0.24744
LISTS2,0.896551724137931,1.0,0.23205
LISTS2,1.0,1.0,0.10379
MCAP,0.0,0.0,inf
MCAP,0.0,0.0029411764705882353,0.99585
MCAP,0.0,0.026470588235294117,0.99407
MCAP,0.0,0.03235294117647059,0.99383
MCAP,0.0,0.058823529411764705,0.99258
MCAP,0.0,0.06470588235294118,0.99252
MCAP,0.0,0.06764705882352941,0.99243
MCAP,0.0,0.07352941176470588,0.99234
MCAP,0.0,0.15,0.9904
MCAP,0.0,0.15588235294117647,0.99035
MCAP,0.0,0.18235294117647058,0.98998
MCAP,0.017241379310344827,0.18235294117647058,0.98987
MCAP,0.017241379310344827,0.18823529411764706,0.98985
MCAP,0.017241379310344827,0.19705882352941176,0.98982
MCAP,0.017241379310344827,0.22058823529411764,0.98942
MCAP,0.017241379310344827,0.22647058823529412,0.98937
MCAP,0.017241379310344827,0.31176470588235294,0.98696
MCAP,0.017241379310344827,0.3176470588235294,0.98679
MCAP,0.017241379310344827,0.3382352941176471,0.98637
MCAP,0.017241379310344827,0.35,0.98633
MCAP,0.017241379310344827,0.4176470588235294,0.98385
MCAP,0.017241379310344827,0.4235294117647059,0.98367
MCAP,0.017241379310344827,0.4441176470588235,0.98188
MCAP,0.034482758620689655,0.4441176470588235,0.98169
MCAP,0.034482758620689655,0.4470588235294118,0.98135
MCAP,0.034482758620689655,0.45294117647058824,0.9812
MCAP,0.034482758620689655,0.4588235294117647,0.98101
MCAP,0.05172413793103448,0.4588235294117647,0.98084
MCAP,0.05172413793103448,0.5264705882352941,0.976
MCAP,0.06896551724137931,0.5264705882352941,0.9754
MCAP,0.06896551724137931,0.5470588235294118,0.97367
MCAP,0.08620689655172414,0.5470588235294118,0.9736
MCAP,0.08620689655172414,0.5676470588235294,0.97118
MCAP,0.10344827586206896,0.5676470588235294,0.97075
MCAP,0.10344827586206896,0.6235294117647059,0.96172
MCAP,0.1206896551724138,0.6235294117647059,0.96148
MCAP,0.1206896551724138,0.638235294117647,0.95977
MCAP,0.13793103448275862,0.638235294117647,0.95916
MCAP,0.13793103448275862,0.6470588235294118,0.9568
MCAP,0.1896551724137931,0.6470588235294118,0.95329
MCAP,0.1896551724137931,0.6588235294117647,0.95279
MCAP,0.20689655172413793,0.6588235294117647,0.95162
MCAP,0.20689655172413793,0.6617647058823529,0.95154
MCAP,0.22413793103448276,0.6617647058823529,0.95134
MCAP,0.22413793103448276,0.7029411764705882,0.94095
MCAP,0.22413793103448276,0.7088235294117647,0.94082
MCAP,0.22413793103448276,0.7264705882352941,0.9346
MCAP,0.2413793103448276,0.7264705882352941,0.93353
MCAP,0.2413793103448276,0.7382352941176471,0.93209
MCAP,0.25862068965517243,0.7382352941176471,0.93205
MCAP,0.25862068965517243,0.7441176470588236,0.92947
MCAP,0.27586206896551724,0.7441176470588236,0.92719
MCAP,0.27586206896551724,0.7647058823529411,0.92094
MCAP,0.29310344827586204,0.7647058823529411,0.92029
MCAP,0.29310344827586204,0.7764705882352941,0.91646
MCAP,0.3103448275862069,0.7764705882352941,0.91529
MCAP,0.3103448275862069,0.7852941176470588,0.90939
MCAP,0.3275862068965517,0.7852941176470588,0.90811
MCAP,0.3275862068965517,0.7970588235294118,0.89988
MCAP,0.3448275862068966,0.7970588235294118,0.89472
MCAP,0.3448275862068966,0.8058823529411765,0.88817
MCAP,0.3620689655172414,0.8058823529411765,0.88278
MCAP,0.3620689655172414,0.8117647058823529,0.87902
MCAP,0.39655172413793105,0.8117647058823529,0.87644
MCAP,0.39655172413793105,0.8441176470588235,0.85345
MCAP,0.41379310344827586,0.8441176470588235,0.85212
MCAP,0.41379310344827586,0.85,0.8453
MCAP,0.43103448275862066,0.85,0.83925
MCAP,0.43103448275862066,0.8647058823529412,0.82623
MCAP,0.4482758620689655,0.8647058823529412,0.81575
MCAP,0.4482758620689655,0.8735294117647059,0.80749
MCAP,0.46551724137931033,0.8735294117647059,0.80495
MCAP,0.46551724137931033,0.8764705882352941,0.80478
MCAP,0.4827586206896552,0.8764705882352941,0.8024
MCAP,0.4827586206896552,0.8852941176470588,0.79873
MCAP,0.5,0.8852941176470588,0.79634
MCAP,0.5,0.9088235294117647,0.77063
MCAP,0.5172413793103449,0.9088235294117647,0.7705
MCAP,0.5172413793103449,0.9147058823529411,0.76433
MCAP,0.5344827586206896,0.9147058823529411,0.75311
MCAP,0.5344827586206896,0.9235294117647059,0.738
MCAP,0.5517241379310345,0.9235294117647059,0.7377
MCAP,0.5517241379310345,0.9294117647058824,0.72604
MCAP,0.5862068965517241,0.9294117647058824,0.72488
MCAP,0.5862068965517241,0.9411764705882353,0.6942
MCAP,0.603448275862069,0.9411764705882353,0.69342
MCAP,0.603448275862069,0.9470588235294117,0.6855
MCAP,0.6206896551724138,0.9470588235294117,0.67846
MCAP,0.6206896551724138,0.9794117647058823,0.61781
MCAP,0.6379310344827587,0.9794117647058823,0.57238
MCAP,0.6379310344827587,0.9823529411764705,0.56493
MCAP,0.7413793103448276,0.9823529411764705,0.49464
MCAP,0.7413793103448276,0.9911764705882353,0.44742
MCAP,0.7758620689655172,0.9911764705882353,0.42697
MCAP,0.7758620689655172,0.9970588235294118,0.37075
MCAP,0.896551724137931,0.9970588235294118,0.23833
MCAP,0.896551724137931,1.0,0.21856
MCAP,1.0,1.0,0.05092
METALR,0.0,0.0,inf
METALR,0.0,0.0058823529411764705,0.99936
METALR,0.0,0.011764705882352941,0.99934
METALR,0.0,0.014705882352941176,0.99932
METALR,0.0,0.03235294117647059,0.99923
METALR,0.0,0.03823529411764706,0.99916
METALR,0.0,0.041176470588235294,0.99914
METALR,0.0,0.047058823529411764,0.9991
METALR,0.0,0.052941176470588235,0.99904
METALR,0.0,0.058823529411764705,0.99902
METALR,0.0,0.061764705882352944,0.99898
METALR,0.0,0.06764705882352941,0.99896
METALR,0.0,0.07058823529411765,0.99893
METALR,0.0,0.07941176470588235,0.99891
METALR,0.0,0.08235294117647059,0.99889
METALR,0.0,0.1,0.99882
METALR,0.0,0.10588235294117647,0.99877
METALR,0.0,0.11176470588235295,0.99874
METALR,0.0,0.12058823529411765,0.99862
METALR,0.0,0.1323529411764706,0.99857
METALR,0.0,0.1411764705882353,0.99854
METALR,0.0,0.15,0.99841
METALR,0.0,0.15588235294117647,0.99835
METALR,0.0,0.17352941176470588,0.99829
METALR,0.0,0.17941176470588235,0.99826
METALR,0.0,0.19117647058823528,0.99819
METALR,0.0,0.19705882352941176,0.99816
METALR,0.0,0.20588235294117646,0.99809
METALR,0.0,0.21176470588235294,0.99806
METALR,0.0,0.23529411764705882,0.99795
METALR,0.0,0.2411764705882353,0.99788
METALR,0.0,0.25,0.99784
METALR,0.0,0.25882352941176473,0.99773
METALR,0.0,0.27058823529411763,0.99765
METALR,0.0,0.2735294117647059,0.99754
METALR,0.0,0.29411764705882354,0.9975
METALR,0.017241379310344827,0.3029411764705882,0.99746
METALR,0.017241379310344827,0.3058823529411765,0.99742
METALR,0.017241379310344827,0.31176470588235294,0.99738
METALR,0.017241379310344827,0.31470588235294117,0.99734
METALR,0.017241379310344827,0.3205882352941177,0.99726
METALR,0.017241379310344827,0.3323529411764706,0.99715
METALR,0.017241379310344827,0.3411764705882353,0.99711
METALR,0.017241379310344827,0.35,0.99696
METALR,0.017241379310344827,0.3558823529411765,0.99692
METALR,0.017241379310344827,0.3588235294117647,0.99688
METALR,0.017241379310344827,0.36470588235294116,0.99684
METALR,0.017241379310344827,0.36764705882352944,0.99676
METALR,0.017241379310344827,0.3735294117647059,0.99669
METALR,0.017241379310344827,0.37941176470588234,0.99662
METALR,0.017241379310344827,0.3911764705882353,0.9965
METALR,0.017241379310344827,0.4088235294117647,0.99622
METALR,0.034482758620689655,0.4147058823529412,0.99618
METALR,0.034482758620689655,0.42058823529411765,0.99615
METALR,0.034482758620689655,0.4235294117647059,0.99611
METALR,0.034482758620689655,0.4294117647058823,0.99604
METALR,0.034482758620689655,0.4323529411764706,0.99601
METALR,0.05172413793103448,0.43823529411764706,0.9959
METALR,0.05172413793103448,0.4441176470588235,0.99583
METALR,0.05172413793103448,0.45,0.99579
METALR,0.05172413793103448,0.45294117647058824,0.99576
METALR,0.05172413793103448,0.47058823529411764,0.99549
METALR,0.05172413793103448,0.48823529411764705,0.99509
METALR,0.05172413793103448,0.5,0.99499
METALR,0.05172413793103448,0.5088235294117647,0.99476
METALR,0.05172413793103448,0.5147058823529411,0.99473
METALR,0.06896551724137931,0.5147058823529411,0.9947
METALR,0.08620689655172414,0.5176470588235295,0.99464
METALR,0.08620689655172414,0.5205882352941177,0.99457
METALR,0.08620689655172414,0.5264705882352941,0.99454
METALR,0.08620689655172414,0.5294117647058824,0.99451
METALR,0.08620689655172414,0.5352941176470588,0.99448
METALR,0.08620689655172414,0.538235294117647,0.99444
METALR,0.08620689655172414,0.5441176470588235,0.99438
METALR,0.08620689655172414,0.55,0.99431
METALR,0.10344827586206896,0.55,0.99405
METALR,0.10344827586206896,0.5558823529411765,0.99386
METALR,0.10344827586206896,0.5617647058823529,0.99383
METALR,0.10344827586206896,0.5647058823529412,0.99366
METALR,0.10344827586206896,0.5705882352941176,0.9936
METALR,0.10344827586206896,0.5735294117647058,0.9933
METALR,0.1206896551724138,0.5735294117647058,0.99284
METALR,0.1206896551724138,0.5823529411764706,0.99281
METALR,0.1206896551724138,0.5852941176470589,0.99271
METALR,0.1206896551724138,0.5970588235294118,0.99208
METALR,0.1206896551724138,0.6,0.99205
METALR,0.1206896551724138,0.6058823529411764,0.99192
METALR,0.1206896551724138,0.6088235294117647,0.99172
METALR,0.13793103448275862,0.6088235294117647,0.99159
METALR,0.13793103448275862,0.6205882352941177,0.99044
METALR,0.13793103448275862,0.6264705882352941,0.99027
METALR,0.13793103448275862,0.6529411764705882,0.9866
METALR,0.15517241379310345,0.6529411764705882,0.98612
METALR,0.15517241379310345,0.6558823529411765,0.98589
METALR,0.1724137931034483,0.6558823529411765,0.98572
METALR,0.1724137931034483,0.6676470588235294,0.98419
METALR,0.1724137931034483,0.6735294117647059,0.98382
METALR,0.1724137931034483,0.6764705882352942,0.98375
METALR,0.20689655172413793,0.6764705882352942,0.98287
METALR,0.20689655172413793,0.6882352941176471,0.98156
METALR,0.22413793103448276,0.6882352941176471,0.98078
METALR,0.2413793103448276,0.6911764705882353,0.98074
METALR,0.2413793103448276,0.6970588235294117,0.97906
METALR,0.25862068965517243,0.6970588235294117,0.97842
METALR,0.25862068965517243,0.7088235294117647,0.97726
METALR,0.27586206896551724,0.7088235294117647,0.9763
METALR,0.27586206896551724,0.7176470588235294,0.97627
METALR,0.27586206896551724,0.7205882352941176,0.97583
METALR,0.27586206896551724,0.7264705882352941,0.97499
METALR,0.27586206896551724,0.7323529411764705,0.97471
METALR,0.3103448275862069,0.7323529411764705,0.97279
METALR,0.3103448275862069,0.7352941176470589,0.97266
METALR,0.3275862068965517,0.7352941176470589,0.97185
METALR,0.3275862068965517,0.7411764705882353,0.97058
METALR,0.3448275862068966,0.7411764705882353,0.9701
METALR,0.3448275862068966,0.7470588235294118,0.96719
METALR,0.3620689655172414,0.7470588235294118,0.96716
METALR,0.3620689655172414,0.7529411764705882,0.96539
METALR,0.3793103448275862,0.7529411764705882,0.96428
METALR,0.3793103448275862,0.7588235294117647,0.96345
METALR,0.39655172413793105,0.7588235294117647,0.96265
METALR,0.39655172413793105,0.7647058823529411,0.96048
METALR,0.39655172413793105,0.7705882352941177,0.96018
METALR,0.39655172413793105,0.7764705882352941,0.95785
METALR,0.41379310344827586,0.7764705882352941,0.95696
METALR,0.41379310344827586,0.7970588235294118,0.94395
METALR,0.43103448275862066,0.7970588235294118,0.94165
METALR,0.43103448275862066,0.8294117647058824,0.9263
METALR,0.4482758620689655,0.8294117647058824,0.92493
METALR,0.4482758620689655,0.85,0.91656
METALR,0.46551724137931033,0.85,0.91571
METALR,0.46551724137931033,0.8941176470588236,0.89584
METALR,0.4827586206896552,0.8941176470588236,0.88985
METALR,0.4827586206896552,0.9029411764705882,0.88394
METALR,0.5,0.9029411764705882,0.88142
METALR,0.5,0.9235294117647059,0.86536
METALR,0.5172413793103449,0.9235294117647059,0.86382
METALR,0.5172413793103449,0.9411764705882353,0.80222
METALR,0.5517241379310345,0.9411764705882353,0.7941
METALR,0.5517241379310345,0.9470588235294117,0.76071
METALR,0.5689655172413793,0.9470588235294117,0.75192
METALR,0.5689655172413793,0.9558823529411765,0.7223
METALR,0.6379310344827587,0.9558823529411765,0.66309
METALR,0.6379310344827587,0.9647058823529412,0.60056
METALR,0.6724137931034483,0.9647058823529412,0.58698
METALR,0.6724137931034483,0.9705882352941176,0.58056
METALR,0.6724137931034483,0.9735294117647059,0.56704
METALR,0.6896551724137931,0.9735294117647059,0.56418
METALR,0.6896551724137931,0.9794117647058823,0.5191
METALR,0.7068965517241379,0.9794117647058823,0.44976
METALR,0.7068965517241379,0.9852941176470589,0.39722
METALR,0.7413793103448276,0.9852941176470589,0.34457
METALR,0.7413793103448276,0.9911764705882353,0.31869
METALR,0.7586206896551724,0.9911764705882353,0.31335
METALR,0.7586206896551724,0.9941176470588236,0.30791
METALR,0.7931034482758621,0.9941176470588236,0.28393
METALR,0.7931034482758621,0.9970588235294118,0.27357
METALR,0.8275862068965517,0.9970588235294118,0.22342
METALR,0.8275862068965517,1.0,0.21611
METALR,1.0,1.0,0.01853
METARNN,0.0,0.0,inf
METARNN,0.0,0.0029411764705882353,0.9987
METARNN,0.0,0.020588235294117647,0.98746
METARNN,0.0,0.026470588235294117,0.98599
METARNN,0.0,0.19705882352941176,0.97024
METARNN,0.0,0.20294117647058824,0.96994
METARNN,0.0,0.3352941176470588,0.95443
METARNN,0.017241379310344827,0.3352941176470588,0.95438
METARNN,0.017241379310344827,0.3558823529411765,0.9526
METARNN,0.034482758620689655,0.3558823529411765,0.95244
METARNN,0.034482758620689655,0.4264705882352941,0.94625
METARNN,0.05172413793103448,0.4264705882352941,0.94621
METARNN,0.05172413793103448,0.43529411764705883,0.94551
METARNN,0.06896551724137931,0.43529411764705883,0.94478
METARNN,0.06896551724137931,0.5147058823529411,0.93525
METARNN,0.06896551724137931,0.5205882352941177,0.93468
METARNN,0.06896551724137931,0.5970588235294118,0.91497
METARNN,0.06896551724137931,0.6029411764705882,0.91299
METARNN,0.06896551724137931,0.6411764705882353,0.90328
METARNN,0.08620689655172414,0.6411764705882353,0.90269
METARNN,0.08620689655172414,0.7823529411764706,0.84188
METARNN,0.10344827586206896,0.7823529411764706,0.84168
METARNN,0.10344827586206896,0.8,0.82724
METARNN,0.1206896551724138,0.8,0.81589
METARNN,0.1206896551724138,0.8117647058823529,0.80446
METARNN,0.13793103448275862,0.8117647058823529,0.80119
METARNN,0.13793103448275862,0.8735294117647059,0.74003
METARNN,0.15517241379310345,0.8735294117647059,0.72808
METARNN,0.15517241379310345,0.8764705882352941,0.7241
METARNN,0.1724137931034483,0.8764705882352941,0.72315
METARNN,0.1724137931034483,0.9117647058823529,0.6537
METARNN,0.1896551724137931,0.9117647058823529,0.64994
METARNN,0.1896551724137931,0.9147058823529411,0.6494
METARNN,0.20689655172413793,0.9147058823529411,0.64786
METARNN,0.20689655172413793,0.9441176470588235,0.5715
METARNN,0.25862068965517243,0.9441176470588235,0.54546
METARNN,0.25862068965517243,0.9647058823529412,0.49447
METARNN,0.3103448275862069,0.9647058823529412,0.47774
METARNN,0.3103448275862069,0.9735294117647059,0.46247
METARNN,0.3275862068965517,0.9735294117647059,0.45609
METARNN,0.3275862068965517,0.9794117647058823,0.45314
METARNN,0.3448275862068966,0.9794117647058823,0.44973
METARNN,0.3448275862068966,0.9823529411764705,0.44822
METARNN,0.3620689655172414,0.9823529411764705,0.4182
METARNN,0.3620689655172414,0.9882352941176471,0.38812
METARNN,0.39655172413793105,0.9882352941176471,0.36661
METARNN,0.39655172413793105,0.9941176470588236,0.34171
METARNN,0.41379310344827586,0.9941176470588236,0.30061
METARNN,0.41379310344827586,0.9970588235294118,0.281
METARNN,0.4827586206896552,0.9970588235294118,0.22858
METARNN,0.4827586206896552,1.0,0.20963
METARNN,0.896551724137931,1.0,0.00176
METARNN,0.9310344827586207,1.0,0.00161
METARNN,1.0,1.0,0.00087
METASVM,0.0,0.0,inf
METASVM,0.017241379310344827,0.0,0.99981
METASVM,0.05172413793103448,0.0,0.9996
METASVM,0.05172413793103448,0.0058823529411764705,0.99949
METASVM,0.06896551724137931,0.0058823529411764705,0.99941
METASVM,0.06896551724137931,0.020588235294117647,0.99891
METASVM,0.08620689655172414,0.023529411764705882,0.99866
METASVM,0.08620689655172414,0.03235294117647059,0.99644
METASVM,0.08620689655172414,0.03823529411764706,0.99636
METASVM,0.08620689655172414,0.06470588235294118,0.99228
METASVM,0.10344827586206896,0.06470588235294118,0.9922
METASVM,0.1206896551724138,0.06764705882352941,0.99182
METASVM,0.1206896551724138,0.07058823529411765,0.99174
METASVM,0.1206896551724138,0.07941176470588235,0.9911
METASVM,0.1206896551724138,0.09117647058823529,0.98898
METASVM,0.1206896551724138,0.10294117647058823,0.98792
METASVM,0.1206896551724138,0.10588235294117647,0.98786
METASVM,0.1206896551724138,0.11176470588235295,0.98774
METASVM,0.1206896551724138,0.11470588235294117,0.98768
METASVM,0.1206896551724138,0.12058823529411765,0.98736
METASVM,0.1206896551724138,0.14411764705882352,0.98644
METASVM,0.13793103448275862,0.14411764705882352,0.98619
METASVM,0.13793103448275862,0.15,0.98611
METASVM,0.13793103448275862,0.15294117647058825,0.98514
METASVM,0.15517241379310345,0.15294117647058825,0.98511
METASVM,0.15517241379310345,0.17941176470588235,0.98353
METASVM,0.1724137931034483,0.17941176470588235,0.98348
METASVM,0.1724137931034483,0.18529411764705883,0.98339
METASVM,0.1896551724137931,0.18529411764705883,0.98336
METASVM,0.1896551724137931,0.19117647058823528,0.98334
METASVM,0.1896551724137931,0.20588235294117646,0.98241
METASVM,0.20689655172413793,0.20588235294117646,0.98235
METASVM,0.20689655172413793,0.21764705882352942,0.98122
METASVM,0.20689655172413793,0.22647058823529412,0.98111
METASVM,0.20689655172413793,0.2323529411764706,0.98094
METASVM,0.20689655172413793,0.24705882352941178,0.97967
METASVM,0.20689655172413793,0.2529411764705882,0.97963
METASVM,0.20689655172413793,0.2647058823529412,0.97899
METASVM,0.2413793103448276,0.2647058823529412,0.97872
METASVM,0.2413793103448276,0.27058823529411763,0.9786
METASVM,0.2413793103448276,0.28823529411764703,0.97746
METASVM,0.25862068965517243,0.28823529411764703,0.97737
METASVM,0.25862068965517243,0.29411764705882354,0.97733
METASVM,0.27586206896551724,0.29411764705882354,0.97714
METASVM,0.27586206896551724,0.3382352941176471,0.97521
METASVM,0.27586206896551724,0.34411764705882353,0.97512
METASVM,0.27586206896551724,0.3558823529411765,0.9741
METASVM,0.27586206896551724,0.36176470588235293,0.97408
METASVM,0.27586206896551724,0.37941176470588234,0.97338
METASVM,0.27586206896551724,0.38529411764705884,0.97324
METASVM,0.27586206896551724,0.3911764705882353,0.97285
METASVM,0.27586206896551724,0.39705882352941174,0.97269
METASVM,0.27586206896551724,0.40294117647058825,0.97265
METASVM,0.27586206896551724,0.4088235294117647,0.97257
METASVM,0.27586206896551724,0.4441176470588235,0.97065
METASVM,0.29310344827586204,0.45,0.9706
METASVM,0.29310344827586204,0.4588235294117647,0.97017
METASVM,0.29310344827586204,0.4647058823529412,0.97007
METASVM,0.3103448275862069,0.47352941176470587,0.96987
METASVM,0.3103448275862069,0.4823529411764706,0.96942
METASVM,0.3103448275862069,0.49117647058823527,0.9694
METASVM,0.3103448275862069,0.4970588235294118,0.96917
METASVM,0.3275862068965517,0.4970588235294118,0.96914
METASVM,0.3275862068965517,0.5088235294117647,0.96828
METASVM,0.3275862068965517,0.5147058823529411,0.96823
METASVM,0.3275862068965517,0.5235294117647059,0.96767
METASVM,0.3275862068965517,0.5294117647058824,0.96754
METASVM,0.3275862068965517,0.5411764705882353,0.96673
METASVM,0.3275862068965517,0.5470588235294118,0.96669
METASVM,0.3275862068965517,0.55,0.96668
METASVM,0.3275862068965517,0.5558823529411765,0.96641
METASVM,0.3275862068965517,0.5705882352941176,0.96607
METASVM,0.3275862068965517,0.5882352941176471,0.96581
METASVM,0.3275862068965517,0.5911764705882353,0.96578
METASVM,0.3275862068965517,0.5970588235294118,0.96577
METASVM,0.3275862068965517,0.6029411764705882,0.96542
METASVM,0.3448275862068966,0.6029411764705882,0.96528
METASVM,0.3448275862068966,0.6147058823529412,0.96474
METASVM,0.3448275862068966,0.6205882352941177,0.96473
METASVM,0.3448275862068966,0.6676470588235294,0.96191
METASVM,0.3448275862068966,0.6794117647058824,0.96142
METASVM,0.3448275862068966,0.7058823529411765,0.96009
METASVM,0.3448275862068966,0.711764705882353,0.96003
METASVM,0.3448275862068966,0.7176470588235294,0.95993
METASVM,0.3448275862068966,0.7235294117647059,0.9598
METASVM,0.3448275862068966,0.7411764705882353,0.95868
METASVM,0.3448275862068966,0.7529411764705882,0.95825
METASVM,0.3448275862068966,0.7558823529411764,0.95789
METASVM,0.3448275862068966,0.7676470588235295,0.95769
METASVM,0.3448275862068966,0.7852941176470588,0.95461
METASVM,0.3448275862068966,0.7911764705882353,0.95458
METASVM,0.3620689655172414,0.7911764705882353,0.95384
METASVM,0.3620689655172414,0.7970588235294118,0.94742
METASVM,0.3793103448275862,0.7970588235294118,0.94473
METASVM,0.3793103448275862,0.8176470588235294,0.92989
METASVM,0.43103448275862066,0.8176470588235294,0.92494
METASVM,0.43103448275862066,0.8294117647058824,0.91436
METASVM,0.4482758620689655,0.8294117647058824,0.91392
METASVM,0.4482758620689655,0.8647058823529412,0.88883
METASVM,0.46551724137931033,0.8647058823529412,0.88866
METASVM,0.46551724137931033,0.9264705882352942,0.84808
METASVM,0.4827586206896552,0.9264705882352942,0.84684
METASVM,0.4827586206896552,0.9323529411764706,0.84419
METASVM,0.5,0.9323529411764706,0.83816
METASVM,0.5,0.9382352941176471,0.82591
METASVM,0.5172413793103449,0.9382352941176471,0.80801
METASVM,0.5172413793103449,0.9411764705882353,0.79404
METASVM,0.5344827586206896,0.9411764705882353,0.79402
METASVM,0.5344827586206896,0.9588235294117647,0.66414
METASVM,0.5517241379310345,0.9588235294117647,0.66333
METASVM,0.5517241379310345,0.961764705882353,0.65893
METASVM,0.5862068965517241,0.961764705882353,0.64036
METASVM,0.5862068965517241,0.9647058823529412,0.64011
METASVM,0.603448275862069,0.9647058823529412,0.63199
METASVM,0.603448275862069,0.9705882352941176,0.62561
METASVM,0.603448275862069,0.9735294117647059,0.61002
METASVM,0.6379310344827587,0.9735294117647059,0.56296
METASVM,0.6379310344827587,0.9794117647058823,0.55167
METASVM,0.6724137931034483,0.9794117647058823,0.53616
METASVM,0.6724137931034483,0.9823529411764705,0.47689
METASVM,0.7413793103448276,0.9823529411764705,0.43611
METASVM,0.7413793103448276,0.9852941176470589,0.43327
METASVM,0.8103448275862069,0.9852941176470589,0.23887
METASVM,0.8103448275862069,0.9882352941176471,0.2243
METASVM,0.8793103448275862,0.9882352941176471,0.19845
METASVM,0.8793103448275862,0.9941176470588236,0.15414
METASVM,0.896551724137931,0.9941176470588236,0.15271
METASVM,0.896551724137931,0.9970588235294118,0.14593
METASVM,0.9137931034482759,0.9970588235294118,0.12473
METASVM,0.9137931034482759,1.0,0.10538
METASVM,1.0,1.0,0.01791
MPC,0.0,0.0,inf
MPC,0.0,0.0029411764705882353,0.99941
MPC,0.0,0.008823529411764706,0.99478
MPC,0.0,0.014705882352941176,0.99279
MPC,0.0,0.047058823529411764,0.96349
MPC,0.017241379310344827,0.047058823529411764,0.96282
MPC,0.017241379310344827,0.052941176470588235,0.96132
MPC,0.017241379310344827,0.061764705882352944,0.95995
MPC,0.017241379310344827,0.08823529411764706,0.94593
MPC,0.017241379310344827,0.09411764705882353,0.94574
MPC,0.017241379310344827,0.10882352941176471,0.93641
MPC,0.017241379310344827,0.11470588235294117,0.93387
MPC,0.017241379310344827,0.13823529411764707,0.92533
MPC,0.017241379310344827,0.14705882352941177,0.92385
MPC,0.017241379310344827,0.15294117647058825,0.92367
MPC,0.017241379310344827,0.17352941176470588,0.92182
MPC,0.017241379310344827,0.18529411764705883,0.92106
MPC,0.017241379310344827,0.19705882352941176,0.91346
MPC,0.017241379310344827,0.20294117647058824,0.91277
MPC,0.017241379310344827,0.20588235294117646,0.91258
MPC,0.017241379310344827,0.21176470588235294,0.91191
MPC,0.017241379310344827,0.2323529411764706,0.90838
MPC,0.017241379310344827,0.23823529411764705,0.90714
MPC,0.017241379310344827,0.25,0.90205
MPC,0.017241379310344827,0.25882352941176473,0.90071
MPC,0.017241379310344827,0.27647058823529413,0.89786
MPC,0.017241379310344827,0.2823529411764706,0.89765
MPC,0.017241379310344827,0.34411764705882353,0.88754
MPC,0.017241379310344827,0.35,0.88712
MPC,0.017241379310344827,0.36764705882352944,0.88474
MPC,0.017241379310344827,0.3735294117647059,0.88424
MPC,0.017241379310344827,0.38823529411764707,0.88175
MPC,0.034482758620689655,0.38823529411764707,0.88134
MPC,0.034482758620689655,0.40294117647058825,0.88031
MPC,0.034482758620689655,0.4088235294117647,0.87948
MPC,0.05172413793103448,0.4088235294117647,0.87934
MPC,0.05172413793103448,0.4235294117647059,0.87813
MPC,0.05172413793103448,0.4323529411764706,0.87427
MPC,0.05172413793103448,0.43529411764705883,0.8742
MPC,0.05172413793103448,0.4411764705882353,0.87412
MPC,0.05172413793103448,0.4470588235294118,0.87328
MPC,0.05172413793103448,0.46176470588235297,0.87288
MPC,0.05172413793103448,0.47058823529411764,0.8718
MPC,0.05172413793103448,0.4764705882352941,0.87138
MPC,0.05172413793103448,0.4823529411764706,0.87088
MPC,0.05172413793103448,0.48823529411764705,0.87072
MPC,0.05172413793103448,0.49411764705882355,0.86663
MPC,0.05172413793103448,0.5088235294117647,0.86583
MPC,0.05172413793103448,0.5235294117647059,0.86456
MPC,0.05172413793103448,0.5352941176470588,0.86436
MPC,0.05172413793103448,0.5529411764705883,0.86399
MPC,0.05172413793103448,0.5676470588235294,0.86279
MPC,0.05172413793103448,0.5794117647058824,0.86233
MPC,0.05172413793103448,0.5823529411764706,0.86212
MPC,0.05172413793103448,0.6,0.86032
MPC,0.05172413793103448,0.6088235294117647,0.85831
MPC,0.05172413793103448,0.6176470588235294,0.85829
MPC,0.05172413793103448,0.6205882352941177,0.85807
MPC,0.05172413793103448,0.6264705882352941,0.85774
MPC,0.05172413793103448,0.6676470588235294,0.84966
MPC,0.05172413793103448,0.6794117647058824,0.84646
MPC,0.05172413793103448,0.6823529411764706,0.8457
MPC,0.05172413793103448,0.6882352941176471,0.84084
MPC,0.05172413793103448,0.7088235294117647,0.83183
MPC,0.05172413793103448,0.7147058823529412,0.83177
MPC,0.06896551724137931,0.7147058823529412,0.83157
MPC,0.06896551724137931,0.7264705882352941,0.82149
MPC,0.06896551724137931,0.7323529411764705,0.82033
MPC,0.06896551724137931,0.7382352941176471,0.81868
MPC,0.08620689655172414,0.7382352941176471,0.81419
MPC,0.08620689655172414,0.7441176470588236,0.81163
MPC,0.10344827586206896,0.7470588235294118,0.80796
MPC,0.1206896551724138,0.7470588235294118,0.80707
MPC,0.1206896551724138,0.7617647058823529,0.80306
MPC,0.1206896551724138,0.7676470588235295,0.80221
MPC,0.1206896551724138,0.7823529411764706,0.79564
MPC,0.13793103448275862,0.7823529411764706,0.79525
MPC,0.13793103448275862,0.7970588235294118,0.77668
MPC,0.13793103448275862,0.8029411764705883,0.7755
MPC,0.13793103448275862,0.8294117647058824,0.75982
MPC,0.13793103448275862,0.8352941176470589,0.75358
MPC,0.13793103448275862,0.85,0.74044
MPC,0.15517241379310345,0.85,0.73162
MPC,0.15517241379310345,0.8647058823529412,0.72028
MPC,0.1724137931034483,0.8647058823529412,0.71924
MPC,0.1724137931034483,0.8676470588235294,0.71119
MPC,0.1896551724137931,0.8676470588235294,0.71035
MPC,0.1896551724137931,0.8794117647058823,0.70782
MPC,0.20689655172413793,0.8794117647058823,0.70679
MPC,0.20689655172413793,0.888235294117647,0.70276
MPC,0.20689655172413793,0.8941176470588236,0.70143
MPC,0.27586206896551724,0.8941176470588236,0.6903
MPC,0.27586206896551724,0.8970588235294118,0.68761
MPC,0.29310344827586204,0.8970588235294118,0.6758
MPC,0.29310344827586204,0.9058823529411765,0.6634
MPC,0.3103448275862069,0.9058823529411765,0.65142
MPC,0.3103448275862069,0.9441176470588235,0.60673
MPC,0.3275862068965517,0.9441176470588235,0.60394
MPC,0.3275862068965517,0.9558823529411765,0.59535
MPC,0.3448275862068966,0.9558823529411765,0.59268
MPC,0.3448275862068966,0.961764705882353,0.58366
MPC,0.3620689655172414,0.961764705882353,0.58312
MPC,0.3620689655172414,0.9647058823529412,0.5726
MPC,0.39655172413793105,0.9647058823529412,0.55557
MPC,0.39655172413793105,0.9676470588235294,0.55271
MPC,0.43103448275862066,0.9676470588235294,0.54816
MPC,0.43103448275862066,0.9735294117647059,0.51692
MPC,0.4827586206896552,0.9735294117647059,0.5008
MPC,0.4827586206896552,0.9794117647058823,0.48764
MPC,0.5,0.9794117647058823,0.48668
MPC,0.5,0.9823529411764705,0.46845
MPC,0.5172413793103449,0.9823529411764705,0.44169
MPC,0.5172413793103449,0.9852941176470589,0.43257
MPC,0.5862068965517241,0.9852941176470589,0.41066
MPC,0.5862068965517241,0.9882352941176471,0.40252
MPC,0.6206896551724138,0.9882352941176471,0.40151
MPC,0.6551724137931034,0.9882352941176471,0.39175
MPC,0.6551724137931034,0.9941176470588236,0.36904
MPC,0.6724137931034483,0.9941176470588236,0.36836
MPC,0.6724137931034483,0.9970588235294118,0.34721
MPC,0.8448275862068966,0.9970588235294118,0.23102
MPC,0.8448275862068966,1.0,0.21994
MPC,1.0,1.0,0.09295
MUTASSESS,0.0,0.0,inf
MUTASSESS,0.0,0.0029411764705882353,0.95915
MUTASSESS,0.0,0.008823529411764706,0.95555
MUTASSESS,0.0,0.011764705882352941,0.95519
MUTASSESS,0.0,0.023529411764705882,0.95019
MUTASSESS,0.0,0.029411764705882353,0.94977
MUTASSESS,0.0,0.04411764705882353,0.94936
MUTASSESS,0.0,0.05,0.94857
MUTASSESS,0.0,0.07941176470588235,0.94817
MUTASSESS,0.0,0.08235294117647059,0.94735
MUTASSESS,0.0,0.09411764705882353,0.94612
MUTASSESS,0.0,0.11176470588235295,0.94571
MUTASSESS,0.0,0.12058823529411765,0.94529
MUTASSESS,0.0,0.12352941176470589,0.94487
MUTASSESS,0.0,0.1411764705882353,0.94358
MUTASSESS,0.0,0.14705882352941177,0.94184
MUTASSESS,0.0,0.1588235294117647,0.94139
MUTASSESS,0.0,0.1676470588235294,0.93919
MUTASSESS,0.0,0.17647058823529413,0.93872
MUTASSESS,0.0,0.17941176470588235,0.93829
MUTASSESS,0.0,0.20588235294117646,0.93551
MUTASSESS,0.0,0.2088235294117647,0.93316
MUTASSESS,0.0,0.22647058823529412,0.93172
MUTASSESS,0.0,0.23529411764705882,0.92818
MUTASSESS,0.0,0.24411764705882352,0.92715
MUTASSESS,0.0,0.24705882352941178,0.92661
MUTASSESS,0.0,0.2529411764705882,0.92607
MUTASSESS,0.0,0.25588235294117645,0.92449
MUTASSESS,0.0,0.2735294117647059,0.92399
MUTASSESS,0.0,0.27941176470588236,0.92067
MUTASSESS,0.0,0.29705882352941176,0.91961
MUTASSESS,0.0,0.3,0.91906
MUTASSESS,0.017241379310344827,0.3029411764705882,0.91792
MUTASSESS,0.017241379310344827,0.3058823529411765,0.91681
MUTASSESS,0.017241379310344827,0.31176470588235294,0.9145
MUTASSESS,0.017241379310344827,0.3176470588235294,0.91213
MUTASSESS,0.017241379310344827,0.3264705882352941,0.91087
MUTASSESS,0.017241379310344827,0.3323529411764706,0.90844
MUTASSESS,0.017241379310344827,0.3382352941176471,0.90661
MUTASSESS,0.017241379310344827,0.3411764705882353,0.90595
MUTASSESS,0.017241379310344827,0.35294117647058826,0.90281
MUTASSESS,0.017241379310344827,0.3735294117647059,0.8884
MUTASSESS,0.017241379310344827,0.38235294117647056,0.88768
MUTASSESS,0.017241379310344827,0.38529411764705884,0.88694
MUTASSESS,0.017241379310344827,0.3911764705882353,0.88167
MUTASSESS,0.017241379310344827,0.3941176470588235,0.88093
MUTASSESS,0.017241379310344827,0.40294117647058825,0.87936
MUTASSESS,0.017241379310344827,0.4088235294117647,0.8786
MUTASSESS,0.017241379310344827,0.4147058823529412,0.87617
MUTASSESS,0.017241379310344827,0.42058823529411765,0.87372
MUTASSESS,0.017241379310344827,0.4264705882352941,0.86793
MUTASSESS,0.017241379310344827,0.43529411764705883,0.86613
MUTASSESS,0.017241379310344827,0.45,0.85444
MUTASSESS,0.017241379310344827,0.4588235294117647,0.85341
MUTASSESS,0.034482758620689655,0.46176470588235297,0.84955
MUTASSESS,0.034482758620689655,0.47058823529411764,0.84478
MUTASSESS,0.034482758620689655,0.4764705882352941,0.84244
MUTASSESS,0.034482758620689655,0.4823529411764706,0.84068
MUTASSESS,0.034482758620689655,0.48823529411764705,0.83739
MUTASSESS,0.034482758620689655,0.49117647058823527,0.83647
MUTASSESS,0.034482758620689655,0.4970588235294118,0.8339
MUTASSESS,0.034482758620689655,0.5029411764705882,0.82639
MUTASSESS,0.06896551724137931,0.5029411764705882,0.82191
MUTASSESS,0.06896551724137931,0.5058823529411764,0.81703
MUTASSESS,0.06896551724137931,0.5147058823529411,0.81593
MUTASSESS,0.06896551724137931,0.5176470588235295,0.81458
MUTASSESS,0.06896551724137931,0.5235294117647059,0.81335
MUTASSESS,0.06896551724137931,0.5352941176470588,0.80595
MUTASSESS,0.08620689655172414,0.5411764705882353,0.79912
MUTASSESS,0.08620689655172414,0.5441176470588235,0.79752
MUTASSESS,0.08620689655172414,0.55,0.79671
MUTASSESS,0.10344827586206896,0.55,0.78964
MUTASSESS,0.10344827586206896,0.5529411764705883,0.78704
MUTASSESS,0.1206896551724138,0.5529411764705883,0.78539
MUTASSESS,0.1206896551724138,0.5558823529411765,0.78185
MUTASSESS,0.13793103448275862,0.5647058823529412,0.77975
MUTASSESS,0.13793103448275862,0.5705882352941176,0.77788
MUTASSESS,0.13793103448275862,0.5823529411764706,0.76153
MUTASSESS,0.13793103448275862,0.5882352941176471,0.75898
MUTASSESS,0.13793103448275862,0.6029411764705882,0.73615
MUTASSESS,0.15517241379310345,0.6029411764705882,0.73336
MUTASSESS,0.15517241379310345,0.6058823529411764,0.72481
MUTASSESS,0.1724137931034483,0.611764705882353,0.7188
MUTASSESS,0.1896551724137931,0.611764705882353,0.71058
MUTASSESS,0.1896551724137931,0.6235294117647059,0.70264
MUTASSESS,0.20689655172413793,0.6235294117647059,0.69015
MUTASSESS,0.20689655172413793,0.6264705882352941,0.68177
MUTASSESS,0.22413793103448276,0.6264705882352941,0.68084
MUTASSESS,0.22413793103448276,0.6441176470588236,0.65764
MUTASSESS,0.22413793103448276,0.65,0.6551
MUTASSESS,0.22413793103448276,0.6529411764705882,0.65211
MUTASSESS,0.2413793103448276,0.6529411764705882,0.63995
MUTASSESS,0.2413793103448276,0.6588235294117647,0.61389
MUTASSESS,0.27586206896551724,0.6588235294117647,0.60375
MUTASSESS,0.27586206896551724,0.6617647058823529,0.60196
MUTASSESS,0.29310344827586204,0.6647058823529411,0.59897
MUTASSESS,0.29310344827586204,0.6735294117647059,0.58867
MUTASSESS,0.29310344827586204,0.6794117647058824,0.5771
MUTASSESS,0.29310344827586204,0.6941176470588235,0.57546
MUTASSESS,0.29310344827586204,0.6970588235294117,0.57221
MUTASSESS,0.3103448275862069,0.6970588235294117,0.56867
MUTASSESS,0.3103448275862069,0.7,0.56434
MUTASSESS,0.3275862068965517,0.7,0.56288
MUTASSESS,0.3275862068965517,0.7058823529411765,0.55836
MUTASSESS,0.3275862068965517,0.7205882352941176,0.5269
MUTASSESS,0.3275862068965517,0.7352941176470589,0.51654
MUTASSESS,0.3275862068965517,0.7470588235294118,0.50391
MUTASSESS,0.3275862068965517,0.7529411764705882,0.49806
MUTASSESS,0.3275862068965517,0.7558823529411764,0.49735
MUTASSESS,0.3275862068965517,0.7735294117647059,0.48501
MUTASSESS,0.3275862068965517,0.7852941176470588,0.47902
MUTASSESS,0.3275862068965517,0.788235294117647,0.47623
MUTASSESS,0.3275862068965517,0.7941176470588235,0.47093
MUTASSESS,0.3448275862068966,0.7941176470588235,0.46598
MUTASSESS,0.3448275862068966,0.8058823529411765,0.45271
MUTASSESS,0.3620689655172414,0.8088235294117647,0.45066
MUTASSESS,0.3620689655172414,0.8176470588235294,0.44144
MUTASSESS,0.3793103448275862,0.8264705882352941,0.43657
MUTASSESS,0.3793103448275862,0.8294117647058824,0.43223
MUTASSESS,0.3793103448275862,0.8352941176470589,0.42718
MUTASSESS,0.3793103448275862,0.8411764705882353,0.41584
MUTASSESS,0.3793103448275862,0.85,0.40979
MUTASSESS,0.3793103448275862,0.8558823529411764,0.40527
MUTASSESS,0.3793103448275862,0.8647058823529412,0.40152
MUTASSESS,0.39655172413793105,0.8676470588235294,0.39613
MUTASSESS,0.39655172413793105,0.8735294117647059,0.39212
MUTASSESS,0.39655172413793105,0.8794117647058823,0.38202
MUTASSESS,0.39655172413793105,0.8852941176470588,0.37685
MUTASSESS,0.39655172413793105,0.888235294117647,0.37283
MUTASSESS,0.43103448275862066,0.9,0.36203
MUTASSESS,0.4482758620689655,0.9,0.35314
MUTASSESS,0.4482758620689655,0.9058823529411765,0.34781
MUTASSESS,0.46551724137931033,0.9058823529411765,0.34358
MUTASSESS,0.46551724137931033,0.9147058823529411,0.33665
MUTASSESS,0.5,0.9147058823529411,0.32304
MUTASSESS,0.5,0.9176470588235294,0.31919
MUTASSESS,0.5517241379310345,0.9176470588235294,0.31258
MUTASSESS,0.5517241379310345,0.9235294117647059,0.30316
MUTASSESS,0.5689655172413793,0.9235294117647059,0.29721
MUTASSESS,0.603448275862069,0.9294117647058824,0.29146
MUTASSESS,0.603448275862069,0.9323529411764706,0.27864
MUTASSESS,0.6206896551724138,0.9323529411764706,0.26055
MUTASSESS,0.6206896551724138,0.9411764705882353,0.24371
MUTASSESS,0.6379310344827587,0.9411764705882353,0.2347
MUTASSESS,0.6724137931034483,0.9470588235294117,0.22286
MUTASSESS,0.7241379310344828,0.9470588235294117,0.20745
MUTASSESS,0.7413793103448276,0.95,0.2011
MUTASSESS,0.7413793103448276,0.9588235294117647,0.18616
MUTASSESS,0.7758620689655172,0.9588235294117647,0.16135
MUTASSESS,0.7758620689655172,0.9647058823529412,0.15531
MUTASSESS,0.7931034482758621,0.9647058823529412,0.15259
MUTASSESS,0.7931034482758621,0.9705882352941176,0.14367
MUTASSESS,0.8103448275862069,0.9705882352941176,0.12735
MUTASSESS,0.8103448275862069,0.9735294117647059,0.12329
MUTASSESS,0.8448275862068966,0.9764705882352941,0.11102
MUTASSESS,0.8620689655172413,0.9764705882352941,0.10297
MUTASSESS,0.8620689655172413,0.9794117647058823,0.09755
MUTASSESS,0.8793103448275862,0.9794117647058823,0.09592
MUTASSESS,0.8793103448275862,0.9823529411764705,0.09279
MUTASSESS,0.896551724137931,0.9823529411764705,0.09075
MUTASSESS,0.896551724137931,0.9852941176470589,0.0893
MUTASSESS,0.896551724137931,0.9911764705882353,0.06502
MUTASSESS,0.9310344827586207,0.9911764705882353,0.04489
MUTASSESS,0.9310344827586207,0.9941176470588236,0.04186
MUTASSESS,0.9655172413793104,0.9941176470588236,0.02423
MUTASSESS,0.9655172413793104,0.9970588235294118,0.01592
MUTASSESS,0.9827586206896551,0.9970588235294118,0.01487
MUTASSESS,0.9827586206896551,1.0,0.01297
MUTASSESS,1.0,1.0,0.00213
MUTFORMER,0.0,0.0,inf
MUTFORMER,0.0,0.026470588235294117,0.99939
MUTFORMER,0.0,0.10588235294117647,0.99924
MUTFORMER,0.0,0.26176470588235295,0.99909
MUTFORMER,0.0,0.35,0.99894
MUTFORMER,0.0,0.4117647058823529,0.99879
MUTFORMER,0.0,0.45,0.99864
MUTFORMER,0.0,0.47941176470588237,0.99849
MUTFORMER,0.0,0.49411764705882355,0.99835
MUTFORMER,0.0,0.5176470588235295,0.99806
MUTFORMER,0.0,0.5352941176470588,0.99792
MUTFORMER,0.0,0.5470588235294118,0.99778
MUTFORMER,0.0,0.5558823529411765,0.99765
MUTFORMER,0.0,0.5617647058823529,0.99752
MUTFORMER,0.0,0.5647058823529412,0.99739
MUTFORMER,0.0,0.5735294117647058,0.99726
MUTFORMER,0.0,0.5852941176470589,0.99714
MUTFORMER,0.0,0.5882352941176471,0.99701
MUTFORMER,0.0,0.6058823529411764,0.99655
MUTFORMER,0.0,0.6088235294117647,0.99643
MUTFORMER,0.0,0.6147058823529412,0.99632
MUTFORMER,0.0,0.6176470588235294,0.99622
MUTFORMER,0.017241379310344827,0.6205882352941177,0.99611
MUTFORMER,0.017241379310344827,0.638235294117647,0.99523
MUTFORMER,0.017241379310344827,0.6441176470588236,0.99496
MUTFORMER,0.017241379310344827,0.6558823529411765,0.99348
MUTFORMER,0.034482758620689655,0.6558823529411765,0.99325
MUTFORMER,0.034482758620689655,0.6676470588235294,0.99032
MUTFORMER,0.05172413793103448,0.6676470588235294,0.98987
MUTFORMER,0.05172413793103448,0.6735294117647059,0.98959
MUTFORMER,0.05172413793103448,0.6794117647058824,0.98948
MUTFORMER,0.06896551724137931,0.6794117647058824,0.98921
MUTFORMER,0.06896551724137931,0.6911764705882353,0.98895
MUTFORMER,0.06896551724137931,0.6970588235294117,0.9888
MUTFORMER,0.06896551724137931,0.7029411764705882,0.98875
MUTFORMER,0.06896551724137931,0.7058823529411765,0.98859
MUTFORMER,0.08620689655172414,0.7058823529411765,0.9881
MUTFORMER,0.08620689655172414,0.7617647058823529,0.98148
MUTFORMER,0.08620689655172414,0.7676470588235295,0.98126
MUTFORMER,0.08620689655172414,0.7764705882352941,0.98008
MUTFORMER,0.10344827586206896,0.7764705882352941,0.97994
MUTFORMER,0.10344827586206896,0.7852941176470588,0.979
MUTFORMER,0.10344827586206896,0.7911764705882353,0.97889
MUTFORMER,0.10344827586206896,0.8176470588235294,0.97518
MUTFORMER,0.1206896551724138,0.8176470588235294,0.97481
MUTFORMER,0.1206896551724138,0.8411764705882353,0.97104
MUTFORMER,0.13793103448275862,0.8411764705882353,0.97069
MUTFORMER,0.13793103448275862,0.8588235294117647,0.96621
MUTFORMER,0.15517241379310345,0.8588235294117647,0.96604
MUTFORMER,0.15517241379310345,0.8823529411764706,0.95557
MUTFORMER,0.1896551724137931,0.8823529411764706,0.95379
MUTFORMER,0.1896551724137931,0.8941176470588236,0.95173
MUTFORMER,0.20689655172413793,0.8941176470588236,0.94971
MUTFORMER,0.20689655172413793,0.9176470588235294,0.94169
MUTFORMER,0.2413793103448276,0.9176470588235294,0.93372
MUTFORMER,0.2413793103448276,0.9294117647058824,0.92752
MUTFORMER,0.29310344827586204,0.9294117647058824,0.91971
MUTFORMER,0.29310344827586204,0.9323529411764706,0.91729
MUTFORMER,0.3103448275862069,0.9323529411764706,0.91567
MUTFORMER,0.3103448275862069,0.9411764705882353,0.90982
MUTFORMER,0.3275862068965517,0.9411764705882353,0.90841
MUTFORMER,0.3275862068965517,0.9441176470588235,0.89841
MUTFORMER,0.3620689655172414,0.9441176470588235,0.89003
MUTFORMER,0.3620689655172414,0.9470588235294117,0.88333
MUTFORMER,0.39655172413793105,0.9470588235294117,0.878
MUTFORMER,0.39655172413793105,0.9588235294117647,0.8683
MUTFORMER,0.41379310344827586,0.9588235294117647,0.86344
MUTFORMER,0.41379310344827586,0.961764705882353,0.85988
MUTFORMER,0.4482758620689655,0.961764705882353,0.85693
MUTFORMER,0.4482758620689655,0.9676470588235294,0.85519
MUTFORMER,0.46551724137931033,0.9676470588235294,0.85478
MUTFORMER,0.46551724137931033,0.9705882352941176,0.85233
MUTFORMER,0.4827586206896552,0.9705882352941176,0.85224
MUTFORMER,0.4827586206896552,0.9764705882352941,0.84366
MUTFORMER,0.603448275862069,0.9764705882352941,0.8148
MUTFORMER,0.603448275862069,0.9794117647058823,0.81461
MUTFORMER,0.6896551724137931,0.9794117647058823,0.79927
MUTFORMER,0.6896551724137931,0.9823529411764705,0.78968
MUTFORMER,0.7586206896551724,0.9823529411764705,0.74711
MUTFORMER,0.7586206896551724,0.9852941176470589,0.73764
MUTFORMER,0.8448275862068966,0.9852941176470589,0.68632
MUTFORMER,0.8448275862068966,0.9911764705882353,0.65822
MUTFORMER,0.8793103448275862,0.9911764705882353,0.64609
MUTFORMER,0.8793103448275862,0.9970588235294118,0.53737
MUTFORMER,0.9482758620689655,0.9970588235294118,0.34183
MUTFORMER,0.9482758620689655,1.0,0.33835
MUTFORMER,1.0,1.0,0.11985
MUTSCORE,0.0,0.0,inf
MUTSCORE,0.0,0.0058823529411764705,0.99985
MUTSCORE,0.0,0.011764705882352941,0.99956
MUTSCORE,0.0,0.014705882352941176,0.99926
MUTSCORE,0.0,0.03529411764705882,0.99892
MUTSCORE,0.0,0.03823529411764706,0.99859
MUTSCORE,0.0,0.07058823529411765,0.99826
MUTSCORE,0.0,0.08823529411764706,0.99793
MUTSCORE,0.0,0.10294117647058823,0.9976
MUTSCORE,0.0,0.11470588235294117,0.99727
MUTSCORE,0.0,0.14411764705882352,0.99661
MUTSCORE,0.0,0.18529411764705883,0.99628
MUTSCORE,0.0,0.19411764705882353,0.99594
MUTSCORE,0.0,0.21176470588235294,0.99559
MUTSCORE,0.0,0.22058823529411764,0.99524
MUTSCORE,0.0,0.2323529411764706,0.99487
MUTSCORE,0.0,0.2411764705882353,0.9945
MUTSCORE,0.0,0.2529411764705882,0.99413
MUTSCORE,0.0,0.26176470588235295,0.99374
MUTSCORE,0.0,0.2911764705882353,0.99334
MUTSCORE,0.0,0.3088235294117647,0.99294
MUTSCORE,0.0,0.3205882352941177,0.99252
MUTSCORE,0.0,0.3352941176470588,0.99209
MUTSCORE,0.0,0.35294117647058826,0.99166
MUTSCORE,0.0,0.36764705882352944,0.99121
MUTSCORE,0.0,0.3764705882352941,0.99076
MUTSCORE,0.0,0.38823529411764707,0.99029
MUTSCORE,0.0,0.40588235294117647,0.98982
MUTSCORE,0.0,0.4147058823529412,0.98934
MUTSCORE,0.0,0.42058823529411765,0.98885
MUTSCORE,0.0,0.4235294117647059,0.98836
MUTSCORE,0.0,0.43529411764705883,0.98785
MUTSCORE,0.0,0.4411764705882353,0.98734
MUTSCORE,0.0,0.45294117647058824,0.98682
MUTSCORE,0.0,0.45588235294117646,0.98629
MUTSCORE,0.0,0.46176470588235297,0.98576
MUTSCORE,0.0,0.4852941176470588,0.98304
MUTSCORE,0.0,0.49117647058823527,0.98248
MUTSCORE,0.0,0.49411764705882355,0.98192
MUTSCORE,0.0,0.5,0.98079
MUTSCORE,0.0,0.5088235294117647,0.98022
MUTSCORE,0.0,0.5117647058823529,0.97964
MUTSCORE,0.0,0.5235294117647059,0.9779
MUTSCORE,0.0,0.5294117647058824,0.97673
MUTSCORE,0.0,0.5352941176470588,0.97614
MUTSCORE,0.0,0.5441176470588235,0.97259
MUTSCORE,0.0,0.5529411764705883,0.97199
MUTSCORE,0.0,0.5588235294117647,0.97079
MUTSCORE,0.0,0.5735294117647058,0.97019
MUTSCORE,0.0,0.5794117647058824,0.96898
MUTSCORE,0.0,0.5941176470588235,0.96837
MUTSCORE,0.0,0.6058823529411764,0.96777
MUTSCORE,0.0,0.611764705882353,0.96596
MUTSCORE,0.0,0.6352941176470588,0.96292
MUTSCORE,0.0,0.638235294117647,0.9605
MUTSCORE,0.0,0.6441176470588236,0.9599
MUTSCORE,0.0,0.6470588235294118,0.95929
MUTSCORE,0.0,0.6588235294117647,0.95687
MUTSCORE,0.0,0.6705882352941176,0.95566
MUTSCORE,0.0,0.6764705882352942,0.95204
MUTSCORE,0.0,0.6823529411764706,0.95023
MUTSCORE,0.0,0.6852941176470588,0.94783
MUTSCORE,0.0,0.6970588235294117,0.94663
MUTSCORE,0.0,0.7058823529411765,0.94364
MUTSCORE,0.017241379310344827,0.7058823529411765,0.94305
MUTSCORE,0.017241379310344827,0.7176470588235294,0.93768
MUTSCORE,0.017241379310344827,0.7235294117647059,0.9359
MUTSCORE,0.017241379310344827,0.7264705882352941,0.9353
MUTSCORE,0.017241379310344827,0.7323529411764705,0.93236
MUTSCORE,0.017241379310344827,0.7411764705882353,0.92708
MUTSCORE,0.017241379310344827,0.7470588235294118,0.92649
MUTSCORE,0.017241379310344827,0.7529411764705882,0.92474
MUTSCORE,0.017241379310344827,0.7588235294117647,0.92066
MUTSCORE,0.017241379310344827,0.7647058823529411,0.91893
MUTSCORE,0.017241379310344827,0.7705882352941177,0.9172
MUTSCORE,0.017241379310344827,0.7794117647058824,0.91431
MUTSCORE,0.017241379310344827,0.7852941176470588,0.91143
MUTSCORE,0.017241379310344827,0.7941176470588235,0.90858
MUTSCORE,0.017241379310344827,0.8,0.90686
MUTSCORE,0.017241379310344827,0.8294117647058824,0.88492
MUTSCORE,0.034482758620689655,0.8352941176470589,0.88436
MUTSCORE,0.034482758620689655,0.8470588235294118,0.876
MUTSCORE,0.05172413793103448,0.85,0.87544
MUTSCORE,0.05172413793103448,0.8823529411764706,0.82515
MUTSCORE,0.05172413793103448,0.888235294117647,0.81551
MUTSCORE,0.05172413793103448,0.8970588235294118,0.79714
MUTSCORE,0.05172413793103448,0.9029411764705882,0.79598
MUTSCORE,0.05172413793103448,0.9470588235294117,0.70667
MUTSCORE,0.08620689655172414,0.9470588235294117,0.70274
MUTSCORE,0.08620689655172414,0.9558823529411765,0.66835
MUTSCORE,0.10344827586206896,0.9558823529411765,0.64513
MUTSCORE,0.10344827586206896,0.9588235294117647,0.63863
MUTSCORE,0.1206896551724138,0.9588235294117647,0.63204
MUTSCORE,0.1206896551724138,0.9647058823529412,0.61861
MUTSCORE,0.13793103448275862,0.9647058823529412,0.61784
MUTSCORE,0.13793103448275862,0.9705882352941176,0.61402
MUTSCORE,0.15517241379310345,0.9705882352941176,0.59514
MUTSCORE,0.15517241379310345,0.9735294117647059,0.58449
MUTSCORE,0.20689655172413793,0.9735294117647059,0.56734
MUTSCORE,0.20689655172413793,0.9764705882352941,0.55289
MUTSCORE,0.25862068965517243,0.9764705882352941,0.53563
MUTSCORE,0.25862068965517243,0.9794117647058823,0.53265
MUTSCORE,0.27586206896551724,0.9794117647058823,0.52344
MUTSCORE,0.27586206896551724,0.9823529411764705,0.50956
MUTSCORE,0.29310344827586204,0.9823529411764705,0.50845
MUTSCORE,0.29310344827586204,0.9852941176470589,0.50401
MUTSCORE,0.3103448275862069,0.9852941176470589,0.50175
MUTSCORE,0.3103448275862069,0.9911764705882353,0.4805
MUTSCORE,0.41379310344827586,0.9911764705882353,0.3809
MUTSCORE,0.4482758620689655,0.9911764705882353,0.37362
MUTSCORE,0.5,0.9911764705882353,0.28905
MUTSCORE,0.5,0.9941176470588236,0.27677
MUTSCORE,0.6206896551724138,0.9941176470588236,0.17126
MUTSCORE,0.6379310344827587,0.9970588235294118,0.16802
MUTSCORE,0.6724137931034483,0.9970588235294118,0.13809
MUTSCORE,0.7068965517241379,0.9970588235294118,0.12436
MUTSCORE,0.7586206896551724,0.9970588235294118,0.11041
MUTSCORE,0.8448275862068966,0.9970588235294118,0.05809
MUTSCORE,0.8793103448275862,0.9970588235294118,0.05473
MUTSCORE,0.9827586206896551,0.9970588235294118,0.01897
MUTSCORE,1.0,1.0,0.00124
MUTTASTE,0.0,0.0,inf
MUTTASTE,0.06896551724137931,0.6029411764705882,0.99291
MUTTASTE,0.13793103448275862,0.6941176470588235,0.97926
MUTTASTE,0.13793103448275862,0.7558823529411764,0.97016
MUTTASTE,0.1724137931034483,0.7852941176470588,0.96253
MUTTASTE,0.1724137931034483,0.7911764705882353,0.95575
MUTTASTE,0.1724137931034483,0.8235294117647058,0.94956
MUTTASTE,0.1896551724137931,0.8441176470588235,0.94378
MUTTASTE,0.1896551724137931,0.85,0.93829
MUTTASTE,0.1896551724137931,0.8588235294117647,0.933
MUTTASTE,0.1896551724137931,0.8735294117647059,0.92786
MUTTASTE,0.1896551724137931,0.8794117647058823,0.92286
MUTTASTE,0.1896551724137931,0.8911764705882353,0.91795
MUTTASTE,0.1896551724137931,0.8941176470588236,0.91311
MUTTASTE,0.20689655172413793,0.9,0.90832
MUTTASTE,0.2413793103448276,0.9058823529411765,0.90354
MUTTASTE,0.25862068965517243,0.9088235294117647,0.89875
MUTTASTE,0.25862068965517243,0.9205882352941176,0.8892
MUTTASTE,0.27586206896551724,0.9323529411764706,0.87956
MUTTASTE,0.29310344827586204,0.9382352941176471,0.8747
MUTTASTE,0.29310344827586204,0.9470588235294117,0.86984
MUTTASTE,0.29310344827586204,0.9588235294117647,0.85999
MUTTASTE,0.3103448275862069,0.9588235294117647,0.85499
MUTTASTE,0.3103448275862069,0.9794117647058823,0.72539
MUTTASTE,0.3448275862068966,0.9794117647058823,0.66123
MUTTASTE,0.3448275862068966,0.9852941176470589,0.64613
MUTTASTE,0.3620689655172414,0.9852941176470589,0.60618
MUTTASTE,0.3793103448275862,0.9882352941176471,0.59775
MUTTASTE,0.3793103448275862,0.9941176470588236,0.58037
MUTTASTE,0.39655172413793105,0.9941176470588236,0.56225
MUTTASTE,0.43103448275862066,0.9941176470588236,0.54326
MUTTASTE,0.4482758620689655,0.9941176470588236,0.53339
MUTTASTE,0.4827586206896552,0.9941176470588236,0.52324
MUTTASTE,0.5,0.9970588235294118,0.49097
MUTTASTE,0.5,1.0,0.47954
MUTTASTE,0.5689655172413793,1.0,0.42965
MUTTASTE,0.603448275862069,1.0,0.38685
MUTTASTE,0.6379310344827587,1.0,0.33788
MUTTASTE,0.6896551724137931,1.0,0.31989
MUTTASTE,0.7068965517241379,1.0,0.30097
MUTTASTE,0.7586206896551724,1.0,0.28107
MUTTASTE,0.7758620689655172,1.0,0.26006
MUTTASTE,0.8448275862068966,1.0,0.16373
MUTTASTE,0.8620689655172413,1.0,0.13669
MUTTASTE,0.9137931034482759,1.0,0.10877
MUTTASTE,0.9482758620689655,1.0,0.08015
MUTTASTE,1.0,1.0,0.01751
MVP,0.0,0.0,inf
MVP,0.0,0.0029411764705882353,0.99954
MVP,0.0,0.011764705882352941,0.99892
MVP,0.0,0.01764705882352941,0.99867
MVP,0.0,0.03235294117647059,0.99783
MVP,0.0,0.03823529411764706,0.9978
MVP,0.0,0.09117647058823529,0.995
MVP,0.0,0.09705882352941177,0.99498
MVP,0.0,0.12058823529411765,0.99473
MVP,0.0,0.1323529411764706,0.99465
MVP,0.0,0.15294117647058825,0.99396
MVP,0.017241379310344827,0.15294117647058825,0.99386
MVP,0.017241379310344827,0.1676470588235294,0.99339
MVP,0.017241379310344827,0.17352941176470588,0.99331
MVP,0.017241379310344827,0.20588235294117646,0.9925
MVP,0.017241379310344827,0.21176470588235294,0.99247
MVP,0.017241379310344827,0.22941176470588234,0.99207
MVP,0.017241379310344827,0.23529411764705882,0.99204
MVP,0.017241379310344827,0.2852941176470588,0.99054
MVP,0.017241379310344827,0.2911764705882353,0.99044
MVP,0.017241379310344827,0.29411764705882354,0.99042
MVP,0.017241379310344827,0.3,0.99038
MVP,0.017241379310344827,0.31470588235294117,0.99019
MVP,0.034482758620689655,0.31470588235294117,0.99008
MVP,0.034482758620689655,0.3264705882352941,0.98977
MVP,0.034482758620689655,0.3323529411764706,0.98973
MVP,0.034482758620689655,0.45,0.98576
MVP,0.05172413793103448,0.45,0.9854
MVP,0.05172413793103448,0.4647058823529412,0.98456
MVP,0.05172413793103448,0.47058823529411764,0.98454
MVP,0.05172413793103448,0.5147058823529411,0.98178
MVP,0.05172413793103448,0.5235294117647059,0.98171
MVP,0.05172413793103448,0.5294117647058824,0.98159
MVP,0.06896551724137931,0.5323529411764706,0.98151
MVP,0.06896551724137931,0.5705882352941176,0.98023
MVP,0.06896551724137931,0.5764705882352941,0.98013
MVP,0.08620689655172414,0.5764705882352941,0.97981
MVP,0.08620689655172414,0.5882352941176471,0.97895
MVP,0.1206896551724138,0.5882352941176471,0.97855
MVP,0.1206896551724138,0.6176470588235294,0.97633
MVP,0.1206896551724138,0.6235294117647059,0.97616
MVP,0.1206896551724138,0.6470588235294118,0.9747
MVP,0.13793103448275862,0.6470588235294118,0.97445
MVP,0.13793103448275862,0.6588235294117647,0.97339
MVP,0.1724137931034483,0.6588235294117647,0.9733
MVP,0.1724137931034483,0.6617647058823529,0.97325
MVP,0.1896551724137931,0.6617647058823529,0.97255
MVP,0.1896551724137931,0.7029411764705882,0.96749
MVP,0.22413793103448276,0.7029411764705882,0.96706
MVP,0.22413793103448276,0.7588235294117647,0.96204
MVP,0.2413793103448276,0.7588235294117647,0.96169
MVP,0.2413793103448276,0.7617647058823529,0.96108
MVP,0.25862068965517243,0.7617647058823529,0.96021
MVP,0.25862068965517243,0.7705882352941177,0.95773
MVP,0.25862068965517243,0.7764705882352941,0.95709
MVP,0.25862068965517243,0.7823529411764706,0.95539
MVP,0.27586206896551724,0.7823529411764706,0.95375
MVP,0.27586206896551724,0.7911764705882353,0.95241
MVP,0.29310344827586204,0.7911764705882353,0.95238
MVP,0.29310344827586204,0.7970588235294118,0.94848
MVP,0.3103448275862069,0.7970588235294118,0.94763
MVP,0.3103448275862069,0.8088235294117647,0.94398
MVP,0.3448275862068966,0.8088235294117647,0.94368
MVP,0.3620689655172414,0.8117647058823529,0.94307
MVP,0.3620689655172414,0.8264705882352941,0.9366
MVP,0.3793103448275862,0.8264705882352941,0.93381
MVP,0.3793103448275862,0.8470588235294118,0.92785
MVP,0.39655172413793105,0.8470588235294118,0.92723
MVP,0.39655172413793105,0.8647058823529412,0.9191
MVP,0.41379310344827586,0.8647058823529412,0.91796
MVP,0.41379310344827586,0.9,0.89481
MVP,0.43103448275862066,0.9,0.89423
MVP,0.43103448275862066,0.9058823529411765,0.89399
MVP,0.4482758620689655,0.9058823529411765,0.88986
MVP,0.4482758620689655,0.9176470588235294,0.88301
MVP,0.46551724137931033,0.9176470588235294,0.88282
MVP,0.46551724137931033,0.9235294117647059,0.87541
MVP,0.4827586206896552,0.9235294117647059,0.87151
MVP,0.4827586206896552,0.9294117647058824,0.85485
MVP,0.5172413793103449,0.9294117647058824,0.85428
MVP,0.5172413793103449,0.9323529411764706,0.85404
MVP,0.5344827586206896,0.9323529411764706,0.84191
MVP,0.5344827586206896,0.9558823529411765,0.81951
MVP,0.5517241379310345,0.9558823529411765,0.81913
MVP,0.5517241379310345,0.9588235294117647,0.8159
MVP,0.5689655172413793,0.9588235294117647,0.81161
MVP,0.5689655172413793,0.9735294117647059,0.77434
MVP,0.5862068965517241,0.9735294117647059,0.76891
MVP,0.5862068965517241,0.9764705882352941,0.76441
MVP,0.6206896551724138,0.9764705882352941,0.72911
MVP,0.6206896551724138,0.9823529411764705,0.6913
MVP,0.6379310344827587,0.9823529411764705,0.69089
MVP,0.6379310344827587,0.9852941176470589,0.69082
MVP,0.6551724137931034,0.9852941176470589,0.68615
MVP,0.6551724137931034,0.9911764705882353,0.67574
MVP,0.7241379310344828,0.9911764705882353,0.62865
MVP,0.7241379310344828,0.9941176470588236,0.61749
MVP,0.8448275862068966,0.9941176470588236,0.48523
MVP,0.8448275862068966,0.9970588235294118,0.47825
MVP,0.8793103448275862,0.9970588235294118,0.39341
MVP,0.8793103448275862,1.0,0.36062
MVP,0.9655172413793104,1.0,0.17001
MVP,1.0,1.0,0.1139
PHACTB,0.0,0.0,inf
PHACTB,0.0,0.011764705882352941,0.99427
PHACTB,0.0,0.01764705882352941,0.99297
PHACTB,0.0,0.03529411764705882,0.99183
PHACTB,0.0,0.052941176470588235,0.98982
PHACTB,0.0,0.05588235294117647,0.98892
PHACTB,0.0,0.06764705882352941,0.98806
PHACTB,0.0,0.07058823529411765,0.98723
PHACTB,0.0,0.07647058823529412,0.98645
PHACTB,0.0,0.08529411764705883,0.98365
PHACTB,0.0,0.09411764705882353,0.98301
PHACTB,0.0,0.1,0.98063
PHACTB,0.0,0.10882352941176471,0.98009
PHACTB,0.0,0.11176470588235295,0.97955
PHACTB,0.0,0.1264705882352941,0.97903
PHACTB,0.0,0.12941176470588237,0.97851
PHACTB,0.0,0.13529411764705881,0.978
PHACTB,0.0,0.13823529411764707,0.97751
PHACTB,0.0,0.14411764705882352,0.97704
PHACTB,0.0,0.15294117647058825,0.97656
PHACTB,0.0,0.1588235294117647,0.97565
PHACTB,0.0,0.1676470588235294,0.97477
PHACTB,0.0,0.17352941176470588,0.97434
PHACTB,0.0,0.18235294117647058,0.97392
PHACTB,0.0,0.19705882352941176,0.97154
PHACTB,0.0,0.20294117647058824,0.97117
PHACTB,0.0,0.20588235294117646,0.97008
PHACTB,0.0,0.21764705882352942,0.96938
PHACTB,0.0,0.22058823529411764,0.96903
PHACTB,0.0,0.22647058823529412,0.96869
PHACTB,0.0,0.23529411764705882,0.96802
PHACTB,0.0,0.23823529411764705,0.96737
PHACTB,0.0,0.24411764705882352,0.96673
PHACTB,0.0,0.24705882352941178,0.96461
PHACTB,0.0,0.25588235294117645,0.96432
PHACTB,0.0,0.26176470588235295,0.96375
PHACTB,0.0,0.27058823529411763,0.96346
PHACTB,0.0,0.27647058823529413,0.9629
PHACTB,0.0,0.2823529411764706,0.96263
PHACTB,0.0,0.3029411764705882,0.95877
PHACTB,0.0,0.3088235294117647,0.95853
PHACTB,0.0,0.3205882352941177,0.95712
PHACTB,0.0,0.3352941176470588,0.95689
PHACTB,0.0,0.3588235294117647,0.95148
PHACTB,0.0,0.36470588235294116,0.95072
PHACTB,0.0,0.3764705882352941,0.94961
PHACTB,0.0,0.38823529411764707,0.948
PHACTB,0.0,0.3941176470588235,0.94697
PHACTB,0.0,0.4,0.94646
PHACTB,0.0,0.4088235294117647,0.94531
PHACTB,0.0,0.4147058823529412,0.94515
PHACTB,0.0,0.4470588235294118,0.93791
PHACTB,0.0,0.45294117647058824,0.93751
PHACTB,0.0,0.4764705882352941,0.93305
PHACTB,0.0,0.4823529411764706,0.93282
PHACTB,0.0,0.49411764705882355,0.93099
PHACTB,0.017241379310344827,0.49411764705882355,0.93077
PHACTB,0.017241379310344827,0.5058823529411764,0.92904
PHACTB,0.017241379310344827,0.5117647058823529,0.92882
PHACTB,0.017241379310344827,0.5970588235294118,0.91301
PHACTB,0.017241379310344827,0.6029411764705882,0.91287
PHACTB,0.017241379310344827,0.6058823529411764,0.91258
PHACTB,0.017241379310344827,0.6176470588235294,0.90691
PHACTB,0.017241379310344827,0.6235294117647059,0.90627
PHACTB,0.034482758620689655,0.6235294117647059,0.90532
PHACTB,0.034482758620689655,0.65,0.89455
PHACTB,0.034482758620689655,0.6558823529411765,0.89278
PHACTB,0.034482758620689655,0.6588235294117647,0.89263
PHACTB,0.034482758620689655,0.6705882352941176,0.88808
PHACTB,0.034482758620689655,0.7294117647058823,0.87188
PHACTB,0.034482758620689655,0.7352941176470589,0.87155
PHACTB,0.034482758620689655,0.7411764705882353,0.87061
PHACTB,0.05172413793103448,0.7411764705882353,0.87034
PHACTB,0.05172413793103448,0.8058823529411765,0.84142
PHACTB,0.05172413793103448,0.8117647058823529,0.84027
PHACTB,0.05172413793103448,0.861764705882353,0.808
PHACTB,0.06896551724137931,0.861764705882353,0.80781
PHACTB,0.06896551724137931,0.8647058823529412,0.80672
PHACTB,0.08620689655172414,0.8647058823529412,0.80365
PHACTB,0.08620689655172414,0.8794117647058823,0.79255
PHACTB,0.10344827586206896,0.8794117647058823,0.78686
PHACTB,0.10344827586206896,0.8911764705882353,0.77101
PHACTB,0.1206896551724138,0.8911764705882353,0.76743
PHACTB,0.1206896551724138,0.9058823529411765,0.75887
PHACTB,0.13793103448275862,0.9058823529411765,0.75772
PHACTB,0.13793103448275862,0.9117647058823529,0.75617
PHACTB,0.15517241379310345,0.9117647058823529,0.75115
PHACTB,0.15517241379310345,0.9147058823529411,0.74783
PHACTB,0.1724137931034483,0.9147058823529411,0.74166
PHACTB,0.1724137931034483,0.9411764705882353,0.7098
PHACTB,0.1896551724137931,0.9411764705882353,0.70389
PHACTB,0.1896551724137931,0.9470588235294117,0.69496
PHACTB,0.20689655172413793,0.9470588235294117,0.69175
PHACTB,0.20689655172413793,0.961764705882353,0.67516
PHACTB,0.2413793103448276,0.961764705882353,0.66004
PHACTB,0.2413793103448276,0.9676470588235294,0.65263
PHACTB,0.3793103448275862,0.9676470588235294,0.59452
PHACTB,0.3793103448275862,0.9764705882352941,0.58489
PHACTB,0.39655172413793105,0.9764705882352941,0.58059
PHACTB,0.39655172413793105,0.9794117647058823,0.58018
PHACTB,0.46551724137931033,0.9794117647058823,0.51357
PHACTB,0.46551724137931033,0.9823529411764705,0.5097
PHACTB,0.4827586206896552,0.9823529411764705,0.48617
PHACTB,0.4827586206896552,0.9882352941176471,0.47635
PHACTB,0.5862068965517241,0.9882352941176471,0.41407
PHACTB,0.5862068965517241,0.9970588235294118,0.38892
PHACTB,0.7586206896551724,0.9970588235294118,0.27396
PHACTB,0.7586206896551724,1.0,0.25975
PHACTB,1.0,1.0,0.04503
POLYP2HDIV,0.0,0.0,inf
POLYP2HDIV,0.1724137931034483,0.5235294117647059,0.9058
POLYP2HDIV,0.1896551724137931,0.6058823529411764,0.77914
POLYP2HDIV,0.20689655172413793,0.6411764705882353,0.73231
POLYP2HDIV,0.20689655172413793,0.6676470588235294,0.70687
POLYP2HDIV,0.20689655172413793,0.6911764705882353,0.68795
POLYP2HDIV,0.22413793103448276,0.7176470588235294,0.67505
POLYP2HDIV,0.22413793103448276,0.7411764705882353,0.65587
POLYP2HDIV,0.22413793103448276,0.7588235294117647,0.64752
POLYP2HDIV,0.2413793103448276,0.7588235294117647,0.64084
POLYP2HDIV,0.2413793103448276,0.7617647058823529,0.63438
POLYP2HDIV,0.2413793103448276,0.7735294117647059,0.62839
POLYP2HDIV,0.2413793103448276,0.7823529411764706,0.62341
POLYP2HDIV,0.25862068965517243,0.788235294117647,0.61929
POLYP2HDIV,0.25862068965517243,0.7970588235294118,0.6154
POLYP2HDIV,0.25862068965517243,0.8058823529411765,0.60394
POLYP2HDIV,0.25862068965517243,0.8147058823529412,0.60051
POLYP2HDIV,0.25862068965517243,0.8264705882352941,0.58769
POLYP2HDIV,0.25862068965517243,0.8323529411764706,0.58089
POLYP2HDIV,0.27586206896551724,0.8382352941176471,0.57419
POLYP2HDIV,0.27586206896551724,0.8441176470588235,0.56423
POLYP2HDIV,0.29310344827586204,0.8470588235294118,0.56216
POLYP2HDIV,0.29310344827586204,0.8529411764705882,0.55869
POLYP2HDIV,0.3103448275862069,0.8529411764705882,0.55445
POLYP2HDIV,0.3103448275862069,0.8558823529411764,0.54679
POLYP2HDIV,0.3448275862068966,0.8558823529411764,0.54293
POLYP2HDIV,0.3448275862068966,0.8647058823529412,0.5349
POLYP2HDIV,0.3620689655172414,0.8647058823529412,0.52291
POLYP2HDIV,0.3620689655172414,0.8705882352941177,0.52216
POLYP2HDIV,0.3620689655172414,0.8735294117647059,0.51703
POLYP2HDIV,0.3793103448275862,0.8735294117647059,0.51624
POLYP2HDIV,0.3793103448275862,0.8764705882352941,0.51481
POLYP2HDIV,0.3793103448275862,0.8823529411764706,0.50762
POLYP2HDIV,0.3793103448275862,0.8852941176470588,0.50348
POLYP2HDIV,0.39655172413793105,0.8852941176470588,0.49038
POLYP2HDIV,0.39655172413793105,0.8941176470588236,0.48632
POLYP2HDIV,0.39655172413793105,0.9,0.483
POLYP2HDIV,0.43103448275862066,0.9,0.47572
POLYP2HDIV,0.43103448275862066,0.9117647058823529,0.46722
POLYP2HDIV,0.4482758620689655,0.9117647058823529,0.45752
POLYP2HDIV,0.4482758620689655,0.9235294117647059,0.43833
POLYP2HDIV,0.46551724137931033,0.9264705882352942,0.43246
POLYP2HDIV,0.4827586206896552,0.9264705882352942,0.43217
POLYP2HDIV,0.4827586206896552,0.9411764705882353,0.40008
POLYP2HDIV,0.5,0.9411764705882353,0.39161
POLYP2HDIV,0.5,0.9470588235294117,0.3747
POLYP2HDIV,0.5344827586206896,0.9470588235294117,0.36148
POLYP2HDIV,0.5344827586206896,0.9529411764705882,0.35403
POLYP2HDIV,0.5517241379310345,0.9529411764705882,0.34741
POLYP2HDIV,0.5517241379310345,0.9558823529411765,0.34304
POLYP2HDIV,0.5689655172413793,0.9558823529411765,0.3292
POLYP2HDIV,0.5689655172413793,0.9588235294117647,0.31701
POLYP2HDIV,0.6379310344827587,0.9588235294117647,0.29606
POLYP2HDIV,0.6379310344827587,0.9647058823529412,0.27517
POLYP2HDIV,0.6551724137931034,0.9647058823529412,0.24618
POLYP2HDIV,0.6551724137931034,0.9735294117647059,0.23391
POLYP2HDIV,0.6551724137931034,0.9764705882352941,0.21372
POLYP2HDIV,0.7241379310344828,0.9764705882352941,0.20256
POLYP2HDIV,0.7241379310344828,0.9823529411764705,0.19568
POLYP2HDIV,0.7413793103448276,0.9823529411764705,0.19419
POLYP2HDIV,0.7413793103448276,0.9852941176470589,0.18897
POLYP2HDIV,0.7586206896551724,0.9852941176470589,0.171
POLYP2HDIV,0.7931034482758621,0.9852941176470589,0.13655
POLYP2HDIV,0.8103448275862069,0.9852941176470589,0.13006
POLYP2HDIV,0.8448275862068966,0.9882352941176471,0.12194
POLYP2HDIV,0.8793103448275862,0.9882352941176471,0.09864
POLYP2HDIV,0.896551724137931,0.9911764705882353,0.0748
POLYP2HDIV,1.0,1.0,0.0295
POLYP2HVAR,0.0,0.0,inf
POLYP2HVAR,0.034482758620689655,0.18823529411764706,0.97365
POLYP2HVAR,0.06896551724137931,0.4294117647058823,0.92348
POLYP2HVAR,0.10344827586206896,0.47941176470588237,0.88579
POLYP2HVAR,0.1206896551724138,0.5088235294117647,0.86259
POLYP2HVAR,0.1206896551724138,0.5352941176470588,0.84488
POLYP2HVAR,0.1206896551724138,0.5558823529411765,0.83178
POLYP2HVAR,0.13793103448275862,0.5676470588235294,0.82066
POLYP2HVAR,0.13793103448275862,0.5823529411764706,0.81117
POLYP2HVAR,0.13793103448275862,0.5941176470588235,0.80453
POLYP2HVAR,0.13793103448275862,0.5970588235294118,0.7968
POLYP2HVAR,0.13793103448275862,0.6235294117647059,0.78943
POLYP2HVAR,0.13793103448275862,0.6352941176470588,0.78402
POLYP2HVAR,0.15517241379310345,0.638235294117647,0.77983
POLYP2HVAR,0.15517241379310345,0.6411764705882353,0.77493
POLYP2HVAR,0.15517241379310345,0.6647058823529411,0.76461
POLYP2HVAR,0.15517241379310345,0.6705882352941176,0.75798
POLYP2HVAR,0.15517241379310345,0.6735294117647059,0.75481
POLYP2HVAR,0.1724137931034483,0.6764705882352942,0.75172
POLYP2HVAR,0.1724137931034483,0.6823529411764706,0.74458
POLYP2HVAR,0.1724137931034483,0.6941176470588235,0.73565
POLYP2HVAR,0.1724137931034483,0.7029411764705882,0.73364
POLYP2HVAR,0.1724137931034483,0.7088235294117647,0.73159
POLYP2HVAR,0.1724137931034483,0.7147058823529412,0.72446
POLYP2HVAR,0.1896551724137931,0.7147058823529412,0.72228
POLYP2HVAR,0.1896551724137931,0.7176470588235294,0.71743
POLYP2HVAR,0.1896551724137931,0.7235294117647059,0.71532
POLYP2HVAR,0.1896551724137931,0.7352941176470589,0.699
POLYP2HVAR,0.20689655172413793,0.7352941176470589,0.69738
POLYP2HVAR,0.20689655172413793,0.7411764705882353,0.68403
POLYP2HVAR,0.20689655172413793,0.7588235294117647,0.669
POLYP2HVAR,0.2413793103448276,0.7588235294117647,0.66718
POLYP2HVAR,0.2413793103448276,0.7617647058823529,0.66591
POLYP2HVAR,0.2413793103448276,0.7676470588235295,0.6646
POLYP2HVAR,0.2413793103448276,0.788235294117647,0.64635
POLYP2HVAR,0.25862068965517243,0.788235294117647,0.64559
POLYP2HVAR,0.25862068965517243,0.8205882352941176,0.62233
POLYP2HVAR,0.25862068965517243,0.8264705882352941,0.61741
POLYP2HVAR,0.25862068965517243,0.8411764705882353,0.60222
POLYP2HVAR,0.27586206896551724,0.8411764705882353,0.59914
POLYP2HVAR,0.27586206896551724,0.85,0.58558
POLYP2HVAR,0.29310344827586204,0.85,0.57875
POLYP2HVAR,0.29310344827586204,0.8705882352941177,0.56057
POLYP2HVAR,0.3103448275862069,0.8705882352941177,0.55686
POLYP2HVAR,0.3103448275862069,0.8823529411764706,0.53468
POLYP2HVAR,0.3275862068965517,0.8823529411764706,0.52377
POLYP2HVAR,0.3275862068965517,0.8941176470588236,0.48965
POLYP2HVAR,0.3448275862068966,0.8941176470588236,0.47988
POLYP2HVAR,0.39655172413793105,0.8941176470588236,0.477
POLYP2HVAR,0.43103448275862066,0.8941176470588236,0.47058
POLYP2HVAR,0.43103448275862066,0.9088235294117647,0.45749
POLYP2HVAR,0.4482758620689655,0.9088235294117647,0.45684
POLYP2HVAR,0.4482758620689655,0.9117647058823529,0.45295
POLYP2HVAR,0.4827586206896552,0.9117647058823529,0.44215
POLYP2HVAR,0.4827586206896552,0.9176470588235294,0.44177
POLYP2HVAR,0.5,0.9176470588235294,0.42747
POLYP2HVAR,0.5,0.9235294117647059,0.42203
POLYP2HVAR,0.5172413793103449,0.9235294117647059,0.41825
POLYP2HVAR,0.5172413793103449,0.9382352941176471,0.37793
POLYP2HVAR,0.5517241379310345,0.9382352941176471,0.35396
POLYP2HVAR,0.5517241379310345,0.9411764705882353,0.34841
POLYP2HVAR,0.5689655172413793,0.9411764705882353,0.34474
POLYP2HVAR,0.5689655172413793,0.9470588235294117,0.3382
POLYP2HVAR,0.5862068965517241,0.9470588235294117,0.33075
POLYP2HVAR,0.5862068965517241,0.95,0.3109
POLYP2HVAR,0.6206896551724138,0.95,0.27544
POLYP2HVAR,0.6206896551724138,0.9558823529411765,0.2528
POLYP2HVAR,0.6379310344827587,0.9558823529411765,0.23989
POLYP2HVAR,0.6551724137931034,0.9588235294117647,0.21085
POLYP2HVAR,0.6551724137931034,0.9735294117647059,0.20792
POLYP2HVAR,0.6551724137931034,0.9764705882352941,0.20509
POLYP2HVAR,0.6724137931034483,0.9764705882352941,0.18782
POLYP2HVAR,0.7068965517241379,0.9764705882352941,0.18486
POLYP2HVAR,0.7068965517241379,0.9794117647058823,0.15518
POLYP2HVAR,0.7241379310344828,0.9794117647058823,0.14297
POLYP2HVAR,0.7586206896551724,0.9794117647058823,0.13705
POLYP2HVAR,0.8103448275862069,0.9852941176470589,0.12988
POLYP2HVAR,0.8275862068965517,0.9852941176470589,0.12129
POLYP2HVAR,0.8620689655172413,0.9852941176470589,0.10086
POLYP2HVAR,0.9137931034482759,0.9852941176470589,0.06938
POLYP2HVAR,0.9655172413793104,0.9970588235294118,0.04348
POLYP2HVAR,1.0,1.0,0.01384
PRIMAI,0.0,0.0,inf
PRIMAI,0.0,0.0029411764705882353,0.99858
PRIMAI,0.0,0.06470588235294118,0.98171
PRIMAI,0.0,0.07058823529411765,0.98125
PRIMAI,0.0,0.11764705882352941,0.96964
PRIMAI,0.0,0.12352941176470589,0.96844
PRIMAI,0.0,0.12941176470588237,0.96767
PRIMAI,0.0,0.13529411764705881,0.96754
PRIMAI,0.0,0.24411764705882352,0.93666
PRIMAI,0.0,0.25,0.93631
PRIMAI,0.0,0.28823529411764703,0.92367
PRIMAI,0.0,0.29411764705882354,0.92278
PRIMAI,0.0,0.3323529411764706,0.91509
PRIMAI,0.0,0.3382352941176471,0.91432
PRIMAI,0.0,0.35,0.91051
PRIMAI,0.0,0.3558823529411765,0.91033
PRIMAI,0.0,0.3764705882352941,0.90109
PRIMAI,0.017241379310344827,0.3764705882352941,0.90105
PRIMAI,0.017241379310344827,0.38823529411764707,0.89369
PRIMAI,0.034482758620689655,0.38823529411764707,0.89344
PRIMAI,0.034482758620689655,0.3941176470588235,0.89211
PRIMAI,0.034482758620689655,0.4,0.89063
PRIMAI,0.034482758620689655,0.4294117647058823,0.88052
PRIMAI,0.06896551724137931,0.4294117647058823,0.87793
PRIMAI,0.06896551724137931,0.43529411764705883,0.87752
PRIMAI,0.08620689655172414,0.43823529411764706,0.87614
PRIMAI,0.08620689655172414,0.4411764705882353,0.87445
PRIMAI,0.10344827586206896,0.4411764705882353,0.87444
PRIMAI,0.10344827586206896,0.4970588235294118,0.8583
PRIMAI,0.10344827586206896,0.5029411764705882,0.85753
PRIMAI,0.10344827586206896,0.5117647058823529,0.85687
PRIMAI,0.1206896551724138,0.5117647058823529,0.85618
PRIMAI,0.1206896551724138,0.5294117647058824,0.84693
PRIMAI,0.13793103448275862,0.5294117647058824,0.84632
PRIMAI,0.13793103448275862,0.5882352941176471,0.82564
PRIMAI,0.15517241379310345,0.5882352941176471,0.82563
PRIMAI,0.15517241379310345,0.5941176470588235,0.82246
PRIMAI,0.1724137931034483,0.5941176470588235,0.82226
PRIMAI,0.1724137931034483,0.6205882352941177,0.81101
PRIMAI,0.1896551724137931,0.6205882352941177,0.80849
PRIMAI,0.1896551724137931,0.6970588235294117,0.77118
PRIMAI,0.20689655172413793,0.6970588235294117,0.77087
PRIMAI,0.20689655172413793,0.7,0.77042
PRIMAI,0.22413793103448276,0.7,0.77029
PRIMAI,0.22413793103448276,0.7205882352941176,0.76014
PRIMAI,0.22413793103448276,0.7264705882352941,0.75739
PRIMAI,0.22413793103448276,0.7323529411764705,0.75624
PRIMAI,0.2413793103448276,0.7323529411764705,0.75395
PRIMAI,0.2413793103448276,0.7470588235294118,0.74904
PRIMAI,0.2413793103448276,0.7529411764705882,0.74832
PRIMAI,0.2413793103448276,0.7735294117647059,0.73388
PRIMAI,0.25862068965517243,0.7735294117647059,0.73076
PRIMAI,0.25862068965517243,0.7911764705882353,0.72509
PRIMAI,0.27586206896551724,0.7911764705882353,0.71579
PRIMAI,0.27586206896551724,0.8235294117647058,0.68712
PRIMAI,0.29310344827586204,0.8235294117647058,0.68535
PRIMAI,0.29310344827586204,0.8411764705882353,0.67407
PRIMAI,0.3103448275862069,0.8411764705882353,0.67219
PRIMAI,0.3103448275862069,0.8735294117647059,0.64075
PRIMAI,0.3275862068965517,0.8735294117647059,0.63493
PRIMAI,0.3275862068965517,0.8823529411764706,0.61004
PRIMAI,0.3448275862068966,0.8823529411764706,0.60834
PRIMAI,0.3448275862068966,0.8852941176470588,0.60829
PRIMAI,0.3620689655172414,0.8852941176470588,0.60814
PRIMAI,0.3620689655172414,0.9205882352941176,0.54174
PRIMAI,0.3793103448275862,0.9205882352941176,0.53896
PRIMAI,0.3793103448275862,0.9323529411764706,0.52189
PRIMAI,0.39655172413793105,0.9323529411764706,0.50927
PRIMAI,0.39655172413793105,0.95,0.45014
PRIMAI,0.41379310344827586,0.95,0.44186
PRIMAI,0.41379310344827586,0.9558823529411765,0.43289
PRIMAI,0.46551724137931033,0.9558823529411765,0.41258
PRIMAI,0.46551724137931033,0.9647058823529412,0.38517
PRIMAI,0.5,0.9647058823529412,0.38022
PRIMAI,0.5,0.9676470588235294,0.3764
PRIMAI,0.5172413793103449,0.9676470588235294,0.36489
PRIMAI,0.5172413793103449,0.9735294117647059,0.35098
PRIMAI,0.5344827586206896,0.9735294117647059,0.34929
PRIMAI,0.5344827586206896,0.9764705882352941,0.34505
PRIMAI,0.5689655172413793,0.9764705882352941,0.33572
PRIMAI,0.5689655172413793,0.9794117647058823,0.31971
PRIMAI,0.5862068965517241,0.9794117647058823,0.31325
PRIMAI,0.5862068965517241,0.9882352941176471,0.29966
PRIMAI,0.6896551724137931,0.9882352941176471,0.22781
PRIMAI,0.6896551724137931,0.9911764705882353,0.22533
PRIMAI,0.7413793103448276,0.9911764705882353,0.22043
PRIMAI,0.7413793103448276,0.9941176470588236,0.19136
PRIMAI,0.8103448275862069,0.9941176470588236,0.17575
PRIMAI,0.8103448275862069,1.0,0.16254
PRIMAI,1.0,1.0,0.00401
PROVEAN,0.0,0.0,inf
PROVEAN,0.0,0.0058823529411764705,0.99744
PROVEAN,0.0,0.026470588235294117,0.98223
PROVEAN,0.0,0.03823529411764706,0.981
PROVEAN,0.0,0.047058823529411764,0.97525
PROVEAN,0.0,0.058823529411764705,0.97359
PROVEAN,0.0,0.06764705882352941,0.97004
PROVEAN,0.0,0.07352941176470588,0.96911
PROVEAN,0.0,0.09705882352941177,0.95529
PROVEAN,0.0,0.10294117647058823,0.955
PROVEAN,0.0,0.13529411764705881,0.94581
PROVEAN,0.0,0.1411764705882353,0.94553
PROVEAN,0.0,0.14411764705882352,0.94473
PROVEAN,0.0,0.15,0.94393
PROVEAN,0.0,0.15294117647058825,0.94265
PROVEAN,0.0,0.16176470588235295,0.94186
PROVEAN,0.0,0.17058823529411765,0.93117
PROVEAN,0.0,0.17647058823529413,0.93
PROVEAN,0.0,0.18823529411764706,0.92496
PROVEAN,0.0,0.19705882352941176,0.92453
PROVEAN,0.0,0.2,0.92411
PROVEAN,0.0,0.20588235294117646,0.92366
PROVEAN,0.0,0.22941176470588234,0.91287
PROVEAN,0.0,0.23529411764705882,0.91246
PROVEAN,0.017241379310344827,0.23529411764705882,0.91036
PROVEAN,0.017241379310344827,0.2735294117647059,0.8779
PROVEAN,0.017241379310344827,0.2852941176470588,0.87717
PROVEAN,0.017241379310344827,0.2911764705882353,0.87641
PROVEAN,0.017241379310344827,0.3058823529411765,0.87561
PROVEAN,0.017241379310344827,0.31176470588235294,0.86945
PROVEAN,0.017241379310344827,0.3235294117647059,0.86639
PROVEAN,0.017241379310344827,0.3382352941176471,0.85951
PROVEAN,0.017241379310344827,0.34411764705882353,0.85874
PROVEAN,0.017241379310344827,0.35294117647058826,0.85572
PROVEAN,0.017241379310344827,0.3588235294117647,0.85499
PROVEAN,0.017241379310344827,0.36764705882352944,0.85056
PROVEAN,0.017241379310344827,0.3735294117647059,0.84984
PROVEAN,0.017241379310344827,0.3764705882352941,0.8484
PROVEAN,0.034482758620689655,0.3764705882352941,0.84629
PROVEAN,0.034482758620689655,0.38529411764705884,0.84485
PROVEAN,0.034482758620689655,0.3911764705882353,0.84415
PROVEAN,0.034482758620689655,0.4,0.83052
PROVEAN,0.05172413793103448,0.4,0.82599
PROVEAN,0.05172413793103448,0.4117647058823529,0.81545
PROVEAN,0.05172413793103448,0.4176470588235294,0.813
PROVEAN,0.05172413793103448,0.4264705882352941,0.80714
PROVEAN,0.05172413793103448,0.4441176470588235,0.80373
PROVEAN,0.05172413793103448,0.4588235294117647,0.79516
PROVEAN,0.05172413793103448,0.4647058823529412,0.79176
PROVEAN,0.05172413793103448,0.47352941176470587,0.78839
PROVEAN,0.05172413793103448,0.47941176470588237,0.78669
PROVEAN,0.05172413793103448,0.4823529411764706,0.78586
PROVEAN,0.05172413793103448,0.48823529411764705,0.78505
PROVEAN,0.05172413793103448,0.49117647058823527,0.78254
PROVEAN,0.06896551724137931,0.49117647058823527,0.78167
PROVEAN,0.06896551724137931,0.4970588235294118,0.77997
PROVEAN,0.08620689655172414,0.5,0.77913
PROVEAN,0.08620689655172414,0.5088235294117647,0.77092
PROVEAN,0.08620689655172414,0.5147058823529411,0.76853
PROVEAN,0.08620689655172414,0.5176470588235295,0.76365
PROVEAN,0.08620689655172414,0.5235294117647059,0.76204
PROVEAN,0.08620689655172414,0.5441176470588235,0.72631
PROVEAN,0.08620689655172414,0.5705882352941176,0.71919
PROVEAN,0.08620689655172414,0.5794117647058824,0.71677
PROVEAN,0.08620689655172414,0.5911764705882353,0.71314
PROVEAN,0.08620689655172414,0.6,0.71195
PROVEAN,0.08620689655172414,0.6029411764705882,0.70711
PROVEAN,0.08620689655172414,0.6147058823529412,0.70351
PROVEAN,0.08620689655172414,0.6176470588235294,0.70228
PROVEAN,0.08620689655172414,0.6235294117647059,0.70105
PROVEAN,0.08620689655172414,0.6264705882352941,0.69987
PROVEAN,0.08620689655172414,0.6323529411764706,0.69751
PROVEAN,0.08620689655172414,0.6441176470588236,0.69272
PROVEAN,0.08620689655172414,0.6470588235294118,0.69154
PROVEAN,0.08620689655172414,0.6558823529411765,0.69035
PROVEAN,0.08620689655172414,0.6617647058823529,0.68915
PROVEAN,0.08620689655172414,0.6647058823529411,0.68446
PROVEAN,0.08620689655172414,0.6705882352941176,0.67975
PROVEAN,0.08620689655172414,0.6735294117647059,0.67858
PROVEAN,0.10344827586206896,0.6735294117647059,0.66927
PROVEAN,0.10344827586206896,0.6794117647058824,0.66811
PROVEAN,0.1206896551724138,0.6794117647058824,0.66466
PROVEAN,0.1206896551724138,0.6823529411764706,0.66354
PROVEAN,0.13793103448275862,0.6823529411764706,0.66002
PROVEAN,0.13793103448275862,0.7,0.63348
PROVEAN,0.15517241379310345,0.7,0.63232
PROVEAN,0.15517241379310345,0.7029411764705882,0.63
PROVEAN,0.15517241379310345,0.7147058823529412,0.62369
PROVEAN,0.15517241379310345,0.7176470588235294,0.62181
PROVEAN,0.1724137931034483,0.7176470588235294,0.61896
PROVEAN,0.1724137931034483,0.7294117647058823,0.6038
PROVEAN,0.1724137931034483,0.7441176470588236,0.6022
PROVEAN,0.1724137931034483,0.7470588235294118,0.6006
PROVEAN,0.1724137931034483,0.7588235294117647,0.59576
PROVEAN,0.1724137931034483,0.7676470588235295,0.58599
PROVEAN,0.1724137931034483,0.7735294117647059,0.58437
PROVEAN,0.1724137931034483,0.7764705882352941,0.58278
PROVEAN,0.1724137931034483,0.7823529411764706,0.5795
PROVEAN,0.1724137931034483,0.7852941176470588,0.57791
PROVEAN,0.1724137931034483,0.7911764705882353,0.57463
PROVEAN,0.1724137931034483,0.7970588235294118,0.57138
PROVEAN,0.20689655172413793,0.8,0.55847
PROVEAN,0.20689655172413793,0.8029411764705883,0.55688
PROVEAN,0.20689655172413793,0.8117647058823529,0.55049
PROVEAN,0.22413793103448276,0.8147058823529412,0.53599
PROVEAN,0.22413793103448276,0.8235294117647058,0.52633
PROVEAN,0.25862068965517243,0.8235294117647058,0.5231
PROVEAN,0.25862068965517243,0.8382352941176471,0.50191
PROVEAN,0.27586206896551724,0.8411764705882353,0.49699
PROVEAN,0.29310344827586204,0.8411764705882353,0.49533
PROVEAN,0.29310344827586204,0.8470588235294118,0.49201
PROVEAN,0.3103448275862069,0.8470588235294118,0.49032
PROVEAN,0.3103448275862069,0.85,0.48864
PROVEAN,0.3275862068965517,0.8529411764705882,0.48196
PROVEAN,0.3275862068965517,0.8558823529411764,0.47693
PROVEAN,0.3448275862068966,0.8558823529411764,0.45412
PROVEAN,0.3448275862068966,0.8588235294117647,0.44859
PROVEAN,0.3620689655172414,0.8588235294117647,0.44664
PROVEAN,0.3620689655172414,0.8647058823529412,0.44478
PROVEAN,0.3793103448275862,0.8647058823529412,0.441
PROVEAN,0.3793103448275862,0.8794117647058823,0.38917
PROVEAN,0.39655172413793105,0.8794117647058823,0.38532
PROVEAN,0.41379310344827586,0.8823529411764706,0.38336
PROVEAN,0.43103448275862066,0.8823529411764706,0.37748
PROVEAN,0.43103448275862066,0.888235294117647,0.37554
PROVEAN,0.43103448275862066,0.8911764705882353,0.36966
PROVEAN,0.4482758620689655,0.8911764705882353,0.36772
PROVEAN,0.4482758620689655,0.8970588235294118,0.35175
PROVEAN,0.46551724137931033,0.8970588235294118,0.34775
PROVEAN,0.4827586206896552,0.9,0.34575
PROVEAN,0.4827586206896552,0.9088235294117647,0.32764
PROVEAN,0.5,0.9088235294117647,0.31545
PROVEAN,0.5344827586206896,0.9088235294117647,0.31138
PROVEAN,0.5689655172413793,0.9088235294117647,0.30521
PROVEAN,0.5689655172413793,0.9147058823529411,0.29487
PROVEAN,0.603448275862069,0.9147058823529411,0.29076
PROVEAN,0.603448275862069,0.9176470588235294,0.2825
PROVEAN,0.6206896551724138,0.9176470588235294,0.28043
PROVEAN,0.6379310344827587,0.9205882352941176,0.27834
PROVEAN,0.6551724137931034,0.9205882352941176,0.2742
PROVEAN,0.6551724137931034,0.9235294117647059,0.27215
PROVEAN,0.6724137931034483,0.9264705882352942,0.26798
PROVEAN,0.6896551724137931,0.9264705882352942,0.26593
PROVEAN,0.7068965517241379,0.9294117647058824,0.25723
PROVEAN,0.7068965517241379,0.9411764705882353,0.23537
PROVEAN,0.7413793103448276,0.9411764705882353,0.22672
PROVEAN,0.7413793103448276,0.9441176470588235,0.22452
PROVEAN,0.7586206896551724,0.95,0.22237
PROVEAN,0.7586206896551724,0.9558823529411765,0.2202
PROVEAN,0.7586206896551724,0.961764705882353,0.21156
PROVEAN,0.7758620689655172,0.9676470588235294,0.20943
PROVEAN,0.7758620689655172,0.9705882352941176,0.19869
PROVEAN,0.7758620689655172,0.9764705882352941,0.19656
PROVEAN,0.8103448275862069,0.9764705882352941,0.18604
PROVEAN,0.8103448275862069,0.9794117647058823,0.18393
PROVEAN,0.8275862068965517,0.9794117647058823,0.16529
PROVEAN,0.8448275862068966,0.9823529411764705,0.16117
PROVEAN,0.8448275862068966,0.9852941176470589,0.15916
PROVEAN,0.8793103448275862,0.9852941176470589,0.14318
PROVEAN,0.8793103448275862,0.9911764705882353,0.10767
PROVEAN,0.9137931034482759,0.9911764705882353,0.10415
PROVEAN,0.9137931034482759,0.9941176470588236,0.08754
PROVEAN,0.9310344827586207,0.9941176470588236,0.07547
PROVEAN,0.9310344827586207,0.9970588235294118,0.04283
PROVEAN,1.0,0.9970588235294118,0.01375
PROVEAN,1.0,1.0,0.00563
REVEL,0.0,0.0,inf
REVEL,0.0,0.0029411764705882353,0.99986
REVEL,0.0,0.008823529411764706,0.99961
REVEL,0.0,0.011764705882352941,0.99952
REVEL,0.0,0.023529411764705882,0.9993
REVEL,0.0,0.026470588235294117,0.99918
REVEL,0.0,0.052941176470588235,0.99874
REVEL,0.0,0.058823529411764705,0.99858
REVEL,0.0,0.07058823529411765,0.9984
REVEL,0.0,0.09411764705882353,0.99822
REVEL,0.017241379310344827,0.10294117647058823,0.99803
REVEL,0.017241379310344827,0.11764705882352941,0.99783
REVEL,0.017241379310344827,0.12941176470588237,0.9974
REVEL,0.017241379310344827,0.14705882352941177,0.99718
REVEL,0.017241379310344827,0.16176470588235295,0.99695
REVEL,0.017241379310344827,0.16470588235294117,0.99671
REVEL,0.034482758620689655,0.17058823529411765,0.99647
REVEL,0.034482758620689655,0.17647058823529413,0.99622
REVEL,0.034482758620689655,0.18529411764705883,0.99571
REVEL,0.034482758620689655,0.20294117647058824,0.99545
REVEL,0.034482758620689655,0.21176470588235294,0.99518
REVEL,0.034482758620689655,0.21470588235294116,0.99491
REVEL,0.034482758620689655,0.22058823529411764,0.99463
REVEL,0.034482758620689655,0.23823529411764705,0.99405
REVEL,0.034482758620689655,0.24411764705882352,0.99376
REVEL,0.034482758620689655,0.26176470588235295,0.99346
REVEL,0.05172413793103448,0.2735294117647059,0.99315
REVEL,0.05172413793103448,0.2911764705882353,0.99285
REVEL,0.05172413793103448,0.3029411764705882,0.99253
REVEL,0.05172413793103448,0.31470588235294117,0.99189
REVEL,0.05172413793103448,0.3235294117647059,0.99157
REVEL,0.05172413793103448,0.32941176470588235,0.99124
REVEL,0.05172413793103448,0.35294117647058826,0.99057
REVEL,0.05172413793103448,0.37058823529411766,0.98955
REVEL,0.05172413793103448,0.37941176470588234,0.98921
REVEL,0.06896551724137931,0.38529411764705884,0.98886
REVEL,0.06896551724137931,0.38823529411764707,0.9885
REVEL,0.06896551724137931,0.39705882352941174,0.98815
REVEL,0.06896551724137931,0.4088235294117647,0.98779
REVEL,0.06896551724137931,0.4176470588235294,0.98743
REVEL,0.06896551724137931,0.42058823529411765,0.98707
REVEL,0.06896551724137931,0.4323529411764706,0.98671
REVEL,0.06896551724137931,0.43529411764705883,0.98634
REVEL,0.06896551724137931,0.45,0.98598
REVEL,0.06896551724137931,0.45588235294117646,0.98525
REVEL,0.06896551724137931,0.4676470588235294,0.98488
REVEL,0.06896551724137931,0.47941176470588237,0.98339
REVEL,0.08620689655172414,0.49117647058823527,0.98265
REVEL,0.08620689655172414,0.49411764705882355,0.98227
REVEL,0.08620689655172414,0.5176470588235295,0.98114
REVEL,0.08620689655172414,0.5323529411764706,0.98076
REVEL,0.08620689655172414,0.538235294117647,0.98001
REVEL,0.08620689655172414,0.5441176470588235,0.97963
REVEL,0.08620689655172414,0.5529411764705883,0.97887
REVEL,0.08620689655172414,0.5647058823529412,0.97583
REVEL,0.08620689655172414,0.5705882352941176,0.97508
REVEL,0.08620689655172414,0.5794117647058824,0.97394
REVEL,0.08620689655172414,0.5823529411764706,0.97356
REVEL,0.08620689655172414,0.6058823529411764,0.97092
REVEL,0.08620689655172414,0.6088235294117647,0.97054
REVEL,0.10344827586206896,0.611764705882353,0.96979
REVEL,0.10344827586206896,0.6235294117647059,0.96606
REVEL,0.10344827586206896,0.6294117647058823,0.96494
REVEL,0.10344827586206896,0.6323529411764706,0.96419
REVEL,0.10344827586206896,0.6441176470588236,0.96345
REVEL,0.10344827586206896,0.6617647058823529,0.96013
REVEL,0.1206896551724138,0.6617647058823529,0.95939
REVEL,0.1206896551724138,0.6705882352941176,0.95754
REVEL,0.1206896551724138,0.6764705882352942,0.95717
REVEL,0.1206896551724138,0.6852941176470588,0.95273
REVEL,0.1206896551724138,0.6911764705882353,0.95236
REVEL,0.1206896551724138,0.7,0.95012
REVEL,0.13793103448275862,0.7,0.94975
REVEL,0.13793103448275862,0.7176470588235294,0.94411
REVEL,0.13793103448275862,0.7294117647058823,0.94182
REVEL,0.15517241379310345,0.7352941176470589,0.93912
REVEL,0.15517241379310345,0.7529411764705882,0.93244
REVEL,0.1724137931034483,0.7558823529411764,0.93165
REVEL,0.1724137931034483,0.7823529411764706,0.92184
REVEL,0.1724137931034483,0.7941176470588235,0.91551
REVEL,0.1724137931034483,0.8,0.90859
REVEL,0.1724137931034483,0.8058823529411765,0.90816
REVEL,0.1724137931034483,0.8147058823529412,0.90463
REVEL,0.1896551724137931,0.8147058823529412,0.90374
REVEL,0.20689655172413793,0.8176470588235294,0.90195
REVEL,0.20689655172413793,0.8323529411764706,0.89377
REVEL,0.20689655172413793,0.8382352941176471,0.89145
REVEL,0.22413793103448276,0.8411764705882353,0.88771
REVEL,0.2413793103448276,0.8411764705882353,0.88487
REVEL,0.2413793103448276,0.8529411764705882,0.87618
REVEL,0.25862068965517243,0.8529411764705882,0.87471
REVEL,0.25862068965517243,0.8558823529411764,0.87421
REVEL,0.27586206896551724,0.8588235294117647,0.87323
REVEL,0.29310344827586204,0.8588235294117647,0.86724
REVEL,0.29310344827586204,0.8647058823529412,0.8596
REVEL,0.3103448275862069,0.8647058823529412,0.85389
REVEL,0.3103448275862069,0.8735294117647059,0.84699
REVEL,0.3275862068965517,0.8735294117647059,0.84592
REVEL,0.3275862068965517,0.8794117647058823,0.84268
REVEL,0.3275862068965517,0.8852941176470588,0.84159
REVEL,0.3448275862068966,0.8852941176470588,0.8405
REVEL,0.3448275862068966,0.888235294117647,0.82883
REVEL,0.3620689655172414,0.888235294117647,0.82769
REVEL,0.3620689655172414,0.8941176470588236,0.82485
REVEL,0.3793103448275862,0.8941176470588236,0.81097
REVEL,0.3793103448275862,0.8970588235294118,0.80743
REVEL,0.41379310344827586,0.9029411764705882,0.80325
REVEL,0.41379310344827586,0.9235294117647059,0.7855
REVEL,0.43103448275862066,0.9235294117647059,0.78299
REVEL,0.43103448275862066,0.9352941176470588,0.75215
REVEL,0.4482758620689655,0.9352941176470588,0.74452
REVEL,0.4482758620689655,0.9382352941176471,0.73739
REVEL,0.46551724137931033,0.9411764705882353,0.73667
REVEL,0.46551724137931033,0.9470588235294117,0.7323
REVEL,0.5172413793103449,0.9470588235294117,0.71562
REVEL,0.5172413793103449,0.9558823529411765,0.70364
REVEL,0.5344827586206896,0.9558823529411765,0.69702
REVEL,0.5344827586206896,0.9676470588235294,0.6612
REVEL,0.5689655172413793,0.9676470588235294,0.65143
REVEL,0.5689655172413793,0.9735294117647059,0.60374
REVEL,0.5689655172413793,0.9794117647058823,0.60256
REVEL,0.5862068965517241,0.9794117647058823,0.60137
REVEL,0.5862068965517241,0.9852941176470589,0.58926
REVEL,0.603448275862069,0.9852941176470589,0.57919
REVEL,0.603448275862069,0.9911764705882353,0.56616
REVEL,0.6206896551724138,0.9911764705882353,0.56217
REVEL,0.6206896551724138,0.9941176470588236,0.56082
REVEL,0.7068965517241379,0.9941176470588236,0.41066
REVEL,0.7068965517241379,0.9970588235294118,0.40878
REVEL,0.7241379310344828,0.9970588235294118,0.40311
REVEL,0.7241379310344828,1.0,0.39929
REVEL,0.9655172413793104,1.0,0.07976
REVEL,1.0,1.0,0.04585
SIFT,0.0,0.0,inf
SIFT,0.034482758620689655,0.4,0.91343
SIFT,0.06896551724137931,0.6029411764705882,0.78662
SIFT,0.08620689655172414,0.6617647058823529,0.72322
SIFT,0.10344827586206896,0.6882352941176471,0.68399
SIFT,0.13793103448275862,0.7029411764705882,0.65576
SIFT,0.1724137931034483,0.7294117647058823,0.63383
SIFT,0.1724137931034483,0.7411764705882353,0.61594
SIFT,0.20689655172413793,0.7470588235294118,0.60085
SIFT,0.25862068965517243,0.7588235294117647,0.58783
SIFT,0.25862068965517243,0.7676470588235295,0.57638
SIFT,0.27586206896551724,0.7676470588235295,0.56615
SIFT,0.27586206896551724,0.7705882352941177,0.55689
SIFT,0.27586206896551724,0.7764705882352941,0.54841
SIFT,0.27586206896551724,0.7823529411764706,0.53331
SIFT,0.29310344827586204,0.7852941176470588,0.5265
SIFT,0.29310344827586204,0.7911764705882353,0.51407
SIFT,0.3103448275862069,0.7941176470588235,0.50835
SIFT,0.3275862068965517,0.8,0.50291
SIFT,0.3275862068965517,0.8117647058823529,0.48345
SIFT,0.3448275862068966,0.8147058823529412,0.47069
SIFT,0.3448275862068966,0.8176470588235294,0.46673
SIFT,0.3448275862068966,0.8235294117647058,0.46288
SIFT,0.3448275862068966,0.8294117647058824,0.44516
SIFT,0.3620689655172414,0.8382352941176471,0.44188
SIFT,0.3620689655172414,0.85,0.42072
SIFT,0.39655172413793105,0.85,0.40988
SIFT,0.39655172413793105,0.8558823529411764,0.39974
SIFT,0.41379310344827586,0.8558823529411764,0.39251
SIFT,0.41379310344827586,0.8676470588235294,0.3856
SIFT,0.43103448275862066,0.8705882352941177,0.38118
SIFT,0.43103448275862066,0.8764705882352941,0.37688
SIFT,0.43103448275862066,0.8823529411764706,0.36262
SIFT,0.43103448275862066,0.888235294117647,0.35875
SIFT,0.4482758620689655,0.888235294117647,0.35312
SIFT,0.4482758620689655,0.8911764705882353,0.34947
SIFT,0.46551724137931033,0.8911764705882353,0.34767
SIFT,0.46551724137931033,0.9,0.33898
SIFT,0.4827586206896552,0.9,0.33397
SIFT,0.4827586206896552,0.9058823529411765,0.33072
SIFT,0.5,0.9058823529411765,0.32912
SIFT,0.5,0.9235294117647059,0.30233
SIFT,0.5344827586206896,0.9235294117647059,0.29423
SIFT,0.5344827586206896,0.9264705882352942,0.29292
SIFT,0.5517241379310345,0.9264705882352942,0.28279
SIFT,0.5517241379310345,0.9323529411764706,0.27555
SIFT,0.5517241379310345,0.9382352941176471,0.27322
SIFT,0.5517241379310345,0.9411764705882353,0.27092
SIFT,0.5689655172413793,0.9411764705882353,0.26317
SIFT,0.5689655172413793,0.95,0.23211
SIFT,0.5862068965517241,0.95,0.22338
SIFT,0.603448275862069,0.9529411764705882,0.21997
SIFT,0.6206896551724138,0.9529411764705882,0.21578
SIFT,0.6206896551724138,0.9558823529411765,0.21254
SIFT,0.6379310344827587,0.9558823529411765,0.20867
SIFT,0.6379310344827587,0.961764705882353,0.2026
SIFT,0.6724137931034483,0.961764705882353,0.18662
SIFT,0.6724137931034483,0.9676470588235294,0.17919
SIFT,0.7068965517241379,0.9676470588235294,0.1774
SIFT,0.7586206896551724,0.9676470588235294,0.17278
SIFT,0.7586206896551724,0.9705882352941176,0.17108
SIFT,0.7931034482758621,0.9705882352941176,0.16942
SIFT,0.7931034482758621,0.9735294117647059,0.16612
SIFT,0.8275862068965517,0.9735294117647059,0.15858
SIFT,0.8275862068965517,0.9794117647058823,0.15338
SIFT,0.8275862068965517,0.9823529411764705,0.15184
SIFT,0.8448275862068966,0.9823529411764705,0.14728
SIFT,0.8448275862068966,0.9852941176470589,0.13383
SIFT,0.8793103448275862,0.9852941176470589,0.1218
SIFT,0.8793103448275862,0.9882352941176471,0.11952
SIFT,0.9482758620689655,0.9882352941176471,0.08662
SIFT,0.9482758620689655,0.9911764705882353,0.05703
SIFT,0.9827586206896551,0.9911764705882353,0.0349
SIFT,0.9827586206896551,0.9970588235294118,0.02423
SIFT,1.0,1.0,0.00968
SIFT4G,0.0,0.0,inf
SIFT4G,0.017241379310344827,0.2852941176470588,0.92967
SIFT4G,0.034482758620689655,0.40294117647058825,0.83643
SIFT4G,0.06896551724137931,0.5058823529411764,0.79703
SIFT4G,0.06896551724137931,0.5588235294117647,0.76775
SIFT4G,0.08620689655172414,0.5705882352941176,0.74454
SIFT4G,0.08620689655172414,0.5911764705882353,0.7253
SIFT4G,0.10344827586206896,0.6029411764705882,0.70891
SIFT4G,0.10344827586206896,0.611764705882353,0.69466
SIFT4G,0.10344827586206896,0.6235294117647059,0.68204
SIFT4G,0.13793103448275862,0.6294117647058823,0.67073
SIFT4G,0.13793103448275862,0.6323529411764706,0.66047
SIFT4G,0.13793103448275862,0.6411764705882353,0.65108
SIFT4G,0.15517241379310345,0.6441176470588236,0.64242
SIFT4G,0.15517241379310345,0.6470588235294118,0.63436
SIFT4G,0.15517241379310345,0.6558823529411765,0.62681
SIFT4G,0.15517241379310345,0.6588235294117647,0.61973
SIFT4G,0.1896551724137931,0.6617647058823529,0.61305
SIFT4G,0.1896551724137931,0.6676470588235294,0.5895
SIFT4G,0.1896551724137931,0.6735294117647059,0.57928
SIFT4G,0.20689655172413793,0.6735294117647059,0.56535
SIFT4G,0.2413793103448276,0.6764705882352942,0.56104
SIFT4G,0.2413793103448276,0.6823529411764706,0.54888
SIFT4G,0.27586206896551724,0.6823529411764706,0.54136
SIFT4G,0.27586206896551724,0.6852941176470588,0.53775
SIFT4G,0.29310344827586204,0.6852941176470588,0.5241
SIFT4G,0.3103448275862069,0.6882352941176471,0.52087
SIFT4G,0.3103448275862069,0.6941176470588235,0.51463
SIFT4G,0.3103448275862069,0.7,0.50866
SIFT4G,0.3448275862068966,0.7,0.50294
SIFT4G,0.3448275862068966,0.7058823529411765,0.49742
SIFT4G,0.3448275862068966,0.7205882352941176,0.49472
SIFT4G,0.3620689655172414,0.7352941176470589,0.49207
SIFT4G,0.3793103448275862,0.7352941176470589,0.48688
SIFT4G,0.3793103448275862,0.7382352941176471,0.48432
SIFT4G,0.3793103448275862,0.75,0.47932
SIFT4G,0.39655172413793105,0.75,0.47448
SIFT4G,0.39655172413793105,0.7529411764705882,0.46312
SIFT4G,0.39655172413793105,0.7588235294117647,0.46094
SIFT4G,0.39655172413793105,0.7647058823529411,0.44651
SIFT4G,0.41379310344827586,0.7647058823529411,0.44069
SIFT4G,0.41379310344827586,0.7764705882352941,0.43507
SIFT4G,0.41379310344827586,0.7794117647058824,0.43323
SIFT4G,0.43103448275862066,0.7794117647058824,0.43141
SIFT4G,0.43103448275862066,0.7970588235294118,0.4077
SIFT4G,0.43103448275862066,0.8058823529411765,0.40612
SIFT4G,0.43103448275862066,0.8117647058823529,0.39834
SIFT4G,0.43103448275862066,0.8205882352941176,0.39683
SIFT4G,0.43103448275862066,0.8235294117647058,0.39532
SIFT4G,0.4482758620689655,0.8264705882352941,0.38791
SIFT4G,0.46551724137931033,0.8264705882352941,0.38356
SIFT4G,0.46551724137931033,0.8323529411764706,0.36569
SIFT4G,0.5,0.8323529411764706,0.35048
SIFT4G,0.5,0.8382352941176471,0.34809
SIFT4G,0.5,0.85,0.33109
SIFT4G,0.5,0.8558823529411764,0.32786
SIFT4G,0.5,0.8588235294117647,0.32679
SIFT4G,0.5,0.8647058823529412,0.32573
SIFT4G,0.5,0.8676470588235294,0.31849
SIFT4G,0.5,0.8735294117647059,0.31545
SIFT4G,0.5,0.8852941176470588,0.29853
SIFT4G,0.5689655172413793,0.8852941176470588,0.27627
SIFT4G,0.5689655172413793,0.8911764705882353,0.26765
SIFT4G,0.5689655172413793,0.8970588235294118,0.26522
SIFT4G,0.5689655172413793,0.9029411764705882,0.26122
SIFT4G,0.5862068965517241,0.9029411764705882,0.25427
SIFT4G,0.6206896551724138,0.9088235294117647,0.24837
SIFT4G,0.6206896551724138,0.9147058823529411,0.24129
SIFT4G,0.6724137931034483,0.9147058823529411,0.23444
SIFT4G,0.6724137931034483,0.9176470588235294,0.23241
SIFT4G,0.7068965517241379,0.9205882352941176,0.2277
SIFT4G,0.7413793103448276,0.9205882352941176,0.21209
SIFT4G,0.7413793103448276,0.9264705882352942,0.19976
SIFT4G,0.7931034482758621,0.9264705882352942,0.19266
SIFT4G,0.7931034482758621,0.9294117647058824,0.19151
SIFT4G,0.8275862068965517,0.9294117647058824,0.18694
SIFT4G,0.8275862068965517,0.9352941176470588,0.16996
SIFT4G,0.8448275862068966,0.9352941176470588,0.16457
SIFT4G,0.8448275862068966,0.9382352941176471,0.16261
SIFT4G,0.8620689655172413,0.9382352941176471,0.15725
SIFT4G,0.8620689655172413,0.9705882352941176,0.10371
SIFT4G,0.8793103448275862,0.9705882352941176,0.10299
SIFT4G,0.8793103448275862,0.9735294117647059,0.09075
SIFT4G,0.896551724137931,0.9735294117647059,0.08825
SIFT4G,0.896551724137931,0.9852941176470589,0.07082
SIFT4G,0.9137931034482759,0.9852941176470589,0.06595
SIFT4G,0.9137931034482759,0.9882352941176471,0.05958
SIFT4G,0.9655172413793104,0.9882352941176471,0.05118
SIFT4G,0.9655172413793104,0.9970588235294118,0.02889
SIFT4G,1.0,1.0,0.01173
VAR_ER,0.0,0.0,inf
VAR_ER,0.0,0.0029411764705882353,0.99882
VAR_ER,0.0,0.19411764705882353,0.93796
VAR_ER,0.0,0.2,0.93786
VAR_ER,0.0,0.3,0.91398
VAR_ER,0.0,0.3088235294117647,0.91288
VAR_ER,0.0,0.4676470588235294,0.86232
VAR_ER,0.0,0.47352941176470587,0.86148
VAR_ER,0.0,0.5676470588235294,0.82214
VAR_ER,0.0,0.5735294117647058,0.81994
VAR_ER,0.017241379310344827,0.5735294117647058,0.81988
VAR_ER,0.017241379310344827,0.6058823529411764,0.80203
VAR_ER,0.034482758620689655,0.6058823529411764,0.80166
VAR_ER,0.034482758620689655,0.6176470588235294,0.79599
VAR_ER,0.034482758620689655,0.6235294117647059,0.79485
VAR_ER,0.034482758620689655,0.6941176470588235,0.74256
VAR_ER,0.034482758620689655,0.7,0.74128
VAR_ER,0.034482758620689655,0.7264705882352941,0.73051
VAR_ER,0.05172413793103448,0.7264705882352941,0.72651
VAR_ER,0.05172413793103448,0.7352941176470589,0.72337
VAR_ER,0.06896551724137931,0.7352941176470589,0.72272
VAR_ER,0.06896551724137931,0.7382352941176471,0.72103
VAR_ER,0.08620689655172414,0.7382352941176471,0.72098
VAR_ER,0.08620689655172414,0.8117647058823529,0.67148
VAR_ER,0.10344827586206896,0.8117647058823529,0.66944
VAR_ER,0.10344827586206896,0.8294117647058824,0.66245
VAR_ER,0.10344827586206896,0.8352941176470589,0.65581
VAR_ER,0.10344827586206896,0.8588235294117647,0.64294
VAR_ER,0.10344827586206896,0.8647058823529412,0.63832
VAR_ER,0.10344827586206896,0.8676470588235294,0.63531
VAR_ER,0.10344827586206896,0.8735294117647059,0.63013
VAR_ER,0.10344827586206896,0.8764705882352941,0.61922
VAR_ER,0.1206896551724138,0.8764705882352941,0.61832
VAR_ER,0.1206896551724138,0.8852941176470588,0.6016
VAR_ER,0.13793103448275862,0.8852941176470588,0.59854
VAR_ER,0.13793103448275862,0.8911764705882353,0.59538
VAR_ER,0.15517241379310345,0.8911764705882353,0.59191
VAR_ER,0.15517241379310345,0.9029411764705882,0.56659
VAR_ER,0.1896551724137931,0.9029411764705882,0.56115
VAR_ER,0.1896551724137931,0.9088235294117647,0.55285
VAR_ER,0.20689655172413793,0.9088235294117647,0.54545
VAR_ER,0.20689655172413793,0.9147058823529411,0.53546
VAR_ER,0.22413793103448276,0.9147058823529411,0.53327
VAR_ER,0.22413793103448276,0.9205882352941176,0.52316
VAR_ER,0.2413793103448276,0.9205882352941176,0.51829
VAR_ER,0.2413793103448276,0.9264705882352942,0.50657
VAR_ER,0.25862068965517243,0.9264705882352942,0.50221
VAR_ER,0.25862068965517243,0.9294117647058824,0.49991
VAR_ER,0.27586206896551724,0.9294117647058824,0.48549
VAR_ER,0.27586206896551724,0.9352941176470588,0.47709
VAR_ER,0.27586206896551724,0.9411764705882353,0.47077
VAR_ER,0.27586206896551724,0.9441176470588235,0.45944
VAR_ER,0.3103448275862069,0.9441176470588235,0.44948
VAR_ER,0.3103448275862069,0.9470588235294117,0.44552
VAR_ER,0.3275862068965517,0.9470588235294117,0.44283
VAR_ER,0.3275862068965517,0.95,0.43359
VAR_ER,0.3448275862068966,0.95,0.42404
VAR_ER,0.3448275862068966,0.9676470588235294,0.38209
VAR_ER,0.3620689655172414,0.9676470588235294,0.38051
VAR_ER,0.3620689655172414,0.9705882352941176,0.37917
VAR_ER,0.3793103448275862,0.9705882352941176,0.3639
VAR_ER,0.3793103448275862,0.9735294117647059,0.33633
VAR_ER,0.43103448275862066,0.9735294117647059,0.3294
VAR_ER,0.43103448275862066,0.9794117647058823,0.32376
VAR_ER,0.4827586206896552,0.9794117647058823,0.32033
VAR_ER,0.4827586206896552,0.9852941176470589,0.30248
VAR_ER,0.5172413793103449,0.9852941176470589,0.26981
VAR_ER,0.5172413793103449,0.9882352941176471,0.25456
VAR_ER,0.5344827586206896,0.9882352941176471,0.22651
VAR_ER,0.5344827586206896,0.9911764705882353,0.22197
VAR_ER,0.5517241379310345,0.9911764705882353,0.21319
VAR_ER,0.5517241379310345,0.9941176470588236,0.20169
VAR_ER,0.5862068965517241,0.9941176470588236,0.173
VAR_ER,0.5862068965517241,0.9970588235294118,0.16981
VAR_ER,0.8103448275862069,0.9970588235294118,0.05758
VAR_ER,0.8103448275862069,1.0,0.04926
VAR_ER,1.0,1.0,0.00274
VAR_ERL,0.0,0.0,inf
VAR_ERL,0.0,0.0029411764705882353,0.99812
VAR_ERL,0.0,0.12941176470588237,0.96257
VAR_ERL,0.0,0.13529411764705881,0.96053
VAR_ERL,0.0,0.37058823529411766,0.89217
VAR_ERL,0.0,0.37941176470588234,0.89129
VAR_ERL,0.0,0.47352941176470587,0.8617
VAR_ERL,0.017241379310344827,0.47941176470588237,0.86149
VAR_ERL,0.017241379310344827,0.5735294117647058,0.81292
VAR_ERL,0.017241379310344827,0.5794117647058824,0.81026
VAR_ERL,0.017241379310344827,0.6294117647058823,0.78699
VAR_ERL,0.017241379310344827,0.6352941176470588,0.78669
VAR_ERL,0.017241379310344827,0.6617647058823529,0.76868
VAR_ERL,0.034482758620689655,0.6617647058823529,0.7669
VAR_ERL,0.034482758620689655,0.6705882352941176,0.76102
VAR_ERL,0.034482758620689655,0.6764705882352942,0.76054
VAR_ERL,0.034482758620689655,0.711764705882353,0.72937
VAR_ERL,0.05172413793103448,0.711764705882353,0.72864
VAR_ERL,0.05172413793103448,0.7176470588235294,0.72829
VAR_ERL,0.06896551724137931,0.7176470588235294,0.72652
VAR_ERL,0.06896551724137931,0.7235294117647059,0.72325
VAR_ERL,0.08620689655172414,0.7235294117647059,0.72272
VAR_ERL,0.08620689655172414,0.7441176470588236,0.71035
VAR_ERL,0.08620689655172414,0.75,0.70583
VAR_ERL,0.08620689655172414,0.7705882352941177,0.69244
VAR_ERL,0.08620689655172414,0.7764705882352941,0.68515
VAR_ERL,0.08620689655172414,0.8529411764705882,0.63468
VAR_ERL,0.10344827586206896,0.8529411764705882,0.63449
VAR_ERL,0.10344827586206896,0.8588235294117647,0.63054
VAR_ERL,0.1206896551724138,0.8588235294117647,0.63028
VAR_ERL,0.1206896551724138,0.8705882352941177,0.60159
VAR_ERL,0.13793103448275862,0.8705882352941177,0.59853
VAR_ERL,0.13793103448275862,0.8764705882352941,0.59213
VAR_ERL,0.15517241379310345,0.8764705882352941,0.58848
VAR_ERL,0.15517241379310345,0.8823529411764706,0.5852
VAR_ERL,0.1896551724137931,0.8823529411764706,0.5822
VAR_ERL,0.1896551724137931,0.9088235294117647,0.54247
VAR_ERL,0.2413793103448276,0.9088235294117647,0.53326
VAR_ERL,0.2413793103448276,0.9147058823529411,0.51845
VAR_ERL,0.25862068965517243,0.9147058823529411,0.51828
VAR_ERL,0.25862068965517243,0.9294117647058824,0.48219
VAR_ERL,0.3275862068965517,0.9294117647058824,0.44947
VAR_ERL,0.3275862068965517,0.9323529411764706,0.44554
VAR_ERL,0.3275862068965517,0.9382352941176471,0.43043
VAR_ERL,0.3448275862068966,0.9382352941176471,0.42749
VAR_ERL,0.3448275862068966,0.9588235294117647,0.39612
VAR_ERL,0.3620689655172414,0.9588235294117647,0.3805
VAR_ERL,0.3620689655172414,0.961764705882353,0.37386
VAR_ERL,0.41379310344827586,0.961764705882353,0.35148
VAR_ERL,0.41379310344827586,0.9735294117647059,0.33632
VAR_ERL,0.4482758620689655,0.9735294117647059,0.32974
VAR_ERL,0.4482758620689655,0.9764705882352941,0.32134
VAR_ERL,0.46551724137931033,0.9764705882352941,0.32068
VAR_ERL,0.46551724137931033,0.9794117647058823,0.3096
VAR_ERL,0.4827586206896552,0.9794117647058823,0.30675
VAR_ERL,0.4827586206896552,0.9852941176470589,0.2826
VAR_ERL,0.5172413793103449,0.9852941176470589,0.2698
VAR_ERL,0.5172413793103449,0.9882352941176471,0.25456
VAR_ERL,0.5344827586206896,0.9882352941176471,0.24938
VAR_ERL,0.5344827586206896,0.9911764705882353,0.22135
VAR_ERL,0.5517241379310345,0.9911764705882353,0.20852
VAR_ERL,0.5517241379310345,0.9941176470588236,0.19816
VAR_ERL,0.5689655172413793,0.9941176470588236,0.19352
VAR_ERL,0.5689655172413793,0.9970588235294118,0.19162
VAR_ERL,0.8275862068965517,0.9970588235294118,0.04796
VAR_ERL,0.8275862068965517,1.0,0.04161
VAR_ERL,1.0,1.0,0.00274
VAR_R,0.0,0.0,inf
VAR_R,0.0,0.0029411764705882353,0.99958
VAR_R,0.0,0.008823529411764706,0.99874
VAR_R,0.0,0.17352941176470588,0.95691
VAR_R,0.0,0.17941176470588235,0.95662
VAR_R,0.0,0.19705882352941176,0.9534
VAR_R,0.0,0.20294117647058824,0.95309
VAR_R,0.0,0.4088235294117647,0.9035
VAR_R,0.0,0.4147058823529412,0.90256
VAR_R,0.0,0.5264705882352941,0.8667
VAR_R,0.0,0.5323529411764706,0.8658
VAR_R,0.0,0.5411764705882353,0.86537
VAR_R,0.0,0.5529411764705883,0.86183
VAR_R,0.0,0.5588235294117647,0.86097
VAR_R,0.0,0.6,0.84883
VAR_R,0.017241379310344827,0.6,0.84482
VAR_R,0.017241379310344827,0.6323529411764706,0.83451
VAR_R,0.017241379310344827,0.638235294117647,0.8329
VAR_R,0.017241379310344827,0.6647058823529411,0.81751
VAR_R,0.017241379310344827,0.6705882352941176,0.81734
VAR_R,0.017241379310344827,0.7058823529411765,0.79428
VAR_R,0.034482758620689655,0.7058823529411765,0.79391
VAR_R,0.034482758620689655,0.7529411764705882,0.75586
VAR_R,0.05172413793103448,0.7529411764705882,0.75135
VAR_R,0.05172413793103448,0.7588235294117647,0.74478
VAR_R,0.06896551724137931,0.7588235294117647,0.74443
VAR_R,0.06896551724137931,0.8,0.72301
VAR_R,0.10344827586206896,0.8,0.71802
VAR_R,0.10344827586206896,0.8411764705882353,0.69692
VAR_R,0.10344827586206896,0.8470588235294118,0.69278
VAR_R,0.1206896551724138,0.8470588235294118,0.69271
VAR_R,0.1206896551724138,0.8558823529411764,0.68811
VAR_R,0.1206896551724138,0.861764705882353,0.68777
VAR_R,0.1206896551724138,0.8794117647058823,0.68268
VAR_R,0.1206896551724138,0.8852941176470588,0.68118
VAR_R,0.13793103448275862,0.8852941176470588,0.67845
VAR_R,0.13793103448275862,0.9,0.66822
VAR_R,0.15517241379310345,0.9,0.66716
VAR_R,0.15517241379310345,0.9117647058823529,0.64447
VAR_R,0.1724137931034483,0.9117647058823529,0.6424
VAR_R,0.1724137931034483,0.9205882352941176,0.60337
VAR_R,0.1896551724137931,0.9205882352941176,0.59801
VAR_R,0.1896551724137931,0.9235294117647059,0.58206
VAR_R,0.1896551724137931,0.9294117647058824,0.58166
VAR_R,0.1896551724137931,0.9352941176470588,0.57657
VAR_R,0.20689655172413793,0.9352941176470588,0.57483
VAR_R,0.20689655172413793,0.9411764705882353,0.564
VAR_R,0.25862068965517243,0.9411764705882353,0.54627
VAR_R,0.25862068965517243,0.9470588235294117,0.5222
VAR_R,0.29310344827586204,0.9470588235294117,0.50539
VAR_R,0.29310344827586204,0.9558823529411765,0.49627
VAR_R,0.3103448275862069,0.9558823529411765,0.48707
VAR_R,0.3103448275862069,0.9676470588235294,0.46221
VAR_R,0.3275862068965517,0.9676470588235294,0.45908
VAR_R,0.3275862068965517,0.9705882352941176,0.44162
VAR_R,0.3620689655172414,0.9705882352941176,0.43521
VAR_R,0.3620689655172414,0.9764705882352941,0.3907
VAR_R,0.3793103448275862,0.9764705882352941,0.3821
VAR_R,0.3793103448275862,0.9823529411764705,0.36085
VAR_R,0.41379310344827586,0.9823529411764705,0.34489
VAR_R,0.41379310344827586,0.9882352941176471,0.33624
VAR_R,0.5344827586206896,0.9882352941176471,0.28944
VAR_R,0.5344827586206896,0.9911764705882353,0.27902
VAR_R,0.6206896551724138,0.9911764705882353,0.20101
VAR_R,0.6206896551724138,0.9941176470588236,0.17779
VAR_R,0.6379310344827587,0.9941176470588236,0.16801
VAR_R,0.6379310344827587,0.9970588235294118,0.16767
VAR_R,0.7413793103448276,0.9970588235294118,0.10646
VAR_R,0.7413793103448276,1.0,0.10588
VAR_R,1.0,1.0,0.00144
VAR_RL,0.0,0.0,inf
VAR_RL,0.0,0.0029411764705882353,0.99874
VAR_RL,0.0,0.10294117647058823,0.97565
VAR_RL,0.0,0.10882352941176471,0.97531
VAR_RL,0.0,0.18529411764705883,0.94821
VAR_RL,0.0,0.19117647058823528,0.94819
VAR_RL,0.0,0.3764705882352941,0.90726
VAR_RL,0.0,0.38235294117647056,0.90702
VAR_RL,0.0,0.45,0.88793
VAR_RL,0.0,0.4588235294117647,0.8865
VAR_RL,0.0,0.4676470588235294,0.8843
VAR_RL,0.0,0.47352941176470587,0.88345
VAR_RL,0.0,0.5588235294117647,0.85781
VAR_RL,0.017241379310344827,0.5588235294117647,0.85717
VAR_RL,0.017241379310344827,0.5941176470588235,0.84438
VAR_RL,0.017241379310344827,0.6,0.84421
VAR_RL,0.017241379310344827,0.6294117647058823,0.81928
VAR_RL,0.017241379310344827,0.6352941176470588,0.81883
VAR_RL,0.017241379310344827,0.638235294117647,0.81753
VAR_RL,0.017241379310344827,0.6441176470588236,0.81055
VAR_RL,0.017241379310344827,0.6735294117647059,0.79452
VAR_RL,0.017241379310344827,0.6794117647058824,0.79438
VAR_RL,0.017241379310344827,0.6823529411764706,0.79429
VAR_RL,0.034482758620689655,0.6823529411764706,0.79392
VAR_RL,0.034482758620689655,0.7411764705882353,0.75694
VAR_RL,0.06896551724137931,0.7411764705882353,0.74445
VAR_RL,0.06896551724137931,0.8029411764705883,0.70291
VAR_RL,0.08620689655172414,0.8029411764705883,0.70207
VAR_RL,0.08620689655172414,0.8147058823529412,0.6946
VAR_RL,0.10344827586206896,0.8147058823529412,0.69272
VAR_RL,0.10344827586206896,0.8294117647058824,0.69005
VAR_RL,0.10344827586206896,0.8352941176470589,0.68981
VAR_RL,0.10344827586206896,0.8441176470588235,0.6857
VAR_RL,0.1206896551724138,0.8441176470588235,0.68551
VAR_RL,0.1206896551724138,0.888235294117647,0.65602
VAR_RL,0.13793103448275862,0.888235294117647,0.65504
VAR_RL,0.13793103448275862,0.8911764705882353,0.65348
VAR_RL,0.1724137931034483,0.8911764705882353,0.65175
VAR_RL,0.1724137931034483,0.8941176470588236,0.64404
VAR_RL,0.1724137931034483,0.9,0.63424
VAR_RL,0.1724137931034483,0.9029411764705882,0.62556
VAR_RL,0.1724137931034483,0.9088235294117647,0.61559
VAR_RL,0.1896551724137931,0.9088235294117647,0.61407
VAR_RL,0.1896551724137931,0.9176470588235294,0.60021
VAR_RL,0.20689655172413793,0.9176470588235294,0.58826
VAR_RL,0.20689655172413793,0.9235294117647059,0.5753
VAR_RL,0.20689655172413793,0.9352941176470588,0.55716
VAR_RL,0.27586206896551724,0.9352941176470588,0.54429
VAR_RL,0.27586206896551724,0.9382352941176471,0.53995
VAR_RL,0.3103448275862069,0.9382352941176471,0.5265
VAR_RL,0.3103448275862069,0.9441176470588235,0.50168
VAR_RL,0.3275862068965517,0.9441176470588235,0.49913
VAR_RL,0.3275862068965517,0.9470588235294117,0.49241
VAR_RL,0.3448275862068966,0.9470588235294117,0.49018
VAR_RL,0.3448275862068966,0.9676470588235294,0.44146
VAR_RL,0.3620689655172414,0.9676470588235294,0.43521
VAR_RL,0.3620689655172414,0.9794117647058823,0.37152
VAR_RL,0.39655172413793105,0.9794117647058823,0.3639
VAR_RL,0.39655172413793105,0.9852941176470589,0.35859
VAR_RL,0.5172413793103449,0.9852941176470589,0.29322
VAR_RL,0.5172413793103449,0.9882352941176471,0.29143
VAR_RL,0.5689655172413793,0.9882352941176471,0.23308
VAR_RL,0.5689655172413793,0.9911764705882353,0.19787
VAR_RL,0.6379310344827587,0.9911764705882353,0.16801
VAR_RL,0.6379310344827587,0.9941176470588236,0.16404
VAR_RL,0.6896551724137931,0.9941176470588236,0.13747
VAR_RL,0.6896551724137931,0.9970588235294118,0.12375
VAR_RL,0.7413793103448276,0.9970588235294118,0.10646
VAR_RL,0.7413793103448276,1.0,0.08655
VAR_RL,1.0,1.0,0.00144
VEST4,0.0,0.0,inf
VEST4,0.0,0.0029411764705882353,0.99995
VEST4,0.0,0.011764705882352941,0.99987
VEST4,0.0,0.01764705882352941,0.99974
VEST4,0.0,0.029411764705882353,0.99931
VEST4,0.0,0.047058823529411764,0.99902
VEST4,0.0,0.061764705882352944,0.99866
VEST4,0.0,0.06764705882352941,0.99781
VEST4,0.0,0.08529411764705883,0.99617
VEST4,0.0,0.1,0.99555
VEST4,0.0,0.10294117647058823,0.99488
VEST4,0.0,0.10882352941176471,0.99419
VEST4,0.0,0.11176470588235295,0.99346
VEST4,0.0,0.1264705882352941,0.9927
VEST4,0.0,0.1323529411764706,0.99191
VEST4,0.0,0.15588235294117647,0.99026
VEST4,0.0,0.17058823529411765,0.9894
VEST4,0.0,0.17647058823529413,0.98852
VEST4,0.0,0.17941176470588235,0.98762
VEST4,0.0,0.19411764705882353,0.98575
VEST4,0.0,0.21176470588235294,0.98479
VEST4,0.0,0.22941176470588234,0.98282
VEST4,0.0,0.2529411764705882,0.98079
VEST4,0.0,0.25882352941176473,0.97975
VEST4,0.0,0.27647058823529413,0.97765
VEST4,0.0,0.3,0.9755
VEST4,0.0,0.3176470588235294,0.97441
VEST4,0.0,0.3264705882352941,0.97332
VEST4,0.0,0.3323529411764706,0.97221
VEST4,0.0,0.34411764705882353,0.9711
VEST4,0.0,0.35,0.96999
VEST4,0.0,0.36176470588235293,0.96886
VEST4,0.0,0.37058823529411766,0.96773
VEST4,0.0,0.38235294117647056,0.96659
VEST4,0.0,0.3941176470588235,0.96431
VEST4,0.0,0.39705882352941174,0.96202
VEST4,0.0,0.40294117647058825,0.96086
VEST4,0.0,0.4117647058823529,0.9597
VEST4,0.0,0.4176470588235294,0.95855
VEST4,0.0,0.42058823529411765,0.95739
VEST4,0.0,0.43823529411764706,0.95621
VEST4,0.0,0.45,0.95504
VEST4,0.0,0.4647058823529412,0.95387
VEST4,0.0,0.4823529411764706,0.95151
VEST4,0.0,0.48823529411764705,0.94916
VEST4,0.0,0.49411764705882355,0.94679
VEST4,0.0,0.4970588235294118,0.94561
VEST4,0.0,0.5029411764705882,0.94442
VEST4,0.0,0.5058823529411764,0.94324
VEST4,0.0,0.5235294117647059,0.93732
VEST4,0.0,0.5323529411764706,0.93259
VEST4,0.0,0.5411764705882353,0.93141
VEST4,0.0,0.5441176470588235,0.93024
VEST4,0.017241379310344827,0.5470588235294118,0.92907
VEST4,0.017241379310344827,0.5705882352941176,0.9232
VEST4,0.017241379310344827,0.5735294117647058,0.92203
VEST4,0.017241379310344827,0.5823529411764706,0.91853
VEST4,0.017241379310344827,0.5882352941176471,0.9139
VEST4,0.017241379310344827,0.5941176470588235,0.91275
VEST4,0.017241379310344827,0.5970588235294118,0.90815
VEST4,0.034482758620689655,0.6,0.907
VEST4,0.034482758620689655,0.6029411764705882,0.90585
VEST4,0.034482758620689655,0.6088235294117647,0.90358
VEST4,0.034482758620689655,0.611764705882353,0.90017
VEST4,0.034482758620689655,0.6205882352941177,0.89904
VEST4,0.05172413793103448,0.6205882352941177,0.89792
VEST4,0.05172413793103448,0.6294117647058823,0.8968
VEST4,0.05172413793103448,0.6352941176470588,0.89455
VEST4,0.05172413793103448,0.6411764705882353,0.88784
VEST4,0.05172413793103448,0.6470588235294118,0.88673
VEST4,0.06896551724137931,0.6529411764705882,0.88561
VEST4,0.06896551724137931,0.6588235294117647,0.88229
VEST4,0.06896551724137931,0.6823529411764706,0.87678
VEST4,0.06896551724137931,0.6970588235294117,0.86916
VEST4,0.06896551724137931,0.7029411764705882,0.86698
VEST4,0.06896551724137931,0.7205882352941176,0.85733
VEST4,0.06896551724137931,0.7323529411764705,0.85414
VEST4,0.06896551724137931,0.7411764705882353,0.85202
VEST4,0.08620689655172414,0.7411764705882353,0.85095
VEST4,0.08620689655172414,0.7647058823529411,0.83529
VEST4,0.10344827586206896,0.7764705882352941,0.83426
VEST4,0.10344827586206896,0.7794117647058824,0.83118
VEST4,0.10344827586206896,0.7852941176470588,0.83015
VEST4,0.10344827586206896,0.788235294117647,0.82708
VEST4,0.1206896551724138,0.788235294117647,0.82607
VEST4,0.1206896551724138,0.8235294117647058,0.79621
VEST4,0.1206896551724138,0.8352941176470589,0.79427
VEST4,0.1206896551724138,0.8411764705882353,0.78847
VEST4,0.15517241379310345,0.8411764705882353,0.78558
VEST4,0.15517241379310345,0.8441176470588235,0.78271
VEST4,0.1724137931034483,0.8441176470588235,0.7789
VEST4,0.1724137931034483,0.85,0.77132
VEST4,0.20689655172413793,0.85,0.76009
VEST4,0.20689655172413793,0.8529411764705882,0.75916
VEST4,0.22413793103448276,0.8529411764705882,0.75824
VEST4,0.22413793103448276,0.8676470588235294,0.74349
VEST4,0.2413793103448276,0.8676470588235294,0.74257
VEST4,0.2413793103448276,0.8852941176470588,0.70562
VEST4,0.2413793103448276,0.8911764705882353,0.69768
VEST4,0.2413793103448276,0.9029411764705882,0.6915
VEST4,0.25862068965517243,0.9029411764705882,0.67662
VEST4,0.25862068965517243,0.9147058823529411,0.64639
VEST4,0.27586206896551724,0.9147058823529411,0.63954
VEST4,0.27586206896551724,0.9176470588235294,0.62504
VEST4,0.3620689655172414,0.9176470588235294,0.59012
VEST4,0.3620689655172414,0.9205882352941176,0.58756
VEST4,0.39655172413793105,0.9205882352941176,0.57643
VEST4,0.39655172413793105,0.9235294117647059,0.57044
VEST4,0.43103448275862066,0.9235294117647059,0.56094
VEST4,0.43103448275862066,0.9294117647058824,0.55053
VEST4,0.4482758620689655,0.9294117647058824,0.54267
VEST4,0.4482758620689655,0.9323529411764706,0.54179
VEST4,0.46551724137931033,0.9323529411764706,0.53915
VEST4,0.46551724137931033,0.9470588235294117,0.51345
VEST4,0.4827586206896552,0.9470588235294117,0.48352
VEST4,0.4827586206896552,0.9558823529411765,0.45084
VEST4,0.4827586206896552,0.961764705882353,0.44799
VEST4,0.4827586206896552,0.9676470588235294,0.42292
VEST4,0.5,0.9676470588235294,0.40913
VEST4,0.5,0.9705882352941176,0.40715
VEST4,0.5172413793103449,0.9705882352941176,0.40317
VEST4,0.5172413793103449,0.9735294117647059,0.40016
VEST4,0.5517241379310345,0.9735294117647059,0.37886
VEST4,0.5517241379310345,0.9823529411764705,0.34641
VEST4,0.5689655172413793,0.9823529411764705,0.33891
VEST4,0.5689655172413793,0.9882352941176471,0.32259
VEST4,0.5862068965517241,0.9911764705882353,0.31817
VEST4,0.5862068965517241,0.9941176470588236,0.3115
VEST4,0.8103448275862069,0.9941176470588236,0.23972
VEST4,0.8103448275862069,0.9970588235294118,0.23473
VEST4,0.8275862068965517,0.9970588235294118,0.23096
VEST4,0.8275862068965517,1.0,0.16903
VEST4,1.0,1.0,0.02173
