ID,count
CCDS2.2,2046
CCDS3.1,2250
CCDS4.1,1836
CCDS5.1,666
CCDS6.1,498
CCDS7.2,597
CCDS8.1,1215
CCDS9.1,768
CCDS10.1,726
CCDS11.1,834
CCDS12.2,1026
CCDS13.1,990
CCDS14.1,780
CCDS15.1,828
CCDS16.1,624
CCDS19.2,2505
CCDS20.1,912
CCDS21.1,1803
CCDS22.1,2013
CCDS24.1,1329
CCDS25.1,600
CCDS26.1,450
CCDS27.1,1338
CCDS28.2,195
CCDS30.1,1947
CCDS31.1,1905
CCDS32.1,585
CCDS34.1,1023
CCDS35.1,630
CCDS36.1,1359
CCDS37.1,1779
CCDS38.2,543
CCDS39.1,2187
CCDS40.1,1494
CCDS41.1,1041
CCDS42.3,2322
CCDS44.3,597
CCDS45.1,1134
CCDS46.2,2130
CCDS47.1,819
CCDS48.1,1383
CCDS49.1,1911
CCDS50.1,1971
CCDS51.1,1752
CCDS52.1,1017
CCDS53.1,732
CCDS54.1,1236
CCDS55.1,1104
CCDS56.1,1062
CCDS57.1,5865
CCDS58.1,387
CCDS59.2,1905
CCDS61.1,855
CCDS64.1,1830
CCDS65.1,1143
CCDS66.1,1053
CCDS67.1,990
CCDS70.1,2565
CCDS71.1,1254
CCDS72.1,1281
CCDS73.1,1143
CCDS74.1,1119
CCDS75.1,705
CCDS79.1,3021
CCDS80.1,2109
CCDS81.1,2526
CCDS82.1,1764
CCDS84.1,2067
CCDS85.1,903
CCDS86.1,528
CCDS87.1,1680
CCDS88.1,303
CCDS89.1,3606
CCDS90.1,420
CCDS91.1,375
CCDS92.1,768
CCDS93.1,570
CCDS94.1,1389
CCDS95.1,4701
CCDS97.1,1305
CCDS98.2,1539
CCDS99.1,1506
CCDS100.2,1008
CCDS101.1,2376
CCDS102.1,822
CCDS103.1,966
CCDS104.1,3135
CCDS105.1,2916
CCDS106.1,246
CCDS107.1,573
CCDS108.1,840
CCDS109.1,405
CCDS110.1,3522
CCDS111.1,5313
CCDS112.1,3462
CCDS113.1,1452
CCDS117.2,318
CCDS118.1,996
CCDS119.1,807
CCDS120.2,3501
CCDS122.1,1245
CCDS123.1,2061
CCDS124.1,558
CCDS125.1,909
CCDS126.1,2583
CCDS127.1,7650
CCDS128.1,1041
CCDS129.1,1017
CCDS130.1,891
CCDS131.1,675
CCDS132.1,768
CCDS133.1,882
CCDS134.1,636
CCDS135.1,1050
CCDS136.1,480
CCDS137.1,1971
CCDS138.1,2610
CCDS139.1,456
CCDS140.1,405
CCDS141.1,1905
CCDS142.1,2184
CCDS143.1,1167
CCDS144.1,1788
CCDS145.1,1386
CCDS146.1,909
CCDS147.1,585
CCDS148.1,1425
CCDS149.1,1425
CCDS150.1,5157
CCDS152.2,2328
CCDS154.1,762
CCDS155.1,723
CCDS156.1,807
CCDS157.1,810
CCDS158.1,1251
CCDS159.2,1002
CCDS160.1,1059
CCDS161.1,1854
CCDS162.1,915
CCDS163.1,1122
CCDS164.1,10995
CCDS165.1,2412
CCDS166.1,510
CCDS167.1,2064
CCDS168.1,2064
CCDS169.1,2931
CCDS170.1,2409
CCDS171.1,777
CCDS172.1,1410
CCDS173.1,792
CCDS174.1,552
CCDS175.1,3543
CCDS176.1,843
CCDS177.1,1998
CCDS178.1,1992
CCDS179.1,1995
CCDS180.1,1992
CCDS181.1,1569
CCDS182.1,3840
CCDS183.1,1101
CCDS184.1,1404
CCDS185.2,2334
CCDS186.1,1563
CCDS187.1,2520
CCDS188.1,1692
CCDS189.1,15552
CCDS190.1,2982
CCDS191.1,720
CCDS193.1,996
CCDS194.1,1080
CCDS195.2,876
CCDS197.1,1323
CCDS198.1,1905
CCDS199.1,684
CCDS200.1,429
CCDS201.1,435
CCDS202.1,417
CCDS203.1,438
CCDS204.2,636
CCDS205.1,843
CCDS207.1,237
CCDS208.1,1059
CCDS209.1,990
CCDS210.1,441
CCDS211.1,1746
CCDS212.2,1320
CCDS213.1,3090
CCDS214.1,4758
CCDS215.1,2313
CCDS216.1,1902
CCDS217.1,1575
CCDS218.1,1992
CCDS219.1,813
CCDS220.1,813
CCDS221.1,576
CCDS222.1,576
CCDS223.1,1056
CCDS224.1,3720
CCDS225.1,3018
CCDS226.1,738
CCDS227.1,738
CCDS229.2,2961
CCDS230.1,2964
CCDS231.1,1134
CCDS232.1,1902
CCDS233.1,1413
CCDS235.1,2712
CCDS236.1,1314
CCDS237.1,360
CCDS238.1,537
CCDS239.3,2319
CCDS240.1,636
CCDS241.1,696
CCDS242.1,1047
CCDS243.1,978
CCDS244.2,1401
CCDS245.1,1083
CCDS246.1,420
CCDS247.1,1725
CCDS248.1,1563
CCDS249.1,1476
CCDS250.1,735
CCDS251.1,1824
CCDS252.2,1881
CCDS253.1,864
CCDS254.1,726
CCDS255.1,2715
CCDS256.1,762
CCDS257.1,1248
CCDS258.1,606
CCDS259.1,732
CCDS260.1,873
CCDS262.1,1254
CCDS264.1,474
CCDS265.1,1893
CCDS266.1,1074
CCDS267.1,1041
CCDS269.1,450
CCDS270.1,1179
CCDS271.1,2031
CCDS272.1,972
CCDS273.1,1062
CCDS274.1,1026
CCDS275.2,405
CCDS276.1,2142
CCDS277.1,2289
CCDS278.1,282
CCDS279.2,1515
CCDS280.1,630
CCDS281.1,1005
CCDS282.1,1002
CCDS283.1,273
CCDS284.1,2208
CCDS285.1,6858
CCDS287.1,1482
CCDS288.1,747
CCDS289.1,933
CCDS290.1,1578
CCDS291.1,774
CCDS292.1,996
CCDS293.1,1197
CCDS294.2,1278
CCDS295.1,2448
CCDS296.1,2031
CCDS297.2,627
CCDS298.1,1653
CCDS299.1,3867
CCDS300.1,900
CCDS301.1,867
CCDS302.1,522
CCDS303.1,993
CCDS304.1,1497
CCDS305.1,1590
CCDS306.1,393
CCDS307.1,405
CCDS308.1,417
CCDS309.1,924
CCDS310.1,831
CCDS311.1,1056
CCDS312.1,630
CCDS313.1,384
CCDS314.1,813
CCDS315.1,1188
CCDS316.1,1722
CCDS318.1,1029
CCDS319.1,321
CCDS320.1,216
CCDS321.1,1443
CCDS322.1,627
CCDS324.1,864
CCDS325.1,318
CCDS326.1,486
CCDS327.1,1722
CCDS328.1,1692
CCDS329.1,1119
CCDS330.1,2328
CCDS331.1,1767
CCDS333.1,1485
CCDS334.1,4341
CCDS335.1,4311
CCDS336.1,1491
CCDS337.1,789
CCDS338.1,3561
CCDS339.2,624
CCDS340.1,1074
CCDS341.1,726
CCDS342.1,402
CCDS343.1,1404
CCDS344.1,1278
CCDS345.1,855
CCDS346.2,4758
CCDS347.1,3651
CCDS348.1,504
CCDS350.1,1332
CCDS351.2,1479
CCDS352.1,1611
CCDS353.1,1641
CCDS354.2,603
CCDS355.1,1401
CCDS356.2,423
CCDS357.1,978
CCDS358.2,492
CCDS359.1,1530
CCDS360.1,1449
CCDS361.1,588
CCDS362.1,807
CCDS363.2,1293
CCDS365.2,504
CCDS366.1,1278
CCDS367.2,1449
CCDS368.1,1587
CCDS369.2,639
CCDS370.1,582
CCDS371.1,669
CCDS372.2,2199
CCDS373.1,699
CCDS374.1,720
CCDS375.1,1383
CCDS376.1,1428
CCDS377.1,1263
CCDS378.1,2577
CCDS379.1,972
CCDS380.1,10464
CCDS381.1,1227
CCDS382.1,822
CCDS383.1,801
CCDS384.1,813
CCDS387.2,3978
CCDS388.1,2124
CCDS389.1,4647
CCDS390.1,3150
CCDS392.1,2190
CCDS393.2,1329
CCDS394.1,606
CCDS395.1,690
CCDS396.1,4020
CCDS397.1,2586
CCDS398.1,2574
CCDS399.1,2583
CCDS400.1,1881
CCDS401.1,1293
CCDS402.1,1092
CCDS403.1,2112
CCDS404.1,543
CCDS405.1,2868
CCDS406.1,498
CCDS407.1,1308
CCDS408.1,372
CCDS409.2,1140
CCDS410.1,672
CCDS411.1,774
CCDS412.1,2352
CCDS413.1,2511
CCDS414.1,2592
CCDS416.1,2760
CCDS417.1,1800
CCDS418.1,606
CCDS419.1,1191
CCDS420.2,777
CCDS421.1,2196
CCDS423.1,612
CCDS424.1,843
CCDS425.1,888
CCDS426.1,708
CCDS427.2,333
CCDS428.1,1506
CCDS429.1,762
CCDS430.1,1200
CCDS431.1,312
CCDS432.1,1548
CCDS433.1,579
CCDS434.1,321
CCDS435.1,16293
CCDS437.1,1209
CCDS438.1,1935
CCDS439.1,987
CCDS440.1,1107
CCDS441.1,576
CCDS442.1,891
CCDS443.1,906
CCDS444.1,1209
CCDS445.1,1554
CCDS446.1,1593
CCDS447.1,921
CCDS448.1,5745
CCDS449.1,1428
CCDS450.1,2070
CCDS451.1,1290
CCDS452.2,1605
CCDS453.1,1122
CCDS454.1,1137
CCDS455.1,1008
CCDS456.1,2088
CCDS458.1,555
CCDS459.1,1776
CCDS460.1,1224
CCDS461.1,1776
CCDS462.1,537
CCDS463.1,7221
CCDS464.1,339
CCDS465.1,348
CCDS466.2,1176
CCDS467.1,1098
CCDS469.1,534
CCDS470.1,975
CCDS471.1,675
CCDS472.2,2211
CCDS473.1,600
CCDS474.1,201
CCDS475.1,1428
CCDS476.1,855
CCDS477.1,1479
CCDS478.1,921
CCDS479.1,2097
CCDS480.1,660
CCDS481.1,342
CCDS482.1,3417
CCDS483.1,1908
CCDS484.1,1500
CCDS485.1,840
CCDS486.2,906
CCDS487.2,807
CCDS488.2,744
CCDS489.2,5724
CCDS490.2,5697
CCDS491.1,3195
CCDS492.1,1128
CCDS493.1,1335
CCDS494.1,1173
CCDS495.1,834
CCDS496.1,1290
CCDS497.1,1080
CCDS498.1,1242
CCDS499.1,513
CCDS500.1,468
CCDS501.1,663
CCDS502.1,687
CCDS503.1,2892
CCDS504.1,1470
CCDS505.1,618
CCDS506.1,1119
CCDS507.1,924
CCDS508.1,1170
CCDS509.1,1404
CCDS510.1,1701
CCDS511.1,834
CCDS512.1,2178
CCDS513.1,627
CCDS514.1,1422
CCDS515.1,1941
CCDS516.1,3612
CCDS517.1,1359
CCDS518.1,1104
CCDS519.1,1116
CCDS520.1,1641
CCDS521.1,1533
CCDS522.1,600
CCDS523.1,978
CCDS524.1,2367
CCDS525.1,1350
CCDS528.1,1425
CCDS529.1,1386
CCDS530.1,726
CCDS531.1,1983
CCDS532.1,2244
CCDS533.1,2439
CCDS534.1,1155
CCDS535.1,1740
CCDS536.1,1134
CCDS538.2,1362
CCDS540.1,651
CCDS541.2,1056
CCDS542.1,1536
CCDS543.1,1560
CCDS544.1,1530
CCDS545.1,1518
CCDS546.1,345
CCDS547.1,996
CCDS548.1,3864
CCDS549.1,687
CCDS550.1,960
CCDS551.1,1467
CCDS552.2,1266
CCDS553.1,1143
CCDS554.1,1953
CCDS555.1,507
CCDS556.1,465
CCDS557.1,2691
CCDS558.1,1881
CCDS559.1,3660
CCDS560.1,660
CCDS561.1,519
CCDS562.1,1065
CCDS563.1,4278
CCDS564.1,4101
CCDS566.1,2586
CCDS567.1,939
CCDS569.1,564
CCDS570.1,696
CCDS571.1,786
CCDS572.1,1644
CCDS573.2,1842
CCDS574.1,1683
CCDS575.1,1977
CCDS576.1,483
CCDS577.1,441
CCDS578.1,2892
CCDS579.1,2103
CCDS580.1,2382
CCDS581.1,1029
CCDS582.1,1863
CCDS583.1,2025
CCDS584.1,921
CCDS585.1,1287
CCDS586.1,972
CCDS587.1,627
CCDS588.2,1350
CCDS589.1,1272
CCDS590.1,1107
CCDS591.1,1167
CCDS592.1,1824
CCDS593.1,1785
CCDS594.1,1758
CCDS596.1,1164
CCDS597.1,1428
CCDS598.1,1119
CCDS599.1,1245
CCDS600.1,1551
CCDS601.1,633
CCDS602.1,963
CCDS603.1,2079
CCDS604.1,936
CCDS605.1,1659
CCDS606.1,1755
CCDS607.1,1668
CCDS608.1,1575
CCDS609.1,972
CCDS610.1,996
CCDS611.2,1656
CCDS612.1,2187
CCDS613.1,1509
CCDS614.1,1641
CCDS615.1,1497
CCDS617.2,5406
CCDS619.1,2598
CCDS620.1,2988
CCDS621.1,2358
CCDS622.1,1383
CCDS623.1,1377
CCDS624.1,1437
CCDS625.1,1689
CCDS626.1,2814
CCDS627.1,681
CCDS628.3,3825
CCDS629.1,672
CCDS630.1,396
CCDS631.1,3498
CCDS632.1,2211
CCDS633.1,540
CCDS634.1,408
CCDS635.1,2547
CCDS636.1,1068
CCDS637.1,1890
CCDS638.1,2589
CCDS639.1,1164
CCDS640.1,498
CCDS641.1,690
CCDS642.1,1626
CCDS643.1,1602
CCDS644.1,1584
CCDS646.1,1809
CCDS647.1,1455
CCDS648.2,1626
CCDS650.1,1218
CCDS651.1,1086
CCDS652.1,1125
CCDS655.1,1257
CCDS656.1,1173
CCDS657.1,1173
CCDS658.1,1167
CCDS659.1,993
CCDS660.1,963
CCDS661.1,1065
CCDS663.3,1785
CCDS664.1,2508
CCDS665.1,990
CCDS666.1,780
CCDS667.1,2160
CCDS668.1,1266
CCDS669.1,996
CCDS670.1,2811
CCDS671.1,888
CCDS672.1,918
CCDS673.1,1011
CCDS674.1,1188
CCDS675.1,1689
CCDS676.1,1611
CCDS677.1,2712
CCDS678.1,2829
CCDS679.1,2736
CCDS680.1,2487
CCDS681.1,1899
CCDS683.1,1935
CCDS684.1,1014
CCDS685.1,948
CCDS686.1,1080
CCDS687.2,1359
CCDS688.1,1335
CCDS689.1,4212
CCDS690.2,2664
CCDS691.1,1056
CCDS692.1,774
CCDS693.1,1197
CCDS694.1,462
CCDS695.1,1050
CCDS696.1,207
CCDS698.1,1158
CCDS699.1,1845
CCDS700.1,1062
CCDS701.1,1662
CCDS702.1,2676
CCDS703.1,549
CCDS704.1,702
CCDS705.1,858
CCDS706.1,1146
CCDS707.1,1413
CCDS708.1,2832
CCDS709.1,2745
CCDS710.1,1098
CCDS711.1,1071
CCDS713.1,498
CCDS714.1,2955
CCDS715.1,951
CCDS716.1,1173
CCDS717.2,1788
CCDS718.1,1779
CCDS719.1,1776
CCDS720.1,1917
CCDS721.1,1923
CCDS722.1,1761
CCDS723.1,1902
CCDS724.1,2412
CCDS725.1,2412
CCDS726.1,2577
CCDS727.1,1749
CCDS728.1,213
CCDS730.1,1164
CCDS731.1,3984
CCDS732.1,318
CCDS734.1,1725
CCDS735.1,2844
CCDS736.1,1089
CCDS738.1,1785
CCDS740.1,1839
CCDS741.1,894
CCDS742.1,1782
CCDS743.1,690
CCDS744.1,531
CCDS745.1,2478
CCDS746.1,825
CCDS747.1,6822
CCDS748.1,3786
CCDS749.1,1980
CCDS750.1,888
CCDS751.1,1818
CCDS752.1,651
CCDS753.1,792
CCDS754.1,1596
CCDS755.2,1356
CCDS756.2,1191
CCDS757.2,2148
CCDS758.1,1656
CCDS759.1,4599
CCDS760.1,4551
CCDS762.1,978
CCDS763.1,1473
CCDS764.1,1974
CCDS765.1,1446
CCDS766.1,1008
CCDS767.1,1449
CCDS768.1,1101
CCDS769.1,1785
CCDS770.1,1872
CCDS771.1,1152
CCDS772.1,1155
CCDS773.1,2220
CCDS774.1,1944
CCDS775.1,993
CCDS776.1,1131
CCDS777.1,1149
CCDS778.1,5421
CCDS780.2,5073
CCDS781.1,1554
CCDS782.1,1536
CCDS783.1,1536
CCDS785.1,2544
CCDS786.1,1377
CCDS787.1,1182
CCDS788.1,1641
CCDS790.1,1779
CCDS791.2,2511
CCDS792.2,2055
CCDS793.1,1506
CCDS794.1,3042
CCDS795.1,1545
CCDS796.1,8772
CCDS797.1,1002
CCDS798.1,2496
CCDS799.1,726
CCDS800.1,690
CCDS801.1,1356
CCDS802.1,1065
CCDS803.1,1065
CCDS804.1,2397
CCDS805.2,2478
CCDS806.1,588
CCDS807.1,657
CCDS808.1,657
CCDS809.1,657
CCDS810.1,546
CCDS811.1,657
CCDS812.1,678
CCDS813.1,1692
CCDS814.1,1782
CCDS815.1,1785
CCDS816.1,1665
CCDS817.1,1317
CCDS818.1,1593
CCDS819.1,1032
CCDS820.1,525
CCDS821.1,1908
CCDS822.1,2934
CCDS823.1,1464
CCDS824.1,522
CCDS825.1,318
CCDS826.1,1536
CCDS827.1,1500
CCDS828.2,1728
CCDS829.1,660
CCDS830.1,1251
CCDS831.1,1416
CCDS832.1,1107
CCDS833.1,576
CCDS834.1,2037
CCDS835.1,1029
CCDS836.1,771
CCDS837.1,468
CCDS838.1,1044
CCDS839.1,957
CCDS840.1,555
CCDS841.1,894
CCDS842.1,2475
CCDS843.1,1968
CCDS844.1,1911
CCDS845.1,1920
CCDS846.1,1119
CCDS847.1,1176
CCDS848.1,1728
CCDS849.1,1677
CCDS850.1,1635
CCDS852.1,1668
CCDS853.1,3012
CCDS854.1,582
CCDS855.2,1518
CCDS856.1,402
CCDS858.1,1503
CCDS860.1,3378
CCDS861.1,2289
CCDS862.1,2409
CCDS863.1,2424
CCDS864.2,2259
CCDS865.1,2220
CCDS866.1,1599
CCDS867.1,3633
CCDS868.1,3228
CCDS869.1,2451
CCDS870.1,1221
CCDS871.1,1278
CCDS872.1,3384
CCDS873.1,3333
CCDS874.1,678
CCDS875.1,2616
CCDS876.3,2244
CCDS877.1,570
CCDS878.1,624
CCDS879.1,2931
CCDS880.1,417
CCDS881.1,666
CCDS882.1,726
CCDS883.1,1575
CCDS884.1,1200
CCDS885.1,408
CCDS886.1,1089
CCDS887.1,3072
CCDS888.1,753
CCDS889.1,1056
CCDS890.1,2640
CCDS891.1,3066
CCDS892.1,3489
CCDS893.1,1743
CCDS894.1,849
CCDS895.1,1926
CCDS896.1,1176
CCDS897.1,1494
CCDS898.1,2832
CCDS899.1,6672
CCDS900.1,1083
CCDS901.1,1056
CCDS902.1,1119
CCDS903.1,1122
CCDS904.1,1602
CCDS905.1,1527
CCDS906.1,477
CCDS907.1,2373
CCDS908.1,7416
CCDS925.1,819
CCDS926.1,1602
CCDS927.1,2694
CCDS928.1,1287
CCDS929.1,1077
CCDS930.1,1368
CCDS933.1,1125
CCDS934.1,393
CCDS936.1,381
CCDS937.1,390
CCDS938.1,393
CCDS939.1,414
CCDS940.1,2229
CCDS944.1,1713
CCDS945.1,1230
CCDS946.1,807
CCDS947.1,1014
CCDS948.1,396
CCDS949.1,1158
CCDS950.1,264
CCDS951.1,2052
CCDS952.1,2157
CCDS953.1,1623
CCDS954.1,1248
CCDS955.1,3225
CCDS956.1,816
CCDS957.1,1053
CCDS958.1,366
CCDS959.1,414
CCDS960.1,402
CCDS961.1,354
CCDS962.1,402
CCDS963.1,354
CCDS964.1,342
CCDS965.1,318
CCDS966.1,858
CCDS967.1,1185
CCDS968.1,996
CCDS969.1,990
CCDS970.1,2370
CCDS971.1,2325
CCDS972.1,3873
CCDS973.1,1143
CCDS975.2,1038
CCDS976.1,1410
CCDS977.1,1362
CCDS978.2,1074
CCDS980.1,1026
CCDS981.1,240
CCDS982.1,273
CCDS983.1,1347
CCDS984.1,2793
CCDS985.1,555
CCDS986.1,684
CCDS987.1,693
CCDS988.1,1038
CCDS989.1,1095
CCDS990.1,1650
CCDS991.1,1134
CCDS992.1,3714
CCDS993.1,2487
CCDS994.1,1851
CCDS995.1,1419
CCDS996.1,795
CCDS997.1,4233
CCDS998.1,4074
CCDS999.1,3612
CCDS1000.1,1173
CCDS1001.1,1587
CCDS1002.1,1398
CCDS1003.1,804
CCDS1004.1,1557
CCDS1005.1,744
CCDS1006.1,723
CCDS1008.1,294
CCDS1009.1,318
CCDS1010.1,1488
CCDS1011.1,357
CCDS1012.1,300
CCDS1013.1,279
CCDS1014.1,279
CCDS1015.1,285
CCDS1016.1,288
CCDS1017.1,270
CCDS1018.1,333
CCDS1019.1,333
CCDS1020.1,333
CCDS1021.1,321
CCDS1022.1,300
CCDS1023.1,357
CCDS1024.1,357
CCDS1025.1,345
CCDS1026.1,357
CCDS1027.1,357
CCDS1028.1,333
CCDS1029.1,351
CCDS1030.1,1758
CCDS1031.1,240
CCDS1032.1,270
CCDS1033.1,510
CCDS1034.1,219
CCDS1035.1,1026
CCDS1036.1,345
CCDS1037.1,279
CCDS1038.1,282
CCDS1039.1,306
CCDS1040.1,273
CCDS1041.2,279
CCDS1042.1,306
CCDS1043.1,306
CCDS1044.2,297
CCDS1045.1,312
CCDS1046.1,315
CCDS1047.1,285
CCDS1048.1,747
CCDS1049.1,411
CCDS1050.1,1173
CCDS1051.1,3186
CCDS1052.1,3129
CCDS1053.3,2052
CCDS1054.1,1782
CCDS1055.1,975
CCDS1056.1,1188
CCDS1057.1,441
CCDS1058.1,612
CCDS1059.1,255
CCDS1060.1,747
CCDS1061.1,660
CCDS1062.1,606
CCDS1063.1,3264
CCDS1064.1,840
CCDS1065.1,906
CCDS1066.2,3573
CCDS1067.1,1407
CCDS1068.1,1098
CCDS1069.1,1269
CCDS1070.1,1509
CCDS1071.1,3681
CCDS1072.1,1281
CCDS1073.1,579
CCDS1074.1,2196
CCDS1075.1,1221
CCDS1076.1,1425
CCDS1077.1,240
CCDS1078.1,1764
CCDS1079.1,1473
CCDS1080.1,186
CCDS1081.1,1620
CCDS1082.2,2322
CCDS1083.1,2121
CCDS1084.1,2445
CCDS1085.1,2520
CCDS1086.1,2517
CCDS1087.1,2592
CCDS1088.1,2319
CCDS1089.1,606
CCDS1090.1,717
CCDS1091.1,618
CCDS1092.1,552
CCDS1093.1,666
CCDS1094.1,369
CCDS1095.1,279
CCDS1096.2,411
CCDS1097.1,2280
CCDS1098.1,822
CCDS1099.1,2871
CCDS1100.1,1401
CCDS1101.1,1308
CCDS1102.1,1611
CCDS1103.1,2007
CCDS1104.1,1719
CCDS1105.1,1044
CCDS1106.1,966
CCDS1107.1,1497
CCDS1108.1,2325
CCDS1109.1,1725
CCDS1110.1,1260
CCDS1112.1,1302
CCDS1113.2,8895
CCDS1114.1,1713
CCDS1115.1,2391
CCDS1116.1,2253
CCDS1120.1,1197
CCDS1121.1,4590
CCDS1122.1,1296
CCDS1123.1,660
CCDS1124.1,1125
CCDS1125.1,2877
CCDS1126.1,552
CCDS1127.1,1806
CCDS1128.1,378
CCDS1129.1,1995
CCDS1131.1,1719
CCDS1132.1,2286
CCDS1133.1,945
CCDS1134.1,303
CCDS1135.1,1056
CCDS1136.1,1035
CCDS1137.1,3051
CCDS1138.1,1185
CCDS1139.1,1221
CCDS1140.2,1638
CCDS1141.1,378
CCDS1143.1,1566
CCDS1144.1,4896
CCDS1145.1,867
CCDS1148.1,1023
CCDS1149.1,2736
CCDS1150.1,2016
CCDS1151.1,4866
CCDS1152.1,417
CCDS1153.1,1062
CCDS1154.1,1428
CCDS1155.1,651
CCDS1156.1,723
CCDS1157.1,1476
CCDS1159.1,1170
CCDS1160.1,3894
CCDS1161.1,2391
CCDS1162.1,4569
CCDS1163.1,4689
CCDS1164.1,432
CCDS1165.1,2934
CCDS1166.1,1548
CCDS1167.1,2205
CCDS1168.1,1527
CCDS1170.1,1290
CCDS1171.1,1044
CCDS1172.2,2274
CCDS1173.1,1008
CCDS1174.1,984
CCDS1175.1,1002
CCDS1176.1,1002
CCDS1177.1,1224
CCDS1178.1,1479
CCDS1179.1,1452
CCDS1180.3,2190
CCDS1181.1,1032
CCDS1182.1,1299
CCDS1183.1,1011
CCDS1184.1,774
CCDS1186.1,672
CCDS1187.1,453
CCDS1188.1,858
CCDS1189.1,600
CCDS1190.1,3492
CCDS1191.1,870
CCDS1192.1,1272
CCDS1193.1,1140
CCDS1194.1,1182
CCDS1195.1,1842
CCDS1196.1,3063
CCDS1197.1,3090
CCDS1198.2,1191
CCDS1199.1,393
CCDS1200.1,1794
CCDS1201.1,900
CCDS1202.1,3675
CCDS1203.1,2130
CCDS1204.1,402
CCDS1205.1,996
CCDS1206.1,987
CCDS1207.1,1008
CCDS1208.1,732
CCDS1209.1,1008
CCDS1210.1,1098
CCDS1211.1,942
CCDS1212.1,978
CCDS1213.1,900
CCDS1214.1,933
CCDS1215.1,2673
CCDS1216.1,1533
CCDS1217.1,465
CCDS1218.1,984
CCDS1219.1,957
CCDS1220.1,504
CCDS1221.1,1434
CCDS1222.1,1182
CCDS1223.1,2514
CCDS1224.1,1392
CCDS1225.1,261
CCDS1226.1,303
CCDS1227.1,927
CCDS1228.1,1047
CCDS1229.2,747
CCDS1230.1,510
CCDS1231.1,1932
CCDS1234.1,1023
CCDS1235.1,2013
CCDS1236.1,2253
CCDS1237.1,1521
CCDS1238.1,786
CCDS1239.1,1260
CCDS1240.1,1518
CCDS1241.1,2568
CCDS1242.1,1026
CCDS1243.1,618
CCDS1244.1,546
CCDS1245.1,1395
CCDS1246.1,1293
CCDS1247.1,1149
CCDS1248.1,1392
CCDS1249.1,459
CCDS1250.2,1557
CCDS1251.3,567
CCDS1252.1,786
CCDS1254.1,1830
CCDS1255.1,1008
CCDS1256.1,1920
CCDS1257.1,1305
CCDS1258.1,960
CCDS1259.2,2301
CCDS1260.1,492
CCDS1261.1,495
CCDS1262.1,663
CCDS1263.1,1251
CCDS1264.1,810
CCDS1265.1,4833
CCDS1266.1,384
CCDS1267.2,2643
CCDS1268.1,1590
CCDS1270.1,819
CCDS1271.1,483
CCDS1272.1,1347
CCDS1273.1,345
CCDS1274.1,345
CCDS1275.1,606
CCDS1276.1,912
CCDS1277.1,1131
CCDS1278.1,1203
CCDS1279.1,1527
CCDS1280.1,1494
CCDS1281.1,6675
CCDS1282.1,2493
CCDS1283.1,1833
CCDS1284.1,1119
CCDS1285.1,2562
CCDS1286.1,2067
CCDS1287.1,2229
CCDS1288.1,2379
CCDS1289.2,1110
CCDS1290.1,738
CCDS1291.1,654
CCDS1292.1,1599
CCDS1293.2,1608
CCDS1294.1,1599
CCDS1295.1,1677
CCDS1296.2,8454
CCDS1297.1,1515
CCDS1298.1,426
CCDS1299.1,2100
CCDS1300.1,1842
CCDS1301.1,552
CCDS1302.1,894
CCDS1303.1,3765
CCDS1304.1,846
CCDS1305.3,534
CCDS1306.1,552
CCDS1307.1,675
CCDS1308.1,3375
CCDS1309.1,801
CCDS1310.1,1830
CCDS1311.1,1938
CCDS1312.1,1086
CCDS1313.1,1395
CCDS1314.1,2448
CCDS1315.1,687
CCDS1316.1,387
CCDS1318.1,4077
CCDS1319.1,3885
CCDS1320.1,2352
CCDS1321.2,3843
CCDS1322.1,3420
CCDS1323.1,702
CCDS1325.1,1752
CCDS1327.1,1476
CCDS1328.1,1230
CCDS1329.1,1194
CCDS1330.1,1653
CCDS1331.1,1152
CCDS1332.1,2946
CCDS1333.1,504
CCDS1334.1,1413
CCDS1335.1,1752
CCDS1336.1,9354
CCDS1337.1,2244
CCDS1338.1,1173
CCDS1339.1,849
CCDS1340.1,2091
CCDS1341.1,768
CCDS1342.1,1026
CCDS1343.1,984
CCDS1344.1,1122
CCDS1347.1,2226
CCDS1348.1,609
CCDS1349.1,597
CCDS1350.1,963
CCDS1351.1,4830
CCDS1352.1,3582
CCDS1353.1,924
CCDS1354.1,909
CCDS1355.1,3414
CCDS1356.1,1581
CCDS1357.1,456
CCDS1358.1,1104
CCDS1359.1,2412
CCDS1360.1,1881
CCDS1361.1,516
CCDS1362.1,366
CCDS1363.2,2799
CCDS1364.1,2787
CCDS1365.1,1011
CCDS1366.1,2202
CCDS1367.1,2703
CCDS1368.1,1929
CCDS1369.1,4215
CCDS1370.1,741
CCDS1371.1,1815
CCDS1372.1,2250
CCDS1373.1,2301
CCDS1374.1,708
CCDS1375.2,630
CCDS1376.1,480
CCDS1377.1,636
CCDS1378.1,990
CCDS1379.1,1617
CCDS1380.1,498
CCDS1381.1,495
CCDS1382.1,1596
CCDS1383.1,1269
CCDS1384.1,3408
CCDS1385.1,3696
CCDS1386.1,993
CCDS1387.1,1710
CCDS1388.1,1986
CCDS1389.1,10434
CCDS1390.1,4221
CCDS1393.1,1194
CCDS1394.1,909
CCDS1395.1,357
CCDS1396.1,180
CCDS1397.2,3921
CCDS1398.2,3438
CCDS1400.1,1488
CCDS1401.1,1626
CCDS1402.1,2688
CCDS1404.1,4437
CCDS1405.1,1086
CCDS1407.1,5622
CCDS1408.1,552
CCDS1410.1,1554
CCDS1411.1,564
CCDS1412.1,384
CCDS1413.1,582
CCDS1414.2,5634
CCDS1415.1,3126
CCDS1416.1,594
CCDS1417.1,516
CCDS1418.1,1953
CCDS1419.1,1116
CCDS1420.1,1446
CCDS1421.1,561
CCDS1422.1,1200
CCDS1423.3,1083
CCDS1424.1,2748
CCDS1425.1,594
CCDS1426.1,2949
CCDS1427.1,1260
CCDS1428.1,372
CCDS1429.1,1707
CCDS1430.1,1128
CCDS1431.1,918
CCDS1432.1,1131
CCDS1433.1,675
CCDS1434.1,981
CCDS1435.1,1152
CCDS1436.1,1401
CCDS1437.1,477
CCDS1438.1,1149
CCDS1439.1,999
CCDS1440.1,3618
CCDS1441.2,1197
CCDS1442.2,1161
CCDS1443.1,399
CCDS1444.1,3147
CCDS1445.1,2142
CCDS1446.1,4905
CCDS1447.1,1473
CCDS1448.1,2142
CCDS1449.1,3123
CCDS1450.1,768
CCDS1451.1,2790
CCDS1452.1,2655
CCDS1453.3,1887
CCDS1454.1,1515
CCDS1455.1,1545
CCDS1456.1,1296
CCDS1457.1,1218
CCDS1458.1,1662
CCDS1459.1,612
CCDS1460.1,1509
CCDS1463.1,1011
CCDS1464.1,798
CCDS1465.1,1755
CCDS1466.1,1113
CCDS1467.1,537
CCDS1469.1,534
CCDS1470.1,531
CCDS1471.1,621
CCDS1473.1,1173
CCDS1474.1,2295
CCDS1475.1,1806
CCDS1476.1,759
CCDS1477.1,1794
CCDS1478.1,3102
CCDS1479.1,1050
CCDS1480.1,1155
CCDS1481.1,1110
CCDS1482.1,1200
CCDS1484.1,1068
CCDS1485.1,1179
CCDS1486.1,1431
CCDS1487.1,3519
CCDS1488.1,312
CCDS1489.1,879
CCDS1490.2,1656
CCDS1491.1,810
CCDS1492.1,1404
CCDS1493.1,2271
CCDS1494.1,1071
CCDS1495.1,1482
CCDS1496.1,2970
CCDS1497.1,1674
CCDS1498.1,588
CCDS1499.1,1524
CCDS1500.1,1338
CCDS1501.1,2889
CCDS1502.1,2193
CCDS1503.1,1461
CCDS1504.1,1053
CCDS1505.1,519
CCDS1506.1,546
CCDS1507.1,1785
CCDS1508.1,384
CCDS1509.1,846
CCDS1510.1,1668
CCDS1511.1,936
CCDS1512.1,1635
CCDS1513.1,3201
CCDS1514.1,3564
CCDS1515.1,2448
CCDS1516.1,4641
CCDS1517.1,1308
CCDS1518.1,1587
CCDS1519.1,1086
CCDS1520.2,849
CCDS1521.1,1245
CCDS1522.1,714
CCDS1523.1,3039
CCDS1524.1,429
CCDS1525.1,1008
CCDS1526.1,1014
CCDS1527.1,1467
CCDS1528.1,1449
CCDS1530.2,2175
CCDS1531.1,1353
CCDS1532.1,1011
CCDS1533.1,921
CCDS1534.1,1236
CCDS1535.2,477
CCDS1536.1,4575
CCDS1537.1,1872
CCDS1538.1,3018
CCDS1539.1,1107
CCDS1540.1,972
CCDS1541.1,2571
CCDS1542.1,2253
CCDS1543.1,420
CCDS1544.1,483
CCDS1545.1,1848
CCDS1546.1,261
CCDS1547.1,1368
CCDS1548.1,1101
CCDS1549.1,1101
CCDS1550.1,411
CCDS1551.1,1587
CCDS1552.1,699
CCDS1553.1,1677
CCDS1554.1,3045
CCDS1555.1,2841
CCDS1556.1,1347
CCDS1557.1,1944
CCDS1558.1,5160
CCDS1559.1,4917
CCDS1560.1,1578
CCDS1561.2,1254
CCDS1563.1,981
CCDS1564.1,1059
CCDS1565.1,546
CCDS1566.1,792
CCDS1567.1,387
CCDS1568.1,594
CCDS1569.1,1320
CCDS1570.2,19863
CCDS1571.1,1434
CCDS1572.1,411
CCDS1573.1,393
CCDS1574.1,381
CCDS1575.1,777
CCDS1577.1,813
CCDS1578.1,1134
CCDS1579.1,3471
CCDS1580.1,2217
CCDS1581.1,1770
CCDS1582.1,1716
CCDS1584.1,2217
CCDS1585.2,1431
CCDS1586.1,2073
CCDS1587.1,984
CCDS1588.1,2583
CCDS1589.1,816
CCDS1590.1,555
CCDS1591.2,882
CCDS1592.1,2043
CCDS1593.1,2178
CCDS1594.1,1470
CCDS1595.1,1281
CCDS1596.1,873
CCDS1597.1,573
CCDS1598.1,3111
CCDS1599.1,1011
CCDS1600.1,1473
CCDS1601.1,4866
CCDS1602.1,1764
CCDS1603.1,438
CCDS1604.1,903
CCDS1605.1,1584
CCDS1606.1,1503
CCDS1607.1,228
CCDS1608.1,3744
CCDS1609.1,1200
CCDS1610.1,648
CCDS1611.1,1080
CCDS1612.1,954
CCDS1613.1,2685
CCDS1614.1,3798
CCDS1615.1,1623
CCDS1616.1,1773
CCDS1617.1,1533
CCDS1618.1,1461
CCDS1620.1,2541
CCDS1621.2,1611
CCDS1622.1,1596
CCDS1624.1,1371
CCDS1625.1,2499
CCDS1626.1,585
CCDS1627.1,1191
CCDS1628.1,2178
CCDS1629.2,6828
CCDS1631.1,1764
CCDS1632.2,3105
CCDS1633.2,2763
CCDS1634.2,963
CCDS1635.1,408
CCDS1636.1,1461
CCDS1637.1,939
CCDS1638.1,1359
CCDS1639.1|Hs110|chr2,477
CCDS1640.1|Hs110|chr2,477
CCDS1643.1|Hs110|chr2,2802
CCDS1644.1|Hs110|chr2,2631
CCDS1646.1|Hs110|chr2,2283
CCDS1647.1|Hs110|chr2,861
CCDS1648.1|Hs110|chr2,585
CCDS1649.1|Hs110|chr2,816
CCDS1650.1|Hs110|chr2,807
CCDS1651.1|Hs110|chr2,1164
CCDS1652.1|Hs110|chr2,2208
CCDS1653.1|Hs110|chr2,540
CCDS1654.1|Hs110|chr2,1326
CCDS1656.1|Hs110|chr2,1086
CCDS1657.1|Hs110|chr2,879
CCDS1659.1|Hs110|chr2,405
CCDS1660.1|Hs110|chr2,1563
CCDS1661.1|Hs110|chr2,3021
CCDS1662.1|Hs110|chr2,603
CCDS1663.1|Hs110|chr2,453
CCDS1664.1|Hs110|chr2,2055
CCDS1665.1|Hs110|chr2,2475
CCDS1666.1|Hs110|chr2,738
CCDS1668.1|Hs110|chr2,1539
CCDS1669.1|Hs110|chr2,1170
CCDS1671.1|Hs110|chr2,582
CCDS1672.1|Hs110|chr2,1386
CCDS1673.2|Hs110|chr2,2067
CCDS1674.1|Hs110|chr2,1146
CCDS1675.1|Hs110|chr2,1323
CCDS1676.1|Hs110|chr2,1485
CCDS1678.1|Hs110|chr2,489
CCDS1679.1|Hs110|chr2,609
CCDS1680.2|Hs110|chr2,846
CCDS1681.1|Hs110|chr2,1233
CCDS1682.1|Hs110|chr2,2673
CCDS1683.1|Hs110|chr2,1032
CCDS1684.1|Hs110|chr2,879
CCDS1685.1|Hs110|chr2,7116
CCDS1686.1|Hs110|chr2,2223
CCDS1687.1|Hs110|chr2,1395
CCDS1688.1|Hs110|chr2,972
CCDS1689.1|Hs110|chr2,576
CCDS1690.1|Hs110|chr2,3276
CCDS1691.1|Hs110|chr2,2727
CCDS1692.1|Hs110|chr2,1476
CCDS1693.1|Hs110|chr2,1011
CCDS1694.1|Hs110|chr2,801
CCDS1695.1|Hs110|chr2,3513
CCDS1696.1|Hs110|chr2,702
CCDS1697.1|Hs110|chr2,933
CCDS1698.1|Hs110|chr2,3195
CCDS1699.1|Hs110|chr2,591
CCDS1700.1|Hs110|chr2,1179
CCDS1701.1|Hs110|chr2,1353
CCDS1702.1|Hs110|chr2,978
CCDS1703.1|Hs110|chr2,13692
CCDS1704.1|Hs110|chr2,780
CCDS1705.1|Hs110|chr2,2166
CCDS1706.1|Hs110|chr2,327
CCDS1707.1|Hs110|chr2,378
CCDS1708.1|Hs110|chr2,999
CCDS1709.1|Hs110|chr2,390
CCDS1710.2|Hs110|chr2,5094
CCDS1711.2|Hs110|chr2,5013
CCDS1712.1|Hs110|chr2,4326
CCDS1713.1|Hs110|chr2,4200
CCDS1714.1|Hs110|chr2,903
CCDS1715.1|Hs110|chr2,3435
CCDS1716.1|Hs110|chr2,822
CCDS1717.1|Hs110|chr2,804
CCDS1718.2|Hs110|chr2,2172
CCDS1719.1|Hs110|chr2,2382
CCDS1720.1|Hs110|chr2,603
CCDS1721.1|Hs110|chr2,2292
CCDS1722.1|Hs110|chr2,1425
CCDS1723.1|Hs110|chr2,2223
CCDS1724.1|Hs110|chr2,3693
CCDS1725.1|Hs110|chr2,5994
CCDS1726.1|Hs110|chr2,3693
CCDS1727.1|Hs110|chr2,1185
CCDS1728.1|Hs110|chr2,1116
CCDS1729.1|Hs110|chr2,423
CCDS1730.1|Hs110|chr2,1695
CCDS1731.1|Hs110|chr2,846
CCDS1732.3|Hs110|chr2,2661
CCDS1733.1|Hs110|chr2,3051
CCDS1734.1|Hs110|chr2,897
CCDS1735.1|Hs110|chr2,897
CCDS1736.1|Hs110|chr2,1218
CCDS1738.1|Hs110|chr2,1254
CCDS1739.1|Hs110|chr2,1239
CCDS1740.1|Hs110|chr2,1908
CCDS1742.1|Hs110|chr2,6678
CCDS1743.1|Hs110|chr2,1167
CCDS1744.1|Hs110|chr2,570
CCDS1745.2|Hs110|chr2,1203
CCDS1746.2|Hs110|chr2,1077
CCDS1747.1|Hs110|chr2,375
CCDS1748.1|Hs110|chr2,531
CCDS1749.1|Hs110|chr2,2736
CCDS1750.1|Hs110|chr2,1413
CCDS1751.1|Hs110|chr2,1626
CCDS1752.1|Hs110|chr2,1641
CCDS1753.1|Hs110|chr2,1608
CCDS1754.1|Hs110|chr2,723
CCDS1755.1|Hs110|chr2,5250
CCDS1756.1|Hs110|chr2,705
CCDS1757.1|Hs110|chr2,1878
CCDS1758.1|Hs110|chr2,1704
CCDS1759.1|Hs110|chr2,837
CCDS1760.3|Hs110|chr2,1125
CCDS1761.1|Hs110|chr2,198
CCDS1762.1|Hs110|chr2,969
CCDS1763.1|Hs110|chr2,1152
CCDS1764.1|Hs110|chr2,1248
CCDS1765.1|Hs110|chr2,1131
CCDS1766.1|Hs110|chr2,981
CCDS1767.2|Hs110|chr2,942
CCDS1768.1|Hs110|chr2,1434
CCDS1769.2|Hs110|chr2,3060
CCDS1770.1|Hs110|chr2,2118
CCDS1771.1|Hs110|chr2,366
CCDS1772.1|Hs110|chr2,1245
CCDS1773.2|Hs110|chr2,1659
CCDS1774.1|Hs110|chr2,1608
CCDS1775.1|Hs110|chr2,4002
CCDS1776.1|Hs110|chr2,894
CCDS1777.1|Hs110|chr2,300
CCDS1778.1|Hs110|chr2,1851
CCDS1779.1|Hs110|chr2,1755
CCDS1780.1|Hs110|chr2,1386
CCDS1781.1|Hs110|chr2,735
CCDS1783.1|Hs110|chr2,3111
CCDS1784.1|Hs110|chr2,2343
CCDS1785.4|Hs110|chr2,792
CCDS1786.1|Hs110|chr2,1656
CCDS1787.1|Hs110|chr2,3165
CCDS1788.1|Hs110|chr2,1326
CCDS1789.1|Hs110|chr2,2673
CCDS1790.1|Hs110|chr2,1086
CCDS1791.1|Hs110|chr2,765
CCDS1792.1|Hs110|chr2,1722
CCDS1793.1|Hs110|chr2,1632
CCDS1795.1|Hs110|chr2,1740
CCDS1796.2|Hs110|chr2,1629
CCDS1797.1|Hs110|chr2,1029
CCDS1799.1|Hs110|chr2,504
CCDS1800.1|Hs110|chr2,4161
CCDS1802.1|Hs110|chr2,4002
CCDS1803.1|Hs110|chr2,2685
CCDS1804.1|Hs110|chr2,894
CCDS1805.2|Hs110|chr2,1512
CCDS1806.1|Hs110|chr2,2922
CCDS1807.1|Hs110|chr2,2946
CCDS1808.1|Hs110|chr2,345
CCDS1809.1|Hs110|chr2,1311
CCDS1810.2|Hs110|chr2,1155
CCDS1811.1|Hs110|chr2,1485
CCDS1812.1|Hs110|chr2,4482
CCDS1813.1|Hs110|chr2,1056
CCDS1814.1|Hs110|chr2,1956
CCDS1815.1|Hs110|chr2,2022
CCDS1816.1|Hs110|chr2,1164
CCDS1817.1|Hs110|chr2,1440
CCDS1818.1|Hs110|chr2,579
CCDS1819.1|Hs110|chr2,2058
CCDS1820.1|Hs110|chr2,972
CCDS1821.1|Hs110|chr2,999
CCDS1822.1|Hs110|chr2,876
CCDS1823.1|Hs110|chr2,2988
CCDS1824.1|Hs110|chr2,2214
CCDS1825.1|Hs110|chr2,2613
CCDS1826.1|Hs110|chr2,681
CCDS1827.1|Hs110|chr2,660
CCDS1828.1|Hs110|chr2,621
CCDS1829.1|Hs110|chr2,306
CCDS1830.1|Hs110|chr2,1611
CCDS1831.1|Hs110|chr2,534
CCDS1832.1|Hs110|chr2,450
CCDS1833.1|Hs110|chr2,945
CCDS1834.1|Hs110|chr2,2805
CCDS1835.1|Hs110|chr2,1293
CCDS1836.1|Hs110|chr2,4083
CCDS1837.1|Hs110|chr2,2532
CCDS1838.1|Hs110|chr2,1296
CCDS1839.1|Hs110|chr2,2310
CCDS1841.1|Hs110|chr2,2208
CCDS1842.1|Hs110|chr2,2100
CCDS1843.1|Hs110|chr2,2088
CCDS1844.2|Hs110|chr2,2010
CCDS1845.1|Hs110|chr2,1329
CCDS1846.1|Hs110|chr2,1557
CCDS1847.1|Hs110|chr2,1338
CCDS1848.1|Hs110|chr2,1452
CCDS1849.1|Hs110|chr2,1623
CCDS1850.1|Hs110|chr2,300
CCDS1851.1|Hs110|chr2,1122
CCDS1852.1|Hs110|chr2,2961
CCDS1853.1|Hs110|chr2,2184
CCDS1854.2|Hs110|chr2,1029
CCDS1855.1|Hs110|chr2,2295
CCDS1856.1|Hs110|chr2,2352
CCDS1857.1|Hs110|chr2,1482
CCDS1859.1|Hs110|chr2,1527
CCDS1860.1|Hs110|chr2,1128
CCDS1861.1|Hs110|chr2,2322
CCDS1862.1|Hs110|chr2,2508
CCDS1863.1|Hs110|chr2,2211
CCDS1864.1|Hs110|chr2,1860
CCDS1865.1|Hs110|chr2,1590
CCDS1866.1|Hs110|chr2,1212
CCDS1867.1|Hs110|chr2,2124
CCDS1869.1|Hs110|chr2,573
CCDS1870.1|Hs110|chr2,1194
CCDS1871.1|Hs110|chr2,597
CCDS1872.1|Hs110|chr2,3696
CCDS1873.1|Hs110|chr2,1065
CCDS1874.1|Hs110|chr2,1005
CCDS1875.1|Hs110|chr2,1527
CCDS1876.1|Hs110|chr2,1257
CCDS1877.1|Hs110|chr2,519
CCDS1878.1|Hs110|chr2,2730
CCDS1879.1|Hs110|chr2,1599
CCDS1880.2|Hs110|chr2,2274
CCDS1881.1|Hs110|chr2,1185
CCDS1882.1|Hs110|chr2,2781
CCDS1883.1|Hs110|chr2,426
CCDS1884.1|Hs110|chr2,1074
CCDS1885.1|Hs110|chr2,759
CCDS1886.1|Hs110|chr2,495
CCDS1887.1|Hs110|chr2,1053
CCDS1888.1|Hs110|chr2,1536
CCDS1889.1|Hs110|chr2,1182
CCDS1890.1|Hs110|chr2,1275
CCDS1891.3|Hs110|chr2,558
CCDS1892.1|Hs110|chr2,1695
CCDS1893.2|Hs110|chr2,2886
CCDS1894.1|Hs110|chr2,966
CCDS1895.1|Hs110|chr2,1548
CCDS1896.1|Hs110|chr2,666
CCDS1897.2|Hs110|chr2,780
CCDS1898.1|Hs110|chr2,1071
CCDS1899.1|Hs110|chr2,1725
CCDS1900.1|Hs110|chr2,1128
CCDS1901.1|Hs110|chr2,1161
CCDS1902.1|Hs110|chr2,1518
CCDS1903.1|Hs110|chr2,231
CCDS1904.1|Hs110|chr2,417
CCDS1905.1|Hs110|chr2,483
CCDS1906.1|Hs110|chr2,2181
CCDS1909.1|Hs110|chr2,1932
CCDS1910.1|Hs110|chr2,1770
CCDS1911.1|Hs110|chr2,873
CCDS1912.1|Hs110|chr2,1542
CCDS1913.1|Hs110|chr2,1032
CCDS1914.1|Hs110|chr2,591
CCDS1915.1|Hs110|chr2,531
CCDS1916.1|Hs110|chr2,2046
CCDS1917.1|Hs110|chr2,5937
CCDS1918.1|Hs110|chr2,6243
CCDS1919.1|Hs110|chr2,1539
CCDS1920.1|Hs110|chr2,786
CCDS1921.2|Hs110|chr2,873
CCDS1922.1|Hs110|chr2,1023
CCDS1923.1|Hs110|chr2,1962
CCDS1924.1|Hs110|chr2,567
CCDS1925.3|Hs110|chr2,1461
CCDS1926.1|Hs110|chr2,684
CCDS1927.1|Hs110|chr2,528
CCDS1928.3|Hs110|chr2,993
CCDS1929.1|Hs110|chr2,1275
CCDS1930.1|Hs110|chr2,1131
CCDS1931.1|Hs110|chr2,834
CCDS1932.1|Hs110|chr2,570
CCDS1935.2|Hs110|chr2,1053
CCDS1936.1|Hs110|chr2,3414
CCDS1937.1|Hs110|chr2,3366
CCDS1939.1|Hs110|chr2,3837
CCDS1940.1|Hs110|chr2,1005
CCDS1941.1|Hs110|chr2,1653
CCDS1942.2|Hs110|chr2,1071
CCDS1943.1|Hs110|chr2,810
CCDS1944.1|Hs110|chr2,339
CCDS1945.1|Hs110|chr2,2232
CCDS1946.2|Hs110|chr2,780
CCDS1947.1|Hs110|chr2,855
CCDS1949.2|Hs110|chr2,2154
CCDS1951.1|Hs110|chr2,1377
CCDS1952.1|Hs110|chr2,1086
CCDS1953.1|Hs110|chr2,2262
CCDS1954.1|Hs110|chr2,1446
CCDS1955.1|Hs110|chr2,2313
CCDS1956.1|Hs110|chr2,2754
CCDS1957.1|Hs110|chr2,354
CCDS1958.1|Hs110|chr2,1224
CCDS1959.1|Hs110|chr2,459
CCDS1960.2|Hs110|chr2,879
CCDS1961.1|Hs110|chr2,2346
CCDS1962.1|Hs110|chr2,528
CCDS1963.1|Hs110|chr2,501
CCDS1964.1|Hs110|chr2,501
CCDS1965.1|Hs110|chr2,528
CCDS1966.1|Hs110|chr2,1569
CCDS1967.2|Hs110|chr2,1041
CCDS1970.1|Hs110|chr2,135
CCDS1971.1|Hs110|chr2,1767
CCDS1972.1|Hs110|chr2,1833
CCDS1973.1|Hs110|chr2,1176
CCDS1974.1|Hs110|chr2,1047
CCDS1977.1|Hs110|chr2,1188
CCDS1978.1|Hs110|chr2,2277
CCDS1979.1|Hs110|chr2,303
CCDS1980.1|Hs110|chr2,351
CCDS1981.1|Hs110|chr2,462
CCDS1982.1|Hs110|chr2,657
CCDS1983.3|Hs110|chr2,1146
CCDS1984.1|Hs110|chr2,438
CCDS1985.1|Hs110|chr2,966
CCDS1986.2|Hs110|chr2,1257
CCDS1987.1|Hs110|chr2,513
CCDS1988.1|Hs110|chr2,567
CCDS1989.1|Hs110|chr2,606
CCDS1990.1|Hs110|chr2,3966
CCDS1991.1|Hs110|chr2,1176
CCDS1992.1|Hs110|chr2,708
CCDS1993.1|Hs110|chr2,597
CCDS1994.1|Hs110|chr2,642
CCDS1995.1|Hs110|chr2,732
CCDS1997.1|Hs110|chr2,633
CCDS1999.1|Hs110|chr2,291
CCDS2000.1|Hs110|chr2,780
CCDS2001.1|Hs110|chr2,384
CCDS2002.2|Hs110|chr2,1455
CCDS2003.1|Hs110|chr2,543
CCDS2004.2|Hs110|chr2,936
CCDS2005.1|Hs110|chr2,1308
CCDS2006.1|Hs110|chr2,462
CCDS2007.1|Hs110|chr2,336
CCDS2008.1|Hs110|chr2,294
CCDS2009.1|Hs110|chr2,168
CCDS2010.1|Hs110|chr2,1293
CCDS2011.1|Hs110|chr2,1203
CCDS2012.1|Hs110|chr2,2505
CCDS2013.1|Hs110|chr2,771
CCDS2014.1|Hs110|chr2,945
CCDS2015.1|Hs110|chr2,1341
CCDS2016.1|Hs110|chr2,945
CCDS2017.2|Hs110|chr2,1113
CCDS2018.1|Hs110|chr2,717
CCDS2019.1|Hs110|chr2,1020
CCDS2020.1|Hs110|chr2,6411
CCDS2021.1|Hs110|chr2,2226
CCDS2023.1|Hs110|chr2,1047
CCDS2024.2|Hs110|chr2,2328
CCDS2025.1|Hs110|chr2,2124
CCDS2026.1|Hs110|chr2,1980
CCDS2027.1|Hs110|chr2,918
CCDS2028.1|Hs110|chr2,552
CCDS2029.1|Hs110|chr2,2502
CCDS2030.1|Hs110|chr2,945
CCDS2032.1|Hs110|chr2,390
CCDS2033.1|Hs110|chr2,1131
CCDS2034.1|Hs110|chr2,2085
CCDS2035.1|Hs110|chr2,780
CCDS2036.1|Hs110|chr2,1608
CCDS2037.1|Hs110|chr2,2097
CCDS2038.2|Hs110|chr2,276
CCDS2039.1|Hs110|chr2,1122
CCDS2040.1|Hs110|chr2,750
CCDS2041.1|Hs110|chr2,486
CCDS2042.1|Hs110|chr2,639
CCDS2043.1|Hs110|chr2,585
CCDS2044.1|Hs110|chr2,681
CCDS2045.1|Hs110|chr2,3756
CCDS2046.2|Hs110|chr2,2265
CCDS2047.1|Hs110|chr2,1071
CCDS2048.1|Hs110|chr2,2475
CCDS2049.1|Hs110|chr2,378
CCDS2050.1|Hs110|chr2,1533
CCDS2051.1|Hs110|chr2,1203
CCDS2052.1|Hs110|chr2,873
CCDS2054.1|Hs110|chr2,1197
CCDS2055.1|Hs110|chr2,1710
CCDS2056.1|Hs110|chr2,1728
CCDS2057.1|Hs110|chr2,1671
CCDS2058.1|Hs110|chr2,987
CCDS2060.1|Hs110|chr2,1626
CCDS2061.1|Hs110|chr2,1800
CCDS2062.1|Hs110|chr2,2439
CCDS2063.1|Hs110|chr2,1425
CCDS2064.1|Hs110|chr2,690
CCDS2065.1|Hs110|chr2,1191
CCDS2066.1|Hs110|chr2,1119
CCDS2067.1|Hs110|chr2,2583
CCDS2068.1|Hs110|chr2,699
CCDS2070.1|Hs110|chr2,840
CCDS2072.1|Hs110|chr2,447
CCDS2073.1|Hs110|chr2,1590
CCDS2074.1|Hs110|chr2,1743
CCDS2075.1|Hs110|chr2,891
CCDS2076.1|Hs110|chr2,924
CCDS2077.1|Hs110|chr2,909
CCDS2078.1|Hs110|chr2,978
CCDS2079.1|Hs110|chr2,9675
CCDS2080.1|Hs110|chr2,1998
CCDS2081.1|Hs110|chr2,1347
CCDS2082.1|Hs110|chr2,5298
CCDS2083.1|Hs110|chr2,2715
CCDS2084.1|Hs110|chr2,354
CCDS2085.1|Hs110|chr2,462
CCDS2086.1|Hs110|chr2,2202
CCDS2089.1|Hs110|chr2,597
CCDS2092.1|Hs110|chr2,339
CCDS2093.1|Hs110|chr2,5835
CCDS2094.1|Hs110|chr2,3000
CCDS2095.1|Hs110|chr2,1320
CCDS2096.1|Hs110|chr2,1134
CCDS2097.1|Hs110|chr2,3408
CCDS2098.1|Hs110|chr2,333
CCDS2099.1|Hs110|chr2,2040
CCDS2100.1|Hs110|chr2,2238
CCDS2101.1|Hs110|chr2,816
CCDS2102.1|Hs110|chr2,810
CCDS2103.1|Hs110|chr2,657
CCDS2104.1|Hs110|chr2,594
CCDS2105.1|Hs110|chr2,474
CCDS2106.1|Hs110|chr2,537
CCDS2107.1|Hs110|chr2,579
CCDS2108.1|Hs110|chr2,510
CCDS2109.1|Hs110|chr2,495
CCDS2110.1|Hs110|chr2,474
CCDS2111.1|Hs110|chr2,468
CCDS2112.1|Hs110|chr2,459
CCDS2113.1|Hs110|chr2,480
CCDS2114.1|Hs110|chr2,543
CCDS2115.1|Hs110|chr2,432
CCDS2116.1|Hs110|chr2,1188
CCDS2117.1|Hs110|chr2,1227
CCDS2118.1|Hs110|chr2,687
CCDS2119.1|Hs110|chr2,1572
CCDS2120.1|Hs110|chr2,2013
CCDS2121.2|Hs110|chr2,1896
CCDS2122.1|Hs110|chr2,678
CCDS2123.1|Hs110|chr2,1179
CCDS2124.1|Hs110|chr2,1563
CCDS2125.1|Hs110|chr2,1467
CCDS2126.1|Hs110|chr2,315
CCDS2127.1|Hs110|chr2,1323
CCDS2128.1|Hs110|chr2,936
CCDS2129.1|Hs110|chr2,2781
CCDS2130.1|Hs110|chr2,2202
CCDS2131.1|Hs110|chr2,621
CCDS2132.1|Hs110|chr2,1224
CCDS2134.1|Hs110|chr2,1440
CCDS2135.1|Hs110|chr2,882
CCDS2136.1|Hs110|chr2,387
CCDS2137.1|Hs110|chr2,1365
CCDS2138.1|Hs110|chr2,1782
CCDS2139.1|Hs110|chr2,1653
CCDS2140.1|Hs110|chr2,1521
CCDS2141.1|Hs110|chr2,1494
CCDS2142.1|Hs110|chr2,1557
CCDS2143.1|Hs110|chr2,1230
CCDS2144.1|Hs110|chr2,2349
CCDS2145.1|Hs110|chr2,1386
CCDS2146.1|Hs110|chr2,2460
CCDS2147.1|Hs110|chr2,1098
CCDS2148.1|Hs110|chr2,1104
CCDS2149.1|Hs110|chr2,648
CCDS2150.1|Hs110|chr2,4011
CCDS2151.1|Hs110|chr2,429
CCDS2152.1|Hs110|chr2,933
CCDS2153.1|Hs110|chr2,3147
CCDS2154.1|Hs110|chr2,4668
CCDS2155.1|Hs110|chr2,1143
CCDS2156.2|Hs110|chr2,2514
CCDS2157.1|Hs110|chr2,477
CCDS2158.1|Hs110|chr2,1353
CCDS2159.1|Hs110|chr2,543
CCDS2160.1|Hs110|chr2,876
CCDS2161.1|Hs110|chr2,1383
CCDS2162.1|Hs110|chr2,672
CCDS2163.1|Hs110|chr2,1044
CCDS2164.1|Hs110|chr2,2586
CCDS2165.1|Hs110|chr2,2073
CCDS2166.1|Hs110|chr2,666
CCDS2167.1|Hs110|chr2,1137
CCDS2170.1|Hs110|chr2,1362
CCDS2171.1|Hs110|chr2,2226
CCDS2172.1|Hs110|chr2,870
CCDS2173.2|Hs110|chr2,1011
CCDS2174.1|Hs110|chr2,2193
CCDS2175.1|Hs110|chr2,1992
CCDS2176.2|Hs110|chr2,3987
CCDS2177.1|Hs110|chr2,3300
CCDS2178.1|Hs110|chr2,5784
CCDS2179.1|Hs110|chr2,2466
CCDS2180.1|Hs110|chr2,1506
CCDS2181.1|Hs110|chr2,879
CCDS2182.1|Hs110|chr2,13800
CCDS2183.1|Hs110|chr2,1398
CCDS2184.1|Hs110|chr2,1428
CCDS2185.1|Hs110|chr2,1122
CCDS2186.1|Hs110|chr2,3645
CCDS2187.1|Hs110|chr2,1311
CCDS2188.1|Hs110|chr2,516
CCDS2189.1|Hs110|chr2,891
CCDS2190.1|Hs110|chr2,735
CCDS2191.1|Hs110|chr2,1074
CCDS2192.1|Hs110|chr2,924
CCDS2193.1|Hs110|chr2,834
CCDS2194.1|Hs110|chr2,7419
CCDS2195.1|Hs110|chr2,540
CCDS2196.1|Hs110|chr2,1578
CCDS2197.1|Hs110|chr2,681
CCDS2198.1|Hs110|chr2,330
CCDS2199.1|Hs110|chr2,1671
CCDS2200.1|Hs110|chr2,1506
CCDS2201.1|Hs110|chr2,1797
CCDS2202.1|Hs110|chr2,2184
CCDS2203.1|Hs110|chr2,2823
CCDS2204.1|Hs110|chr2,1080
CCDS2205.1|Hs110|chr2,1482
CCDS2206.1|Hs110|chr2,1530
CCDS2207.1|Hs110|chr2,954
CCDS2208.1|Hs110|chr2,1431
CCDS2209.2|Hs110|chr2,6507
CCDS2210.1|Hs110|chr2,2115
CCDS2211.1|Hs110|chr2,5169
CCDS2212.1|Hs110|chr2,2367
CCDS2213.1|Hs110|chr2,1221
CCDS2215.1|Hs110|chr2,1278
CCDS2216.1|Hs110|chr2,2301
CCDS2217.1|Hs110|chr2,3078
CCDS2218.1|Hs110|chr2,654
CCDS2219.1|Hs110|chr2,3591
CCDS2220.1|Hs110|chr2,2199
CCDS2221.2|Hs110|chr2,2280
CCDS2222.1|Hs110|chr2,1623
CCDS2223.2|Hs110|chr2,3501
CCDS2224.1|Hs110|chr2,1155
CCDS2225.1|Hs110|chr2,1758
CCDS2226.1|Hs110|chr2,1902
CCDS2227.1|Hs110|chr2,981
CCDS2228.1|Hs110|chr2,1155
CCDS2229.1|Hs110|chr2,675
CCDS2230.1|Hs110|chr2,1068
CCDS2231.1|Hs110|chr2,960
CCDS2232.1|Hs110|chr2,13968
CCDS2233.1|Hs110|chr2,1026
CCDS2234.1|Hs110|chr2,1821
CCDS2235.1|Hs110|chr2,2265
CCDS2237.1|Hs110|chr2,1227
CCDS2238.2|Hs110|chr2,5667
CCDS2239.1|Hs110|chr2,1785
CCDS2240.1|Hs110|chr2,675
CCDS2241.1|Hs110|chr2,2301
CCDS2242.2|Hs110|chr2,1224
CCDS2243.2|Hs110|chr2,1563
CCDS2244.1|Hs110|chr2,861
CCDS2245.1|Hs110|chr2,1260
CCDS2246.1|Hs110|chr2,1008
CCDS2247.2|Hs110|chr2,768
CCDS2248.1|Hs110|chr2,987
CCDS2249.1|Hs110|chr2,3222
CCDS2250.1|Hs110|chr2,1311
CCDS2251.1|Hs110|chr2,1368
CCDS2252.1|Hs110|chr2,1353
CCDS2253.1|Hs110|chr2,1116
CCDS2254.1|Hs110|chr2,2346
CCDS2255.1|Hs110|chr2,1191
CCDS2256.1|Hs110|chr2,1353
CCDS2258.1|Hs110|chr2,1275
CCDS2259.1|Hs110|chr2,2613
CCDS2260.1|Hs110|chr2,1512
CCDS2261.1|Hs110|chr2,1374
CCDS2262.1|Hs110|chr2,1518
CCDS2263.1|Hs110|chr2,429
CCDS2264.2|Hs110|chr2,1032
CCDS2265.1|Hs110|chr2,1017
CCDS2266.1|Hs110|chr2,1023
CCDS2267.2|Hs110|chr2,1059
CCDS2268.1|Hs110|chr2,873
CCDS2269.1|Hs110|chr2,768
CCDS2270.1|Hs110|chr2,1299
CCDS2271.1|Hs110|chr2,987
CCDS2272.1|Hs110|chr2,792
CCDS2273.1|Hs110|chr2,1137
CCDS2275.1|Hs110|chr2,1977
CCDS2276.1|Hs110|chr2,1998
CCDS2277.1|Hs110|chr2,2805
CCDS2278.1|Hs110|chr2,2817
CCDS2279.1|Hs110|chr2,942
CCDS2280.1|Hs110|chr2,669
CCDS2282.1|Hs110|chr2,624
CCDS2283.1|Hs110|chr2,1071
CCDS2284.1|Hs110|chr2,3771
CCDS2285.1|Hs110|chr2,1638
CCDS2286.1|Hs110|chr2,978
CCDS2287.1|Hs110|chr2,3387
CCDS2288.1|Hs110|chr2,3405
CCDS2289.1|Hs110|chr2,654
CCDS2290.1|Hs110|chr2,981
CCDS2291.1|Hs110|chr2,3630
CCDS2292.1|Hs110|chr2,3147
CCDS2293.1|Hs110|chr2,1386
CCDS2294.1|Hs110|chr2,915
CCDS2295.1|Hs110|chr2,915
CCDS2297.1|Hs110|chr2,4401
CCDS2298.1|Hs110|chr2,2493
CCDS2299.1|Hs110|chr2,1716
CCDS2300.1|Hs110|chr2,1932
CCDS2301.1|Hs110|chr2,462
CCDS2302.1|Hs110|chr2,2799
CCDS2303.1|Hs110|chr2,1128
CCDS2304.1|Hs110|chr2,1161
CCDS2305.1|Hs110|chr2,1200
CCDS2306.1|Hs110|chr2,2376
CCDS2307.1|Hs110|chr2,1464
CCDS2308.1|Hs110|chr2,2010
CCDS2309.1|Hs110|chr2,2253
CCDS2310.1|Hs110|chr2,2247
CCDS2311.1|Hs110|chr2,3237
CCDS2313.1|Hs110|chr2,1278
CCDS2314.1|Hs110|chr2,1125
CCDS2315.1|Hs110|chr2,1119
CCDS2316.1|Hs110|chr2,2661
CCDS2317.2|Hs110|chr2,303
CCDS2318.1|Hs110|chr2,2769
CCDS2319.1|Hs110|chr2,717
CCDS2320.1|Hs110|chr2,309
CCDS2321.1|Hs110|chr2,678
CCDS2322.1|Hs110|chr2,582
CCDS2323.1|Hs110|chr2,1506
CCDS2324.1|Hs110|chr2,888
CCDS2325.1|Hs110|chr2,852
CCDS2326.2|Hs110|chr2,3288
CCDS2327.1|Hs110|chr2,2202
CCDS2329.1|Hs110|chr2,876
CCDS2330.1|Hs110|chr2,1281
CCDS2331.1|Hs110|chr2,1455
CCDS2332.1|Hs110|chr2,498
CCDS2333.1|Hs110|chr2,486
CCDS2334.1|Hs110|chr2,1734
CCDS2335.1|Hs110|chr2,1593
CCDS2336.1|Hs110|chr2,297
CCDS2337.1|Hs110|chr2,1443
CCDS2338.1|Hs110|chr2,1566
CCDS2339.1|Hs110|chr2,1440
CCDS2340.1|Hs110|chr2,1569
CCDS2342.1|Hs110|chr2,1440
CCDS2343.1|Hs110|chr2,1395
CCDS2345.1|Hs110|chr2,708
CCDS2346.1|Hs110|chr2,1338
CCDS2347.1|Hs110|chr2,2745
CCDS2348.1|Hs110|chr2,1257
CCDS2349.1|Hs110|chr2,1872
CCDS2350.1|Hs110|chr2,1155
CCDS2351.1|Hs110|chr2,1725
CCDS2352.1|Hs110|chr2,306
CCDS2353.1|Hs110|chr2,1590
CCDS2354.1|Hs110|chr2,1449
CCDS2356.1|Hs110|chr2,1272
CCDS2357.1|Hs110|chr2,1389
CCDS2358.1|Hs110|chr2,1428
CCDS2359.1|Hs110|chr2,3753
CCDS2360.1|Hs110|chr2,1935
CCDS2361.1|Hs110|chr2,663
CCDS2362.1|Hs110|chr2,672
CCDS2363.1|Hs110|chr2,600
CCDS2364.1|Hs110|chr2,2796
CCDS2365.1|Hs110|chr2,2721
CCDS2366.1|Hs110|chr2,2184
CCDS2367.1|Hs110|chr2,678
CCDS2368.1|Hs110|chr2,1068
CCDS2369.1|Hs110|chr2,2499
CCDS2371.1|Hs110|chr2,2133
CCDS2372.1|Hs110|chr2,1125
CCDS2373.1|Hs110|chr2,909
CCDS2374.1|Hs110|chr2,984
CCDS2375.1|Hs110|chr2,1026
CCDS2376.1|Hs110|chr2,657
CCDS2377.1|Hs110|chr2,870
CCDS2378.1|Hs110|chr2,525
CCDS2379.1|Hs110|chr2,525
CCDS2380.1|Hs110|chr2,528
CCDS2381.1|Hs110|chr2,1245
CCDS2382.1|Hs110|chr2,6297
CCDS2383.1|Hs110|chr2,1653
CCDS2384.1|Hs110|chr2,5484
CCDS2385.1|Hs110|chr2,1416
CCDS2387.2|Hs110|chr2,9705
CCDS2388.1|Hs110|chr2,687
CCDS2389.1|Hs110|chr2,1293
CCDS2390.1|Hs110|chr2,585
CCDS2391.1|Hs110|chr2,453
CCDS2392.1|Hs110|chr2,1200
CCDS2393.1|Hs110|chr2,4503
CCDS2394.1|Hs110|chr2,3927
CCDS2395.1|Hs110|chr2,1581
CCDS2396.1|Hs110|chr2,1896
CCDS2397.1|Hs110|chr2,2334
CCDS2398.1|Hs110|chr2,1779
CCDS2399.1|Hs110|chr2,7068
CCDS2400.1|Hs110|chr2,6531
CCDS2401.1|Hs110|chr2,894
CCDS2402.1|Hs110|chr2,2199
CCDS2403.1|Hs110|chr2,2865
CCDS2404.1|Hs110|chr2,279
CCDS2405.1|Hs110|chr2,819
CCDS2406.1|Hs110|chr2,168
CCDS2407.1|Hs110|chr2,5208
CCDS2408.1|Hs110|chr2,1083
CCDS2409.1|Hs110|chr2,1053
CCDS2410.1|Hs110|chr2,903
CCDS2411.1|Hs110|chr2,1158
CCDS2412.1|Hs110|chr2,936
CCDS2413.1|Hs110|chr2,1086
CCDS2414.1|Hs110|chr2,1164
CCDS2415.1|Hs110|chr2,1653
CCDS2416.1|Hs110|chr2,786
CCDS2417.1|Hs110|chr2,2484
CCDS2418.1|Hs110|chr2,2940
CCDS2419.1|Hs110|chr2,1260
CCDS2420.1|Hs110|chr2,1380
CCDS2421.1|Hs110|chr2,3948
CCDS2422.1|Hs110|chr2,3600
CCDS2423.1|Hs110|chr2,1596
CCDS2424.1|Hs110|chr2,1470
CCDS2425.1|Hs110|chr2,1098
CCDS2426.1|Hs110|chr2,1254
CCDS2427.1|Hs110|chr2,1104
CCDS2428.1|Hs110|chr2,717
CCDS2429.1|Hs110|chr2,594
CCDS2430.2|Hs110|chr2,5778
CCDS2431.2|Hs110|chr2,495
CCDS2432.1|Hs110|chr2,900
CCDS2433.1|Hs110|chr2,1233
CCDS2434.1|Hs110|chr2,1632
CCDS2435.1|Hs110|chr2,774
CCDS2436.1|Hs110|chr2,2529
CCDS2437.1|Hs110|chr2,1965
CCDS2438.1|Hs110|chr2,1347
CCDS2439.1|Hs110|chr2,975
CCDS2440.1|Hs110|chr2,2940
CCDS2441.1|Hs110|chr2,1263
CCDS2442.2|Hs110|chr2,1563
CCDS2443.1|Hs110|chr2,2328
CCDS2444.1|Hs110|chr2,1101
CCDS2445.1|Hs110|chr2,3699
CCDS2446.1|Hs110|chr2,3780
CCDS2447.1|Hs110|chr2,2961
CCDS2448.1|Hs110|chr2,1518
CCDS2449.1|Hs110|chr2,1224
CCDS2450.1|Hs110|chr2,1212
CCDS2451.1|Hs110|chr2,621
CCDS2453.1|Hs110|chr2,1200
CCDS2454.1|Hs110|chr2,1770
CCDS2455.1|Hs110|chr2,2163
CCDS2456.3|Hs110|chr2,513
CCDS2457.1|Hs110|chr2,1854
CCDS2459.1|Hs110|chr2,999
CCDS2460.1|Hs110|chr2,1197
CCDS2461.1|Hs110|chr2,819
CCDS2462.1|Hs110|chr2,2307
CCDS2463.1|Hs110|chr2,3729
CCDS2464.1|Hs110|chr2,948
CCDS2465.1|Hs110|chr2,1029
CCDS2466.1|Hs110|chr2,690
CCDS2467.1|Hs110|chr2,1689
CCDS2468.1|Hs110|chr2,1491
CCDS2469.1|Hs110|chr2,291
CCDS2470.1|Hs110|chr2,1248
CCDS2471.1|Hs110|chr2,747
CCDS2472.1|Hs110|chr2,567
CCDS2473.1|Hs110|chr2,1533
CCDS2474.1|Hs110|chr2,2070
CCDS2475.1|Hs110|chr2,2142
CCDS2476.1|Hs110|chr2,1650
CCDS2477.1|Hs110|chr2,2640
CCDS2478.1|Hs110|chr2,1026
CCDS2479.1|Hs110|chr2,804
CCDS2480.1|Hs110|chr2,960
CCDS2481.1|Hs110|chr2,579
CCDS2482.1|Hs110|chr2,2862
CCDS2483.1|Hs110|chr2,1446
CCDS2484.1|Hs110|chr2,1998
CCDS2486.1|Hs110|chr2,1281
CCDS2487.1|Hs110|chr2,1188
CCDS2488.1|Hs110|chr2,795
CCDS2489.1|Hs110|chr2,381
CCDS2490.1|Hs110|chr2,1608
CCDS2491.1|Hs110|chr2,1599
CCDS2492.1|Hs110|chr2,1587
CCDS2493.1|Hs110|chr2,2328
CCDS2494.1|Hs110|chr2,1554
CCDS2495.1|Hs110|chr2,1776
CCDS2496.1|Hs110|chr2,738
CCDS2497.1|Hs110|chr2,720
CCDS2498.1|Hs110|chr2,1083
CCDS2499.1|Hs110|chr2,366
CCDS2500.1|Hs110|chr2,2133
CCDS2501.1|Hs110|chr2,1143
CCDS2502.2|Hs110|chr2,1767
CCDS2503.2|Hs110|chr2,1824
CCDS2504.1|Hs110|chr2,3645
CCDS2505.1|Hs110|chr2,1593
CCDS2506.1|Hs110|chr2,1593
CCDS2507.1|Hs110|chr2,1599
CCDS2508.1|Hs110|chr2,798
CCDS2509.1|Hs110|chr2,1605
CCDS2510.1|Hs110|chr2,1602
CCDS2511.1|Hs110|chr2,636
CCDS2512.1|Hs110|chr2,579
CCDS2513.1|Hs110|chr2,2892
CCDS2514.1|Hs110|chr2,2415
CCDS2515.1|Hs110|chr2,1047
CCDS2516.1|Hs110|chr2,1089
CCDS2517.1|Hs110|chr2,630
CCDS2518.1|Hs110|chr2,1803
CCDS2519.1|Hs110|chr2,264
CCDS2520.1|Hs110|chr2,639
CCDS2521.1|Hs110|chr2,2355
CCDS2522.1|Hs110|chr2,447
CCDS2523.1|Hs110|chr2,558
CCDS2524.3|Hs110|chr2,1338
CCDS2525.1|Hs110|chr2,3018
CCDS2526.1|Hs110|chr2,1179
CCDS2527.1|Hs110|chr2,675
CCDS2528.1|Hs110|chr2,3768
CCDS2529.1|Hs110|chr2,3255
CCDS2531.1|Hs110|chr2,1068
CCDS2532.1|Hs110|chr2,759
CCDS2533.1|Hs110|chr2,270
CCDS2534.1|Hs110|chr2,1677
CCDS2535.1|Hs110|chr2,2154
CCDS2536.1|Hs110|chr2,2826
CCDS2541.1|Hs110|chr2,930
CCDS2543.1|Hs110|chr2,1179
CCDS2544.1|Hs110|chr2,1146
CCDS2545.1|Hs110|chr2,3972
CCDS2546.1|Hs110|chr2,1083
CCDS2547.1|Hs110|chr2,3807
CCDS2548.1|Hs110|chr2,1086
CCDS2549.1|Hs110|chr2,1281
CCDS2550.1|Hs110|chr2,639
CCDS2551.1|Hs110|chr2,1734
CCDS2552.1|Hs110|chr2,639
CCDS2553.1|Hs110|chr2,1491
CCDS2556.1|Hs110|chr3,3675
CCDS2557.1|Hs110|chr3,3087
CCDS2558.1|Hs110|chr3,2097
CCDS2559.1|Hs110|chr3,1263
CCDS2560.1|Hs110|chr3,1008
CCDS2561.2|Hs110|chr3,1305
CCDS2562.1|Hs110|chr3,1329
CCDS2563.2|Hs110|chr3,2055
CCDS2564.1|Hs110|chr3,1125
CCDS2565.1|Hs110|chr3,1239
CCDS2566.1|Hs110|chr3,561
CCDS2568.2|Hs110|chr3,909
CCDS2569.1|Hs110|chr3,456
CCDS2570.1|Hs110|chr3,1170
CCDS2571.1|Hs110|chr3,1488
CCDS2572.1|Hs110|chr3,3300
CCDS2573.1|Hs110|chr3,1524
CCDS2574.2|Hs110|chr3,1662
CCDS2575.1|Hs110|chr3,3645
CCDS2576.1|Hs110|chr3,1275
CCDS2577.1|Hs110|chr3,1074
CCDS2578.1|Hs110|chr3,588
CCDS2579.1|Hs110|chr3,1071
CCDS2580.1|Hs110|chr3,1233
CCDS2581.1|Hs110|chr3,1038
CCDS2582.1|Hs110|chr3,1113
CCDS2583.1|Hs110|chr3,1299
CCDS2584.1|Hs110|chr3,1110
CCDS2586.3|Hs110|chr3,1032
CCDS2587.1|Hs110|chr3,717
CCDS2588.1|Hs110|chr3,552
CCDS2589.1|Hs110|chr3,2004
CCDS2590.1|Hs110|chr3,2376
CCDS2591.2|Hs110|chr3,2118
CCDS2593.1|Hs110|chr3,1263
CCDS2594.1|Hs110|chr3,786
CCDS2595.1|Hs110|chr3,4416
CCDS2596.1|Hs110|chr3,534
CCDS2597.1|Hs110|chr3,642
CCDS2598.1|Hs110|chr3,519
CCDS2599.1|Hs110|chr3,969
CCDS2601.1|Hs110|chr3,3597
CCDS2602.1|Hs110|chr3,1899
CCDS2603.1|Hs110|chr3,1800
CCDS2604.1|Hs110|chr3,1464
CCDS2605.1|Hs110|chr3,2112
CCDS2606.1|Hs110|chr3,873
CCDS2607.1|Hs110|chr3,951
CCDS2608.1|Hs110|chr3,675
CCDS2609.1|Hs110|chr3,1518
CCDS2610.3|Hs110|chr3,1428
CCDS2611.1|Hs110|chr3,1398
CCDS2612.1|Hs110|chr3,1947
CCDS2613.1|Hs110|chr3,702
CCDS2614.1|Hs110|chr3,408
CCDS2615.1|Hs110|chr3,1044
CCDS2616.1|Hs110|chr3,1050
CCDS2617.1|Hs110|chr3,468
CCDS2618.1|Hs110|chr3,1203
CCDS2619.1|Hs110|chr3,309
CCDS2620.2|Hs110|chr3,1404
CCDS2621.1|Hs110|chr3,1848
CCDS2622.1|Hs110|chr3,522
CCDS2623.1|Hs110|chr3,2355
CCDS2624.1|Hs110|chr3,2442
CCDS2625.2|Hs110|chr3,1368
CCDS2626.1|Hs110|chr3,807
CCDS2627.1|Hs110|chr3,1737
CCDS2629.1|Hs110|chr3,249
CCDS2630.1|Hs110|chr3,939
CCDS2631.1|Hs110|chr3,2292
CCDS2632.1|Hs110|chr3,3324
CCDS2633.1|Hs110|chr3,648
CCDS2634.1|Hs110|chr3,2499
CCDS2635.1|Hs110|chr3,879
CCDS2636.1|Hs110|chr3,1188
CCDS2637.1|Hs110|chr3,606
CCDS2638.1|Hs110|chr3,582
CCDS2639.1|Hs110|chr3,531
CCDS2640.1|Hs110|chr3,615
CCDS2641.1|Hs110|chr3,1386
CCDS2642.1|Hs110|chr3,1347
CCDS2643.1|Hs110|chr3,1380
CCDS2644.1|Hs110|chr3,780
CCDS2646.1|Hs110|chr3,2061
CCDS2647.1|Hs110|chr3,1179
CCDS2648.1|Hs110|chr3,1704
CCDS2649.2|Hs110|chr3,1566
CCDS2650.1|Hs110|chr3,2481
CCDS2651.1|Hs110|chr3,2295
CCDS2652.1|Hs110|chr3,522
CCDS2653.1|Hs110|chr3,552
CCDS2654.1|Hs110|chr3,1572
CCDS2655.1|Hs110|chr3,2235
CCDS2656.1|Hs110|chr3,1083
CCDS2657.1|Hs110|chr3,1206
CCDS2658.1|Hs110|chr3,1272
CCDS2659.1|Hs110|chr3,1623
CCDS2660.1|Hs110|chr3,2607
CCDS2661.1|Hs110|chr3,2439
CCDS2662.1|Hs110|chr3,1209
CCDS2663.1|Hs110|chr3,2271
CCDS2664.1|Hs110|chr3,2166
CCDS2665.1|Hs110|chr3,1203
CCDS2666.1|Hs110|chr3,6693
CCDS2669.1|Hs110|chr3,3108
CCDS2670.2|Hs110|chr3,2571
CCDS2671.1|Hs110|chr3,2271
CCDS2672.2|Hs110|chr3,5268
CCDS2673.1|Hs110|chr3,1275
CCDS2674.3|Hs110|chr3,891
CCDS2675.1|Hs110|chr3,1584
CCDS2676.1|Hs110|chr3,1656
CCDS2677.1|Hs110|chr3,1785
CCDS2678.1|Hs110|chr3,1611
CCDS2679.1|Hs110|chr3,1539
CCDS2680.1|Hs110|chr3,1107
CCDS2681.1|Hs110|chr3,1323
CCDS2682.1|Hs110|chr3,1770
CCDS2683.1|Hs110|chr3,5532
CCDS2684.1|Hs110|chr3,1068
CCDS2685.1|Hs110|chr3,915
CCDS2686.1|Hs110|chr3,888
CCDS2687.1|Hs110|chr3,246
CCDS2688.1|Hs110|chr3,552
CCDS2689.1|Hs110|chr3,2580
CCDS2690.1|Hs110|chr3,342
CCDS2691.1|Hs110|chr3,1590
CCDS2693.1|Hs110|chr3,1320
CCDS2694.1|Hs110|chr3,2346
CCDS2695.1|Hs110|chr3,2061
CCDS2696.1|Hs110|chr3,348
CCDS2697.1|Hs110|chr3,441
CCDS2698.1|Hs110|chr3,1374
CCDS2699.1|Hs110|chr3,753
CCDS2700.1|Hs110|chr3,912
CCDS2701.1|Hs110|chr3,234
CCDS2702.1|Hs110|chr3,4389
CCDS2703.1|Hs110|chr3,1866
CCDS2704.1|Hs110|chr3,1515
CCDS2705.1|Hs110|chr3,2148
CCDS2706.1|Hs110|chr3,1155
CCDS2707.1|Hs110|chr3,1506
CCDS2708.1|Hs110|chr3,1281
CCDS2709.1|Hs110|chr3,1743
CCDS2710.2|Hs110|chr3,1983
CCDS2711.1|Hs110|chr3,1050
CCDS2712.1|Hs110|chr3,1491
CCDS2713.1|Hs110|chr3,3096
CCDS2714.1|Hs110|chr3,831
CCDS2715.1|Hs110|chr3,2265
CCDS2716.1|Hs110|chr3,996
CCDS2718.2|Hs110|chr3,1584
CCDS2719.1|Hs110|chr3,1635
CCDS2720.2|Hs110|chr3,816
CCDS2721.1|Hs110|chr3,465
CCDS2722.1|Hs110|chr3,480
CCDS2723.1|Hs110|chr3,2055
CCDS2724.1|Hs110|chr3,984
CCDS2725.1|Hs110|chr3,876
CCDS2726.1|Hs110|chr3,609
CCDS2727.1|Hs110|chr3,2511
CCDS2728.1|Hs110|chr3,2712
CCDS2729.1|Hs110|chr3,2031
CCDS2730.1|Hs110|chr3,1668
CCDS2731.1|Hs110|chr3,900
CCDS2732.1|Hs110|chr3,1110
CCDS2733.1|Hs110|chr3,1074
CCDS2734.1|Hs110|chr3,4437
CCDS2735.1|Hs110|chr3,1029
CCDS2736.1|Hs110|chr3,1002
CCDS2737.1|Hs110|chr3,1068
CCDS2738.1|Hs110|chr3,1068
CCDS2739.1|Hs110|chr3,1059
CCDS2740.1|Hs110|chr3,699
CCDS2741.1|Hs110|chr3,1116
CCDS2742.1|Hs110|chr3,567
CCDS2743.1|Hs110|chr3,2862
CCDS2745.1|Hs110|chr3,1158
CCDS2746.1|Hs110|chr3,588
CCDS2747.1|Hs110|chr3,1782
CCDS2748.3|Hs110|chr3,501
CCDS2749.2|Hs110|chr3,7695
CCDS2751.1|Hs110|chr3,2178
CCDS2752.1|Hs110|chr3,2373
CCDS2754.1|Hs110|chr3,4911
CCDS2755.2|Hs110|chr3,3840
CCDS2757.1|Hs110|chr3,1620
CCDS2758.1|Hs110|chr3,3318
CCDS2759.1|Hs110|chr3,3585
CCDS2760.1|Hs110|chr3,1575
CCDS2761.1|Hs110|chr3,1455
CCDS2762.3|Hs110|chr3,513
CCDS2763.1|Hs110|chr3,585
CCDS2764.1|Hs110|chr3,1395
CCDS2765.1|Hs110|chr3,6408
CCDS2766.2|Hs110|chr3,1236
CCDS2767.1|Hs110|chr3,2295
CCDS2768.1|Hs110|chr3,2376
CCDS2769.1|Hs110|chr3,945
CCDS2770.1|Hs110|chr3,723
CCDS2771.1|Hs110|chr3,1410
CCDS2772.1|Hs110|chr3,339
CCDS2773.1|Hs110|chr3,8835
CCDS2774.1|Hs110|chr3,1443
CCDS2775.1|Hs110|chr3,9939
CCDS2776.1|Hs110|chr3,2169
CCDS2777.1|Hs110|chr3,1281
CCDS2778.1|Hs110|chr3,1215
CCDS2779.1|Hs110|chr3,906
CCDS2780.1|Hs110|chr3,1482
CCDS2781.2|Hs110|chr3,1692
CCDS2782.3|Hs110|chr3,3366
CCDS2783.1|Hs110|chr3,1131
CCDS2784.1|Hs110|chr3,555
CCDS2785.1|Hs110|chr3,384
CCDS2786.1|Hs110|chr3,1545
CCDS2787.1|Hs110|chr3,2331
CCDS2788.1|Hs110|chr3,2328
CCDS2789.1|Hs110|chr3,5397
CCDS2790.1|Hs110|chr3,1404
CCDS2791.1|Hs110|chr3,1065
CCDS2792.1|Hs110|chr3,804
CCDS2793.1|Hs110|chr3,2892
CCDS2794.1|Hs110|chr3,2751
CCDS2795.1|Hs110|chr3,582
CCDS2796.1|Hs110|chr3,312
CCDS2797.1|Hs110|chr3,1212
CCDS2798.1|Hs110|chr3,642
CCDS2799.1|Hs110|chr3,2688
CCDS2800.1|Hs110|chr3,11781
CCDS2801.1|Hs110|chr3,2199
CCDS2802.1|Hs110|chr3,1164
CCDS2803.1|Hs110|chr3,1083
CCDS2804.2|Hs110|chr3,858
CCDS2805.1|Hs110|chr3,3039
CCDS2806.1|Hs110|chr3,1410
CCDS2807.1|Hs110|chr3,4203
CCDS2808.3|Hs110|chr3,1668
CCDS2809.1|Hs110|chr3,3372
CCDS2810.1|Hs110|chr3,2448
CCDS2811.1|Hs110|chr3,2358
CCDS2812.1|Hs110|chr3,1053
CCDS2813.1|Hs110|chr3,1068
CCDS2814.1|Hs110|chr3,495
CCDS2815.1|Hs110|chr3,1254
CCDS2816.1|Hs110|chr3,1308
CCDS2817.1|Hs110|chr3,1218
CCDS2818.1|Hs110|chr3,1422
CCDS2819.1|Hs110|chr3,333
CCDS2820.1|Hs110|chr3,1035
CCDS2821.1|Hs110|chr3,813
CCDS2822.1|Hs110|chr3,570
CCDS2825.1|Hs110|chr3,1323
CCDS2826.1|Hs110|chr3,1143
CCDS2827.1|Hs110|chr3,669
CCDS2828.1|Hs110|chr3,1056
CCDS2829.1|Hs110|chr3,489
CCDS2830.1|Hs110|chr3,1017
CCDS2831.1|Hs110|chr3,777
CCDS2832.1|Hs110|chr3,1149
CCDS2833.1|Hs110|chr3,942
CCDS2834.1|Hs110|chr3,2619
CCDS2835.1|Hs110|chr3,495
CCDS2836.1|Hs110|chr3,618
CCDS2837.1|Hs110|chr3,1428
CCDS2838.1|Hs110|chr3,1107
CCDS2839.1|Hs110|chr3,1212
CCDS2840.2|Hs110|chr3,1083
CCDS2842.1|Hs110|chr3,633
CCDS2843.1|Hs110|chr3,816
CCDS2844.1|Hs110|chr3,1227
CCDS2845.1|Hs110|chr3,480
CCDS2846.1|Hs110|chr3,1224
CCDS2847.1|Hs110|chr3,1923
CCDS2848.1|Hs110|chr3,3099
CCDS2849.1|Hs110|chr3,1050
CCDS2851.2|Hs110|chr3,942
CCDS2852.1|Hs110|chr3,1572
CCDS2853.1|Hs110|chr3,2190
CCDS2854.1|Hs110|chr3,1146
CCDS2855.1|Hs110|chr3,1029
CCDS2856.1|Hs110|chr3,2349
CCDS2857.1|Hs110|chr3,486
CCDS2858.1|Hs110|chr3,1563
CCDS2859.1|Hs110|chr3,4809
CCDS2860.1|Hs110|chr3,4749
CCDS2861.1|Hs110|chr3,1650
CCDS2862.1|Hs110|chr3,1116
CCDS2863.1|Hs110|chr3,2526
CCDS2864.1|Hs110|chr3,2736
CCDS2865.1|Hs110|chr3,2793
CCDS2866.1|Hs110|chr3,885
CCDS2867.1|Hs110|chr3,2601
CCDS2869.1|Hs110|chr3,1626
CCDS2870.1|Hs110|chr3,2031
CCDS2871.1|Hs110|chr3,1872
CCDS2872.1|Hs110|chr3,6546
CCDS2873.1|Hs110|chr3,1785
CCDS2874.1|Hs110|chr3,1509
CCDS2875.1|Hs110|chr3,1875
CCDS2876.1|Hs110|chr3,1038
CCDS2877.1|Hs110|chr3,3702
CCDS2878.1|Hs110|chr3,1581
CCDS2879.1|Hs110|chr3,573
CCDS2880.2|Hs110|chr3,2220
CCDS2881.1|Hs110|chr3,558
CCDS2882.1|Hs110|chr3,2130
CCDS2884.1|Hs110|chr3,543
CCDS2885.1|Hs110|chr3,7809
CCDS2886.1|Hs110|chr3,918
CCDS2887.1|Hs110|chr3,1014
CCDS2888.1|Hs110|chr3,375
CCDS2889.1|Hs110|chr3,1737
CCDS2890.1|Hs110|chr3,1080
CCDS2891.1|Hs110|chr3,714
CCDS2892.1|Hs110|chr3,435
CCDS2893.1|Hs110|chr3,675
CCDS2894.1|Hs110|chr3,444
CCDS2895.1|Hs110|chr3,4338
CCDS2896.1|Hs110|chr3,387
CCDS2897.1|Hs110|chr3,1380
CCDS2898.1|Hs110|chr3,3825
CCDS2899.1|Hs110|chr3,3945
CCDS2900.1|Hs110|chr3,615
CCDS2901.1|Hs110|chr3,1170
CCDS2902.1|Hs110|chr3,2535
CCDS2903.1|Hs110|chr3,5808
CCDS2904.1|Hs110|chr3,3771
CCDS2905.2|Hs110|chr3,825
CCDS2906.2|Hs110|chr3,1806
CCDS2907.1|Hs110|chr3,423
CCDS2908.1|Hs110|chr3,1332
CCDS2909.1|Hs110|chr3,1392
CCDS2910.1|Hs110|chr3,1350
CCDS2912.1|Hs110|chr3,567
CCDS2913.1|Hs110|chr3,1260
CCDS2914.1|Hs110|chr3,2034
CCDS2915.1|Hs110|chr3,1128
CCDS2916.1|Hs110|chr3,327
CCDS2917.1|Hs110|chr3,1254
CCDS2918.1|Hs110|chr3,642
CCDS2919.1|Hs110|chr3,876
CCDS2920.1|Hs110|chr3,1101
CCDS2921.2|Hs110|chr3,990
CCDS2922.1|Hs110|chr3,2952
CCDS2923.1|Hs110|chr3,2031
CCDS2924.1|Hs110|chr3,966
CCDS2925.1|Hs110|chr3,1287
CCDS2926.1|Hs110|chr3,564
CCDS2927.1|Hs110|chr3,1023
CCDS2928.1|Hs110|chr3,561
CCDS2929.1|Hs110|chr3,1395
CCDS2930.1|Hs110|chr3,762
CCDS2931.1|Hs110|chr3,1083
CCDS2932.1|Hs110|chr3,1365
CCDS2933.1|Hs110|chr3,996
CCDS2934.1|Hs110|chr3,2235
CCDS2935.1|Hs110|chr3,840
CCDS2936.1|Hs110|chr3,2055
CCDS2937.1|Hs110|chr3,828
CCDS2938.1|Hs110|chr3,2394
CCDS2939.1|Hs110|chr3,1203
CCDS2940.1|Hs110|chr3,3726
CCDS2941.2|Hs110|chr3,3153
CCDS2942.1|Hs110|chr3,537
CCDS2943.1|Hs110|chr3,3162
CCDS2944.1|Hs110|chr3,2598
CCDS2945.1|Hs110|chr3,1680
CCDS2946.1|Hs110|chr3,2157
CCDS2947.1|Hs110|chr3,1296
CCDS2948.1|Hs110|chr3,2949
CCDS2949.1|Hs110|chr3,987
CCDS2950.1|Hs110|chr3,2736
CCDS2951.1|Hs110|chr3,1290
CCDS2952.1|Hs110|chr3,3627
CCDS2953.1|Hs110|chr3,336
CCDS2954.1|Hs110|chr3,630
CCDS2955.1|Hs110|chr3,2955
CCDS2956.1|Hs110|chr3,897
CCDS2957.1|Hs110|chr3,1650
CCDS2958.1|Hs110|chr3,1710
CCDS2959.1|Hs110|chr3,1758
CCDS2960.2|Hs110|chr3,657
CCDS2961.1|Hs110|chr3,915
CCDS2962.1|Hs110|chr3,3633
CCDS2963.1|Hs110|chr3,921
CCDS2964.1|Hs110|chr3,537
CCDS2965.1|Hs110|chr3,810
CCDS2966.1|Hs110|chr3,945
CCDS2967.1|Hs110|chr3,1275
CCDS2968.1|Hs110|chr3,2853
CCDS2969.1|Hs110|chr3,1047
CCDS2970.1|Hs110|chr3,978
CCDS2971.1|Hs110|chr3,3345
CCDS2972.1|Hs110|chr3,2949
CCDS2973.1|Hs110|chr3,2568
CCDS2974.1|Hs110|chr3,2484
CCDS2975.1|Hs110|chr3,510
CCDS2976.1|Hs110|chr3,1854
CCDS2977.1|Hs110|chr3,2811
CCDS2978.1|Hs110|chr3,1203
CCDS2979.1|Hs110|chr3,822
CCDS2980.1|Hs110|chr3,735
CCDS2981.1|Hs110|chr3,2007
CCDS2982.1|Hs110|chr3,1017
CCDS2983.1|Hs110|chr3,1293
CCDS2984.1|Hs110|chr3,1611
CCDS2985.1|Hs110|chr3,783
CCDS2986.1|Hs110|chr3,1035
CCDS2987.1|Hs110|chr3,1467
CCDS2988.1|Hs110|chr3,1179
CCDS2989.1|Hs110|chr3,867
CCDS2990.1|Hs110|chr3,1074
CCDS2991.1|Hs110|chr3,1371
CCDS2992.1|Hs110|chr3,1095
CCDS2993.1|Hs110|chr3,192
CCDS2994.1|Hs110|chr3,2304
CCDS2995.1|Hs110|chr3,1422
CCDS2996.1|Hs110|chr3,1302
CCDS2997.1|Hs110|chr3,2445
CCDS2998.1|Hs110|chr3,927
CCDS2999.1|Hs110|chr3,390
CCDS3000.1|Hs110|chr3,1338
CCDS3001.1|Hs110|chr3,711
CCDS3002.1|Hs110|chr3,1320
CCDS3003.1|Hs110|chr3,1461
CCDS3004.1|Hs110|chr3,9780
CCDS3006.1|Hs110|chr3,783
CCDS3007.1|Hs110|chr3,2190
CCDS3008.1|Hs110|chr3,1509
CCDS3009.1|Hs110|chr3,990
CCDS3010.1|Hs110|chr3,3237
CCDS3011.1|Hs110|chr3,297
CCDS3012.1|Hs110|chr3,993
CCDS3013.1|Hs110|chr3,1617
CCDS3014.1|Hs110|chr3,2565
CCDS3015.1|Hs110|chr3,2223
CCDS3016.1|Hs110|chr3,1335
CCDS3017.1|Hs110|chr3,1467
CCDS3018.1|Hs110|chr3,1437
CCDS3020.1|Hs110|chr3,1560
CCDS3021.1|Hs110|chr3,924
CCDS3022.1|Hs110|chr3,3786
CCDS3023.1|Hs110|chr3,5592
CCDS3025.3|Hs110|chr3,2595
CCDS3026.1|Hs110|chr3,639
CCDS3027.1|Hs110|chr3,4992
CCDS3028.1|Hs110|chr3,3870
CCDS3029.1|Hs110|chr3,1443
CCDS3030.1|Hs110|chr3,2400
CCDS3031.1|Hs110|chr3,2385
CCDS3032.1|Hs110|chr3,1353
CCDS3033.1|Hs110|chr3,2244
CCDS3034.1|Hs110|chr3,2709
CCDS3036.1|Hs110|chr3,1251
CCDS3037.1|Hs110|chr3,1836
CCDS3038.1|Hs110|chr3,2031
CCDS3039.1|Hs110|chr3,1026
CCDS3040.1|Hs110|chr3,426
CCDS3041.1|Hs110|chr3,708
CCDS3042.1|Hs110|chr3,1122
CCDS3043.1|Hs110|chr3,2715
CCDS3044.1|Hs110|chr3,1818
CCDS3045.1|Hs110|chr3,1437
CCDS3046.1|Hs110|chr3,1431
CCDS3047.1|Hs110|chr3,1371
CCDS3048.1|Hs110|chr3,699
CCDS3049.1|Hs110|chr3,1443
CCDS3051.1|Hs110|chr3,1824
CCDS3052.1|Hs110|chr3,624
CCDS3053.1|Hs110|chr3,1866
CCDS3054.2|Hs110|chr3,1797
CCDS3055.1|Hs110|chr3,534
CCDS3056.1|Hs110|chr3,534
CCDS3057.1|Hs110|chr3,642
CCDS3058.1|Hs110|chr3,1743
CCDS3059.1|Hs110|chr3,3549
CCDS3060.1|Hs110|chr3,3879
CCDS3061.1|Hs110|chr3,3726
CCDS3062.1|Hs110|chr3,3396
CCDS3063.1|Hs110|chr3,1047
CCDS3064.1|Hs110|chr3,1041
CCDS3066.1|Hs110|chr3,729
CCDS3067.1|Hs110|chr3,4077
CCDS3068.1|Hs110|chr3,2040
CCDS3069.1|Hs110|chr3,1938
CCDS3070.2|Hs110|chr3,588
CCDS3071.1|Hs110|chr3,1047
CCDS3072.1|Hs110|chr3,1674
CCDS3073.1|Hs110|chr3,1161
CCDS3074.1|Hs110|chr3,2343
CCDS3075.1|Hs110|chr3,1053
CCDS3076.1|Hs110|chr3,1215
CCDS3077.1|Hs110|chr3,1047
CCDS3078.1|Hs110|chr3,3993
CCDS3079.1|Hs110|chr3,777
CCDS3080.1|Hs110|chr3,2097
CCDS3081.1|Hs110|chr3,816
CCDS3082.1|Hs110|chr3,627
CCDS3084.1|Hs110|chr3,1932
CCDS3085.1|Hs110|chr3,225
CCDS3086.1|Hs110|chr3,2112
CCDS3087.1|Hs110|chr3,3453
CCDS3088.1|Hs110|chr3,1590
CCDS3089.1|Hs110|chr3,1620
CCDS3090.1|Hs110|chr3,3777
CCDS3091.1|Hs110|chr3,1239
CCDS3092.1|Hs110|chr3,1134
CCDS3093.1|Hs110|chr3,936
CCDS3094.1|Hs110|chr3,723
CCDS3095.1|Hs110|chr3,786
CCDS3096.1|Hs110|chr3,2304
CCDS3097.1|Hs110|chr3,1023
CCDS3098.1|Hs110|chr3,1158
CCDS3099.1|Hs110|chr3,792
CCDS3100.1|Hs110|chr3,627
CCDS3101.2|Hs110|chr3,2661
CCDS3102.1|Hs110|chr3,1794
CCDS3103.1|Hs110|chr3,540
CCDS3104.1|Hs110|chr3,3213
CCDS3105.1|Hs110|chr3,1131
CCDS3107.1|Hs110|chr3,1083
CCDS3108.1|Hs110|chr3,2721
CCDS3109.1|Hs110|chr3,405
CCDS3110.2|Hs110|chr3,594
CCDS3111.1|Hs110|chr3,648
CCDS3112.1|Hs110|chr3,2868
CCDS3113.1|Hs110|chr3,2172
CCDS3114.1|Hs110|chr3,933
CCDS3115.1|Hs110|chr3,822
CCDS3116.1|Hs110|chr3,1443
CCDS3117.1|Hs110|chr3,2550
CCDS3118.1|Hs110|chr3,342
CCDS3120.1|Hs110|chr3,1662
CCDS3121.1|Hs110|chr3,840
CCDS3123.1|Hs110|chr3,5121
CCDS3124.1|Hs110|chr3,7935
CCDS3125.1|Hs110|chr3,1890
CCDS3126.1|Hs110|chr3,2280
CCDS3127.1|Hs110|chr3,1248
CCDS3128.1|Hs110|chr3,1134
CCDS3129.1|Hs110|chr3,1593
CCDS3130.1|Hs110|chr3,1293
CCDS3131.1|Hs110|chr3,2214
CCDS3132.1|Hs110|chr3,2277
CCDS3133.1|Hs110|chr3,990
CCDS3134.1|Hs110|chr3,675
CCDS3135.1|Hs110|chr3,957
CCDS3136.1|Hs110|chr3,1344
CCDS3137.1|Hs110|chr3,1080
CCDS3138.1|Hs110|chr3,1254
CCDS3139.1|Hs110|chr3,1053
CCDS3140.1|Hs110|chr3,3015
CCDS3141.1|Hs110|chr3,3198
CCDS3142.1|Hs110|chr3,606
CCDS3143.1|Hs110|chr3,609
CCDS3144.1|Hs110|chr3,1203
CCDS3145.1|Hs110|chr3,600
CCDS3146.1|Hs110|chr3,1146
CCDS3148.1|Hs110|chr3,423
CCDS3149.1|Hs110|chr3,2343
CCDS3150.1|Hs110|chr3,201
CCDS3151.2|Hs110|chr3,1992
CCDS3152.1|Hs110|chr3,975
CCDS3153.1|Hs110|chr3,699
CCDS3155.1|Hs110|chr3,960
CCDS3156.1|Hs110|chr3,1017
CCDS3157.1|Hs110|chr3,1077
CCDS3158.2|Hs110|chr3,1065
CCDS3159.1|Hs110|chr3,1029
CCDS3160.1|Hs110|chr3,7872
CCDS3161.2|Hs110|chr3,1206
CCDS3162.1|Hs110|chr3,1005
CCDS3163.1|Hs110|chr3,1149
CCDS3164.1|Hs110|chr3,1113
CCDS3165.1|Hs110|chr3,1167
CCDS3166.1|Hs110|chr3,945
CCDS3167.1|Hs110|chr3,1023
CCDS3168.1|Hs110|chr3,1029
CCDS3169.1|Hs110|chr3,1122
CCDS3170.1|Hs110|chr3,552
CCDS3171.1|Hs110|chr3,3027
CCDS3172.1|Hs110|chr3,2253
CCDS3173.1|Hs110|chr3,1650
CCDS3174.1|Hs110|chr3,1260
CCDS3175.1|Hs110|chr3,1227
CCDS3176.1|Hs110|chr3,558
CCDS3177.1|Hs110|chr3,1974
CCDS3178.1|Hs110|chr3,1581
CCDS3179.1|Hs110|chr3,2502
CCDS3180.1|Hs110|chr3,1146
CCDS3181.1|Hs110|chr3,1005
CCDS3182.1|Hs110|chr3,807
CCDS3183.1|Hs110|chr3,669
CCDS3184.1|Hs110|chr3,885
CCDS3185.3|Hs110|chr3,1398
CCDS3186.1|Hs110|chr3,1464
CCDS3187.1|Hs110|chr3,762
CCDS3188.1|Hs110|chr3,2334
CCDS3189.1|Hs110|chr3,3867
CCDS3190.1|Hs110|chr3,1212
CCDS3191.1|Hs110|chr3,1566
CCDS3192.1|Hs110|chr3,579
CCDS3193.1|Hs110|chr3,996
CCDS3194.1|Hs110|chr3,1512
CCDS3196.1|Hs110|chr3,5484
CCDS3197.1|Hs110|chr3,2934
CCDS3198.1|Hs110|chr3,1809
CCDS3199.2|Hs110|chr3,2403
CCDS3200.1|Hs110|chr3,1218
CCDS3201.2|Hs110|chr3,3117
CCDS3202.1|Hs110|chr3,639
CCDS3203.1|Hs110|chr3,1233
CCDS3204.1|Hs110|chr3,2091
CCDS3205.1|Hs110|chr3,3156
CCDS3206.1|Hs110|chr3,1119
CCDS3207.1|Hs110|chr3,1833
CCDS3208.2|Hs110|chr3,1299
CCDS3209.1|Hs110|chr3,1341
CCDS3210.1|Hs110|chr3,1200
CCDS3211.1|Hs110|chr3,1017
CCDS3212.2|Hs110|chr3,1791
CCDS3213.1|Hs110|chr3,624
CCDS3214.1|Hs110|chr3,462
CCDS3215.1|Hs110|chr3,1575
CCDS3216.1|Hs110|chr3,3225
CCDS3217.1|Hs110|chr3,3615
CCDS3218.1|Hs110|chr3,1101
CCDS3219.1|Hs110|chr3,846
CCDS3220.1|Hs110|chr3,2652
CCDS3221.1|Hs110|chr3,1710
CCDS3222.1|Hs110|chr3,2472
CCDS3223.1|Hs110|chr3,708
CCDS3224.1|Hs110|chr3,870
CCDS3225.1|Hs110|chr3,834
CCDS3226.1|Hs110|chr3,840
CCDS3227.1|Hs110|chr3,1458
CCDS3228.1|Hs110|chr3,2226
CCDS3230.1|Hs110|chr3,1023
CCDS3231.1|Hs110|chr3,1290
CCDS3232.1|Hs110|chr3,753
CCDS3233.1|Hs110|chr3,423
CCDS3234.1|Hs110|chr3,570
CCDS3235.1|Hs110|chr3,2592
CCDS3236.1|Hs110|chr3,1881
CCDS3237.1|Hs110|chr3,2313
CCDS3238.1|Hs110|chr3,1866
CCDS3239.1|Hs110|chr3,954
CCDS3240.1|Hs110|chr3,780
CCDS3241.1|Hs110|chr3,2178
CCDS3242.1|Hs110|chr3,1251
CCDS3243.1|Hs110|chr3,3345
CCDS3244.1|Hs110|chr3,1137
CCDS3245.2|Hs110|chr3,1866
CCDS3246.1|Hs110|chr3,1803
CCDS3247.1|Hs110|chr3,600
CCDS3248.1|Hs110|chr3,1140
CCDS3249.1|Hs110|chr3,840
CCDS3250.1|Hs110|chr3,1344
CCDS3251.1|Hs110|chr3,1416
CCDS3252.1|Hs110|chr3,2166
CCDS3253.1|Hs110|chr3,2151
CCDS3254.1|Hs110|chr3,2130
CCDS3255.1|Hs110|chr3,768
CCDS3257.1|Hs110|chr3,240
CCDS3258.1|Hs110|chr3,2727
CCDS3259.1|Hs110|chr3,4800
CCDS3260.1|Hs110|chr3,4539
CCDS3261.1|Hs110|chr3,4308
CCDS3262.2|Hs110|chr3,1101
CCDS3263.1|Hs110|chr3,2697
CCDS3264.1|Hs110|chr3,453
CCDS3265.1|Hs110|chr3,1062
CCDS3266.1|Hs110|chr3,2868
CCDS3268.1|Hs110|chr3,2997
CCDS3269.1|Hs110|chr3,924
CCDS3270.1|Hs110|chr3,2901
CCDS3271.1|Hs110|chr3,795
CCDS3272.1|Hs110|chr3,1356
CCDS3273.2|Hs110|chr3,1800
CCDS3274.1|Hs110|chr3,2376
CCDS3275.1|Hs110|chr3,537
CCDS3276.1|Hs110|chr3,1674
CCDS3277.1|Hs110|chr3,1077
CCDS3278.1|Hs110|chr3,1104
CCDS3279.1|Hs110|chr3,1149
CCDS3280.1|Hs110|chr3,1578
CCDS3281.1|Hs110|chr3,1284
CCDS3282.1|Hs110|chr3,1224
CCDS3283.1|Hs110|chr3,1092
CCDS3284.1|Hs110|chr3,735
CCDS3285.1|Hs110|chr3,1221
CCDS3286.1|Hs110|chr3,156
CCDS3287.2|Hs110|chr3,792
CCDS3288.1|Hs110|chr3,351
CCDS3289.1|Hs110|chr3,2121
CCDS3291.1|Hs110|chr3,1839
CCDS3292.1|Hs110|chr3,828
CCDS3293.1|Hs110|chr3,2043
CCDS3294.1|Hs110|chr3,2127
CCDS3295.1|Hs110|chr3,636
CCDS3296.2|Hs110|chr3,708
CCDS3297.1|Hs110|chr3,441
CCDS3298.1|Hs110|chr3,1713
CCDS3299.1|Hs110|chr3,402
CCDS3300.1|Hs110|chr3,360
CCDS3301.1|Hs110|chr3,732
CCDS3302.2|Hs110|chr3,1476
CCDS3303.3|Hs110|chr3,507
CCDS3304.2|Hs110|chr3,3591
CCDS3305.1|Hs110|chr3,843
CCDS3306.1|Hs110|chr3,1746
CCDS3307.1|Hs110|chr3,1683
CCDS3308.2|Hs110|chr3,1317
CCDS3309.1|Hs110|chr3,618
CCDS3310.1|Hs110|chr3,3531
CCDS3311.1|Hs110|chr3,3378
CCDS3312.1|Hs110|chr3,2283
CCDS3314.1|Hs110|chr3,1023
CCDS3315.1|Hs110|chr3,1104
CCDS3316.1|Hs110|chr3,630
CCDS3317.1|Hs110|chr3,1716
CCDS3318.1|Hs110|chr3,1077
CCDS3319.1|Hs110|chr3,2079
CCDS3320.2|Hs110|chr3,777
CCDS3321.1|Hs110|chr3,1575
CCDS3322.1|Hs110|chr3,2268
CCDS3323.1|Hs110|chr3,471
CCDS3324.1|Hs110|chr3,1740
CCDS3325.1|Hs110|chr3,2217
CCDS3326.1|Hs110|chr3,909
CCDS3327.1|Hs110|chr3,2781
CCDS3328.1|Hs110|chr3,1032
CCDS3329.1|Hs110|chr3,957
CCDS3330.1|Hs110|chr3,2139
CCDS3331.1|Hs110|chr3,1332
CCDS3332.2|Hs110|chr3,1944
CCDS3336.1|Hs110|chr4,2928
CCDS3337.1|Hs110|chr4,210
CCDS3338.1|Hs110|chr4,1680
CCDS3339.2|Hs110|chr4,729
CCDS3340.1|Hs110|chr4,3936
CCDS3341.1|Hs110|chr4,1515
CCDS3342.1|Hs110|chr4,2829
CCDS3343.1|Hs110|chr4,1962
CCDS3344.1|Hs110|chr4,1515
CCDS3345.1|Hs110|chr4,699
CCDS3348.1|Hs110|chr4,1323
CCDS3350.1|Hs110|chr4,813
CCDS3351.1|Hs110|chr4,699
CCDS3352.1|Hs110|chr4,2517
CCDS3353.1|Hs110|chr4,2421
CCDS3354.1|Hs110|chr4,2085
CCDS3355.1|Hs110|chr4,2220
CCDS3356.1|Hs110|chr4,1944
CCDS3358.3|Hs110|chr4,1587
CCDS3359.2|Hs110|chr4,909
CCDS3360.1|Hs110|chr4,2703
CCDS3361.1|Hs110|chr4,630
CCDS3362.1|Hs110|chr4,1290
CCDS3363.1|Hs110|chr4,2307
CCDS3364.1|Hs110|chr4,1989
CCDS3365.1|Hs110|chr4,1368
CCDS3366.1|Hs110|chr4,4344
CCDS3367.1|Hs110|chr4,4131
CCDS3368.1|Hs110|chr4,2400
CCDS3369.1|Hs110|chr4,1968
CCDS3370.2|Hs110|chr4,1515
CCDS3371.1|Hs110|chr4,1074
CCDS3372.1|Hs110|chr4,1839
CCDS3373.1|Hs110|chr4,426
CCDS3374.1|Hs110|chr4,1140
CCDS3375.1|Hs110|chr4,2298
CCDS3376.1|Hs110|chr4,558
CCDS3377.1|Hs110|chr4,1008
CCDS3378.2|Hs110|chr4,912
CCDS3379.1|Hs110|chr4,411
CCDS3380.1|Hs110|chr4,1245
CCDS3382.2|Hs110|chr4,3927
CCDS3383.1|Hs110|chr4,2979
CCDS3385.1|Hs110|chr4,1881
CCDS3386.1|Hs110|chr4,2673
CCDS3387.1|Hs110|chr4,1344
CCDS3388.1|Hs110|chr4,1344
CCDS3389.1|Hs110|chr4,384
CCDS3391.1|Hs110|chr4,288
CCDS3392.1|Hs110|chr4,384
CCDS3393.1|Hs110|chr4,654
CCDS3394.2|Hs110|chr4,2082
CCDS3395.1|Hs110|chr4,1668
CCDS3396.1|Hs110|chr4,654
CCDS3397.1|Hs110|chr4,2193
CCDS3399.1|Hs110|chr4,4011
CCDS3400.1|Hs110|chr4,1362
CCDS3401.1|Hs110|chr4,2103
CCDS3402.2|Hs110|chr4,2274
CCDS3403.1|Hs110|chr4,1092
CCDS3404.1|Hs110|chr4,1926
CCDS3405.1|Hs110|chr4,1434
CCDS3406.1|Hs110|chr4,1536
CCDS3407.1|Hs110|chr4,1623
CCDS3408.1|Hs110|chr4,924
CCDS3409.1|Hs110|chr4,663
CCDS3410.1|Hs110|chr4,1002
CCDS3411.2|Hs110|chr4,9156
CCDS3414.1|Hs110|chr4,870
CCDS3415.1|Hs110|chr4,2076
CCDS3416.1|Hs110|chr4,957
CCDS3417.1|Hs110|chr4,903
CCDS3418.1|Hs110|chr4,705
CCDS3419.1|Hs110|chr4,672
CCDS3420.1|Hs110|chr4,1122
CCDS3421.1|Hs110|chr4,735
CCDS3422.1|Hs110|chr4,1560
CCDS3423.1|Hs110|chr4,651
CCDS3424.1|Hs110|chr4,3048
CCDS3425.1|Hs110|chr4,957
CCDS3426.1|Hs110|chr4,4590
CCDS3427.1|Hs110|chr4,666
CCDS3428.1|Hs110|chr4,690
CCDS3429.1|Hs110|chr4,2397
CCDS3430.1|Hs110|chr4,723
CCDS3431.1|Hs110|chr4,1638
CCDS3432.2|Hs110|chr4,1506
CCDS3433.1|Hs110|chr4,1446
CCDS3434.1|Hs110|chr4,2427
CCDS3435.1|Hs110|chr4,2073
CCDS3437.1|Hs110|chr4,1503
CCDS3438.1|Hs110|chr4,1287
CCDS3439.1|Hs110|chr4,1581
CCDS3440.2|Hs110|chr4,2241
CCDS3441.1|Hs110|chr4,5115
CCDS3442.1|Hs110|chr4,945
CCDS3443.1|Hs110|chr4,1839
CCDS3444.1|Hs110|chr4,1038
CCDS3445.1|Hs110|chr4,2436
CCDS3446.1|Hs110|chr4,2391
CCDS3447.1|Hs110|chr4,1692
CCDS3448.1|Hs110|chr4,891
CCDS3449.2|Hs110|chr4,1947
CCDS3450.1|Hs110|chr4,3444
CCDS3451.1|Hs110|chr4,3135
CCDS3452.1|Hs110|chr4,579
CCDS3453.1|Hs110|chr4,1119
CCDS3454.1|Hs110|chr4,969
CCDS3455.1|Hs110|chr4,1485
CCDS3456.1|Hs110|chr4,300
CCDS3457.1|Hs110|chr4,5313
CCDS3458.1|Hs110|chr4,576
CCDS3459.1|Hs110|chr4,1440
CCDS3460.1|Hs110|chr4,1575
CCDS3461.2|Hs110|chr4,2157
CCDS3462.1|Hs110|chr4,672
CCDS3463.1|Hs110|chr4,945
CCDS3464.1|Hs110|chr4,744
CCDS3465.1|Hs110|chr4,1707
CCDS3466.1|Hs110|chr4,3495
CCDS3467.1|Hs110|chr4,1422
CCDS3468.1|Hs110|chr4,2010
CCDS3469.1|Hs110|chr4,831
CCDS3470.1|Hs110|chr4,1398
CCDS3471.1|Hs110|chr4,1356
CCDS3472.2|Hs110|chr4,246
CCDS3473.1|Hs110|chr4,1665
CCDS3474.1|Hs110|chr4,1425
CCDS3475.1|Hs110|chr4,552
CCDS3476.1|Hs110|chr4,4281
CCDS3477.1|Hs110|chr4,3129
CCDS3478.2|Hs110|chr4,2736
CCDS3479.1|Hs110|chr4,1233
CCDS3480.1|Hs110|chr4,1584
CCDS3481.1|Hs110|chr4,1896
CCDS3482.1|Hs110|chr4,1314
CCDS3483.1|Hs110|chr4,1275
CCDS3484.1|Hs110|chr4,738
CCDS3485.1|Hs110|chr4,300
CCDS3486.1|Hs110|chr4,2100
CCDS3487.2|Hs110|chr4,774
CCDS3488.1|Hs110|chr4,957
CCDS3489.1|Hs110|chr4,1617
CCDS3490.1|Hs110|chr4,747
CCDS3491.1|Hs110|chr4,1785
CCDS3492.1|Hs110|chr4,1899
CCDS3493.1|Hs110|chr4,498
CCDS3494.1|Hs110|chr4,915
CCDS3495.1|Hs110|chr4,3270
CCDS3496.1|Hs110|chr4,2931
CCDS3497.1|Hs110|chr4,4071
CCDS3498.1|Hs110|chr4,957
CCDS3499.1|Hs110|chr4,975
CCDS3500.1|Hs110|chr4,2541
CCDS3501.1|Hs110|chr4,525
CCDS3502.1|Hs110|chr4,2685
CCDS3503.1|Hs110|chr4,2640
CCDS3504.1|Hs110|chr4,3297
CCDS3505.1|Hs110|chr4,1554
CCDS3506.1|Hs110|chr4,2016
CCDS3507.1|Hs110|chr4,222
CCDS3508.1|Hs110|chr4,255
CCDS3509.1|Hs110|chr4,3294
CCDS3510.1|Hs110|chr4,2097
CCDS3511.1|Hs110|chr4,3525
CCDS3512.1|Hs110|chr4,849
CCDS3513.1|Hs110|chr4,3114
CCDS3514.1|Hs110|chr4,3048
CCDS3515.1|Hs110|chr4,888
CCDS3516.1|Hs110|chr4,3159
CCDS3517.1|Hs110|chr4,987
CCDS3518.1|Hs110|chr4,1257
CCDS3519.1|Hs110|chr4,1266
CCDS3520.1|Hs110|chr4,1317
CCDS3521.1|Hs110|chr4,1251
CCDS3522.2|Hs110|chr4,2130
CCDS3523.1|Hs110|chr4,1593
CCDS3524.1|Hs110|chr4,1593
CCDS3525.1|Hs110|chr4,1584
CCDS3526.1|Hs110|chr4,1590
CCDS3527.1|Hs110|chr4,1590
CCDS3528.1|Hs110|chr4,1590
CCDS3529.1|Hs110|chr4,1584
CCDS3530.1|Hs110|chr4,891
CCDS3531.1|Hs110|chr4,885
CCDS3532.1|Hs110|chr4,681
CCDS3533.1|Hs110|chr4,189
CCDS3534.1|Hs110|chr4,174
CCDS3535.1|Hs110|chr4,660
CCDS3536.2|Hs110|chr4,840
CCDS3537.1|Hs110|chr4,258
CCDS3538.1|Hs110|chr4,549
CCDS3539.1|Hs110|chr4,1188
CCDS3540.1|Hs110|chr4,240
CCDS3541.1|Hs110|chr4,1134
CCDS3542.1|Hs110|chr4,630
CCDS3543.1|Hs110|chr4,1344
CCDS3544.2|Hs110|chr4,3429
CCDS3545.1|Hs110|chr4,480
CCDS3546.1|Hs110|chr4,1440
CCDS3547.1|Hs110|chr4,1410
CCDS3548.1|Hs110|chr4,783
CCDS3549.1|Hs110|chr4,3108
CCDS3550.1|Hs110|chr4,1425
CCDS3552.1|Hs110|chr4,1263
CCDS3553.1|Hs110|chr4,3618
CCDS3554.1|Hs110|chr4,1002
CCDS3555.1|Hs110|chr4,1830
CCDS3556.1|Hs110|chr4,1830
CCDS3557.1|Hs110|chr4,1800
CCDS3558.1|Hs110|chr4,1110
CCDS3559.1|Hs110|chr4,1014
CCDS3560.1|Hs110|chr4,345
CCDS3561.1|Hs110|chr4,315
CCDS3562.1|Hs110|chr4,306
CCDS3563.1|Hs110|chr4,387
CCDS3564.1|Hs110|chr4,510
CCDS3565.1|Hs110|chr4,759
CCDS3566.1|Hs110|chr4,537
CCDS3567.1|Hs110|chr4,786
CCDS3568.1|Hs110|chr4,669
CCDS3569.1|Hs110|chr4,393
CCDS3570.1|Hs110|chr4,1482
CCDS3571.1|Hs110|chr4,1449
CCDS3572.1|Hs110|chr4,1350
CCDS3573.2|Hs110|chr4,2064
CCDS3574.1|Hs110|chr4,285
CCDS3575.1|Hs110|chr4,1137
CCDS3576.1|Hs110|chr4,1524
CCDS3577.1|Hs110|chr4,1437
CCDS3578.1|Hs110|chr4,1077
CCDS3579.2|Hs110|chr4,5991
CCDS3580.1|Hs110|chr4,1134
CCDS3581.1|Hs110|chr4,1035
CCDS3582.1|Hs110|chr4,330
CCDS3583.2|Hs110|chr4,978
CCDS3584.1|Hs110|chr4,972
CCDS3585.1|Hs110|chr4,1662
CCDS3586.1|Hs110|chr4,372
CCDS3587.1|Hs110|chr4,702
CCDS3588.1|Hs110|chr4,1419
CCDS3589.1|Hs110|chr4,2289
CCDS3590.1|Hs110|chr4,921
CCDS3591.1|Hs110|chr4,1011
CCDS3592.1|Hs110|chr4,1068
CCDS3593.1|Hs110|chr4,1263
CCDS3594.1|Hs110|chr4,786
CCDS3595.1|Hs110|chr4,771
CCDS3596.1|Hs110|chr4,3663
CCDS3597.1|Hs110|chr4,3546
CCDS3598.1|Hs110|chr4,2712
CCDS3599.1|Hs110|chr4,2250
CCDS3600.1|Hs110|chr4,1221
CCDS3601.1|Hs110|chr4,348
CCDS3602.1|Hs110|chr4,1632
CCDS3603.1|Hs110|chr4,3306
CCDS3604.1|Hs110|chr4,429
CCDS3605.2|Hs110|chr4,1230
CCDS3606.1|Hs110|chr4,1305
CCDS3607.1|Hs110|chr4,1104
CCDS3608.1|Hs110|chr4,1386
CCDS3609.1|Hs110|chr4,10581
CCDS3611.1|Hs110|chr4,1968
CCDS3612.1|Hs110|chr4,1281
CCDS3614.1|Hs110|chr4,1134
CCDS3615.1|Hs110|chr4,354
CCDS3616.1|Hs110|chr4,3633
CCDS3617.1|Hs110|chr4,1863
CCDS3618.1|Hs110|chr4,903
CCDS3619.1|Hs110|chr4,903
CCDS3620.1|Hs110|chr4,1053
CCDS3621.1|Hs110|chr4,903
CCDS3622.1|Hs110|chr4,1995
CCDS3623.1|Hs110|chr4,1542
CCDS3624.1|Hs110|chr4,954
CCDS3625.1|Hs110|chr4,1578
CCDS3626.1|Hs110|chr4,903
CCDS3627.1|Hs110|chr4,2907
CCDS3628.1|Hs110|chr4,1968
CCDS3629.1|Hs110|chr4,1119
CCDS3630.1|Hs110|chr4,3075
CCDS3631.1|Hs110|chr4,345
CCDS3632.1|Hs110|chr4,549
CCDS3633.1|Hs110|chr4,1578
CCDS3634.1|Hs110|chr4,423
CCDS3635.1|Hs110|chr4,3687
CCDS3637.1|Hs110|chr4,3024
CCDS3638.1|Hs110|chr4,1065
CCDS3639.1|Hs110|chr4,3081
CCDS3640.1|Hs110|chr4,600
CCDS3641.1|Hs110|chr4,1791
CCDS3642.1|Hs110|chr4,1509
CCDS3643.1|Hs110|chr4,2796
CCDS3644.1|Hs110|chr4,1167
CCDS3645.1|Hs110|chr4,1380
CCDS3646.1|Hs110|chr4,807
CCDS3647.1|Hs110|chr4,1107
CCDS3648.1|Hs110|chr4,1128
CCDS3649.1|Hs110|chr4,1080
CCDS3650.1|Hs110|chr4,1020
CCDS3651.1|Hs110|chr4,2685
CCDS3652.1|Hs110|chr4,375
CCDS3654.1|Hs110|chr4,387
CCDS3655.1|Hs110|chr4,786
CCDS3656.1|Hs110|chr4,1383
CCDS3657.1|Hs110|chr4,2910
CCDS3658.1|Hs110|chr4,2640
CCDS3659.1|Hs110|chr4,450
CCDS3660.1|Hs110|chr4,444
CCDS3661.1|Hs110|chr4,447
CCDS3662.1|Hs110|chr4,1614
CCDS3663.1|Hs110|chr4,738
CCDS3664.1|Hs110|chr4,1398
CCDS3665.2|Hs110|chr4,1104
CCDS3666.1|Hs110|chr4,3498
CCDS3667.1|Hs110|chr4,1005
CCDS3668.2|Hs110|chr4,918
CCDS3669.2|Hs110|chr4,699
CCDS3670.1|Hs110|chr4,660
CCDS3671.1|Hs110|chr4,1389
CCDS3672.2|Hs110|chr4,1641
CCDS3673.1|Hs110|chr4,2493
CCDS3674.1|Hs110|chr4,939
CCDS3675.1|Hs110|chr4,780
CCDS3676.1|Hs110|chr4,1875
CCDS3677.1|Hs110|chr4,1098
CCDS3678.1|Hs110|chr4,945
CCDS3679.1|Hs110|chr4,1200
CCDS3680.1|Hs110|chr4,354
CCDS3681.1|Hs110|chr4,450
CCDS3682.1|Hs110|chr4,1500
CCDS3683.2|Hs110|chr4,1011
CCDS3684.1|Hs110|chr4,882
CCDS3685.1|Hs110|chr4,615
CCDS3686.1|Hs110|chr4,570
CCDS3687.1|Hs110|chr4,1014
CCDS3688.3|Hs110|chr4,2040
CCDS3689.1|Hs110|chr4,3624
CCDS3690.1|Hs110|chr4,798
CCDS3691.1|Hs110|chr4,2874
CCDS3692.1|Hs110|chr4,954
CCDS3693.1|Hs110|chr4,816
CCDS3694.1|Hs110|chr4,975
CCDS3695.1|Hs110|chr4,399
CCDS3696.1|Hs110|chr4,909
CCDS3697.1|Hs110|chr4,3735
CCDS3698.1|Hs110|chr4,819
CCDS3700.2|Hs110|chr4,6315
CCDS3701.2|Hs110|chr4,1749
CCDS3702.1|Hs110|chr4,11874
CCDS3703.1|Hs110|chr4,1500
CCDS3704.1|Hs110|chr4,1437
CCDS3705.1|Hs110|chr4,1626
CCDS3706.1|Hs110|chr4,2619
CCDS3707.1|Hs110|chr4,1110
CCDS3708.1|Hs110|chr4,2622
CCDS3709.1|Hs110|chr4,2628
CCDS3710.1|Hs110|chr4,3099
CCDS3711.1|Hs110|chr4,795
CCDS3712.1|Hs110|chr4,399
CCDS3713.1|Hs110|chr4,2628
CCDS3715.1|Hs110|chr4,618
CCDS3716.1|Hs110|chr4,1893
CCDS3717.2|Hs110|chr4,1707
CCDS3718.1|Hs110|chr4,978
CCDS3719.1|Hs110|chr4,1296
CCDS3720.1|Hs110|chr4,963
CCDS3722.2|Hs110|chr4,1320
CCDS3723.1|Hs110|chr4,1299
CCDS3724.1|Hs110|chr4,2148
CCDS3725.1|Hs110|chr4,2547
CCDS3726.1|Hs110|chr4,462
CCDS3727.1|Hs110|chr4,489
CCDS3728.1|Hs110|chr4,2133
CCDS3729.1|Hs110|chr4,444
CCDS3730.1|Hs110|chr4,2682
CCDS3731.1|Hs110|chr4,960
CCDS3733.1|Hs110|chr4,948
CCDS3734.1|Hs110|chr4,2520
CCDS3735.1|Hs110|chr4,2913
CCDS3736.1|Hs110|chr4,1557
CCDS3738.1|Hs110|chr4,2745
CCDS3739.3|Hs110|chr4,672
CCDS3740.1|Hs110|chr4,2067
CCDS3741.1|Hs110|chr4,600
CCDS3742.1|Hs110|chr4,1506
CCDS3743.1|Hs110|chr4,1296
CCDS3744.1|Hs110|chr4,1746
CCDS3745.1|Hs110|chr4,1602
CCDS3746.1|Hs110|chr4,231
CCDS3747.1|Hs110|chr4,690
CCDS3748.1|Hs110|chr4,1101
CCDS3749.1|Hs110|chr4,444
CCDS3750.1|Hs110|chr4,369
CCDS3751.1|Hs110|chr4,1833
CCDS3752.1|Hs110|chr4,882
CCDS3753.1|Hs110|chr4,924
CCDS3754.1|Hs110|chr4,963
CCDS3755.1|Hs110|chr4,489
CCDS3756.1|Hs110|chr4,408
CCDS3757.1|Hs110|chr4,2775
CCDS3758.1|Hs110|chr4,3129
CCDS3759.1|Hs110|chr4,2085
CCDS3760.1|Hs110|chr4,2175
CCDS3761.1|Hs110|chr4,3159
CCDS3762.1|Hs110|chr4,2103
CCDS3764.1|Hs110|chr4,438
CCDS3765.1|Hs110|chr4,1398
CCDS3766.1|Hs110|chr4,1257
CCDS3767.1|Hs110|chr4,243
CCDS3768.1|Hs110|chr4,480
CCDS3769.1|Hs110|chr4,1284
CCDS3770.1|Hs110|chr4,1317
CCDS3771.1|Hs110|chr4,2538
CCDS3772.1|Hs110|chr4,2955
CCDS3773.1|Hs110|chr4,8592
CCDS3774.1|Hs110|chr4,1080
CCDS3775.1|Hs110|chr4,795
CCDS3776.1|Hs110|chr4,1674
CCDS3777.1|Hs110|chr4,2124
CCDS3778.1|Hs110|chr4,1884
CCDS3779.1|Hs110|chr4,552
CCDS3780.1|Hs110|chr4,1026
CCDS3781.2|Hs110|chr4,2316
CCDS3782.1|Hs110|chr4,618
CCDS3783.2|Hs110|chr4,4830
CCDS3784.1|Hs110|chr4,2355
CCDS3786.1|Hs110|chr4,1476
CCDS3787.1|Hs110|chr4,2601
CCDS3788.1|Hs110|chr4,1362
CCDS3789.1|Hs110|chr4,693
CCDS3790.1|Hs110|chr4,1602
CCDS3791.1|Hs110|chr4,1146
CCDS3793.1|Hs110|chr4,1518
CCDS3794.1|Hs110|chr4,966
CCDS3795.1|Hs110|chr4,1038
CCDS3796.1|Hs110|chr4,1494
CCDS3797.1|Hs110|chr4,2652
CCDS3798.1|Hs110|chr4,1560
CCDS3799.1|Hs110|chr4,1038
CCDS3800.1|Hs110|chr4,1854
CCDS3801.1|Hs110|chr4,1113
CCDS3802.1|Hs110|chr4,2544
CCDS3803.1|Hs110|chr4,1485
CCDS3804.1|Hs110|chr4,1338
CCDS3805.1|Hs110|chr4,1881
CCDS3806.1|Hs110|chr4,819
CCDS3808.1|Hs110|chr4,1416
CCDS3809.1|Hs110|chr4,882
CCDS3810.1|Hs110|chr4,1431
CCDS3811.1|Hs110|chr4,3042
CCDS3812.1|Hs110|chr4,714
CCDS3813.1|Hs110|chr4,1041
CCDS3814.1|Hs110|chr4,1278
CCDS3815.1|Hs110|chr4,1974
CCDS3816.1|Hs110|chr4,630
CCDS3817.1|Hs110|chr4,663
CCDS3818.1|Hs110|chr4,297
CCDS3819.1|Hs110|chr4,654
CCDS3820.1|Hs110|chr4,960
CCDS3821.1|Hs110|chr4,801
CCDS3822.1|Hs110|chr4,1395
CCDS3823.1|Hs110|chr4,2463
CCDS3824.1|Hs110|chr4,837
CCDS3825.1|Hs110|chr4,3969
CCDS3826.1|Hs110|chr4,918
CCDS3827.1|Hs110|chr4,990
CCDS3828.1|Hs110|chr4,1818
CCDS3829.1|Hs110|chr4,1041
CCDS3831.1|Hs110|chr4,537
CCDS3833.1|Hs110|chr4,843
CCDS3834.1|Hs110|chr4,1323
CCDS3835.1|Hs110|chr4,1050
CCDS3836.1|Hs110|chr4,834
CCDS3837.1|Hs110|chr4,1683
CCDS3838.1|Hs110|chr4,1257
CCDS3839.1|Hs110|chr4,2097
CCDS3840.1|Hs110|chr4,1044
CCDS3841.1|Hs110|chr4,477
CCDS3842.1|Hs110|chr4,1410
CCDS3843.1|Hs110|chr4,2502
CCDS3844.1|Hs110|chr4,1095
CCDS3845.1|Hs110|chr4,3303
CCDS3846.1|Hs110|chr4,2715
CCDS3847.1|Hs110|chr4,1878
CCDS3848.1|Hs110|chr4,1053
CCDS3849.1|Hs110|chr4,933
CCDS3850.2|Hs110|chr4,1314
CCDS3851.1|Hs110|chr4,1407
CCDS3852.1|Hs110|chr5,783
CCDS3853.1|Hs110|chr5,1995
CCDS3854.1|Hs110|chr5,576
CCDS3855.1|Hs110|chr5,2505
CCDS3856.1|Hs110|chr5,660
CCDS3857.1|Hs110|chr5,1239
CCDS3858.1|Hs110|chr5,1299
CCDS3859.1|Hs110|chr5,1356
CCDS3860.1|Hs110|chr5,1887
CCDS3861.2|Hs110|chr5,3399
CCDS3862.1|Hs110|chr5,1617
CCDS3863.1|Hs110|chr5,1863
CCDS3864.1|Hs110|chr5,1605
CCDS3865.1|Hs110|chr5,312
CCDS3866.1|Hs110|chr5,375
CCDS3867.1|Hs110|chr5,1560
CCDS3868.1|Hs110|chr5,1416
CCDS3869.1|Hs110|chr5,2304
CCDS3870.1|Hs110|chr5,780
CCDS3871.2|Hs110|chr5,2379
CCDS3872.2|Hs110|chr5,3276
CCDS3873.1|Hs110|chr5,1989
CCDS3875.1|Hs110|chr5,3225
CCDS3876.1|Hs110|chr5,900
CCDS3877.1|Hs110|chr5,1626
CCDS3878.1|Hs110|chr5,738
CCDS3879.1|Hs110|chr5,693
CCDS3880.1|Hs110|chr5,309
CCDS3881.1|Hs110|chr5,3678
CCDS3882.1|Hs110|chr5,13875
CCDS3883.1|Hs110|chr5,9294
CCDS3884.1|Hs110|chr5,1071
CCDS3885.1|Hs110|chr5,1479
CCDS3886.1|Hs110|chr5,1434
CCDS3888.1|Hs110|chr5,684
CCDS3889.1|Hs110|chr5,2373
CCDS3890.1|Hs110|chr5,2385
CCDS3892.1|Hs110|chr5,2367
CCDS3893.1|Hs110|chr5,2370
CCDS3894.1|Hs110|chr5,2373
CCDS3895.1|Hs110|chr5,1329
CCDS3896.1|Hs110|chr5,897
CCDS3897.1|Hs110|chr5,384
CCDS3899.1|Hs110|chr5,2172
CCDS3900.1|Hs110|chr5,1410
CCDS3901.1|Hs110|chr5,1593
CCDS3902.1|Hs110|chr5,1149
CCDS3903.1|Hs110|chr5,597
CCDS3904.1|Hs110|chr5,741
CCDS3905.1|Hs110|chr5,849
CCDS3907.2|Hs110|chr5,1731
CCDS3908.1|Hs110|chr5,1545
CCDS3909.1|Hs110|chr5,1869
CCDS3910.1|Hs110|chr5,1545
CCDS3911.1|Hs110|chr5,1380
CCDS3912.2|Hs110|chr5,627
CCDS3913.1|Hs110|chr5,1572
CCDS3914.1|Hs110|chr5,1572
CCDS3915.1|Hs110|chr5,1233
CCDS3916.1|Hs110|chr5,1275
CCDS3917.1|Hs110|chr5,840
CCDS3918.1|Hs110|chr5,1398
CCDS3919.1|Hs110|chr5,1629
CCDS3920.1|Hs110|chr5,8415
CCDS3921.1|Hs110|chr5,4176
CCDS3922.1|Hs110|chr5,636
CCDS3923.1|Hs110|chr5,558
CCDS3924.1|Hs110|chr5,3030
CCDS3925.1|Hs110|chr5,2328
CCDS3927.1|Hs110|chr5,3294
CCDS3928.1|Hs110|chr5,2940
CCDS3929.1|Hs110|chr5,1680
CCDS3930.1|Hs110|chr5,1467
CCDS3931.1|Hs110|chr5,789
CCDS3932.2|Hs110|chr5,1680
CCDS3933.2|Hs110|chr5,1725
CCDS3934.1|Hs110|chr5,294
CCDS3935.1|Hs110|chr5,3114
CCDS3936.1|Hs110|chr5,2805
CCDS3937.1|Hs110|chr5,1563
CCDS3938.1|Hs110|chr5,1164
CCDS3939.1|Hs110|chr5,924
CCDS3940.1|Hs110|chr5,1917
CCDS3943.1|Hs110|chr5,1311
CCDS3944.1|Hs110|chr5,384
CCDS3945.1|Hs110|chr5,648
CCDS3946.1|Hs110|chr5,1917
CCDS3947.1|Hs110|chr5,1440
CCDS3948.1|Hs110|chr5,1104
CCDS3949.1|Hs110|chr5,3261
CCDS3950.1|Hs110|chr5,627
CCDS3951.1|Hs110|chr5,1320
CCDS3952.1|Hs110|chr5,2673
CCDS3953.1|Hs110|chr5,984
CCDS3954.1|Hs110|chr5,2565
CCDS3955.1|Hs110|chr5,3540
CCDS3956.1|Hs110|chr5,1158
CCDS3957.1|Hs110|chr5,3546
CCDS3958.1|Hs110|chr5,567
CCDS3959.1|Hs110|chr5,1035
CCDS3960.1|Hs110|chr5,528
CCDS3961.1|Hs110|chr5,453
CCDS3962.1|Hs110|chr5,1887
CCDS3963.1|Hs110|chr5,555
CCDS3964.1|Hs110|chr5,795
CCDS3965.1|Hs110|chr5,789
CCDS3966.1|Hs110|chr5,1548
CCDS3967.1|Hs110|chr5,3129
CCDS3968.1|Hs110|chr5,1686
CCDS3969.1|Hs110|chr5,2175
CCDS3970.2|Hs110|chr5,2295
CCDS3971.1|Hs110|chr5,2757
CCDS3972.1|Hs110|chr5,900
CCDS3973.2|Hs110|chr5,1650
CCDS3974.1|Hs110|chr5,2058
CCDS3975.1|Hs110|chr5,474
CCDS3976.1|Hs110|chr5,684
CCDS3977.1|Hs110|chr5,1590
CCDS3978.1|Hs110|chr5,1191
CCDS3979.1|Hs110|chr5,510
CCDS3980.2|Hs110|chr5,2121
CCDS3981.1|Hs110|chr5,942
CCDS3982.2|Hs110|chr5,1419
CCDS3983.2|Hs110|chr5,3354
CCDS3984.1|Hs110|chr5,810
CCDS3985.1|Hs110|chr5,1941
CCDS3986.1|Hs110|chr5,1641
CCDS3987.1|Hs110|chr5,1725
CCDS3988.1|Hs110|chr5,915
CCDS3989.1|Hs110|chr5,2115
CCDS3990.1|Hs110|chr5,4116
CCDS3991.1|Hs110|chr5,1527
CCDS3992.1|Hs110|chr5,1986
CCDS3993.1|Hs110|chr5,2175
CCDS3994.1|Hs110|chr5,1275
CCDS3995.1|Hs110|chr5,1365
CCDS3996.1|Hs110|chr5,2298
CCDS3997.1|Hs110|chr5,1302
CCDS3998.1|Hs110|chr5,744
CCDS3999.1|Hs110|chr5,1041
CCDS4000.1|Hs110|chr5,1536
CCDS4001.1|Hs110|chr5,519
CCDS4002.1|Hs110|chr5,795
CCDS4003.1|Hs110|chr5,2046
CCDS4004.1|Hs110|chr5,2013
CCDS4005.1|Hs110|chr5,1755
CCDS4006.1|Hs110|chr5,1569
CCDS4007.1|Hs110|chr5,885
CCDS4008.1|Hs110|chr5,789
CCDS4009.1|Hs110|chr5,4212
CCDS4011.1|Hs110|chr5,351
CCDS4012.1|Hs110|chr5,7407
CCDS4013.1|Hs110|chr5,1245
CCDS4014.2|Hs110|chr5,1167
CCDS4015.1|Hs110|chr5,2235
CCDS4016.1|Hs110|chr5,2673
CCDS4017.1|Hs110|chr5,975
CCDS4018.1|Hs110|chr5,732
CCDS4019.1|Hs110|chr5,489
CCDS4020.1|Hs110|chr5,942
CCDS4021.1|Hs110|chr5,1770
CCDS4022.1|Hs110|chr5,1671
CCDS4023.1|Hs110|chr5,2340
CCDS4024.1|Hs110|chr5,2199
CCDS4025.1|Hs110|chr5,783
CCDS4026.1|Hs110|chr5,1362
CCDS4027.1|Hs110|chr5,2667
CCDS4028.1|Hs110|chr5,1875
CCDS4029.1|Hs110|chr5,1797
CCDS4030.1|Hs110|chr5,2613
CCDS4031.1|Hs110|chr5,1125
CCDS4032.1|Hs110|chr5,1278
CCDS4033.1|Hs110|chr5,1194
CCDS4034.1|Hs110|chr5,969
CCDS4035.1|Hs110|chr5,2145
CCDS4036.1|Hs110|chr5,705
CCDS4037.1|Hs110|chr5,2658
CCDS4038.1|Hs110|chr5,1380
CCDS4039.1|Hs110|chr5,978
CCDS4040.1|Hs110|chr5,327
CCDS4041.1|Hs110|chr5,3285
CCDS4042.1|Hs110|chr5,687
CCDS4043.1|Hs110|chr5,1602
CCDS4044.1|Hs110|chr5,2601
CCDS4045.1|Hs110|chr5,1092
CCDS4046.1|Hs110|chr5,1221
CCDS4047.3|Hs110|chr5,2967
CCDS4048.1|Hs110|chr5,1455
CCDS4049.1|Hs110|chr5,2886
CCDS4050.1|Hs110|chr5,4620
CCDS4051.1|Hs110|chr5,831
CCDS4052.1|Hs110|chr5,3714
CCDS4053.1|Hs110|chr5,1260
CCDS4054.1|Hs110|chr5,816
CCDS4055.1|Hs110|chr5,1668
CCDS4056.1|Hs110|chr5,1086
CCDS4057.1|Hs110|chr5,663
CCDS4058.1|Hs110|chr5,1005
CCDS4059.1|Hs110|chr5,1011
CCDS4060.1|Hs110|chr5,10191
CCDS4061.1|Hs110|chr5,1065
CCDS4062.1|Hs110|chr5,1443
CCDS4063.1|Hs110|chr5,192
CCDS4064.1|Hs110|chr5,972
CCDS4065.1|Hs110|chr5,1464
CCDS4066.1|Hs110|chr5,504
CCDS4067.1|Hs110|chr5,840
CCDS4068.1|Hs110|chr5,1272
CCDS4069.1|Hs110|chr5,1251
CCDS4070.1|Hs110|chr5,975
CCDS4071.2|Hs110|chr5,3177
CCDS4072.1|Hs110|chr5,4695
CCDS4073.1|Hs110|chr5,1611
CCDS4074.1|Hs110|chr5,1305
CCDS4075.1|Hs110|chr5,474
CCDS4076.1|Hs110|chr5,765
CCDS4077.1|Hs110|chr5,1836
CCDS4078.1|Hs110|chr5,321
CCDS4080.1|Hs110|chr5,1923
CCDS4081.1|Hs110|chr5,2262
CCDS4082.1|Hs110|chr5,2061
CCDS4085.1|Hs110|chr5,2847
CCDS4086.1|Hs110|chr5,2883
CCDS4087.1|Hs110|chr5,3078
CCDS4088.1|Hs110|chr5,849
CCDS4089.1|Hs110|chr5,1659
CCDS4090.1|Hs110|chr5,573
CCDS4091.1|Hs110|chr5,1080
CCDS4092.1|Hs110|chr5,2718
CCDS4093.1|Hs110|chr5,2601
CCDS4094.1|Hs110|chr5,2664
CCDS4095.1|Hs110|chr5,621
CCDS4096.1|Hs110|chr5,1389
CCDS4097.1|Hs110|chr5,687
CCDS4098.1|Hs110|chr5,2469
CCDS4099.1|Hs110|chr5,2127
CCDS4100.1|Hs110|chr5,1257
CCDS4101.1|Hs110|chr5,480
CCDS4102.2|Hs110|chr5,2688
CCDS4103.1|Hs110|chr5,1422
CCDS4104.1|Hs110|chr5,618
CCDS4105.1|Hs110|chr5,207
CCDS4107.1|Hs110|chr5,8532
CCDS4108.1|Hs110|chr5,435
CCDS4109.2|Hs110|chr5,570
CCDS4111.1|Hs110|chr5,2490
CCDS4112.1|Hs110|chr5,1104
CCDS4113.1|Hs110|chr5,4293
CCDS4114.2|Hs110|chr5,2376
CCDS4115.1|Hs110|chr5,2187
CCDS4116.1|Hs110|chr5,1134
CCDS4117.1|Hs110|chr5,1341
CCDS4118.1|Hs110|chr5,1854
CCDS4119.1|Hs110|chr5,708
CCDS4120.1|Hs110|chr5,675
CCDS4121.1|Hs110|chr5,603
CCDS4122.2|Hs110|chr5,423
CCDS4123.1|Hs110|chr5,582
CCDS4124.1|Hs110|chr5,2973
CCDS4125.1|Hs110|chr5,9084
CCDS4126.1|Hs110|chr5,2211
CCDS4127.1|Hs110|chr5,846
CCDS4128.1|Hs110|chr5,729
CCDS4129.1|Hs110|chr5,1254
CCDS4130.1|Hs110|chr5,1095
CCDS4131.1|Hs110|chr5,2760
CCDS4132.1|Hs110|chr5,510
CCDS4133.1|Hs110|chr5,639
CCDS4134.2|Hs110|chr5,2961
CCDS4135.1|Hs110|chr5,1344
CCDS4136.1|Hs110|chr5,1299
CCDS4137.2|Hs110|chr5,1620
CCDS4138.1|Hs110|chr5,1185
CCDS4139.1|Hs110|chr5,405
CCDS4140.1|Hs110|chr5,1761
CCDS4141.1|Hs110|chr5,762
CCDS4142.1|Hs110|chr5,3423
CCDS4143.1|Hs110|chr5,1338
CCDS4144.1|Hs110|chr5,3639
CCDS4145.1|Hs110|chr5,1860
CCDS4146.2|Hs110|chr5,3642
CCDS4147.1|Hs110|chr5,381
CCDS4148.1|Hs110|chr5,315
CCDS4149.1|Hs110|chr5,459
CCDS4150.1|Hs110|chr5,435
CCDS4151.1|Hs110|chr5,1608
CCDS4152.1|Hs110|chr5,993
CCDS4153.1|Hs110|chr5,1656
CCDS4154.1|Hs110|chr5,1674
CCDS4155.1|Hs110|chr5,978
CCDS4156.1|Hs110|chr5,405
CCDS4157.1|Hs110|chr5,441
CCDS4158.1|Hs110|chr5,462
CCDS4159.1|Hs110|chr5,414
CCDS4161.1|Hs110|chr5,2544
CCDS4162.1|Hs110|chr5,1365
CCDS4163.1|Hs110|chr5,234
CCDS4164.1|Hs110|chr5,3492
CCDS4165.1|Hs110|chr5,513
CCDS4166.1|Hs110|chr5,2523
CCDS4167.1|Hs110|chr5,798
CCDS4168.1|Hs110|chr5,852
CCDS4169.1|Hs110|chr5,1155
CCDS4170.1|Hs110|chr5,810
CCDS4171.1|Hs110|chr5,492
CCDS4172.1|Hs110|chr5,483
CCDS4173.1|Hs110|chr5,930
CCDS4174.1|Hs110|chr5,459
CCDS4175.1|Hs110|chr5,351
CCDS4176.1|Hs110|chr5,2373
CCDS4177.1|Hs110|chr5,597
CCDS4178.1|Hs110|chr5,891
CCDS4179.1|Hs110|chr5,567
CCDS4180.1|Hs110|chr5,1083
CCDS4181.1|Hs110|chr5,1197
CCDS4182.1|Hs110|chr5,945
CCDS4183.1|Hs110|chr5,1116
CCDS4184.1|Hs110|chr5,1110
CCDS4185.1|Hs110|chr5,1119
CCDS4186.1|Hs110|chr5,735
CCDS4187.1|Hs110|chr5,714
CCDS4188.2|Hs110|chr5,300
CCDS4189.1|Hs110|chr5,435
CCDS4190.1|Hs110|chr5,456
CCDS4191.1|Hs110|chr5,1320
CCDS4192.1|Hs110|chr5,1764
CCDS4193.1|Hs110|chr5,918
CCDS4194.1|Hs110|chr5,1497
CCDS4195.1|Hs110|chr5,2748
CCDS4197.1|Hs110|chr5,639
CCDS4198.1|Hs110|chr5,3708
CCDS4199.1|Hs110|chr5,2673
CCDS4200.2|Hs110|chr5,1794
CCDS4201.1|Hs110|chr5,1203
CCDS4202.1|Hs110|chr5,1422
CCDS4203.1|Hs110|chr5,1203
CCDS4204.1|Hs110|chr5,1179
CCDS4205.1|Hs110|chr5,759
CCDS4206.1|Hs110|chr5,1632
CCDS4207.1|Hs110|chr5,1314
CCDS4208.1|Hs110|chr5,2040
CCDS4209.1|Hs110|chr5,1386
CCDS4211.1|Hs110|chr5,384
CCDS4212.1|Hs110|chr5,1797
CCDS4213.1|Hs110|chr5,1809
CCDS4214.1|Hs110|chr5,1077
CCDS4215.1|Hs110|chr5,1140
CCDS4216.1|Hs110|chr5,2316
CCDS4217.1|Hs110|chr5,2553
CCDS4220.1|Hs110|chr5,969
CCDS4221.1|Hs110|chr5,294
CCDS4222.1|Hs110|chr5,369
CCDS4223.1|Hs110|chr5,627
CCDS4224.1|Hs110|chr5,7854
CCDS4225.1|Hs110|chr5,7629
CCDS4226.1|Hs110|chr5,303
CCDS4227.1|Hs110|chr5,1482
CCDS4228.1|Hs110|chr5,1476
CCDS4229.1|Hs110|chr5,1461
CCDS4231.1|Hs110|chr5,975
CCDS4232.1|Hs110|chr5,1128
CCDS4233.2|Hs110|chr5,1482
CCDS4234.1|Hs110|chr5,300
CCDS4235.1|Hs110|chr5,1152
CCDS4236.1|Hs110|chr5,1062
CCDS4237.1|Hs110|chr5,1530
CCDS4238.1|Hs110|chr5,1521
CCDS4239.1|Hs110|chr5,600
CCDS4240.1|Hs110|chr5,2853
CCDS4241.1|Hs110|chr5,2892
CCDS4242.1|Hs110|chr5,3024
CCDS4243.1|Hs110|chr5,2457
CCDS4244.1|Hs110|chr5,2397
CCDS4245.1|Hs110|chr5,2391
CCDS4246.1|Hs110|chr5,2388
CCDS4247.1|Hs110|chr5,2388
CCDS4248.1|Hs110|chr5,2385
CCDS4249.1|Hs110|chr5,2382
CCDS4250.1|Hs110|chr5,2406
CCDS4251.1|Hs110|chr5,2331
CCDS4252.1|Hs110|chr5,2403
CCDS4253.1|Hs110|chr5,2394
CCDS4254.1|Hs110|chr5,2388
CCDS4255.1|Hs110|chr5,2397
CCDS4256.1|Hs110|chr5,2397
CCDS4257.1|Hs110|chr5,2364
CCDS4258.1|Hs110|chr5,906
CCDS4259.1|Hs110|chr5,1050
CCDS4260.1|Hs110|chr5,2799
CCDS4261.1|Hs110|chr5,2805
CCDS4262.1|Hs110|chr5,2817
CCDS4263.1|Hs110|chr5,2835
CCDS4264.1|Hs110|chr5,1287
CCDS4265.1|Hs110|chr5,912
CCDS4266.1|Hs110|chr5,4635
CCDS4267.1|Hs110|chr5,3714
CCDS4268.1|Hs110|chr5,1548
CCDS4269.1|Hs110|chr5,3555
CCDS4270.1|Hs110|chr5,1425
CCDS4271.1|Hs110|chr5,1047
CCDS4272.1|Hs110|chr5,870
CCDS4273.1|Hs110|chr5,666
CCDS4274.1|Hs110|chr5,969
CCDS4275.1|Hs110|chr5,468
CCDS4276.1|Hs110|chr5,183
CCDS4277.1|Hs110|chr5,2445
CCDS4278.1|Hs110|chr5,2334
CCDS4279.1|Hs110|chr5,774
CCDS4280.1|Hs110|chr5,2190
CCDS4281.1|Hs110|chr5,1017
CCDS4282.1|Hs110|chr5,3297
CCDS4283.1|Hs110|chr5,1341
CCDS4284.2|Hs110|chr5,1530
CCDS4285.1|Hs110|chr5,2433
CCDS4286.1|Hs110|chr5,240
CCDS4287.1|Hs110|chr5,282
CCDS4288.1|Hs110|chr5,294
CCDS4289.1|Hs110|chr5,258
CCDS4290.1|Hs110|chr5,3567
CCDS4291.1|Hs110|chr5,1167
CCDS4292.1|Hs110|chr5,1242
CCDS4293.1|Hs110|chr5,3867
CCDS4294.1|Hs110|chr5,2052
CCDS4295.1|Hs110|chr5,678
CCDS4296.1|Hs110|chr5,1485
CCDS4297.1|Hs110|chr5,543
CCDS4298.1|Hs110|chr5,3072
CCDS4299.1|Hs110|chr5,2583
CCDS4300.1|Hs110|chr5,2220
CCDS4301.1|Hs110|chr5,1566
CCDS4302.1|Hs110|chr5,2919
CCDS4303.1|Hs110|chr5,3321
CCDS4304.1|Hs110|chr5,798
CCDS4305.1|Hs110|chr5,1911
CCDS4306.1|Hs110|chr5,4236
CCDS4307.1|Hs110|chr5,456
CCDS4308.1|Hs110|chr5,2712
CCDS4309.1|Hs110|chr5,756
CCDS4310.1|Hs110|chr5,1383
CCDS4311.2|Hs110|chr5,1815
CCDS4312.1|Hs110|chr5,891
CCDS4313.1|Hs110|chr5,582
CCDS4314.1|Hs110|chr5,1413
CCDS4315.1|Hs110|chr5,1452
CCDS4316.1|Hs110|chr5,1431
CCDS4317.1|Hs110|chr5,13050
CCDS4318.1|Hs110|chr5,912
CCDS4319.1|Hs110|chr5,1401
CCDS4320.1|Hs110|chr5,1350
CCDS4321.1|Hs110|chr5,1248
CCDS4322.1|Hs110|chr5,2721
CCDS4323.1|Hs110|chr5,1518
CCDS4324.1|Hs110|chr5,1089
CCDS4325.1|Hs110|chr5,1812
CCDS4326.1|Hs110|chr5,552
CCDS4327.1|Hs110|chr5,648
CCDS4328.1|Hs110|chr5,3060
CCDS4329.1|Hs110|chr5,879
CCDS4330.1|Hs110|chr5,4527
CCDS4331.1|Hs110|chr5,621
CCDS4332.1|Hs110|chr5,1137
CCDS4333.1|Hs110|chr5,906
CCDS4334.1|Hs110|chr5,702
CCDS4335.1|Hs110|chr5,1818
CCDS4336.1|Hs110|chr5,1863
CCDS4337.1|Hs110|chr5,675
CCDS4338.1|Hs110|chr5,2757
CCDS4339.1|Hs110|chr5,2262
CCDS4340.1|Hs110|chr5,1506
CCDS4341.1|Hs110|chr5,897
CCDS4342.1|Hs110|chr5,1083
CCDS4343.1|Hs110|chr5,1776
CCDS4344.1|Hs110|chr5,2076
CCDS4345.1|Hs110|chr5,957
CCDS4346.1|Hs110|chr5,987
CCDS4347.1|Hs110|chr5,1563
CCDS4348.1|Hs110|chr5,879
CCDS4349.1|Hs110|chr5,387
CCDS4350.2|Hs110|chr5,1308
CCDS4351.3|Hs110|chr5,858
CCDS4352.1|Hs110|chr5,1761
CCDS4353.1|Hs110|chr5,609
CCDS4354.1|Hs110|chr5,1425
CCDS4355.1|Hs110|chr5,1539
CCDS4356.1|Hs110|chr5,1362
CCDS4357.1|Hs110|chr5,1371
CCDS4358.1|Hs110|chr5,1404
CCDS4359.1|Hs110|chr5,1428
CCDS4360.1|Hs110|chr5,888
CCDS4361.1|Hs110|chr5,474
CCDS4362.1|Hs110|chr5,2175
CCDS4363.1|Hs110|chr5,2130
CCDS4364.1|Hs110|chr5,972
CCDS4365.1|Hs110|chr5,1005
CCDS4366.1|Hs110|chr5,3342
CCDS4367.1|Hs110|chr5,1983
CCDS4368.1|Hs110|chr5,1113
CCDS4369.1|Hs110|chr5,4572
CCDS4370.1|Hs110|chr5,1818
CCDS4371.1|Hs110|chr5,5493
CCDS4372.1|Hs110|chr5,1137
CCDS4373.1|Hs110|chr5,576
CCDS4374.1|Hs110|chr5,651
CCDS4375.1|Hs110|chr5,1323
CCDS4376.1|Hs110|chr5,885
CCDS4377.1|Hs110|chr5,798
CCDS4378.1|Hs110|chr5,624
CCDS4379.2|Hs110|chr5,705
CCDS4380.1|Hs110|chr5,1104
CCDS4382.1|Hs110|chr5,438
CCDS4383.1|Hs110|chr5,246
CCDS4384.1|Hs110|chr5,687
CCDS4385.1|Hs110|chr5,816
CCDS4386.1|Hs110|chr5,714
CCDS4387.1|Hs110|chr5,975
CCDS4388.1|Hs110|chr5,909
CCDS4389.1|Hs110|chr5,558
CCDS4390.1|Hs110|chr5,2190
CCDS4391.1|Hs110|chr5,516
CCDS4392.1|Hs110|chr5,804
CCDS4393.1|Hs110|chr5,1341
CCDS4394.1|Hs110|chr5,969
CCDS4396.1|Hs110|chr5,405
CCDS4397.1|Hs110|chr5,1056
CCDS4398.2|Hs110|chr5,1374
CCDS4399.1|Hs110|chr5,918
CCDS4400.1|Hs110|chr5,735
CCDS4401.1|Hs110|chr5,321
CCDS4402.1|Hs110|chr5,636
CCDS4403.1|Hs110|chr5,690
CCDS4404.1|Hs110|chr5,1299
CCDS4405.1|Hs110|chr5,3027
CCDS4406.1|Hs110|chr5,405
CCDS4407.1|Hs110|chr5,2772
CCDS4408.1|Hs110|chr5,2160
CCDS4409.1|Hs110|chr5,885
CCDS4410.1|Hs110|chr5,2409
CCDS4411.1|Hs110|chr5,2289
CCDS4412.1|Hs110|chr5,8091
CCDS4415.1|Hs110|chr5,660
CCDS4416.1|Hs110|chr5,621
CCDS4417.1|Hs110|chr5,1071
CCDS4418.1|Hs110|chr5,1920
CCDS4419.1|Hs110|chr5,825
CCDS4420.1|Hs110|chr5,1950
CCDS4421.1|Hs110|chr5,1956
CCDS4422.1|Hs110|chr5,1374
CCDS4423.1|Hs110|chr5,1272
CCDS4424.1|Hs110|chr5,669
CCDS4427.1|Hs110|chr5,1869
CCDS4428.1|Hs110|chr5,708
CCDS4429.1|Hs110|chr5,984
CCDS4430.1|Hs110|chr5,681
CCDS4431.1|Hs110|chr5,1182
CCDS4432.1|Hs110|chr5,462
CCDS4433.1|Hs110|chr5,1581
CCDS4434.1|Hs110|chr5,1353
CCDS4436.1|Hs110|chr5,1623
CCDS4437.1|Hs110|chr5,1446
CCDS4438.1|Hs110|chr5,1818
CCDS4439.1|Hs110|chr5,1839
CCDS4440.1|Hs110|chr5,1386
CCDS4441.1|Hs110|chr5,1569
CCDS4442.1|Hs110|chr5,2634
CCDS4443.1|Hs110|chr5,1665
CCDS4444.1|Hs110|chr5,3636
CCDS4445.2|Hs110|chr5,2127
CCDS4446.1|Hs110|chr5,1350
CCDS4447.1|Hs110|chr5,1779
CCDS4448.1|Hs110|chr5,1647
CCDS4449.1|Hs110|chr5,1692
CCDS4450.1|Hs110|chr5,3702
CCDS4451.1|Hs110|chr5,1260
CCDS4452.1|Hs110|chr5,1401
CCDS4453.1|Hs110|chr5,1275
CCDS4454.1|Hs110|chr5,1275
CCDS4455.1|Hs110|chr5,1674
CCDS4456.1|Hs110|chr5,315
CCDS4457.1|Hs110|chr5,4092
CCDS4458.1|Hs110|chr5,1338
CCDS4459.1|Hs110|chr5,1044
CCDS4460.2|Hs110|chr5,1608
CCDS4461.1|Hs110|chr5,948
CCDS4462.1|Hs110|chr5,1536
CCDS4463.1|Hs110|chr5,912
CCDS4464.1|Hs110|chr5,666
CCDS4465.1|Hs110|chr5,1557
CCDS4466.1|Hs110|chr5,1893
CCDS4467.1|Hs110|chr5,894
CCDS4468.1|Hs110|chr6,555
CCDS4469.1|Hs110|chr6,1356
CCDS4470.1|Hs110|chr6,837
CCDS4471.1|Hs110|chr6,1212
CCDS4472.1|Hs110|chr6,1335
CCDS4473.1|Hs110|chr6,1662
CCDS4474.1|Hs110|chr6,1119
CCDS4475.1|Hs110|chr6,1998
CCDS4476.1|Hs110|chr6,1923
CCDS4477.1|Hs110|chr6,1140
CCDS4478.1|Hs110|chr6,1131
CCDS4479.1|Hs110|chr6,1131
CCDS4481.1|Hs110|chr6,696
CCDS4482.1|Hs110|chr6,2016
CCDS4483.2|Hs110|chr6,876
CCDS4484.1|Hs110|chr6,1338
CCDS4485.1|Hs110|chr6,1338
CCDS4486.1|Hs110|chr6,696
CCDS4487.1|Hs110|chr6,978
CCDS4488.1|Hs110|chr6,3024
CCDS4489.1|Hs110|chr6,1527
CCDS4490.1|Hs110|chr6,1095
CCDS4491.2|Hs110|chr6,1635
CCDS4493.1|Hs110|chr6,276
CCDS4494.1|Hs110|chr6,1356
CCDS4495.1|Hs110|chr6,429
CCDS4496.1|Hs110|chr6,2199
CCDS4498.1|Hs110|chr6,489
CCDS4499.1|Hs110|chr6,861
CCDS4500.1|Hs110|chr6,1707
CCDS4501.1|Hs110|chr6,8616
CCDS4502.1|Hs110|chr6,1020
CCDS4503.1|Hs110|chr6,1542
CCDS4505.1|Hs110|chr6,1299
CCDS4506.1|Hs110|chr6,564
CCDS4507.1|Hs110|chr6,525
CCDS4508.1|Hs110|chr6,1206
CCDS4510.2|Hs110|chr6,1320
CCDS4512.1|Hs110|chr6,1203
CCDS4513.1|Hs110|chr6,1209
CCDS4514.1|Hs110|chr6,339
CCDS4515.1|Hs110|chr6,345
CCDS4516.1|Hs110|chr6,1872
CCDS4517.1|Hs110|chr6,1521
CCDS4518.1|Hs110|chr6,891
CCDS4519.1|Hs110|chr6,1617
CCDS4520.1|Hs110|chr6,2505
CCDS4521.1|Hs110|chr6,693
CCDS4522.1|Hs110|chr6,639
CCDS4524.1|Hs110|chr6,1173
CCDS4526.1|Hs110|chr6,933
CCDS4527.1|Hs110|chr6,900
CCDS4528.1|Hs110|chr6,774
CCDS4529.1|Hs110|chr6,2190
CCDS4531.1|Hs110|chr6,744
CCDS4532.1|Hs110|chr6,618
CCDS4533.1|Hs110|chr6,3741
CCDS4534.1|Hs110|chr6,1056
CCDS4535.1|Hs110|chr6,912
CCDS4536.1|Hs110|chr6,1338
CCDS4537.1|Hs110|chr6,1038
CCDS4538.1|Hs110|chr6,576
CCDS4539.1|Hs110|chr6,1434
CCDS4540.1|Hs110|chr6,1242
CCDS4541.1|Hs110|chr6,4428
CCDS4542.1|Hs110|chr6,1188
CCDS4543.1|Hs110|chr6,738
CCDS4544.1|Hs110|chr6,486
CCDS4545.1|Hs110|chr6,1398
CCDS4546.1|Hs110|chr6,1740
CCDS4547.1|Hs110|chr6,1425
CCDS4548.1|Hs110|chr6,684
CCDS4549.1|Hs110|chr6,588
CCDS4550.1|Hs110|chr6,1431
CCDS4552.1|Hs110|chr6,1332
CCDS4553.1|Hs110|chr6,2523
CCDS4555.1|Hs110|chr6,1608
CCDS4556.1|Hs110|chr6,1647
CCDS4557.1|Hs110|chr6,1089
CCDS4558.1|Hs110|chr6,423
CCDS4559.1|Hs110|chr6,690
CCDS4560.1|Hs110|chr6,630
CCDS4561.1|Hs110|chr6,831
CCDS4562.1|Hs110|chr6,396
CCDS4563.1|Hs110|chr6,384
CCDS4564.1|Hs110|chr6,1494
CCDS4565.1|Hs110|chr6,1404
CCDS4566.2|Hs110|chr6,1263
CCDS4567.1|Hs110|chr6,1311
CCDS4568.1|Hs110|chr6,1398
CCDS4569.1|Hs110|chr6,648
CCDS4570.1|Hs110|chr6,411
CCDS4571.1|Hs110|chr6,312
CCDS4572.1|Hs110|chr6,312
CCDS4573.1|Hs110|chr6,411
CCDS4574.1|Hs110|chr6,393
CCDS4575.1|Hs110|chr6,381
CCDS4576.1|Hs110|chr6,411
CCDS4577.1|Hs110|chr6,642
CCDS4578.1|Hs110|chr6,1047
CCDS4579.1|Hs110|chr6,771
CCDS4580.1|Hs110|chr6,783
CCDS4581.1|Hs110|chr6,507
CCDS4582.1|Hs110|chr6,231
CCDS4583.1|Hs110|chr6,312
CCDS4584.1|Hs110|chr6,381
CCDS4585.1|Hs110|chr6,393
CCDS4586.1|Hs110|chr6,660
CCDS4587.1|Hs110|chr6,381
CCDS4588.1|Hs110|chr6,381
CCDS4589.1|Hs110|chr6,312
CCDS4590.1|Hs110|chr6,411
CCDS4591.1|Hs110|chr6,393
CCDS4592.1|Hs110|chr6,381
CCDS4593.1|Hs110|chr6,312
CCDS4594.1|Hs110|chr6,381
CCDS4595.1|Hs110|chr6,393
CCDS4596.1|Hs110|chr6,411
CCDS4597.1|Hs110|chr6,666
CCDS4598.1|Hs110|chr6,312
CCDS4599.1|Hs110|chr6,297
CCDS4600.1|Hs110|chr6,411
CCDS4601.1|Hs110|chr6,381
CCDS4602.1|Hs110|chr6,411
CCDS4603.1|Hs110|chr6,381
CCDS4604.1|Hs110|chr6,312
CCDS4605.1|Hs110|chr6,1005
CCDS4606.1|Hs110|chr6,1572
CCDS4607.1|Hs110|chr6,1224
CCDS4608.1|Hs110|chr6,1542
CCDS4609.1|Hs110|chr6,1059
CCDS4611.1|Hs110|chr6,1755
CCDS4612.2|Hs110|chr6,1608
CCDS4613.1|Hs110|chr6,1584
CCDS4614.1|Hs110|chr6,1581
CCDS4615.1|Hs110|chr6,273
CCDS4616.1|Hs110|chr6,819
CCDS4617.1|Hs110|chr6,1209
CCDS4618.1|Hs110|chr6,381
CCDS4619.1|Hs110|chr6,393
CCDS4620.1|Hs110|chr6,312
CCDS4621.1|Hs110|chr6,381
CCDS4622.1|Hs110|chr6,387
CCDS4623.1|Hs110|chr6,1545
CCDS4624.1|Hs110|chr6,2256
CCDS4625.1|Hs110|chr6,381
CCDS4626.1|Hs110|chr6,393
CCDS4627.1|Hs110|chr6,411
CCDS4628.1|Hs110|chr6,387
CCDS4629.1|Hs110|chr6,381
CCDS4630.1|Hs110|chr6,312
CCDS4631.1|Hs110|chr6,312
CCDS4632.1|Hs110|chr6,393
CCDS4633.1|Hs110|chr6,381
CCDS4634.1|Hs110|chr6,393
CCDS4635.1|Hs110|chr6,681
CCDS4636.1|Hs110|chr6,411
CCDS4637.1|Hs110|chr6,312
CCDS4638.1|Hs110|chr6,411
CCDS4639.1|Hs110|chr6,393
CCDS4640.1|Hs110|chr6,381
CCDS4641.1|Hs110|chr6,1074
CCDS4642.1|Hs110|chr6,942
CCDS4643.1|Hs110|chr6,1458
CCDS4644.1|Hs110|chr6,1047
CCDS4645.1|Hs110|chr6,1737
CCDS4646.1|Hs110|chr6,1185
CCDS4647.1|Hs110|chr6,1638
CCDS4648.1|Hs110|chr6,2430
CCDS4649.1|Hs110|chr6,1221
CCDS4650.1|Hs110|chr6,1617
CCDS4652.1|Hs110|chr6,666
CCDS4653.1|Hs110|chr6,303
CCDS4654.1|Hs110|chr6,1542
CCDS4656.1|Hs110|chr6,963
CCDS4657.1|Hs110|chr6,966
CCDS4658.1|Hs110|chr6,951
CCDS4660.1|Hs110|chr6,951
CCDS4661.1|Hs110|chr6,1137
CCDS4662.1|Hs110|chr6,498
CCDS4663.1|Hs110|chr6,2886
CCDS4664.1|Hs110|chr6,2700
CCDS4665.1|Hs110|chr6,2535
CCDS4667.1|Hs110|chr6,759
CCDS4668.1|Hs110|chr6,1017
CCDS4670.1|Hs110|chr6,381
CCDS4671.1|Hs110|chr6,381
CCDS4673.2|Hs110|chr6,1059
CCDS4674.2|Hs110|chr6,861
CCDS4675.1|Hs110|chr6,690
CCDS4676.1|Hs110|chr6,1188
CCDS4677.1|Hs110|chr6,1398
CCDS4678.1|Hs110|chr6,1620
CCDS4679.1|Hs110|chr6,465
CCDS4680.1|Hs110|chr6,1824
CCDS4681.1|Hs110|chr6,2823
CCDS4682.1|Hs110|chr6,777
CCDS4683.2|Hs110|chr6,1002
CCDS4684.2|Hs110|chr6,546
CCDS4685.1|Hs110|chr6,3126
CCDS4686.1|Hs110|chr6,789
CCDS4687.1|Hs110|chr6,1335
CCDS4688.1|Hs110|chr6,1284
CCDS4689.1|Hs110|chr6,471
CCDS4690.1|Hs110|chr6,2631
CCDS4691.1|Hs110|chr6,237
CCDS4692.2|Hs110|chr6,4182
CCDS4693.1|Hs110|chr6,978
CCDS4694.1|Hs110|chr6,411
CCDS4695.1|Hs110|chr6,2349
CCDS4697.1|Hs110|chr6,1287
CCDS4698.1|Hs110|chr6,357
CCDS4699.1|Hs110|chr6,234
CCDS4700.1|Hs110|chr6,1146
CCDS4701.1|Hs110|chr6,618
CCDS4702.1|Hs110|chr6,702
CCDS4703.1|Hs110|chr6,735
CCDS4704.1|Hs110|chr6,234
CCDS4705.2|Hs110|chr6,201
CCDS4706.1|Hs110|chr6,444
CCDS4708.1|Hs110|chr6,6474
CCDS4709.1|Hs110|chr6,3381
CCDS4710.1|Hs110|chr6,567
CCDS4711.1|Hs110|chr6,1071
CCDS4712.1|Hs110|chr6,648
CCDS4713.1|Hs110|chr6,1677
CCDS4714.1|Hs110|chr6,378
CCDS4715.1|Hs110|chr6,726
CCDS4716.1|Hs110|chr6,654
CCDS4717.1|Hs110|chr6,582
CCDS4718.1|Hs110|chr6,858
CCDS4719.1|Hs110|chr6,726
CCDS4720.1|Hs110|chr6,2505
CCDS4721.2|Hs110|chr6,2676
CCDS4722.1|Hs110|chr6,288
CCDS4723.1|Hs110|chr6,1248
CCDS4724.2|Hs110|chr6,2133
CCDS4725.1|Hs110|chr6,3633
CCDS4726.1|Hs110|chr6,3531
CCDS4727.1|Hs110|chr6,1380
CCDS4728.1|Hs110|chr6,2259
CCDS4729.1|Hs110|chr6,2295
CCDS4730.1|Hs110|chr6,1143
CCDS4731.1|Hs110|chr6,3741
CCDS4732.1|Hs110|chr6,1191
CCDS4735.1|Hs110|chr6,1488
CCDS4736.1|Hs110|chr6,2022
CCDS4737.1|Hs110|chr6,2112
CCDS4738.1|Hs110|chr6,1050
CCDS4739.1|Hs110|chr6,921
CCDS4740.1|Hs110|chr6,927
CCDS4742.1|Hs110|chr6,909
CCDS4743.1|Hs110|chr6,882
CCDS4744.1|Hs110|chr6,852
CCDS4745.1|Hs110|chr6,543
CCDS4746.1|Hs110|chr6,1215
CCDS4747.1|Hs110|chr6,1029
CCDS4748.1|Hs110|chr6,1293
CCDS4750.1|Hs110|chr6,765
CCDS4751.1|Hs110|chr6,801
CCDS4752.1|Hs110|chr6,768
CCDS4753.1|Hs110|chr6,768
CCDS4754.1|Hs110|chr6,822
CCDS4755.1|Hs110|chr6,1962
CCDS4756.1|Hs110|chr6,819
CCDS4757.1|Hs110|chr6,831
CCDS4758.2|Hs110|chr6,2247
CCDS4759.1|Hs110|chr6,660
CCDS4760.1|Hs110|chr6,792
CCDS4761.1|Hs110|chr6,786
CCDS4762.1|Hs110|chr6,2406
CCDS4763.1|Hs110|chr6,753
CCDS4764.1|Hs110|chr6,783
CCDS4765.1|Hs110|chr6,777
CCDS4768.1|Hs110|chr6,1602
CCDS4769.1|Hs110|chr6,786
CCDS4770.2|Hs110|chr6,2172
CCDS4771.1|Hs110|chr6,459
CCDS4772.1|Hs110|chr6,1833
CCDS4773.1|Hs110|chr6,390
CCDS4774.1|Hs110|chr6,2334
CCDS4775.1|Hs110|chr6,1905
CCDS4776.1|Hs110|chr6,2223
CCDS4777.1|Hs110|chr6,1704
CCDS4778.1|Hs110|chr6,1374
CCDS4779.1|Hs110|chr6,471
CCDS4780.1|Hs110|chr6,1422
CCDS4781.1|Hs110|chr6,636
CCDS4783.1|Hs110|chr6,8016
CCDS4784.1|Hs110|chr6,381
CCDS4785.1|Hs110|chr6,1512
CCDS4786.1|Hs110|chr6,348
CCDS4787.1|Hs110|chr6,2739
CCDS4788.1|Hs110|chr6,291
CCDS4789.1|Hs110|chr6,324
CCDS4790.2|Hs110|chr6,309
CCDS4791.1|Hs110|chr6,519
CCDS4792.1|Hs110|chr6,498
CCDS4793.1|Hs110|chr6,1335
CCDS4794.1|Hs110|chr6,1008
CCDS4795.1|Hs110|chr6,699
CCDS4796.1|Hs110|chr6,897
CCDS4797.1|Hs110|chr6,636
CCDS4798.1|Hs110|chr6,3405
CCDS4799.1|Hs110|chr6,1326
CCDS4800.1|Hs110|chr6,2982
CCDS4801.1|Hs110|chr6,1713
CCDS4802.1|Hs110|chr6,1896
CCDS4803.1|Hs110|chr6,1326
CCDS4804.1|Hs110|chr6,1086
CCDS4805.1|Hs110|chr6,1611
CCDS4806.1|Hs110|chr6,654
CCDS4807.1|Hs110|chr6,1629
CCDS4808.1|Hs110|chr6,1374
CCDS4809.1|Hs110|chr6,1104
CCDS4810.2|Hs110|chr6,303
CCDS4811.1|Hs110|chr6,339
CCDS4812.1|Hs110|chr6,660
CCDS4813.1|Hs110|chr6,2913
CCDS4814.1|Hs110|chr6,2598
CCDS4815.1|Hs110|chr6,1083
CCDS4816.1|Hs110|chr6,1083
CCDS4817.1|Hs110|chr6,924
CCDS4818.1|Hs110|chr6,1098
CCDS4819.1|Hs110|chr6,1026
CCDS4820.2|Hs110|chr6,405
CCDS4821.1|Hs110|chr6,1260
CCDS4822.1|Hs110|chr6,1398
CCDS4823.1|Hs110|chr6,495
CCDS4824.1|Hs110|chr6,495
CCDS4825.1|Hs110|chr6,1782
CCDS4826.1|Hs110|chr6,501
CCDS4827.1|Hs110|chr6,1065
CCDS4828.1|Hs110|chr6,1119
CCDS4829.1|Hs110|chr6,1968
CCDS4830.1|Hs110|chr6,942
CCDS4831.1|Hs110|chr6,690
CCDS4832.1|Hs110|chr6,1518
CCDS4833.1|Hs110|chr6,1347
CCDS4834.1|Hs110|chr6,1458
CCDS4835.1|Hs110|chr6,2508
CCDS4836.1|Hs110|chr6,684
CCDS4837.1|Hs110|chr6,555
CCDS4838.1|Hs110|chr6,13473
CCDS4839.1|Hs110|chr6,1392
CCDS4840.1|Hs110|chr6,552
CCDS4841.1|Hs110|chr6,1500
CCDS4842.1|Hs110|chr6,999
CCDS4843.1|Hs110|chr6,930
CCDS4844.1|Hs110|chr6,2445
CCDS4847.1|Hs110|chr6,1557
CCDS4848.1|Hs110|chr6,675
CCDS4849.1|Hs110|chr6,1044
CCDS4850.1|Hs110|chr6,957
CCDS4851.1|Hs110|chr6,936
CCDS4852.1|Hs110|chr6,693
CCDS4853.2|Hs110|chr6,966
CCDS4854.1|Hs110|chr6,705
CCDS4855.1|Hs110|chr6,831
CCDS4856.1|Hs110|chr6,2004
CCDS4857.1|Hs110|chr6,741
CCDS4858.1|Hs110|chr6,1431
CCDS4859.1|Hs110|chr6,1167
CCDS4860.1|Hs110|chr6,1479
CCDS4861.1|Hs110|chr6,1923
CCDS4862.1|Hs110|chr6,639
CCDS4863.1|Hs110|chr6,879
CCDS4864.1|Hs110|chr6,606
CCDS4865.1|Hs110|chr6,603
CCDS4866.1|Hs110|chr6,606
CCDS4867.1|Hs110|chr6,3603
CCDS4870.1|Hs110|chr6,5268
CCDS4871.1|Hs110|chr6,1041
CCDS4872.1|Hs110|chr6,1041
CCDS4873.2|Hs110|chr6,768
CCDS4874.1|Hs110|chr6,846
CCDS4875.1|Hs110|chr6,837
CCDS4876.1|Hs110|chr6,888
CCDS4877.1|Hs110|chr6,2943
CCDS4878.1|Hs110|chr6,1809
CCDS4879.1|Hs110|chr6,558
CCDS4880.1|Hs110|chr6,1149
CCDS4881.1|Hs110|chr6,5097
CCDS4882.1|Hs110|chr6,1914
CCDS4883.1|Hs110|chr6,1860
CCDS4884.1|Hs110|chr6,3213
CCDS4885.1|Hs110|chr6,3093
CCDS4886.1|Hs110|chr6,2823
CCDS4887.1|Hs110|chr6,3045
CCDS4889.1|Hs110|chr6,1527
CCDS4890.1|Hs110|chr6,7554
CCDS4891.1|Hs110|chr6,525
CCDS4892.1|Hs110|chr6,1641
CCDS4893.2|Hs110|chr6,1647
CCDS4894.2|Hs110|chr6,615
CCDS4895.2|Hs110|chr6,6840
CCDS4896.1|Hs110|chr6,4395
CCDS4897.1|Hs110|chr6,1152
CCDS4898.1|Hs110|chr6,1644
CCDS4899.1|Hs110|chr6,1053
CCDS4901.1|Hs110|chr6,1041
CCDS4902.1|Hs110|chr6,2142
CCDS4903.1|Hs110|chr6,1809
CCDS4904.1|Hs110|chr6,825
CCDS4905.1|Hs110|chr6,831
CCDS4906.1|Hs110|chr6,591
CCDS4907.2|Hs110|chr6,1188
CCDS4908.1|Hs110|chr6,1371
CCDS4909.1|Hs110|chr6,2175
CCDS4910.1|Hs110|chr6,1506
CCDS4911.1|Hs110|chr6,903
CCDS4912.1|Hs110|chr6,2409
CCDS4913.1|Hs110|chr6,1524
CCDS4914.1|Hs110|chr6,756
CCDS4915.1|Hs110|chr6,1434
CCDS4916.1|Hs110|chr6,1410
CCDS4917.1|Hs110|chr6,1326
CCDS4918.1|Hs110|chr6,2241
CCDS4919.1|Hs110|chr6,4041
CCDS4920.1|Hs110|chr6,657
CCDS4921.1|Hs110|chr6,1968
CCDS4922.2|Hs110|chr6,2088
CCDS4923.1|Hs110|chr6,1065
CCDS4924.1|Hs110|chr6,2253
CCDS4925.1|Hs110|chr6,807
CCDS4927.1|Hs110|chr6,1230
CCDS4928.1|Hs110|chr6,732
CCDS4929.2|Hs110|chr6,777
CCDS4930.1|Hs110|chr6,1254
CCDS4931.1|Hs110|chr6,750
CCDS4932.1|Hs110|chr6,537
CCDS4933.1|Hs110|chr6,1359
CCDS4934.2|Hs110|chr6,1383
CCDS4935.1|Hs110|chr6,12225
CCDS4936.1|Hs110|chr6,10191
CCDS4937.1|Hs110|chr6,468
CCDS4938.1|Hs110|chr6,492
CCDS4940.3|Hs110|chr6,2427
CCDS4941.1|Hs110|chr6,1065
CCDS4942.1|Hs110|chr6,1923
CCDS4943.1|Hs110|chr6,300
CCDS4944.1|Hs110|chr6,669
CCDS4945.1|Hs110|chr6,669
CCDS4946.1|Hs110|chr6,669
CCDS4947.1|Hs110|chr6,669
CCDS4948.1|Hs110|chr6,669
CCDS4949.1|Hs110|chr6,1899
CCDS4950.1|Hs110|chr6,1311
CCDS4951.1|Hs110|chr6,900
CCDS4952.1|Hs110|chr6,1914
CCDS4953.2|Hs110|chr6,1575
CCDS4954.1|Hs110|chr6,1377
CCDS4955.1|Hs110|chr6,1431
CCDS4956.1|Hs110|chr6,1335
CCDS4957.1|Hs110|chr6,1185
CCDS4958.1|Hs110|chr6,1365
CCDS4959.1|Hs110|chr6,7950
CCDS4960.1|Hs110|chr6,3042
CCDS4961.1|Hs110|chr6,636
CCDS4962.1|Hs110|chr6,714
CCDS4963.1|Hs110|chr6,1050
CCDS4964.1|Hs110|chr6,1530
CCDS4965.1|Hs110|chr6,522
CCDS4966.1|Hs110|chr6,6120
CCDS4967.1|Hs110|chr6,1785
CCDS4968.1|Hs110|chr6,4569
CCDS4969.1|Hs110|chr6,1623
CCDS4970.1|Hs110|chr6,3429
CCDS4971.1|Hs110|chr6,2766
CCDS4972.1|Hs110|chr6,327
CCDS4973.1|Hs110|chr6,1323
CCDS4974.1|Hs110|chr6,972
CCDS4976.1|Hs110|chr6,2799
CCDS4977.1|Hs110|chr6,1947
CCDS4978.1|Hs110|chr6,1569
CCDS4979.1|Hs110|chr6,2154
CCDS4980.1|Hs110|chr6,1389
CCDS4981.1|Hs110|chr6,1488
CCDS4982.1|Hs110|chr6,4338
CCDS4983.1|Hs110|chr6,1086
CCDS4984.1|Hs110|chr6,3642
CCDS4985.1|Hs110|chr6,2394
CCDS4986.1|Hs110|chr6,1173
CCDS4987.1|Hs110|chr6,5466
CCDS4988.1|Hs110|chr6,300
CCDS4989.1|Hs110|chr6,234
CCDS4990.1|Hs110|chr6,2094
CCDS4991.1|Hs110|chr6,324
CCDS4992.1|Hs110|chr6,945
CCDS4993.1|Hs110|chr6,2574
CCDS4994.1|Hs110|chr6,1179
CCDS4995.1|Hs110|chr6,1263
CCDS4996.1|Hs110|chr6,7398
CCDS4997.1|Hs110|chr6,1629
CCDS4998.1|Hs110|chr6,879
CCDS4999.1|Hs110|chr6,1242
CCDS5000.2|Hs110|chr6,1566
CCDS5001.1|Hs110|chr6,618
CCDS5002.1|Hs110|chr6,1725
CCDS5003.1|Hs110|chr6,2682
CCDS5004.1|Hs110|chr6,2841
CCDS5005.1|Hs110|chr6,1872
CCDS5006.1|Hs110|chr6,1098
CCDS5007.1|Hs110|chr6,351
CCDS5008.1|Hs110|chr6,672
CCDS5010.1|Hs110|chr6,1014
CCDS5011.1|Hs110|chr6,1737
CCDS5012.1|Hs110|chr6,2139
CCDS5013.1|Hs110|chr6,612
CCDS5014.1|Hs110|chr6,885
CCDS5015.1|Hs110|chr6,1419
CCDS5016.2|Hs110|chr6,1320
CCDS5017.1|Hs110|chr6,1794
CCDS5018.1|Hs110|chr6,984
CCDS5019.2|Hs110|chr6,1440
CCDS5020.3|Hs110|chr6,1398
CCDS5021.1|Hs110|chr6,957
CCDS5022.1|Hs110|chr6,1203
CCDS5023.1|Hs110|chr6,267
CCDS5024.1|Hs110|chr6,16791
CCDS5025.1|Hs110|chr6,1632
CCDS5026.1|Hs110|chr6,2526
CCDS5027.1|Hs110|chr6,1740
CCDS5028.1|Hs110|chr6,1821
CCDS5029.1|Hs110|chr6,1557
CCDS5030.1|Hs110|chr6,1476
CCDS5031.1|Hs110|chr6,2997
CCDS5032.1|Hs110|chr6,1389
CCDS5033.1|Hs110|chr6,1080
CCDS5034.1|Hs110|chr6,2385
CCDS5035.1|Hs110|chr6,855
CCDS5036.1|Hs110|chr6,1260
CCDS5037.1|Hs110|chr6,528
CCDS5038.1|Hs110|chr6,1863
CCDS5039.1|Hs110|chr6,3732
CCDS5040.1|Hs110|chr6,1332
CCDS5041.1|Hs110|chr6,1866
CCDS5042.1|Hs110|chr6,1110
CCDS5043.1|Hs110|chr6,2418
CCDS5044.1|Hs110|chr6,1023
CCDS5045.1|Hs110|chr6,2301
CCDS5046.1|Hs110|chr6,6609
CCDS5047.1|Hs110|chr6,336
CCDS5048.1|Hs110|chr6,2727
CCDS5049.1|Hs110|chr6,2610
CCDS5050.1|Hs110|chr6,2730
CCDS5051.1|Hs110|chr6,1083
CCDS5052.1|Hs110|chr6,876
CCDS5053.1|Hs110|chr6,2133
CCDS5054.2|Hs110|chr6,2478
CCDS5055.1|Hs110|chr6,828
CCDS5056.1|Hs110|chr6,1191
CCDS5057.1|Hs110|chr6,1587
CCDS5058.1|Hs110|chr6,723
CCDS5059.1|Hs110|chr6,1200
CCDS5060.2|Hs110|chr6,1245
CCDS5061.1|Hs110|chr6,2283
CCDS5062.1|Hs110|chr6,1005
CCDS5063.1|Hs110|chr6,1158
CCDS5064.1|Hs110|chr6,489
CCDS5065.1|Hs110|chr6,393
CCDS5067.1|Hs110|chr6,1446
CCDS5068.1|Hs110|chr6,2022
CCDS5069.2|Hs110|chr6,2604
CCDS5070.1|Hs110|chr6,1656
CCDS5071.1|Hs110|chr6,1383
CCDS5073.1|Hs110|chr6,594
CCDS5074.1|Hs110|chr6,936
CCDS5075.1|Hs110|chr6,1272
CCDS5076.1|Hs110|chr6,3204
CCDS5077.1|Hs110|chr6,1266
CCDS5078.1|Hs110|chr6,2724
CCDS5079.1|Hs110|chr6,1089
CCDS5080.1|Hs110|chr6,1680
CCDS5081.1|Hs110|chr6,1740
CCDS5082.2|Hs110|chr6,1026
CCDS5083.2|Hs110|chr6,849
CCDS5084.1|Hs110|chr6,1734
CCDS5085.1|Hs110|chr6,1509
CCDS5086.1|Hs110|chr6,1005
CCDS5087.1|Hs110|chr6,642
CCDS5088.1|Hs110|chr6,921
CCDS5089.1|Hs110|chr6,1548
CCDS5090.1|Hs110|chr6,1557
CCDS5091.2|Hs110|chr6,9393
CCDS5092.1|Hs110|chr6,1725
CCDS5093.1|Hs110|chr6,1698
CCDS5094.1|Hs110|chr6,1614
CCDS5095.1|Hs110|chr6,1605
CCDS5096.1|Hs110|chr6,1449
CCDS5098.1|Hs110|chr6,1065
CCDS5100.1|Hs110|chr6,1428
CCDS5101.1|Hs110|chr6,999
CCDS5103.1|Hs110|chr6,1518
CCDS5104.1|Hs110|chr6,1368
CCDS5105.1|Hs110|chr6,2043
CCDS5106.1|Hs110|chr6,1245
CCDS5107.1|Hs110|chr6,2877
CCDS5108.1|Hs110|chr6,930
CCDS5109.1|Hs110|chr6,387
CCDS5110.1|Hs110|chr6,1737
CCDS5111.1|Hs110|chr6,1620
CCDS5112.1|Hs110|chr6,2781
CCDS5113.1|Hs110|chr6,2787
CCDS5114.1|Hs110|chr6,432
CCDS5115.1|Hs110|chr6,954
CCDS5116.1|Hs110|chr6,7044
CCDS5117.1|Hs110|chr6,1389
CCDS5118.1|Hs110|chr6,882
CCDS5119.2|Hs110|chr6,1491
CCDS5120.1|Hs110|chr6,159
CCDS5121.1|Hs110|chr6,1176
CCDS5122.1|Hs110|chr6,1962
CCDS5123.1|Hs110|chr6,1149
CCDS5124.1|Hs110|chr6,1611
CCDS5125.1|Hs110|chr6,1362
CCDS5126.1|Hs110|chr6,237
CCDS5127.1|Hs110|chr6,399
CCDS5128.1|Hs110|chr6,1362
CCDS5129.1|Hs110|chr6,828
CCDS5130.1|Hs110|chr6,615
CCDS5131.1|Hs110|chr6,1014
CCDS5132.1|Hs110|chr6,2829
CCDS5133.1|Hs110|chr6,549
CCDS5135.1|Hs110|chr6,819
CCDS5136.1|Hs110|chr6,1077
CCDS5137.1|Hs110|chr6,4323
CCDS5138.1|Hs110|chr6,9369
CCDS5140.1|Hs110|chr6,1476
CCDS5141.1|Hs110|chr6,3018
CCDS5142.2|Hs110|chr6,1047
CCDS5143.1|Hs110|chr6,246
CCDS5144.1|Hs110|chr6,315
CCDS5145.1|Hs110|chr6,969
CCDS5146.1|Hs110|chr6,4098
CCDS5147.1|Hs110|chr6,4107
CCDS5148.1|Hs110|chr6,2628
CCDS5149.1|Hs110|chr6,933
CCDS5150.2|Hs110|chr6,2778
CCDS5151.1|Hs110|chr6,1050
CCDS5152.2|Hs110|chr6,1842
CCDS5153.1|Hs110|chr6,786
CCDS5154.1|Hs110|chr6,1029
CCDS5155.1|Hs110|chr6,1038
CCDS5156.1|Hs110|chr6,1014
CCDS5157.1|Hs110|chr6,921
CCDS5158.1|Hs110|chr6,1020
CCDS5159.1|Hs110|chr6,1542
CCDS5161.1|Hs110|chr6,1563
CCDS5162.1|Hs110|chr6,1404
CCDS5163.1|Hs110|chr6,1371
CCDS5164.1|Hs110|chr6,399
CCDS5165.1|Hs110|chr6,1920
CCDS5167.1|Hs110|chr6,540
CCDS5168.1|Hs110|chr6,561
CCDS5169.1|Hs110|chr6,1854
CCDS5170.1|Hs110|chr6,1296
CCDS5171.1|Hs110|chr6,1464
CCDS5172.1|Hs110|chr6,1302
CCDS5173.1|Hs110|chr6,2055
CCDS5174.1|Hs110|chr6,1923
CCDS5175.1|Hs110|chr6,1353
CCDS5176.1|Hs110|chr6,1158
CCDS5177.1|Hs110|chr6,2763
CCDS5178.1|Hs110|chr6,2250
CCDS5179.1|Hs110|chr6,4125
CCDS5180.1|Hs110|chr6,972
CCDS5181.1|Hs110|chr6,1662
CCDS5182.1|Hs110|chr6,792
CCDS5183.1|Hs110|chr6,696
CCDS5184.1|Hs110|chr6,393
CCDS5185.1|Hs110|chr6,1470
CCDS5186.1|Hs110|chr6,819
CCDS5187.1|Hs110|chr6,2373
CCDS5188.1|Hs110|chr6,582
CCDS5189.2|Hs110|chr6,6534
CCDS5190.1|Hs110|chr6,408
CCDS5191.1|Hs110|chr6,618
CCDS5192.2|Hs110|chr6,555
CCDS5193.2|Hs110|chr6,2388
CCDS5194.1|Hs110|chr6,1632
CCDS5195.1|Hs110|chr6,813
CCDS5196.1|Hs110|chr6,1173
CCDS5197.1|Hs110|chr6,924
CCDS5198.1|Hs110|chr6,717
CCDS5199.1|Hs110|chr6,1122
CCDS5200.1|Hs110|chr6,1404
CCDS5201.1|Hs110|chr6,1428
CCDS5202.1|Hs110|chr6,1392
CCDS5203.1|Hs110|chr6,1236
CCDS5204.1|Hs110|chr6,261
CCDS5205.1|Hs110|chr6,864
CCDS5206.1|Hs110|chr6,996
CCDS5208.1|Hs110|chr6,2238
CCDS5209.1|Hs110|chr6,3585
CCDS5210.1|Hs110|chr6,678
CCDS5211.1|Hs110|chr6,3348
CCDS5212.1|Hs110|chr6,3744
CCDS5213.1|Hs110|chr6,1221
CCDS5214.1|Hs110|chr6,2082
CCDS5216.1|Hs110|chr6,993
CCDS5217.1|Hs110|chr6,1476
CCDS5218.1|Hs110|chr6,1143
CCDS5220.1|Hs110|chr6,1503
CCDS5221.1|Hs110|chr6,792
CCDS5222.1|Hs110|chr6,741
CCDS5223.1|Hs110|chr6,735
CCDS5224.1|Hs110|chr6,741
CCDS5225.1|Hs110|chr6,735
CCDS5226.1|Hs110|chr6,498
CCDS5227.1|Hs110|chr6,870
CCDS5228.1|Hs110|chr6,2937
CCDS5229.1|Hs110|chr6,5349
CCDS5230.1|Hs110|chr6,5055
CCDS5231.1|Hs110|chr6,1545
CCDS5232.1|Hs110|chr6,1350
CCDS5233.1|Hs110|chr6,1326
CCDS5234.1|Hs110|chr6,1788
CCDS5236.2|Hs110|chr6,26394
CCDS5239.1|Hs110|chr6,708
CCDS5240.1|Hs110|chr6,513
CCDS5241.1|Hs110|chr6,510
CCDS5242.1|Hs110|chr6,1344
CCDS5243.1|Hs110|chr6,1143
CCDS5244.1|Hs110|chr6,633
CCDS5245.1|Hs110|chr6,1314
CCDS5246.1|Hs110|chr6,1668
CCDS5247.1|Hs110|chr6,3816
CCDS5248.1|Hs110|chr6,1041
CCDS5249.1|Hs110|chr6,660
CCDS5250.1|Hs110|chr6,1707
CCDS5252.1|Hs110|chr6,1467
CCDS5253.1|Hs110|chr6,1788
CCDS5254.1|Hs110|chr6,4491
CCDS5255.1|Hs110|chr6,1965
CCDS5256.1|Hs110|chr6,216
CCDS5257.1|Hs110|chr6,342
CCDS5258.1|Hs110|chr6,1761
CCDS5260.2|Hs110|chr6,1257
CCDS5261.1|Hs110|chr6,2196
CCDS5262.1|Hs110|chr6,1662
CCDS5263.1|Hs110|chr6,801
CCDS5265.1|Hs110|chr6,669
CCDS5266.1|Hs110|chr6,1191
CCDS5267.1|Hs110|chr6,456
CCDS5268.1|Hs110|chr6,1194
CCDS5269.1|Hs110|chr6,1671
CCDS5270.1|Hs110|chr6,543
CCDS5271.2|Hs110|chr6,1596
CCDS5272.1|Hs110|chr6,978
CCDS5273.1|Hs110|chr6,7476
CCDS5274.1|Hs110|chr6,1665
CCDS5275.1|Hs110|chr6,1521
CCDS5276.1|Hs110|chr6,1668
CCDS5277.1|Hs110|chr6,1671
CCDS5279.1|Hs110|chr6,2433
CCDS5280.1|Hs110|chr6,1137
CCDS5281.1|Hs110|chr6,1398
CCDS5282.1|Hs110|chr6,1314
CCDS5283.1|Hs110|chr6,951
CCDS5284.1|Hs110|chr6,891
CCDS5285.1|Hs110|chr6,1026
CCDS5286.1|Hs110|chr6,960
CCDS5287.1|Hs110|chr6,978
CCDS5288.1|Hs110|chr6,1410
CCDS5290.1|Hs110|chr6,1308
CCDS5291.1|Hs110|chr6,888
CCDS5292.1|Hs110|chr6,480
CCDS5293.1|Hs110|chr6,330
CCDS5294.1|Hs110|chr6,2202
CCDS5295.1|Hs110|chr6,771
CCDS5296.1|Hs110|chr6,1200
CCDS5297.1|Hs110|chr6,1140
CCDS5298.1|Hs110|chr6,1125
CCDS5299.1|Hs110|chr6,960
CCDS5300.1|Hs110|chr6,1374
CCDS5301.1|Hs110|chr6,1779
CCDS5305.1|Hs110|chr6,1155
CCDS5306.1|Hs110|chr6,1650
CCDS5307.1|Hs110|chr6,1374
CCDS5308.2|Hs110|chr6,1497
CCDS5309.2|Hs110|chr6,1491
CCDS5310.1|Hs110|chr6,597
CCDS5313.1|Hs110|chr6,2172
CCDS5314.1|Hs110|chr6,2733
CCDS5315.1|Hs110|chr6,1020
CCDS5316.1|Hs110|chr6,1035
CCDS5317.1|Hs110|chr7,984
CCDS5318.1|Hs110|chr7,1125
CCDS5319.2|Hs110|chr7,1473
CCDS5320.1|Hs110|chr7,585
CCDS5321.1|Hs110|chr7,1002
CCDS5322.1|Hs110|chr7,1128
CCDS5323.1|Hs110|chr7,438
CCDS5324.1|Hs110|chr7,2715
CCDS5325.1|Hs110|chr7,471
CCDS5327.1|Hs110|chr7,369
CCDS5328.1|Hs110|chr7,741
CCDS5329.1|Hs110|chr7,540
CCDS5330.1|Hs110|chr7,471
CCDS5331.1|Hs110|chr7,1398
CCDS5332.1|Hs110|chr7,2445
CCDS5333.1|Hs110|chr7,1245
CCDS5334.1|Hs110|chr7,2466
CCDS5335.1|Hs110|chr7,1146
CCDS5336.2|Hs110|chr7,3465
CCDS5337.1|Hs110|chr7,2145
CCDS5339.1|Hs110|chr7,1365
CCDS5340.1|Hs110|chr7,1593
CCDS5341.1|Hs110|chr7,1128
CCDS5342.1|Hs110|chr7,1482
CCDS5343.1|Hs110|chr7,2589
CCDS5344.1|Hs110|chr7,963
CCDS5345.1|Hs110|chr7,1893
CCDS5346.1|Hs110|chr7,1200
CCDS5348.1|Hs110|chr7,579
CCDS5349.1|Hs110|chr7,636
CCDS5350.1|Hs110|chr7,2019
CCDS5351.1|Hs110|chr7,639
CCDS5352.1|Hs110|chr7,1035
CCDS5353.1|Hs110|chr7,1350
CCDS5354.1|Hs110|chr7,1449
CCDS5355.1|Hs110|chr7,1092
CCDS5356.1|Hs110|chr7,366
CCDS5357.1|Hs110|chr7,246
CCDS5358.1|Hs110|chr7,825
CCDS5359.1|Hs110|chr7,603
CCDS5360.1|Hs110|chr7,621
CCDS5361.1|Hs110|chr7,1326
CCDS5362.1|Hs110|chr7,1260
CCDS5363.1|Hs110|chr7,615
CCDS5364.1|Hs110|chr7,528
CCDS5365.1|Hs110|chr7,501
CCDS5366.1|Hs110|chr7,2547
CCDS5367.1|Hs110|chr7,609
CCDS5368.1|Hs110|chr7,501
CCDS5369.1|Hs110|chr7,2559
CCDS5370.1|Hs110|chr7,2310
CCDS5371.1|Hs110|chr7,2439
CCDS5372.1|Hs110|chr7,1473
CCDS5373.1|Hs110|chr7,2355
CCDS5374.1|Hs110|chr7,1365
CCDS5375.1|Hs110|chr7,639
CCDS5376.1|Hs110|chr7,168
CCDS5377.1|Hs110|chr7,1566
CCDS5378.2|Hs110|chr7,1617
CCDS5379.1|Hs110|chr7,1272
CCDS5380.1|Hs110|chr7,1683
CCDS5381.1|Hs110|chr7,705
CCDS5382.1|Hs110|chr7,1740
CCDS5383.1|Hs110|chr7,849
CCDS5384.1|Hs110|chr7,423
CCDS5385.1|Hs110|chr7,897
CCDS5386.1|Hs110|chr7,3060
CCDS5387.1|Hs110|chr7,294
CCDS5388.1|Hs110|chr7,1623
CCDS5389.1|Hs110|chr7,1491
CCDS5390.1|Hs110|chr7,2664
CCDS5391.1|Hs110|chr7,2571
CCDS5392.1|Hs110|chr7,2556
CCDS5393.1|Hs110|chr7,318
CCDS5394.1|Hs110|chr7,1773
CCDS5395.1|Hs110|chr7,591
CCDS5396.1|Hs110|chr7,2085
CCDS5397.1|Hs110|chr7,1026
CCDS5398.1|Hs110|chr7,552
CCDS5399.1|Hs110|chr7,606
CCDS5400.1|Hs110|chr7,1080
CCDS5401.1|Hs110|chr7,1008
CCDS5402.2|Hs110|chr7,414
CCDS5403.1|Hs110|chr7,1131
CCDS5404.1|Hs110|chr7,1332
CCDS5405.1|Hs110|chr7,963
CCDS5406.1|Hs110|chr7,813
CCDS5407.1|Hs110|chr7,702
CCDS5408.1|Hs110|chr7,693
CCDS5409.1|Hs110|chr7,819
CCDS5410.2|Hs110|chr7,1233
CCDS5411.1|Hs110|chr7,942
CCDS5412.1|Hs110|chr7,1167
CCDS5413.1|Hs110|chr7,1224
CCDS5414.1|Hs110|chr7,1011
CCDS5415.1|Hs110|chr7,2370
CCDS5416.1|Hs110|chr7,732
CCDS5417.1|Hs110|chr7,1527
CCDS5418.1|Hs110|chr7,1506
CCDS5419.1|Hs110|chr7,1431
CCDS5420.1|Hs110|chr7,1407
CCDS5421.1|Hs110|chr7,390
CCDS5422.1|Hs110|chr7,1245
CCDS5423.1|Hs110|chr7,636
CCDS5424.1|Hs110|chr7,1323
CCDS5425.2|Hs110|chr7,396
CCDS5426.1|Hs110|chr7,729
CCDS5427.1|Hs110|chr7,2862
CCDS5428.1|Hs110|chr7,567
CCDS5429.1|Hs110|chr7,1236
CCDS5430.1|Hs110|chr7,792
CCDS5431.1|Hs110|chr7,810
CCDS5432.1|Hs110|chr7,1272
CCDS5433.1|Hs110|chr7,1407
CCDS5434.1|Hs110|chr7,1014
CCDS5435.2|Hs110|chr7,3135
CCDS5436.1|Hs110|chr7,468
CCDS5437.1|Hs110|chr7,1905
CCDS5438.1|Hs110|chr7,276
CCDS5439.1|Hs110|chr7,1713
CCDS5440.1|Hs110|chr7,666
CCDS5441.1|Hs110|chr7,2544
CCDS5442.1|Hs110|chr7,2058
CCDS5443.1|Hs110|chr7,1134
CCDS5444.1|Hs110|chr7,1116
CCDS5446.1|Hs110|chr7,1221
CCDS5447.1|Hs110|chr7,3375
CCDS5448.1|Hs110|chr7,1728
CCDS5449.1|Hs110|chr7,2184
CCDS5450.1|Hs110|chr7,744
CCDS5451.1|Hs110|chr7,918
CCDS5452.1|Hs110|chr7,1767
CCDS5453.1|Hs110|chr7,1041
CCDS5454.2|Hs110|chr7,675
CCDS5455.1|Hs110|chr7,705
CCDS5456.1|Hs110|chr7,2088
CCDS5457.1|Hs110|chr7,2565
CCDS5458.2|Hs110|chr7,2490
CCDS5459.1|Hs110|chr7,681
CCDS5460.1|Hs110|chr7,621
CCDS5461.1|Hs110|chr7,4539
CCDS5462.1|Hs110|chr7,4359
CCDS5463.1|Hs110|chr7,540
CCDS5464.1|Hs110|chr7,1281
CCDS5465.1|Hs110|chr7,4743
CCDS5466.1|Hs110|chr7,1266
CCDS5467.1|Hs110|chr7,705
CCDS5468.1|Hs110|chr7,567
CCDS5469.2|Hs110|chr7,4821
CCDS5470.1|Hs110|chr7,1245
CCDS5471.1|Hs110|chr7,441
CCDS5472.1|Hs110|chr7,891
CCDS5473.1|Hs110|chr7,504
CCDS5474.1|Hs110|chr7,444
CCDS5475.1|Hs110|chr7,1011
CCDS5476.1|Hs110|chr7,3477
CCDS5477.1|Hs110|chr7,1410
CCDS5478.1|Hs110|chr7,528
CCDS5479.1|Hs110|chr7,1398
CCDS5480.1|Hs110|chr7,1401
CCDS5482.1|Hs110|chr7,597
CCDS5483.1|Hs110|chr7,2001
CCDS5484.1|Hs110|chr7,1629
CCDS5485.1|Hs110|chr7,1557
CCDS5486.1|Hs110|chr7,1512
CCDS5487.1|Hs110|chr7,1479
CCDS5488.1|Hs110|chr7,1440
CCDS5489.1|Hs110|chr7,1350
CCDS5490.2|Hs110|chr7,1086
CCDS5491.1|Hs110|chr7,4080
CCDS5492.1|Hs110|chr7,1644
CCDS5493.1|Hs110|chr7,684
CCDS5494.1|Hs110|chr7,498
CCDS5495.1|Hs110|chr7,345
CCDS5496.1|Hs110|chr7,387
CCDS5497.1|Hs110|chr7,309
CCDS5498.1|Hs110|chr7,273
CCDS5499.1|Hs110|chr7,939
CCDS5500.1|Hs110|chr7,1335
CCDS5501.1|Hs110|chr7,1896
CCDS5502.1|Hs110|chr7,1566
CCDS5503.1|Hs110|chr7,447
CCDS5504.1|Hs110|chr7,780
CCDS5505.1|Hs110|chr7,876
CCDS5506.2|Hs110|chr7,4338
CCDS5507.1|Hs110|chr7,933
CCDS5508.1|Hs110|chr7,978
CCDS5509.1|Hs110|chr7,1056
CCDS5510.1|Hs110|chr7,2025
CCDS5511.1|Hs110|chr7,1443
CCDS5512.2|Hs110|chr7,711
CCDS5513.1|Hs110|chr7,207
CCDS5514.1|Hs110|chr7,3633
CCDS5515.1|Hs110|chr7,2118
CCDS5516.1|Hs110|chr7,1887
CCDS5517.1|Hs110|chr7,1353
CCDS5519.2|Hs110|chr7,1299
CCDS5520.1|Hs110|chr7,393
CCDS5521.1|Hs110|chr7,861
CCDS5522.1|Hs110|chr7,678
CCDS5523.1|Hs110|chr7,1596
CCDS5524.3|Hs110|chr7,906
CCDS5525.1|Hs110|chr7,1164
CCDS5526.1|Hs110|chr7,456
CCDS5527.1|Hs110|chr7,2352
CCDS5528.2|Hs110|chr7,1710
CCDS5529.1|Hs110|chr7,531
CCDS5530.1|Hs110|chr7,1956
CCDS5531.1|Hs110|chr7,1395
CCDS5532.1|Hs110|chr7,447
CCDS5533.1|Hs110|chr7,1113
CCDS5534.1|Hs110|chr7,870
CCDS5535.1|Hs110|chr7,1476
CCDS5536.1|Hs110|chr7,945
CCDS5537.1|Hs110|chr7,753
CCDS5538.1|Hs110|chr7,2199
CCDS5539.1|Hs110|chr7,3780
CCDS5540.1|Hs110|chr7,1797
CCDS5541.1|Hs110|chr7,660
CCDS5542.1|Hs110|chr7,2955
CCDS5545.1|Hs110|chr7,753
CCDS5546.1|Hs110|chr7,1401
CCDS5547.1|Hs110|chr7,1290
CCDS5548.1|Hs110|chr7,1776
CCDS5549.1|Hs110|chr7,4452
CCDS5550.1|Hs110|chr7,609
CCDS5551.1|Hs110|chr7,1344
CCDS5553.1|Hs110|chr7,2559
CCDS5554.1|Hs110|chr7,2496
CCDS5556.1|Hs110|chr7,681
CCDS5557.1|Hs110|chr7,846
CCDS5558.2|Hs110|chr7,921
CCDS5559.1|Hs110|chr7,663
CCDS5560.1|Hs110|chr7,630
CCDS5561.1|Hs110|chr7,738
CCDS5562.2|Hs110|chr7,2175
CCDS5563.1|Hs110|chr7,1944
CCDS5564.1|Hs110|chr7,747
CCDS5565.1|Hs110|chr7,687
CCDS5566.2|Hs110|chr7,732
CCDS5567.1|Hs110|chr7,963
CCDS5568.1|Hs110|chr7,1065
CCDS5569.1|Hs110|chr7,3141
CCDS5570.1|Hs110|chr7,3036
CCDS5571.1|Hs110|chr7,2880
CCDS5573.1|Hs110|chr7,2997
CCDS5574.1|Hs110|chr7,2937
CCDS5575.1|Hs110|chr7,2934
CCDS5576.1|Hs110|chr7,2850
CCDS5577.1|Hs110|chr7,1395
CCDS5578.1|Hs110|chr7,285
CCDS5579.2|Hs110|chr7,2034
CCDS5580.1|Hs110|chr7,942
CCDS5581.1|Hs110|chr7,1017
CCDS5583.1|Hs110|chr7,618
CCDS5584.1|Hs110|chr7,744
CCDS5585.1|Hs110|chr7,1728
CCDS5586.1|Hs110|chr7,1122
CCDS5587.1|Hs110|chr7,1869
CCDS5590.1|Hs110|chr7,348
CCDS5591.1|Hs110|chr7,1320
CCDS5592.1|Hs110|chr7,2343
CCDS5593.1|Hs110|chr7,402
CCDS5594.1|Hs110|chr7,4368
CCDS5595.1|Hs110|chr7,1065
CCDS5596.1|Hs110|chr7,2256
CCDS5597.1|Hs110|chr7,2187
CCDS5598.1|Hs110|chr7,3276
CCDS5599.1|Hs110|chr7,2316
CCDS5600.1|Hs110|chr7,2640
CCDS5601.1|Hs110|chr7,2283
CCDS5602.1|Hs110|chr7,357
CCDS5604.1|Hs110|chr7,1839
CCDS5605.1|Hs110|chr7,3840
CCDS5606.1|Hs110|chr7,3861
CCDS5607.1|Hs110|chr7,3699
CCDS5608.1|Hs110|chr7,3843
CCDS5609.1|Hs110|chr7,1422
CCDS5610.1|Hs110|chr7,1017
CCDS5611.1|Hs110|chr7,2025
CCDS5612.1|Hs110|chr7,597
CCDS5613.1|Hs110|chr7,4050
CCDS5614.1|Hs110|chr7,1020
CCDS5615.1|Hs110|chr7,1473
CCDS5617.1|Hs110|chr7,1164
CCDS5618.1|Hs110|chr7,735
CCDS5619.1|Hs110|chr7,1356
CCDS5620.1|Hs110|chr7,1944
CCDS5621.1|Hs110|chr7,1200
CCDS5622.1|Hs110|chr7,11724
CCDS5623.1|Hs110|chr7,1530
CCDS5624.1|Hs110|chr7,2211
CCDS5625.1|Hs110|chr7,810
CCDS5626.1|Hs110|chr7,1617
CCDS5627.1|Hs110|chr7,3852
CCDS5628.1|Hs110|chr7,981
CCDS5629.1|Hs110|chr7,1353
CCDS5630.1|Hs110|chr7,984
CCDS5631.1|Hs110|chr7,1425
CCDS5632.1|Hs110|chr7,708
CCDS5633.1|Hs110|chr7,225
CCDS5634.1|Hs110|chr7,222
CCDS5635.1|Hs110|chr7,357
CCDS5636.1|Hs110|chr7,2394
CCDS5637.1|Hs110|chr7,1314
CCDS5638.1|Hs110|chr7,1068
CCDS5639.1|Hs110|chr7,1065
CCDS5640.1|Hs110|chr7,1065
CCDS5641.1|Hs110|chr7,1281
CCDS5642.1|Hs110|chr7,1050
CCDS5643.1|Hs110|chr7,1236
CCDS5644.1|Hs110|chr7,1938
CCDS5645.1|Hs110|chr7,2028
CCDS5646.1|Hs110|chr7,213
CCDS5647.1|Hs110|chr7,870
CCDS5648.1|Hs110|chr7,378
CCDS5649.1|Hs110|chr7,390
CCDS5650.1|Hs110|chr7,336
CCDS5651.1|Hs110|chr7,345
CCDS5652.1|Hs110|chr7,1686
CCDS5653.1|Hs110|chr7,330
CCDS5654.1|Hs110|chr7,4512
CCDS5655.1|Hs110|chr7,570
CCDS5656.1|Hs110|chr7,378
CCDS5657.1|Hs110|chr7,1296
CCDS5658.1|Hs110|chr7,1272
CCDS5659.1|Hs110|chr7,11493
CCDS5660.1|Hs110|chr7,1113
CCDS5661.1|Hs110|chr7,1119
CCDS5662.1|Hs110|chr7,546
CCDS5663.1|Hs110|chr7,435
CCDS5664.1|Hs110|chr7,810
CCDS5665.1|Hs110|chr7,285
CCDS5666.1|Hs110|chr7,1686
CCDS5667.1|Hs110|chr7,2520
CCDS5668.1|Hs110|chr7,1722
CCDS5669.1|Hs110|chr7,1476
CCDS5670.1|Hs110|chr7,546
CCDS5671.2|Hs110|chr7,1635
CCDS5672.1|Hs110|chr7,1509
CCDS5673.1|Hs110|chr7,1512
CCDS5674.1|Hs110|chr7,1512
CCDS5675.1|Hs110|chr7,1515
CCDS5676.1|Hs110|chr7,1512
CCDS5677.1|Hs110|chr7,1263
CCDS5678.1|Hs110|chr7,1425
CCDS5679.1|Hs110|chr7,1503
CCDS5680.1|Hs110|chr7,897
CCDS5681.1|Hs110|chr7,1422
CCDS5682.1|Hs110|chr7,984
CCDS5683.1|Hs110|chr7,2160
CCDS5684.1|Hs110|chr7,1632
CCDS5685.1|Hs110|chr7,1362
CCDS5686.1|Hs110|chr7,2034
CCDS5687.1|Hs110|chr7,1743
CCDS5688.1|Hs110|chr7,1461
CCDS5689.1|Hs110|chr7,1740
CCDS5690.1|Hs110|chr7,981
CCDS5691.1|Hs110|chr7,912
CCDS5692.1|Hs110|chr7,693
CCDS5693.1|Hs110|chr7,2070
CCDS5694.1|Hs110|chr7,762
CCDS5695.1|Hs110|chr7,1188
CCDS5696.1|Hs110|chr7,2526
CCDS5697.1|Hs110|chr7,1446
CCDS5698.1|Hs110|chr7,1743
CCDS5699.2|Hs110|chr7,1857
CCDS5700.1|Hs110|chr7,1350
CCDS5701.1|Hs110|chr7,708
CCDS5702.1|Hs110|chr7,1281
CCDS5703.1|Hs110|chr7,1023
CCDS5704.1|Hs110|chr7,423
CCDS5705.1|Hs110|chr7,582
CCDS5706.1|Hs110|chr7,2964
CCDS5707.1|Hs110|chr7,2745
CCDS5708.1|Hs110|chr7,1431
CCDS5709.1|Hs110|chr7,1845
CCDS5710.1|Hs110|chr7,1854
CCDS5711.1|Hs110|chr7,1209
CCDS5712.1|Hs110|chr7,1848
CCDS5713.1|Hs110|chr7,1110
CCDS5714.1|Hs110|chr7,1026
CCDS5715.1|Hs110|chr7,2217
CCDS5716.1|Hs110|chr7,465
CCDS5717.1|Hs110|chr7,687
CCDS5719.1|Hs110|chr7,558
CCDS5720.1|Hs110|chr7,2037
CCDS5721.1|Hs110|chr7,4518
CCDS5722.1|Hs110|chr7,765
CCDS5723.1|Hs110|chr7,909
CCDS5724.1|Hs110|chr7,354
CCDS5725.1|Hs110|chr7,2412
CCDS5726.1|Hs110|chr7,2208
CCDS5727.1|Hs110|chr7,942
CCDS5728.1|Hs110|chr7,1032
CCDS5729.1|Hs110|chr7,1182
CCDS5730.1|Hs110|chr7,1470
CCDS5731.1|Hs110|chr7,1302
CCDS5732.1|Hs110|chr7,1008
CCDS5733.1|Hs110|chr7,2235
CCDS5734.1|Hs110|chr7,1308
CCDS5735.1|Hs110|chr7,2067
CCDS5736.1|Hs110|chr7,780
CCDS5737.1|Hs110|chr7,1476
CCDS5739.1|Hs110|chr7,3309
CCDS5740.1|Hs110|chr7,1257
CCDS5741.1|Hs110|chr7,1545
CCDS5742.2|Hs110|chr7,2490
CCDS5743.2|Hs110|chr7,2427
CCDS5744.1|Hs110|chr7,1302
CCDS5745.1|Hs110|chr7,954
CCDS5746.1|Hs110|chr7,2343
CCDS5747.1|Hs110|chr7,1476
CCDS5748.1|Hs110|chr7,2295
CCDS5749.1|Hs110|chr7,1530
CCDS5750.1|Hs110|chr7,5361
CCDS5751.1|Hs110|chr7,3552
CCDS5752.1|Hs110|chr7,672
CCDS5753.1|Hs110|chr7,528
CCDS5754.1|Hs110|chr7,2127
CCDS5755.2|Hs110|chr7,1353
CCDS5756.1|Hs110|chr7,396
CCDS5757.1|Hs110|chr7,2094
CCDS5758.1|Hs110|chr7,1113
CCDS5759.1|Hs110|chr7,3369
CCDS5760.1|Hs110|chr7,2148
CCDS5761.2|Hs110|chr7,1299
CCDS5762.1|Hs110|chr7,1044
CCDS5763.1|Hs110|chr7,1266
CCDS5764.1|Hs110|chr7,1239
CCDS5765.1|Hs110|chr7,339
CCDS5766.1|Hs110|chr7,489
CCDS5767.1|Hs110|chr7,537
CCDS5768.1|Hs110|chr7,861
CCDS5769.1|Hs110|chr7,1665
CCDS5770.1|Hs110|chr7,1758
CCDS5771.1|Hs110|chr7,1083
CCDS5772.1|Hs110|chr7,1428
CCDS5773.1|Hs110|chr7,4443
CCDS5774.1|Hs110|chr7,4992
CCDS5775.1|Hs110|chr7,291
CCDS5776.1|Hs110|chr7,1893
CCDS5777.1|Hs110|chr7,918
CCDS5778.1|Hs110|chr7,1257
CCDS5780.1|Hs110|chr7,1068
CCDS5781.1|Hs110|chr7,1098
CCDS5782.1|Hs110|chr7,684
CCDS5783.1|Hs110|chr7,2781
CCDS5784.1|Hs110|chr7,1131
CCDS5785.1|Hs110|chr7,876
CCDS5786.1|Hs110|chr7,1788
CCDS5787.1|Hs110|chr7,2376
CCDS5788.1|Hs110|chr7,351
CCDS5789.1|Hs110|chr7,1446
CCDS5790.1|Hs110|chr7,1536
CCDS5791.1|Hs110|chr7,1530
CCDS5792.1|Hs110|chr7,1842
CCDS5793.1|Hs110|chr7,1905
CCDS5794.1|Hs110|chr7,2727
CCDS5795.1|Hs110|chr7,1995
CCDS5796.1|Hs110|chr7,2328
CCDS5799.1|Hs110|chr7,1962
CCDS5800.1|Hs110|chr7,504
CCDS5801.1|Hs110|chr7,2280
CCDS5802.1|Hs110|chr7,192
CCDS5803.2|Hs110|chr7,1137
CCDS5804.1|Hs110|chr7,1035
CCDS5805.1|Hs110|chr7,948
CCDS5806.2|Hs110|chr7,1038
CCDS5807.1|Hs110|chr7,360
CCDS5808.1|Hs110|chr7,1497
CCDS5809.1|Hs110|chr7,2772
CCDS5810.1|Hs110|chr7,852
CCDS5811.1|Hs110|chr7,2364
CCDS5812.1|Hs110|chr7,1836
CCDS5813.2|Hs110|chr7,1512
CCDS5814.1|Hs110|chr7,552
CCDS5815.1|Hs110|chr7,1329
CCDS5816.1|Hs110|chr7,735
CCDS5817.2|Hs110|chr7,1260
CCDS5818.1|Hs110|chr7,1266
CCDS5819.1|Hs110|chr7,1311
CCDS5820.1|Hs110|chr7,1260
CCDS5821.1|Hs110|chr7,1122
CCDS5822.1|Hs110|chr7,1008
CCDS5823.1|Hs110|chr7,981
CCDS5824.1|Hs110|chr7,828
CCDS5825.1|Hs110|chr7,972
CCDS5826.1|Hs110|chr7,1569
CCDS5828.1|Hs110|chr7,684
CCDS5829.1|Hs110|chr7,2925
CCDS5830.1|Hs110|chr7,2478
CCDS5831.1|Hs110|chr7,951
CCDS5832.1|Hs110|chr7,951
CCDS5833.1|Hs110|chr7,780
CCDS5834.1|Hs110|chr7,1617
CCDS5835.1|Hs110|chr7,2382
CCDS5836.2|Hs110|chr7,1692
CCDS5837.1|Hs110|chr7,558
CCDS5838.2|Hs110|chr7,474
CCDS5839.2|Hs110|chr7,927
CCDS5840.1|Hs110|chr7,1881
CCDS5841.1|Hs110|chr7,522
CCDS5842.1|Hs110|chr7,357
CCDS5843.1|Hs110|chr7,1401
CCDS5844.1|Hs110|chr7,507
CCDS5845.1|Hs110|chr7,3198
CCDS5846.1|Hs110|chr7,981
CCDS5847.1|Hs110|chr7,3153
CCDS5848.1|Hs110|chr7,1023
CCDS5849.1|Hs110|chr7,2523
CCDS5850.1|Hs110|chr7,903
CCDS5851.1|Hs110|chr7,2709
CCDS5852.1|Hs110|chr7,1665
CCDS5853.1|Hs110|chr7,342
CCDS5854.1|Hs110|chr7,1230
CCDS5855.2|Hs110|chr7,1602
CCDS5856.2|Hs110|chr7,1380
CCDS5857.1|Hs110|chr7,2106
CCDS5858.1|Hs110|chr7,1332
CCDS5859.1|Hs110|chr7,1485
CCDS5860.1|Hs110|chr7,1449
CCDS5861.1|Hs110|chr7,1881
CCDS5862.1|Hs110|chr7,318
CCDS5863.1|Hs110|chr7,2301
CCDS5864.1|Hs110|chr7,321
CCDS5865.1|Hs110|chr7,1269
CCDS5866.1|Hs110|chr7,447
CCDS5867.1|Hs110|chr7,951
CCDS5868.1|Hs110|chr7,900
CCDS5869.1|Hs110|chr7,900
CCDS5870.1|Hs110|chr7,567
CCDS5871.1|Hs110|chr7,726
CCDS5872.1|Hs110|chr7,744
CCDS5873.2|Hs110|chr7,3069
CCDS5874.2|Hs110|chr7,2298
CCDS5875.1|Hs110|chr7,2190
CCDS5876.3|Hs110|chr7,369
CCDS5877.1|Hs110|chr7,681
CCDS5878.1|Hs110|chr7,651
CCDS5879.1|Hs110|chr7,1359
CCDS5881.1|Hs110|chr7,2967
CCDS5882.1|Hs110|chr7,999
CCDS5883.1|Hs110|chr7,1719
CCDS5884.1|Hs110|chr7,2931
CCDS5885.1|Hs110|chr7,957
CCDS5886.1|Hs110|chr7,2766
CCDS5888.1|Hs110|chr7,732
CCDS5889.1|Hs110|chr7,3996
CCDS5890.1|Hs110|chr7,534
CCDS5891.1|Hs110|chr7,2256
CCDS5892.1|Hs110|chr7,2124
CCDS5893.1|Hs110|chr7,1938
CCDS5894.1|Hs110|chr7,1929
CCDS5895.1|Hs110|chr7,2016
CCDS5896.1|Hs110|chr7,1488
CCDS5897.1|Hs110|chr7,1935
CCDS5899.1|Hs110|chr7,1788
CCDS5901.1|Hs110|chr7,780
CCDS5902.1|Hs110|chr7,492
CCDS5903.1|Hs110|chr7,903
CCDS5904.1|Hs110|chr7,990
CCDS5905.1|Hs110|chr7,1014
CCDS5906.1|Hs110|chr7,921
CCDS5907.1|Hs110|chr7,924
CCDS5908.1|Hs110|chr7,813
CCDS5909.1|Hs110|chr7,708
CCDS5910.1|Hs110|chr7,3480
CCDS5911.1|Hs110|chr7,2460
CCDS5912.1|Hs110|chr7,3612
CCDS5913.1|Hs110|chr7,2157
CCDS5914.1|Hs110|chr7,1632
CCDS5915.1|Hs110|chr7,1650
CCDS5916.1|Hs110|chr7,1596
CCDS5917.1|Hs110|chr7,3726
CCDS5918.1|Hs110|chr7,1650
CCDS5919.1|Hs110|chr7,1227
CCDS5920.1|Hs110|chr7,741
CCDS5921.2|Hs110|chr7,1359
CCDS5922.1|Hs110|chr7,1905
CCDS5923.1|Hs110|chr7,1872
CCDS5924.1|Hs110|chr7,1413
CCDS5925.2|Hs110|chr7,1131
CCDS5926.1|Hs110|chr7,549
CCDS5927.1|Hs110|chr7,555
CCDS5928.1|Hs110|chr7,1710
CCDS5929.1|Hs110|chr7,1332
CCDS5930.1|Hs110|chr7,1827
CCDS5931.1|Hs110|chr7,14736
CCDS5933.1|Hs110|chr7,843
CCDS5934.1|Hs110|chr7,1257
CCDS5936.1|Hs110|chr7,1074
CCDS5938.1|Hs110|chr7,834
CCDS5939.1|Hs110|chr7,495
CCDS5940.1|Hs110|chr7,1002
CCDS5941.2|Hs110|chr7,3513
CCDS5942.1|Hs110|chr7,1389
CCDS5944.1|Hs110|chr7,1089
CCDS5945.1|Hs110|chr7,1473
CCDS5946.1|Hs110|chr7,981
CCDS5947.1|Hs110|chr7,3048
CCDS5948.1|Hs110|chr7,2997
CCDS5949.1|Hs110|chr7,2961
CCDS5950.1|Hs110|chr7,1317
CCDS5951.2|Hs110|chr8,1515
CCDS5952.1|Hs110|chr8,1077
CCDS5953.1|Hs110|chr8,1104
CCDS5954.1|Hs110|chr8,876
CCDS5955.1|Hs110|chr8,1332
CCDS5956.1|Hs110|chr8,861
CCDS5957.1|Hs110|chr8,4398
CCDS5958.1|Hs110|chr8,1491
CCDS5959.1|Hs110|chr8,207
CCDS5960.1|Hs110|chr8,303
CCDS5961.1|Hs110|chr8,294
CCDS5962.1|Hs110|chr8,285
CCDS5963.1|Hs110|chr8,285
CCDS5964.1|Hs110|chr8,327
CCDS5965.1|Hs110|chr8,249
CCDS5966.1|Hs110|chr8,312
CCDS5967.1|Hs110|chr8,342
CCDS5971.1|Hs110|chr8,195
CCDS5972.1|Hs110|chr8,1050
CCDS5973.1|Hs110|chr8,858
CCDS5974.1|Hs110|chr8,3984
CCDS5975.1|Hs110|chr8,708
CCDS5976.1|Hs110|chr8,1059
CCDS5977.1|Hs110|chr8,1167
CCDS5978.2|Hs110|chr8,1926
CCDS5979.1|Hs110|chr8,1650
CCDS5980.1|Hs110|chr8,1017
CCDS5981.1|Hs110|chr8,645
CCDS5982.1|Hs110|chr8,1518
CCDS5983.1|Hs110|chr8,1329
CCDS5984.1|Hs110|chr8,999
CCDS5985.1|Hs110|chr8,1254
CCDS5986.1|Hs110|chr8,1020
CCDS5987.2|Hs110|chr8,2322
CCDS5989.1|Hs110|chr8,4587
CCDS5990.1|Hs110|chr8,3276
CCDS5991.2|Hs110|chr8,1392
CCDS5992.2|Hs110|chr8,939
CCDS5993.1|Hs110|chr8,1044
CCDS5994.1|Hs110|chr8,1047
CCDS5995.1|Hs110|chr8,1356
CCDS5996.1|Hs110|chr8,1167
CCDS5997.1|Hs110|chr8,1077
CCDS5998.1|Hs110|chr8,636
CCDS5999.1|Hs110|chr8,1593
CCDS6000.2|Hs110|chr8,858
CCDS6001.1|Hs110|chr8,1194
CCDS6002.2|Hs110|chr8,2094
CCDS6003.1|Hs110|chr8,1128
CCDS6004.1|Hs110|chr8,939
CCDS6005.1|Hs110|chr8,1236
CCDS6006.1|Hs110|chr8,1188
CCDS6007.1|Hs110|chr8,873
CCDS6008.1|Hs110|chr8,873
CCDS6009.1|Hs110|chr8,1365
CCDS6010.1|Hs110|chr8,1599
CCDS6011.2|Hs110|chr8,2133
CCDS6012.1|Hs110|chr8,1428
CCDS6013.1|Hs110|chr8,1578
CCDS6014.1|Hs110|chr8,1536
CCDS6015.1|Hs110|chr8,1791
CCDS6016.1|Hs110|chr8,1239
CCDS6018.1|Hs110|chr8,645
CCDS6019.1|Hs110|chr8,651
CCDS6020.1|Hs110|chr8,1218
CCDS6021.2|Hs110|chr8,2232
CCDS6022.1|Hs110|chr8,3570
CCDS6023.1|Hs110|chr8,3405
CCDS6024.1|Hs110|chr8,774
CCDS6025.1|Hs110|chr8,1647
CCDS6026.1|Hs110|chr8,2961
CCDS6029.1|Hs110|chr8,2922
CCDS6030.1|Hs110|chr8,1479
CCDS6031.1|Hs110|chr8,2016
CCDS6032.2|Hs110|chr8,1809
CCDS6033.1|Hs110|chr8,1164
CCDS6034.1|Hs110|chr8,2184
CCDS6035.1|Hs110|chr8,1323
CCDS6036.1|Hs110|chr8,1236
CCDS6037.1|Hs110|chr8,780
CCDS6038.1|Hs110|chr8,1161
CCDS6039.1|Hs110|chr8,1407
CCDS6040.1|Hs110|chr8,1362
CCDS6041.1|Hs110|chr8,1851
CCDS6042.1|Hs110|chr8,705
CCDS6043.1|Hs110|chr8,744
CCDS6044.1|Hs110|chr8,1413
CCDS6045.1|Hs110|chr8,2265
CCDS6046.1|Hs110|chr8,2751
CCDS6047.1|Hs110|chr8,5613
CCDS6048.1|Hs110|chr8,1170
CCDS6049.1|Hs110|chr8,3072
CCDS6050.1|Hs110|chr8,660
CCDS6051.1|Hs110|chr8,1719
CCDS6052.1|Hs110|chr8,1290
CCDS6053.1|Hs110|chr8,1368
CCDS6054.1|Hs110|chr8,1401
CCDS6055.1|Hs110|chr8,651
CCDS6056.2|Hs110|chr8,1482
CCDS6057.1|Hs110|chr8,3030
CCDS6058.1|Hs110|chr8,2904
CCDS6059.1|Hs110|chr8,1590
CCDS6060.1|Hs110|chr8,1668
CCDS6062.2|Hs110|chr8,627
CCDS6063.1|Hs110|chr8,969
CCDS6064.1|Hs110|chr8,1488
CCDS6065.1|Hs110|chr8,1644
CCDS6066.1|Hs110|chr8,531
CCDS6067.1|Hs110|chr8,1542
CCDS6068.1|Hs110|chr8,879
CCDS6069.1|Hs110|chr8,2001
CCDS6070.1|Hs110|chr8,2760
CCDS6071.1|Hs110|chr8,1263
CCDS6072.1|Hs110|chr8,1185
CCDS6073.1|Hs110|chr8,912
CCDS6074.1|Hs110|chr8,1020
CCDS6075.1|Hs110|chr8,396
CCDS6076.1|Hs110|chr8,573
CCDS6077.1|Hs110|chr8,591
CCDS6078.1|Hs110|chr8,876
CCDS6079.1|Hs110|chr8,930
CCDS6081.1|Hs110|chr8,1044
CCDS6082.1|Hs110|chr8,4299
CCDS6083.1|Hs110|chr8,1938
CCDS6084.1|Hs110|chr8,1914
CCDS6085.1|Hs110|chr8,1923
CCDS6086.1|Hs110|chr8,1389
CCDS6087.1|Hs110|chr8,891
CCDS6088.1|Hs110|chr8,1440
CCDS6089.1|Hs110|chr8,903
CCDS6090.1|Hs110|chr8,1527
CCDS6091.1|Hs110|chr8,468
CCDS6092.1|Hs110|chr8,636
CCDS6093.2|Hs110|chr8,2862
CCDS6094.1|Hs110|chr8,1773
CCDS6095.1|Hs110|chr8,1020
CCDS6096.1|Hs110|chr8,828
CCDS6097.2|Hs110|chr8,4017
CCDS6098.1|Hs110|chr8,1260
CCDS6099.1|Hs110|chr8,1227
CCDS6100.1|Hs110|chr8,357
CCDS6101.1|Hs110|chr8,1887
CCDS6102.1|Hs110|chr8,858
CCDS6103.1|Hs110|chr8,402
CCDS6104.1|Hs110|chr8,1374
CCDS6105.1|Hs110|chr8,1938
CCDS6106.1|Hs110|chr8,1191
CCDS6107.2|Hs110|chr8,2469
CCDS6109.1|Hs110|chr8,2418
CCDS6110.1|Hs110|chr8,1431
CCDS6111.1|Hs110|chr8,645
CCDS6112.1|Hs110|chr8,2460
CCDS6113.1|Hs110|chr8,2220
CCDS6114.3|Hs110|chr8,1224
CCDS6115.1|Hs110|chr8,321
CCDS6116.1|Hs110|chr8,672
CCDS6117.1|Hs110|chr8,1371
CCDS6118.1|Hs110|chr8,408
CCDS6119.1|Hs110|chr8,5646
CCDS6120.1|Hs110|chr8,330
CCDS6121.1|Hs110|chr8,5643
CCDS6122.1|Hs110|chr8,468
CCDS6124.1|Hs110|chr8,6015
CCDS6125.1|Hs110|chr8,1257
CCDS6126.1|Hs110|chr8,1689
CCDS6127.1|Hs110|chr8,1551
CCDS6128.1|Hs110|chr8,2271
CCDS6129.1|Hs110|chr8,1008
CCDS6130.1|Hs110|chr8,675
CCDS6131.1|Hs110|chr8,852
CCDS6132.1|Hs110|chr8,1959
CCDS6133.2|Hs110|chr8,324
CCDS6134.1|Hs110|chr8,1377
CCDS6135.1|Hs110|chr8,1485
CCDS6136.1|Hs110|chr8,642
CCDS6137.1|Hs110|chr8,162
CCDS6138.1|Hs110|chr8,777
CCDS6139.1|Hs110|chr8,2157
CCDS6140.1|Hs110|chr8,1140
CCDS6141.1|Hs110|chr8,1053
CCDS6142.1|Hs110|chr8,810
CCDS6143.1|Hs110|chr8,2592
CCDS6145.1|Hs110|chr8,636
CCDS6146.1|Hs110|chr8,807
CCDS6147.1|Hs110|chr8,1554
CCDS6148.1|Hs110|chr8,1074
CCDS6149.1|Hs110|chr8,3144
CCDS6150.1|Hs110|chr8,390
CCDS6151.1|Hs110|chr8,987
CCDS6152.1|Hs110|chr8,1143
CCDS6153.1|Hs110|chr8,1452
CCDS6154.1|Hs110|chr8,1398
CCDS6155.1|Hs110|chr8,1167
CCDS6156.1|Hs110|chr8,726
CCDS6157.1|Hs110|chr8,693
CCDS6158.1|Hs110|chr8,891
CCDS6159.1|Hs110|chr8,1245
CCDS6160.1|Hs110|chr8,6471
CCDS6161.1|Hs110|chr8,774
CCDS6162.1|Hs110|chr8,1539
CCDS6163.1|Hs110|chr8,360
CCDS6164.1|Hs110|chr8,1041
CCDS6165.1|Hs110|chr8,1503
CCDS6166.2|Hs110|chr8,294
CCDS6167.1|Hs110|chr8,930
CCDS6168.1|Hs110|chr8,804
CCDS6169.1|Hs110|chr8,1080
CCDS6170.1|Hs110|chr8,1113
CCDS6171.1|Hs110|chr8,1515
CCDS6172.1|Hs110|chr8,897
CCDS6173.1|Hs110|chr8,2754
CCDS6174.1|Hs110|chr8,873
CCDS6175.1|Hs110|chr8,639
CCDS6176.1|Hs110|chr8,1065
CCDS6177.1|Hs110|chr8,957
CCDS6178.1|Hs110|chr8,837
CCDS6179.1|Hs110|chr8,1146
CCDS6180.1|Hs110|chr8,1521
CCDS6181.1|Hs110|chr8,849
CCDS6182.1|Hs110|chr8,1002
CCDS6183.1|Hs110|chr8,600
CCDS6184.1|Hs110|chr8,1647
CCDS6185.1|Hs110|chr8,1359
CCDS6186.1|Hs110|chr8,726
CCDS6187.1|Hs110|chr8,1623
CCDS6188.1|Hs110|chr8,591
CCDS6189.1|Hs110|chr8,1098
CCDS6190.2|Hs110|chr8,1404
CCDS6191.2|Hs110|chr8,624
CCDS6192.1|Hs110|chr8,3669
CCDS6196.1|Hs110|chr8,1395
CCDS6197.2|Hs110|chr8,2046
CCDS6198.1|Hs110|chr8,1005
CCDS6199.1|Hs110|chr8,5550
CCDS6200.1|Hs110|chr8,1314
CCDS6201.1|Hs110|chr8,4821
CCDS6203.2|Hs110|chr8,1617
CCDS6204.1|Hs110|chr8,2616
CCDS6205.1|Hs110|chr8,2547
CCDS6206.1|Hs110|chr8,1716
CCDS6207.1|Hs110|chr8,1125
CCDS6208.1|Hs110|chr8,867
CCDS6209.1|Hs110|chr8,2736
CCDS6210.1|Hs110|chr8,1260
CCDS6211.1|Hs110|chr8,1320
CCDS6212.1|Hs110|chr8,747
CCDS6213.1|Hs110|chr8,1026
CCDS6214.1|Hs110|chr8,1440
CCDS6215.1|Hs110|chr8,783
CCDS6216.1|Hs110|chr8,483
CCDS6217.1|Hs110|chr8,1986
CCDS6218.1|Hs110|chr8,777
CCDS6219.1|Hs110|chr8,1503
CCDS6220.3|Hs110|chr8,1368
CCDS6221.1|Hs110|chr8,918
CCDS6222.1|Hs110|chr8,231
CCDS6223.1|Hs110|chr8,978
CCDS6224.1|Hs110|chr8,534
CCDS6225.1|Hs110|chr8,915
CCDS6226.1|Hs110|chr8,564
CCDS6227.1|Hs110|chr8,1299
CCDS6228.1|Hs110|chr8,408
CCDS6229.1|Hs110|chr8,399
CCDS6230.1|Hs110|chr8,399
CCDS6231.1|Hs110|chr8,834
CCDS6232.1|Hs110|chr8,807
CCDS6233.1|Hs110|chr8,702
CCDS6234.1|Hs110|chr8,1035
CCDS6235.1|Hs110|chr8,948
CCDS6236.1|Hs110|chr8,789
CCDS6237.1|Hs110|chr8,786
CCDS6238.1|Hs110|chr8,783
CCDS6239.1|Hs110|chr8,783
CCDS6240.1|Hs110|chr8,1158
CCDS6241.1|Hs110|chr8,1053
CCDS6242.1|Hs110|chr8,2769
CCDS6243.1|Hs110|chr8,1614
CCDS6244.1|Hs110|chr8,2430
CCDS6245.1|Hs110|chr8,1188
CCDS6246.1|Hs110|chr8,1824
CCDS6247.1|Hs110|chr8,1623
CCDS6248.1|Hs110|chr8,1518
CCDS6249.1|Hs110|chr8,2265
CCDS6250.1|Hs110|chr8,1008
CCDS6251.1|Hs110|chr8,786
CCDS6252.1|Hs110|chr8,774
CCDS6253.3|Hs110|chr8,882
CCDS6254.1|Hs110|chr8,1971
CCDS6255.1|Hs110|chr8,1992
CCDS6256.1|Hs110|chr8,1815
CCDS6257.1|Hs110|chr8,1704
CCDS6258.2|Hs110|chr8,2988
CCDS6259.1|Hs110|chr8,1614
CCDS6260.1|Hs110|chr8,2499
CCDS6261.1|Hs110|chr8,891
CCDS6262.1|Hs110|chr8,2733
CCDS6264.1|Hs110|chr8,1215
CCDS6265.1|Hs110|chr8,723
CCDS6266.2|Hs110|chr8,1002
CCDS6267.1|Hs110|chr8,750
CCDS6268.1|Hs110|chr8,624
CCDS6269.1|Hs110|chr8,336
CCDS6270.1|Hs110|chr8,1254
CCDS6271.1|Hs110|chr8,1422
CCDS6272.1|Hs110|chr8,606
CCDS6273.1|Hs110|chr8,1419
CCDS6274.1|Hs110|chr8,1749
CCDS6275.2|Hs110|chr8,681
CCDS6276.1|Hs110|chr8,414
CCDS6277.1|Hs110|chr8,3075
CCDS6278.1|Hs110|chr8,1107
CCDS6279.1|Hs110|chr8,1434
CCDS6280.1|Hs110|chr8,12069
CCDS6281.1|Hs110|chr8,11994
CCDS6284.1|Hs110|chr8,228
CCDS6285.1|Hs110|chr8,177
CCDS6286.1|Hs110|chr8,2517
CCDS6287.1|Hs110|chr8,687
CCDS6288.1|Hs110|chr8,1323
CCDS6289.1|Hs110|chr8,1911
CCDS6290.1|Hs110|chr8,738
CCDS6291.1|Hs110|chr8,231
CCDS6292.1|Hs110|chr8,582
CCDS6293.1|Hs110|chr8,753
CCDS6294.1|Hs110|chr8,1443
CCDS6295.1|Hs110|chr8,1347
CCDS6296.1|Hs110|chr8,1149
CCDS6297.1|Hs110|chr8,438
CCDS6298.1|Hs110|chr8,2121
CCDS6299.1|Hs110|chr8,732
CCDS6300.1|Hs110|chr8,948
CCDS6301.1|Hs110|chr8,1413
CCDS6302.1|Hs110|chr8,1560
CCDS6303.1|Hs110|chr8,2580
CCDS6304.2|Hs110|chr8,2520
CCDS6305.1|Hs110|chr8,1146
CCDS6306.1|Hs110|chr8,1497
CCDS6307.1|Hs110|chr8,732
CCDS6308.1|Hs110|chr8,1338
CCDS6309.1|Hs110|chr8,894
CCDS6310.1|Hs110|chr8,918
CCDS6311.1|Hs110|chr8,1197
CCDS6312.1|Hs110|chr8,1752
CCDS6313.1|Hs110|chr8,642
CCDS6314.1|Hs110|chr8,1503
CCDS6315.1|Hs110|chr8,11124
CCDS6316.2|Hs110|chr8,10617
CCDS6317.1|Hs110|chr8,11004
CCDS6318.2|Hs110|chr8,3885
CCDS6319.1|Hs110|chr8,1059
CCDS6320.1|Hs110|chr8,750
CCDS6321.1|Hs110|chr8,1896
CCDS6322.1|Hs110|chr8,1110
CCDS6323.1|Hs110|chr8,537
CCDS6324.1|Hs110|chr8,2241
CCDS6325.1|Hs110|chr8,606
CCDS6326.1|Hs110|chr8,1206
CCDS6327.1|Hs110|chr8,834
CCDS6328.1|Hs110|chr8,1074
CCDS6329.1|Hs110|chr8,2748
CCDS6330.1|Hs110|chr8,1182
CCDS6331.1|Hs110|chr8,1230
CCDS6332.1|Hs110|chr8,537
CCDS6333.1|Hs110|chr8,2715
CCDS6334.1|Hs110|chr8,1617
CCDS6335.1|Hs110|chr8,1659
CCDS6336.1|Hs110|chr8,2514
CCDS6337.1|Hs110|chr8,756
CCDS6338.1|Hs110|chr8,3201
CCDS6339.1|Hs110|chr8,1104
CCDS6340.1|Hs110|chr8,1305
CCDS6341.1|Hs110|chr8,1143
CCDS6342.1|Hs110|chr8,2622
CCDS6343.1|Hs110|chr8,4173
CCDS6344.1|Hs110|chr8,618
CCDS6345.1|Hs110|chr8,1068
CCDS6346.2|Hs110|chr8,2517
CCDS6348.1|Hs110|chr8,723
CCDS6349.1|Hs110|chr8,1347
CCDS6350.1|Hs110|chr8,1995
CCDS6351.1|Hs110|chr8,894
CCDS6352.1|Hs110|chr8,540
CCDS6353.1|Hs110|chr8,2268
CCDS6354.1|Hs110|chr8,1590
CCDS6355.1|Hs110|chr8,3480
CCDS6356.1|Hs110|chr8,744
CCDS6357.1|Hs110|chr8,1119
CCDS6358.1|Hs110|chr8,933
CCDS6359.2|Hs110|chr8,1365
CCDS6360.1|Hs110|chr8,1527
CCDS6361.1|Hs110|chr8,975
CCDS6362.1|Hs110|chr8,3390
CCDS6363.1|Hs110|chr8,3756
CCDS6365.1|Hs110|chr8,1401
CCDS6366.1|Hs110|chr8,831
CCDS6367.2|Hs110|chr8,3054
CCDS6368.1|Hs110|chr8,858
CCDS6370.1|Hs110|chr8,831
CCDS6371.1|Hs110|chr8,1104
CCDS6372.1|Hs110|chr8,843
CCDS6373.1|Hs110|chr8,1023
CCDS6374.1|Hs110|chr8,1041
CCDS6375.2|Hs110|chr8,4221
CCDS6376.1|Hs110|chr8,4881
CCDS6377.1|Hs110|chr8,1125
CCDS6379.1|Hs110|chr8,396
CCDS6380.1|Hs110|chr8,2580
CCDS6381.1|Hs110|chr8,3159
CCDS6382.1|Hs110|chr8,447
CCDS6383.1|Hs110|chr8,522
CCDS6384.1|Hs110|chr8,1542
CCDS6385.2|Hs110|chr8,498
CCDS6386.1|Hs110|chr8,627
CCDS6387.1|Hs110|chr8,312
CCDS6388.1|Hs110|chr8,378
CCDS6389.1|Hs110|chr8,351
CCDS6390.1|Hs110|chr8,387
CCDS6391.1|Hs110|chr8,477
CCDS6392.1|Hs110|chr8,1512
CCDS6393.1|Hs110|chr8,1512
CCDS6394.1|Hs110|chr8,396
CCDS6396.1|Hs110|chr8,423
CCDS6397.3|Hs110|chr8,597
CCDS6398.1|Hs110|chr8,1131
CCDS6399.1|Hs110|chr8,1125
CCDS6400.1|Hs110|chr8,1806
CCDS6402.1|Hs110|chr8,2847
CCDS6403.2|Hs110|chr8,1617
CCDS6404.1|Hs110|chr8,1944
CCDS6405.1|Hs110|chr8,846
CCDS6406.2|Hs110|chr8,1929
CCDS6407.3|Hs110|chr8,825
CCDS6408.1|Hs110|chr8,966
CCDS6409.2|Hs110|chr8,1635
CCDS6410.2|Hs110|chr8,3540
CCDS6411.1|Hs110|chr8,4893
CCDS6412.1|Hs110|chr8,4968
CCDS6413.2|Hs110|chr8,1776
CCDS6414.1|Hs110|chr8,738
CCDS6415.1|Hs110|chr8,978
CCDS6416.1|Hs110|chr8,771
CCDS6417.1|Hs110|chr8,1173
CCDS6418.2|Hs110|chr8,2241
CCDS6419.1|Hs110|chr8,1590
CCDS6420.1|Hs110|chr8,1467
CCDS6421.1|Hs110|chr8,1047
CCDS6422.1|Hs110|chr8,1620
CCDS6423.1|Hs110|chr8,1338
CCDS6424.1|Hs110|chr8,1944
CCDS6425.1|Hs110|chr8,666
CCDS6426.1|Hs110|chr8,579
CCDS6427.1|Hs110|chr8,2517
CCDS6428.1|Hs110|chr8,1098
CCDS6429.1|Hs110|chr8,1587
CCDS6430.1|Hs110|chr8,1491
CCDS6431.1|Hs110|chr8,1239
CCDS6432.1|Hs110|chr8,1482
CCDS6433.1|Hs110|chr8,774
CCDS6434.1|Hs110|chr8,1479
CCDS6435.1|Hs110|chr8,2061
CCDS6436.1|Hs110|chr8,675
CCDS6437.1|Hs110|chr8,2049
CCDS6438.1|Hs110|chr9,1188
CCDS6440.2|Hs110|chr9,6300
CCDS6441.1|Hs110|chr9,3585
CCDS6442.1|Hs110|chr9,1122
CCDS6443.1|Hs110|chr9,1419
CCDS6444.1|Hs110|chr9,1686
CCDS6445.1|Hs110|chr9,681
CCDS6446.1|Hs110|chr9,2622
CCDS6447.1|Hs110|chr9,1638
CCDS6448.2|Hs110|chr9,1947
CCDS6449.1|Hs110|chr9,2250
CCDS6450.1|Hs110|chr9,2124
CCDS6451.1|Hs110|chr9,2328
CCDS6452.1|Hs110|chr9,1575
CCDS6453.1|Hs110|chr9,1179
CCDS6454.1|Hs110|chr9,1014
CCDS6455.1|Hs110|chr9,684
CCDS6456.1|Hs110|chr9,1122
CCDS6457.1|Hs110|chr9,3399
CCDS6458.1|Hs110|chr9,642
CCDS6459.1|Hs110|chr9,420
CCDS6460.1|Hs110|chr9,558
CCDS6462.1|Hs110|chr9,558
CCDS6463.1|Hs110|chr9,444
CCDS6464.1|Hs110|chr9,873
CCDS6465.1|Hs110|chr9,822
CCDS6466.1|Hs110|chr9,357
CCDS6467.1|Hs110|chr9,3318
CCDS6468.1|Hs110|chr9,813
CCDS6469.1|Hs110|chr9,2409
CCDS6471.1|Hs110|chr9,3171
CCDS6472.2|Hs110|chr9,4518
CCDS6473.1|Hs110|chr9,687
CCDS6474.1|Hs110|chr9,1263
CCDS6475.1|Hs110|chr9,798
CCDS6476.1|Hs110|chr9,804
CCDS6477.3|Hs110|chr9,1851
CCDS6478.1|Hs110|chr9,1236
CCDS6479.1|Hs110|chr9,1593
CCDS6480.1|Hs110|chr9,1002
CCDS6481.1|Hs110|chr9,3981
CCDS6482.2|Hs110|chr9,3300
CCDS6483.1|Hs110|chr9,1059
CCDS6485.1|Hs110|chr9,1578
CCDS6487.1|Hs110|chr9,1425
CCDS6488.1|Hs110|chr9,942
CCDS6489.1|Hs110|chr9,2868
CCDS6490.1|Hs110|chr9,1314
CCDS6491.3|Hs110|chr9,5730
CCDS6492.1|Hs110|chr9,750
CCDS6493.1|Hs110|chr9,1986
CCDS6494.1|Hs110|chr9,1707
CCDS6495.1|Hs110|chr9,564
CCDS6496.1|Hs110|chr9,588
CCDS6497.1|Hs110|chr9,570
CCDS6498.1|Hs110|chr9,570
CCDS6499.1|Hs110|chr9,570
CCDS6500.1|Hs110|chr9,570
CCDS6501.1|Hs110|chr9,570
CCDS6502.1|Hs110|chr9,570
CCDS6503.1|Hs110|chr9,1854
CCDS6504.1|Hs110|chr9,570
CCDS6505.2|Hs110|chr9,573
CCDS6506.1|Hs110|chr9,567
CCDS6507.1|Hs110|chr9,570
CCDS6508.1|Hs110|chr9,570
CCDS6509.1|Hs110|chr9,852
CCDS6510.1|Hs110|chr9,471
CCDS6511.2|Hs110|chr9,399
CCDS6512.1|Hs110|chr9,417
CCDS6513.1|Hs110|chr9,237
CCDS6514.1|Hs110|chr9,1515
CCDS6515.1|Hs110|chr9,1080
CCDS6516.1|Hs110|chr9,1086
CCDS6518.1|Hs110|chr9,1113
CCDS6519.1|Hs110|chr9,3375
CCDS6520.1|Hs110|chr9,651
CCDS6521.1|Hs110|chr9,624
CCDS6522.1|Hs110|chr9,1446
CCDS6523.1|Hs110|chr9,669
CCDS6524.1|Hs110|chr9,1821
CCDS6525.1|Hs110|chr9,2670
CCDS6526.1|Hs110|chr9,2778
CCDS6527.1|Hs110|chr9,3138
CCDS6528.1|Hs110|chr9,387
CCDS6529.1|Hs110|chr9,342
CCDS6530.1|Hs110|chr9,708
CCDS6532.2|Hs110|chr9,879
CCDS6533.1|Hs110|chr9,1194
CCDS6534.1|Hs110|chr9,1542
CCDS6535.1|Hs110|chr9,1197
CCDS6536.1|Hs110|chr9,261
CCDS6537.1|Hs110|chr9,660
CCDS6538.1|Hs110|chr9,3363
CCDS6540.1|Hs110|chr9,2502
CCDS6541.1|Hs110|chr9,1029
CCDS6542.1|Hs110|chr9,879
CCDS6543.1|Hs110|chr9,3441
CCDS6544.1|Hs110|chr9,2100
CCDS6545.1|Hs110|chr9,744
CCDS6546.1|Hs110|chr9,717
CCDS6547.1|Hs110|chr9,3360
CCDS6548.1|Hs110|chr9,3201
CCDS6549.1|Hs110|chr9,1362
CCDS6550.1|Hs110|chr9,1509
CCDS6551.2|Hs110|chr9,4107
CCDS6552.1|Hs110|chr9,444
CCDS6553.1|Hs110|chr9,336
CCDS6554.1|Hs110|chr9,789
CCDS6555.1|Hs110|chr9,384
CCDS6556.1|Hs110|chr9,507
CCDS6557.1|Hs110|chr9,2100
CCDS6558.1|Hs110|chr9,1119
CCDS6559.1|Hs110|chr9,492
CCDS6560.1|Hs110|chr9,561
CCDS6561.1|Hs110|chr9,531
CCDS6562.1|Hs110|chr9,672
CCDS6563.1|Hs110|chr9,579
CCDS6565.1|Hs110|chr9,1140
CCDS6567.1|Hs110|chr9,1269
CCDS6569.1|Hs110|chr9,339
CCDS6570.1|Hs110|chr9,297
CCDS6571.1|Hs110|chr9,405
CCDS6572.2|Hs110|chr9,3240
CCDS6573.1|Hs110|chr9,2421
CCDS6574.1|Hs110|chr9,1869
CCDS6575.1|Hs110|chr9,3270
CCDS6576.1|Hs110|chr9,2019
CCDS6577.1|Hs110|chr9,1071
CCDS6578.1|Hs110|chr9,1617
CCDS6579.1|Hs110|chr9,4776
CCDS6580.1|Hs110|chr9,1881
CCDS6581.1|Hs110|chr9,1080
CCDS6582.1|Hs110|chr9,591
CCDS6583.1|Hs110|chr9,852
CCDS6584.2|Hs110|chr9,1008
CCDS6585.1|Hs110|chr9,1380
CCDS6586.1|Hs110|chr9,855
CCDS6587.1|Hs110|chr9,855
CCDS6588.1|Hs110|chr9,1116
CCDS6589.1|Hs110|chr9,2784
CCDS6590.1|Hs110|chr9,3144
CCDS6592.1|Hs110|chr9,1506
CCDS6594.1|Hs110|chr9,492
CCDS6595.1|Hs110|chr9,1017
CCDS6596.2|Hs110|chr9,960
CCDS6597.1|Hs110|chr9,2916
CCDS6598.1|Hs110|chr9,465
CCDS6599.1|Hs110|chr9,1767
CCDS6600.1|Hs110|chr9,657
CCDS6601.1|Hs110|chr9,747
CCDS6602.1|Hs110|chr9,2169
CCDS6603.1|Hs110|chr9,1548
CCDS6604.1|Hs110|chr9,1398
CCDS6606.1|Hs110|chr9,1956
CCDS6607.1|Hs110|chr9,1176
CCDS6608.2|Hs110|chr9,1632
CCDS6609.1|Hs110|chr9,987
CCDS6610.1|Hs110|chr9,2034
CCDS6611.1|Hs110|chr9,1260
CCDS6612.1|Hs110|chr9,4737
CCDS6613.2|Hs110|chr9,1680
CCDS6614.1|Hs110|chr9,894
CCDS6615.1|Hs110|chr9,1554
CCDS6616.1|Hs110|chr9,3867
CCDS6620.1|Hs110|chr9,2472
CCDS6622.2|Hs110|chr9,1704
CCDS6623.3|Hs110|chr9,864
CCDS6624.1|Hs110|chr9,1623
CCDS6625.1|Hs110|chr9,1056
CCDS6626.1|Hs110|chr9,633
CCDS6627.1|Hs110|chr9,3573
CCDS6628.1|Hs110|chr9,3132
CCDS6629.1|Hs110|chr9,1353
CCDS6630.1|Hs110|chr9,2514
CCDS6631.1|Hs110|chr9,2061
CCDS6632.1|Hs110|chr9,3306
CCDS6633.1|Hs110|chr9,735
CCDS6634.1|Hs110|chr9,4701
CCDS6635.1|Hs110|chr9,4740
CCDS6636.1|Hs110|chr9,4710
CCDS6637.1|Hs110|chr9,693
CCDS6638.1|Hs110|chr9,4152
CCDS6639.1|Hs110|chr9,474
CCDS6641.1|Hs110|chr9,1365
CCDS6642.1|Hs110|chr9,642
CCDS6643.1|Hs110|chr9,2283
CCDS6644.1|Hs110|chr9,1506
CCDS6645.1|Hs110|chr9,1041
CCDS6646.1|Hs110|chr9,1380
CCDS6647.1|Hs110|chr9,6069
CCDS6648.1|Hs110|chr9,585
CCDS6649.1|Hs110|chr9,1230
CCDS6650.1|Hs110|chr9,600
CCDS6651.1|Hs110|chr9,645
CCDS6652.1|Hs110|chr9,2742
CCDS6653.1|Hs110|chr9,1287
CCDS6655.1|Hs110|chr9,9525
CCDS6656.1|Hs110|chr9,9288
CCDS6657.1|Hs110|chr9,1068
CCDS6658.1|Hs110|chr9,1080
CCDS6659.1|Hs110|chr9,975
CCDS6660.1|Hs110|chr9,1113
CCDS6661.1|Hs110|chr9,2313
CCDS6662.1|Hs110|chr9,2223
CCDS6663.1|Hs110|chr9,1770
CCDS6664.1|Hs110|chr9,1686
CCDS6665.1|Hs110|chr9,4206
CCDS6666.2|Hs110|chr9,1026
CCDS6667.1|Hs110|chr9,1392
CCDS6668.1|Hs110|chr9,1395
CCDS6669.1|Hs110|chr9,1878
CCDS6670.1|Hs110|chr9,2076
CCDS6671.1|Hs110|chr9,2517
CCDS6672.1|Hs110|chr9,3561
CCDS6673.1|Hs110|chr9,2178
CCDS6674.1|Hs110|chr9,1038
CCDS6675.1|Hs110|chr9,1002
CCDS6676.1|Hs110|chr9,4338
CCDS6677.1|Hs110|chr9,978
CCDS6678.1|Hs110|chr9,1017
CCDS6679.1|Hs110|chr9,408
CCDS6680.1|Hs110|chr9,1137
CCDS6681.1|Hs110|chr9,1785
CCDS6682.1|Hs110|chr9,240
CCDS6683.1|Hs110|chr9,2565
CCDS6685.1|Hs110|chr9,2589
CCDS6686.1|Hs110|chr9,480
CCDS6687.1|Hs110|chr9,600
CCDS6688.1|Hs110|chr9,1908
CCDS6689.1|Hs110|chr9,1020
CCDS6690.1|Hs110|chr9,1389
CCDS6691.1|Hs110|chr9,2832
CCDS6692.1|Hs110|chr9,1422
CCDS6693.1|Hs110|chr9,432
CCDS6694.1|Hs110|chr9,3789
CCDS6695.1|Hs110|chr9,897
CCDS6696.1|Hs110|chr9,1266
CCDS6698.1|Hs110|chr9,2100
CCDS6699.1|Hs110|chr9,1476
CCDS6700.1|Hs110|chr9,2475
CCDS6701.1|Hs110|chr9,768
CCDS6702.2|Hs110|chr9,552
CCDS6703.1|Hs110|chr9,459
CCDS6705.1|Hs110|chr9,771
CCDS6706.1|Hs110|chr9,3357
CCDS6707.1|Hs110|chr9,2265
CCDS6708.1|Hs110|chr9,2421
CCDS6709.2|Hs110|chr9,1812
CCDS6710.2|Hs110|chr9,1521
CCDS6711.1|Hs110|chr9,1020
CCDS6712.1|Hs110|chr9,1017
CCDS6713.1|Hs110|chr9,2163
CCDS6714.1|Hs110|chr9,4344
CCDS6716.1|Hs110|chr9,933
CCDS6717.1|Hs110|chr9,1014
CCDS6718.1|Hs110|chr9,1053
CCDS6719.1|Hs110|chr9,1242
CCDS6721.1|Hs110|chr9,1380
CCDS6722.1|Hs110|chr9,1497
CCDS6723.1|Hs110|chr9,1005
CCDS6725.1|Hs110|chr9,3297
CCDS6726.1|Hs110|chr9,1080
CCDS6727.2|Hs110|chr9,1551
CCDS6728.1|Hs110|chr9,2373
CCDS6729.1|Hs110|chr9,822
CCDS6730.1|Hs110|chr9,1326
CCDS6731.1|Hs110|chr9,1455
CCDS6732.1|Hs110|chr9,756
CCDS6733.1|Hs110|chr9,1080
CCDS6734.1|Hs110|chr9,1329
CCDS6735.1|Hs110|chr9,1578
CCDS6736.1|Hs110|chr9,2826
CCDS6737.1|Hs110|chr9,1746
CCDS6738.1|Hs110|chr9,1512
CCDS6739.1|Hs110|chr9,1251
CCDS6741.1|Hs110|chr9,291
CCDS6742.1|Hs110|chr9,1914
CCDS6743.1|Hs110|chr9,1881
CCDS6744.1|Hs110|chr9,1332
CCDS6745.1|Hs110|chr9,909
CCDS6746.1|Hs110|chr9,3198
CCDS6748.1|Hs110|chr9,2790
CCDS6749.1|Hs110|chr9,828
CCDS6750.1|Hs110|chr9,1143
CCDS6751.1|Hs110|chr9,978
CCDS6752.1|Hs110|chr9,1257
CCDS6753.1|Hs110|chr9,477
CCDS6754.1|Hs110|chr9,1881
CCDS6755.1|Hs110|chr9,1755
CCDS6756.1|Hs110|chr9,1095
CCDS6757.1|Hs110|chr9,1212
CCDS6758.1|Hs110|chr9,3348
CCDS6759.2|Hs110|chr9,513
CCDS6760.1|Hs110|chr9,744
CCDS6761.1|Hs110|chr9,744
CCDS6762.1|Hs110|chr9,6786
CCDS6763.1|Hs110|chr9,1974
CCDS6764.1|Hs110|chr9,438
CCDS6765.3|Hs110|chr9,1494
CCDS6766.1|Hs110|chr9,1386
CCDS6767.1|Hs110|chr9,327
CCDS6768.1|Hs110|chr9,876
CCDS6769.1|Hs110|chr9,1230
CCDS6770.2|Hs110|chr9,1440
CCDS6771.1|Hs110|chr9,1248
CCDS6772.1|Hs110|chr9,1308
CCDS6773.1|Hs110|chr9,3999
CCDS6774.1|Hs110|chr9,546
CCDS6775.1|Hs110|chr9,2205
CCDS6776.1|Hs110|chr9,2742
CCDS6777.1|Hs110|chr9,1095
CCDS6778.1|Hs110|chr9,951
CCDS6779.1|Hs110|chr9,990
CCDS6781.3|Hs110|chr9,4335
CCDS6782.1|Hs110|chr9,1185
CCDS6783.1|Hs110|chr9,2244
CCDS6784.1|Hs110|chr9,1659
CCDS6785.1|Hs110|chr9,315
CCDS6786.1|Hs110|chr9,1428
CCDS6787.1|Hs110|chr9,1893
CCDS6788.1|Hs110|chr9,432
CCDS6789.1|Hs110|chr9,573
CCDS6790.1|Hs110|chr9,258
CCDS6791.1|Hs110|chr9,1569
CCDS6792.1|Hs110|chr9,1101
CCDS6793.1|Hs110|chr9,756
CCDS6794.2|Hs110|chr9,993
CCDS6795.1|Hs110|chr9,444
CCDS6796.1|Hs110|chr9,1386
CCDS6797.1|Hs110|chr9,2754
CCDS6798.1|Hs110|chr9,1560
CCDS6800.1|Hs110|chr9,1059
CCDS6802.1|Hs110|chr9,5583
CCDS6803.1|Hs110|chr9,606
CCDS6804.1|Hs110|chr9,606
CCDS6805.1|Hs110|chr9,4320
CCDS6806.1|Hs110|chr9,2724
CCDS6807.1|Hs110|chr9,357
CCDS6808.1|Hs110|chr9,1029
CCDS6809.1|Hs110|chr9,756
CCDS6810.1|Hs110|chr9,705
CCDS6811.1|Hs110|chr9,6606
CCDS6813.1|Hs110|chr9,4884
CCDS6814.1|Hs110|chr9,1188
CCDS6815.1|Hs110|chr9,3867
CCDS6816.1|Hs110|chr9,4020
CCDS6817.1|Hs110|chr9,1962
CCDS6818.1|Hs110|chr9,2520
CCDS6822.1|Hs110|chr9,2286
CCDS6823.1|Hs110|chr9,5682
CCDS6824.1|Hs110|chr9,1515
CCDS6825.1|Hs110|chr9,1251
CCDS6826.1|Hs110|chr9,5031
CCDS6827.1|Hs110|chr9,648
CCDS6828.1|Hs110|chr9,2349
CCDS6829.1|Hs110|chr9,2196
CCDS6830.1|Hs110|chr9,867
CCDS6831.1|Hs110|chr9,372
CCDS6832.1|Hs110|chr9,3198
CCDS6833.2|Hs110|chr9,3399
CCDS6834.3|Hs110|chr9,1347
CCDS6835.1|Hs110|chr9,519
CCDS6836.1|Hs110|chr9,486
CCDS6837.2|Hs110|chr9,1134
CCDS6838.2|Hs110|chr9,1179
CCDS6839.1|Hs110|chr9,573
CCDS6840.1|Hs110|chr9,789
CCDS6842.1|Hs110|chr9,1800
CCDS6843.1|Hs110|chr9,1689
CCDS6844.1|Hs110|chr9,936
CCDS6845.1|Hs110|chr9,906
CCDS6846.1|Hs110|chr9,1275
CCDS6847.1|Hs110|chr9,1326
CCDS6848.2|Hs110|chr9,3210
CCDS6849.1|Hs110|chr9,1050
CCDS6851.1|Hs110|chr9,2019
CCDS6852.2|Hs110|chr9,3858
CCDS6853.1|Hs110|chr9,1221
CCDS6854.1|Hs110|chr9,942
CCDS6855.1|Hs110|chr9,834
CCDS6856.1|Hs110|chr9,1386
CCDS6857.2|Hs110|chr9,1959
CCDS6858.1|Hs110|chr9,372
CCDS6859.1|Hs110|chr9,462
CCDS6860.1|Hs110|chr9,2304
CCDS6861.1|Hs110|chr9,918
CCDS6862.1|Hs110|chr9,1119
CCDS6863.1|Hs110|chr9,1965
CCDS6864.1|Hs110|chr9,1461
CCDS6865.1|Hs110|chr9,1305
CCDS6866.2|Hs110|chr9,1188
CCDS6867.1|Hs110|chr9,1404
CCDS6868.1|Hs110|chr9,1482
CCDS6869.2|Hs110|chr9,3042
CCDS6870.1|Hs110|chr9,1434
CCDS6871.1|Hs110|chr9,1497
CCDS6872.1|Hs110|chr9,498
CCDS6873.1|Hs110|chr9,2172
CCDS6874.1|Hs110|chr9,1812
CCDS6875.1|Hs110|chr9,2622
CCDS6876.1|Hs110|chr9,762
CCDS6877.1|Hs110|chr9,2583
CCDS6878.1|Hs110|chr9,2112
CCDS6879.1|Hs110|chr9,1119
CCDS6880.1|Hs110|chr9,1878
CCDS6881.1|Hs110|chr9,585
CCDS6882.1|Hs110|chr9,1002
CCDS6883.1|Hs110|chr9,909
CCDS6885.1|Hs110|chr9,576
CCDS6886.1|Hs110|chr9,255
CCDS6888.1|Hs110|chr9,729
CCDS6889.1|Hs110|chr9,984
CCDS6890.1|Hs110|chr9,1410
CCDS6891.1|Hs110|chr9,1134
CCDS6892.1|Hs110|chr9,597
CCDS6893.1|Hs110|chr9,252
CCDS6894.1|Hs110|chr9,2697
CCDS6895.1|Hs110|chr9,2595
CCDS6896.2|Hs110|chr9,3009
CCDS6897.1|Hs110|chr9,996
CCDS6898.1|Hs110|chr9,798
CCDS6899.1|Hs110|chr9,1932
CCDS6900.1|Hs110|chr9,306
CCDS6901.2|Hs110|chr9,1788
CCDS6902.1|Hs110|chr9,1917
CCDS6904.1|Hs110|chr9,1980
CCDS6905.1|Hs110|chr9,7419
CCDS6906.2|Hs110|chr9,1611
CCDS6907.1|Hs110|chr9,834
CCDS6908.1|Hs110|chr9,2670
CCDS6909.1|Hs110|chr9,804
CCDS6910.1|Hs110|chr9,2301
CCDS6911.1|Hs110|chr9,1203
CCDS6912.1|Hs110|chr9,894
CCDS6913.1|Hs110|chr9,1131
CCDS6914.1|Hs110|chr9,894
CCDS6915.1|Hs110|chr9,1617
CCDS6916.1|Hs110|chr9,1188
CCDS6917.1|Hs110|chr9,1782
CCDS6918.1|Hs110|chr9,717
CCDS6919.1|Hs110|chr9,1881
CCDS6920.1|Hs110|chr9,972
CCDS6924.1|Hs110|chr9,1266
CCDS6925.1|Hs110|chr9,594
CCDS6926.1|Hs110|chr9,762
CCDS6927.1|Hs110|chr9,459
CCDS6929.1|Hs110|chr9,1011
CCDS6930.1|Hs110|chr9,999
CCDS6931.1|Hs110|chr9,870
CCDS6932.1|Hs110|chr9,573
CCDS6933.1|Hs110|chr9,1239
CCDS6934.1|Hs110|chr9,1104
CCDS6935.1|Hs110|chr9,882
CCDS6936.1|Hs110|chr9,411
CCDS6937.1|Hs110|chr9,1386
CCDS6938.1|Hs110|chr9,4728
CCDS6939.1|Hs110|chr9,453
CCDS6940.1|Hs110|chr9,6273
CCDS6941.2|Hs110|chr9,852
CCDS6942.1|Hs110|chr9,816
CCDS6943.1|Hs110|chr9,2244
CCDS6944.1|Hs110|chr9,834
CCDS6945.1|Hs110|chr9,936
CCDS6946.1|Hs110|chr9,1593
CCDS6947.1|Hs110|chr9,8034
CCDS6948.1|Hs110|chr9,2718
CCDS6949.1|Hs110|chr9,963
CCDS6950.1|Hs110|chr9,984
CCDS6951.2|Hs110|chr9,2241
CCDS6952.2|Hs110|chr9,1443
CCDS6953.1|Hs110|chr9,2469
CCDS6954.1|Hs110|chr9,1440
CCDS6955.1|Hs110|chr9,507
CCDS6956.1|Hs110|chr9,3495
CCDS6957.1|Hs110|chr9,993
CCDS6958.1|Hs110|chr9,1560
CCDS6959.1|Hs110|chr9,2745
CCDS6960.1|Hs110|chr9,1044
CCDS6961.1|Hs110|chr9,513
CCDS6962.1|Hs110|chr9,1086
CCDS6963.1|Hs110|chr9,603
CCDS6964.1|Hs110|chr9,423
CCDS6965.1|Hs110|chr9,801
CCDS6966.1|Hs110|chr9,903
CCDS6967.1|Hs110|chr9,771
CCDS6968.1|Hs110|chr9,810
CCDS6969.1|Hs110|chr9,1269
CCDS6970.1|Hs110|chr9,4284
CCDS6971.1|Hs110|chr9,4023
CCDS6972.1|Hs110|chr9,4116
CCDS6974.1|Hs110|chr9,519
CCDS6975.1|Hs110|chr9,1524
CCDS6976.1|Hs110|chr9,2856
CCDS6977.2|Hs110|chr9,1854
CCDS6978.1|Hs110|chr9,2757
CCDS6979.1|Hs110|chr9,2520
CCDS6980.1|Hs110|chr9,2181
CCDS6981.1|Hs110|chr9,1005
CCDS6982.1|Hs110|chr9,5517
CCDS6983.1|Hs110|chr9,942
CCDS6985.1|Hs110|chr9,981
CCDS6986.1|Hs110|chr9,1404
CCDS6987.1|Hs110|chr9,408
CCDS6988.1|Hs110|chr9,3630
CCDS6989.1|Hs110|chr9,279
CCDS6990.1|Hs110|chr9,891
CCDS6991.1|Hs110|chr9,531
CCDS6992.1|Hs110|chr9,513
CCDS6993.1|Hs110|chr9,1764
CCDS6994.1|Hs110|chr9,1194
CCDS6995.1|Hs110|chr9,1209
CCDS6996.2|Hs110|chr9,1374
CCDS6997.1|Hs110|chr9,1611
CCDS6998.1|Hs110|chr9,4410
CCDS6999.2|Hs110|chr9,1239
CCDS7000.1|Hs110|chr9,1935
CCDS7002.1|Hs110|chr9,822
CCDS7003.1|Hs110|chr9,837
CCDS7004.1|Hs110|chr9,1296
CCDS7005.1|Hs110|chr9,492
CCDS7006.1|Hs110|chr9,555
CCDS7007.1|Hs110|chr9,327
CCDS7009.1|Hs110|chr9,378
CCDS7010.1|Hs110|chr9,3414
CCDS7011.1|Hs110|chr9,447
CCDS7012.1|Hs110|chr9,420
CCDS7013.1|Hs110|chr9,1506
CCDS7014.1|Hs110|chr9,1701
CCDS7017.1|Hs110|chr9,609
CCDS7018.2|Hs110|chr9,579
CCDS7019.1|Hs110|chr9,573
CCDS7020.1|Hs110|chr9,615
CCDS7021.1|Hs110|chr9,711
CCDS7022.1|Hs110|chr9,1029
CCDS7024.1|Hs110|chr9,978
CCDS7025.1|Hs110|chr9,1419
CCDS7026.1|Hs110|chr9,1488
CCDS7027.2|Hs110|chr9,1185
CCDS7028.2|Hs110|chr9,1524
CCDS7029.1|Hs110|chr9,2100
CCDS7030.1|Hs110|chr9,1479
CCDS7031.1|Hs110|chr9,2817
CCDS7032.1|Hs110|chr9,2706
CCDS7033.1|Hs110|chr9,2469
CCDS7034.1|Hs110|chr9,360
CCDS7036.1|Hs110|chr9,1794
CCDS7037.2|Hs110|chr9,786
CCDS7038.1|Hs110|chr9,1800
CCDS7039.1|Hs110|chr9,1338
CCDS7040.2|Hs110|chr9,1887
CCDS7041.1|Hs110|chr9,1272
CCDS7042.1|Hs110|chr9,1452
CCDS7043.1|Hs110|chr9,1377
CCDS7044.1|Hs110|chr9,1587
CCDS7045.1|Hs110|chr9,3954
CCDS7046.1|Hs110|chr9,414
CCDS7047.1|Hs110|chr9,1359
CCDS7048.1|Hs110|chr9,684
CCDS7049.1|Hs110|chr9,1302
CCDS7050.2|Hs110|chr9,3897
CCDS7051.10,1335
CCDS7052.20,1809
CCDS7053.20,1704
CCDS7054.10,4671
CCDS7055.10,684
CCDS7056.10,855
CCDS7057.10,1485
CCDS7058.10,2220
CCDS7059.10,2355
CCDS7060.10,852
CCDS7061.10,972
CCDS7062.10,972
CCDS7063.10,972
CCDS7064.10,972
CCDS7065.10,486
CCDS7066.20,1341
CCDS7067.10,1629
CCDS7068.10,441
CCDS7069.10,450
CCDS7070.10,837
CCDS7071.10,1338
CCDS7072.10,3132
CCDS7073.10,3285
CCDS7074.10,804
CCDS7075.20,705
CCDS7076.10,819
CCDS7077.10,1206
CCDS7078.10,1563
CCDS7079.10,2121
CCDS7080.10,1182
CCDS7081.10,894
CCDS7083.10,1332
CCDS7084.10,912
CCDS7085.10,1308
CCDS7086.10,3819
CCDS7087.10,2760
CCDS7088.10,1431
CCDS7089.10,660
CCDS7090.10,1011
CCDS7091.10,1158
CCDS7092.10,1074
CCDS7093.10,813
CCDS7094.10,1734
CCDS7095.10,2625
CCDS7096.10,2628
CCDS7097.10,1017
CCDS7098.10,1179
CCDS7099.10,1407
CCDS7100.10,1029
CCDS7101.10,3120
CCDS7102.10,921
CCDS7103.10,1530
CCDS7104.10,1053
CCDS7105.10,1734
CCDS7106.10,957
CCDS7108.10,852
CCDS7109.10,1497
CCDS7110.10,1338
CCDS7111.10,1050
CCDS7112.10,834
CCDS7113.10,10872
CCDS7114.10,1176
CCDS7120.10,1401
CCDS7121.10,867
CCDS7122.10,1623
CCDS7123.20,4371
CCDS7124.10,1965
CCDS7125.10,1983
CCDS7126.10,1911
CCDS7127.10,1899
CCDS7128.10,1818
CCDS7129.10,1839
CCDS7130.10,1410
CCDS7131.10,540
CCDS7132.10,1590
CCDS7133.10,813
CCDS7134.10,3045
CCDS7135.10,3084
CCDS7136.10,1665
CCDS7137.10,588
CCDS7138.10,981
CCDS7139.10,1530
CCDS7140.10,1377
CCDS7141.10,1221
CCDS7142.10,2619
CCDS7143.10,987
CCDS7144.20,5877
CCDS7145.10,678
CCDS7146.10,771
CCDS7147.10,2232
CCDS7148.10,4851
CCDS7149.10,1758
CCDS7150.10,1527
CCDS7151.10,2151
CCDS7152.10,2322
CCDS7153.10,2637
CCDS7154.10,1473
CCDS7155.10,621
CCDS7156.10,1059
CCDS7157.10,3135
CCDS7158.10,1731
CCDS7159.10,1944
CCDS7160.10,1635
CCDS7161.10,1809
CCDS7162.10,783
CCDS7163.10,5367
CCDS7164.10,6645
CCDS7165.10,1749
CCDS7166.10,1404
CCDS7167.30,447
CCDS7168.10,2487
CCDS7169.10,3375
CCDS7170.10,2541
CCDS7171.10,2892
CCDS7172.10,2511
CCDS7173.10,1461
CCDS7174.10,2397
CCDS7177.10,2772
CCDS7178.10,4071
CCDS7179.10,2238
CCDS7180.10,903
CCDS7181.10,900
CCDS7182.10,747
CCDS7183.10,666
CCDS7184.10,414
CCDS7185.10,813
CCDS7186.10,738
CCDS7187.10,363
CCDS7188.10,339
CCDS7189.10,1026
CCDS7190.10,864
CCDS7191.10,1113
CCDS7192.10,2085
CCDS7193.20,4194
CCDS7194.10,1740
CCDS7195.10,1371
CCDS7198.10,2337
CCDS7199.10,3849
CCDS7200.10,3345
CCDS7201.10,1629
CCDS7202.20,1446
CCDS7203.10,270
CCDS7204.10,1248
CCDS7205.20,1326
CCDS7206.10,822
CCDS7207.10,270
CCDS7208.10,966
CCDS7210.10,639
CCDS7211.10,675
CCDS7212.10,2025
CCDS7213.10,876
CCDS7214.10,2184
CCDS7215.10,1992
CCDS7223.10,1284
CCDS7224.10,1284
CCDS7225.10,1155
CCDS7226.10,1155
CCDS7227.10,2097
CCDS7228.10,576
CCDS7229.10,4482
CCDS7231.10,1599
CCDS7232.10,2247
CCDS7233.10,1893
CCDS7234.10,3033
CCDS7239.20,2343
CCDS7240.10,1242
CCDS7241.10,1761
CCDS7242.10,1785
CCDS7243.10,1785
CCDS7244.10,2061
CCDS7245.10,1851
CCDS7246.10,801
CCDS7247.10,747
CCDS7248.10,5868
CCDS7249.10,834
CCDS7250.10,1251
CCDS7251.10,327
CCDS7252.10,444
CCDS7253.10,741
CCDS7254.10,1131
CCDS7255.10,1758
CCDS7256.10,1530
CCDS7257.10,1425
CCDS7258.10,13134
CCDS7259.10,3006
CCDS7260.10,723
CCDS7261.10,2091
CCDS7262.10,627
CCDS7263.10,1830
CCDS7266.20,813
CCDS7267.10,1431
CCDS7268.10,864
CCDS7269.10,2688
CCDS7270.10,1746
CCDS7271.10,597
CCDS7272.10,324
CCDS7273.10,2244
CCDS7274.10,3150
CCDS7275.10,3963
CCDS7276.10,459
CCDS7277.20,867
CCDS7278.10,1041
CCDS7279.10,996
CCDS7280.10,999
CCDS7281.10,6411
CCDS7282.10,3453
CCDS7283.10,2214
CCDS7284.10,1866
CCDS7285.10,477
CCDS7286.10,984
CCDS7287.10,2361
CCDS7288.10,2754
CCDS7289.10,2766
CCDS7291.10,2751
CCDS7292.10,2754
CCDS7293.10,1197
CCDS7294.10,885
CCDS7295.10,366
CCDS7296.10,1119
CCDS7297.10,1122
CCDS7298.10,597
CCDS7299.10,870
CCDS7300.10,387
CCDS7301.10,405
CCDS7302.10,555
CCDS7303.10,363
CCDS7304.10,1044
CCDS7305.10,1668
CCDS7306.10,3672
CCDS7307.10,3681
CCDS7308.10,1056
CCDS7309.10,2838
CCDS7310.10,1428
CCDS7311.10,1575
CCDS7312.10,1440
CCDS7313.10,1275
CCDS7314.10,333
CCDS7315.10,699
CCDS7316.30,1128
CCDS7317.10,1056
CCDS7318.10,1638
CCDS7319.10,588
CCDS7320.10,1605
CCDS7321.10,1935
CCDS7322.10,783
CCDS7323.10,414
CCDS7325.10,1401
CCDS7326.10,1467
CCDS7328.10,1575
CCDS7329.20,5055
CCDS7330.10,900
CCDS7331.10,2262
CCDS7332.10,3285
CCDS7333.10,1479
CCDS7334.10,357
CCDS7335.10,2652
CCDS7336.10,1488
CCDS7337.10,1584
CCDS7338.10,1671
CCDS7339.10,1296
CCDS7340.10,3201
CCDS7341.10,3405
CCDS7342.10,1257
CCDS7343.10,1089
CCDS7344.10,1038
CCDS7345.10,6222
CCDS7346.10,597
CCDS7347.10,981
CCDS7348.10,885
CCDS7349.10,789
CCDS7350.10,1941
CCDS7351.10,597
CCDS7352.10,3537
CCDS7353.20,5760
CCDS7354.10,4173
CCDS7355.10,402
CCDS7356.10,393
CCDS7357.10,3204
CCDS7358.10,624
CCDS7359.10,726
CCDS7362.10,1128
CCDS7363.10,372
CCDS7364.10,1518
CCDS7365.10,1188
CCDS7366.10,534
CCDS7367.10,534
CCDS7368.10,690
CCDS7369.10,813
CCDS7370.10,1074
CCDS7371.10,246
CCDS7372.10,2580
CCDS7373.10,1872
CCDS7374.10,888
CCDS7375.10,3573
CCDS7376.10,1437
CCDS7377.10,2184
CCDS7378.10,1599
CCDS7379.10,2850
CCDS7380.10,384
CCDS7381.10,231
CCDS7382.10,1677
CCDS7383.10,2508
CCDS7384.10,1464
CCDS7385.10,1845
CCDS7386.10,1086
CCDS7388.10,948
CCDS7389.10,1197
CCDS7390.10,576
CCDS7391.10,1311
CCDS7392.10,1134
CCDS7393.10,1008
CCDS7394.10,945
CCDS7395.10,663
CCDS7400.10,819
CCDS7401.10,1200
CCDS7402.10,1473
CCDS7403.10,1449
CCDS7404.20,1551
CCDS7405.10,945
CCDS7406.10,1122
CCDS7407.10,5343
CCDS7408.10,1440
CCDS7409.10,1338
CCDS7410.10,1299
CCDS7411.10,807
CCDS7412.10,960
CCDS7413.10,771
CCDS7414.10,2331
CCDS7415.10,624
CCDS7416.10,954
CCDS7417.10,3501
CCDS7418.10,777
CCDS7419.10,5550
CCDS7420.10,837
CCDS7421.10,3060
CCDS7422.10,3171
CCDS7423.10,813
CCDS7424.20,2415
CCDS7425.10,1569
CCDS7426.10,1494
CCDS7427.10,1287
CCDS7428.10,1395
CCDS7429.10,2577
CCDS7430.10,948
CCDS7431.10,1674
CCDS7432.10,1095
CCDS7433.10,2403
CCDS7434.10,2517
CCDS7435.10,1473
CCDS7436.10,1473
CCDS7437.10,1473
CCDS7438.10,1473
CCDS7440.20,1443
CCDS7441.10,990
CCDS7442.10,2451
CCDS7443.10,2388
CCDS7444.10,1533
CCDS7445.10,1119
CCDS7446.10,1371
CCDS7447.10,1530
CCDS7448.10,426
CCDS7449.10,3048
CCDS7450.10,1770
CCDS7451.10,1302
CCDS7453.10,4605
CCDS7454.20,1485
CCDS7455.10,840
CCDS7456.10,702
CCDS7457.10,3894
CCDS7458.10,765
CCDS7459.10,588
CCDS7460.10,1134
CCDS7461.10,1086
CCDS7462.10,1017
CCDS7463.10,891
CCDS7464.10,3093
CCDS7465.10,684
CCDS7466.10,1083
CCDS7467.10,984
CCDS7468.10,441
CCDS7469.10,1440
CCDS7470.10,444
CCDS7472.10,954
CCDS7473.10,2271
CCDS7474.10,1746
CCDS7475.10,2103
CCDS7476.10,975
CCDS7477.10,1779
CCDS7478.20,2856
CCDS7479.10,1242
CCDS7480.10,1815
CCDS7481.10,1167
CCDS7482.10,1233
CCDS7483.10,822
CCDS7484.10,4638
CCDS7485.10,4734
CCDS7486.10,1377
CCDS7487.20,1047
CCDS7488.10,2238
CCDS7489.10,1617
CCDS7490.10,429
CCDS7492.10,2418
CCDS7493.10,1080
CCDS7494.10,1056
CCDS7495.10,3540
CCDS7497.10,561
CCDS7498.10,1050
CCDS7499.10,1191
CCDS7500.10,3522
CCDS7501.10,2532
CCDS7502.10,648
CCDS7503.10,609
CCDS7504.10,708
CCDS7505.10,480
CCDS7506.10,2055
CCDS7507.10,2010
CCDS7508.30,966
CCDS7509.10,915
CCDS7510.10,993
CCDS7511.10,1710
CCDS7512.10,1818
CCDS7513.10,1728
CCDS7514.10,612
CCDS7515.10,648
CCDS7516.10,735
CCDS7517.10,702
CCDS7518.10,615
CCDS7519.10,537
CCDS7520.10,2751
CCDS7521.10,858
CCDS7522.10,813
CCDS7523.10,684
CCDS7524.10,663
CCDS7525.10,678
CCDS7526.10,555
CCDS7527.10,2328
CCDS7528.10,1128
CCDS7529.10,4995
CCDS7530.10,2100
CCDS7531.10,813
CCDS7532.10,909
CCDS7533.10,5580
CCDS7535.10,1554
CCDS7536.10,1131
CCDS7537.10,1455
CCDS7538.10,549
CCDS7539.10,969
CCDS7540.10,1029
CCDS7541.10,1527
CCDS7542.20,321
CCDS7543.10,1659
CCDS7544.10,1686
CCDS7545.10,1500
CCDS7546.10,828
CCDS7547.10,2403
CCDS7548.10,177
CCDS7549.10,972
CCDS7550.10,1041
CCDS7551.10,1725
CCDS7552.10,1107
CCDS7553.10,3708
CCDS7554.10,4494
CCDS7555.10,726
CCDS7556.10,732
CCDS7557.10,1644
CCDS7558.10,3669
CCDS7559.10,3507
CCDS7560.20,2001
CCDS7561.10,2121
CCDS7562.10,2025
CCDS7563.10,888
CCDS7564.20,687
CCDS7565.10,717
CCDS7566.10,1155
CCDS7567.10,1410
CCDS7568.10,1749
CCDS7569.20,1398
CCDS7570.10,2487
CCDS7571.10,990
CCDS7572.10,2220
CCDS7573.10,2052
CCDS7574.10,1242
CCDS7575.20,654
CCDS7576.10,1791
CCDS7577.10,1683
CCDS7578.10,5088
CCDS7579.10,5193
CCDS7580.10,1011
CCDS7581.10,912
CCDS7582.10,762
CCDS7583.10,1092
CCDS7584.10,3123
CCDS7585.10,2181
CCDS7586.10,1434
CCDS7587.10,2697
CCDS7588.10,3570
CCDS7589.20,2268
CCDS7590.10,2337
CCDS7591.10,1050
CCDS7592.10,4140
CCDS7593.10,1383
CCDS7594.10,1398
CCDS7595.10,1404
CCDS7596.10,465
CCDS7597.10,561
CCDS7598.10,1155
CCDS7599.10,1545
CCDS7600.10,3465
CCDS7601.10,759
CCDS7602.10,1539
CCDS7605.10,702
CCDS7606.10,1113
CCDS7607.10,879
CCDS7608.10,4149
CCDS7609.10,1074
CCDS7610.10,1014
CCDS7611.10,771
CCDS7612.10,1773
CCDS7613.10,1128
CCDS7615.10,1728
CCDS7616.10,3399
CCDS7617.10,1929
CCDS7618.10,3003
CCDS7619.10,3675
CCDS7620.20,2469
CCDS7624.10,1158
CCDS7625.10,3285
CCDS7626.10,8847
CCDS7627.10,3081
CCDS7628.10,2991
CCDS7629.10,1215
CCDS7630.10,1443
CCDS7631.10,1824
CCDS7632.10,1338
CCDS7633.10,1047
CCDS7634.10,1299
CCDS7635.10,987
CCDS7636.10,1014
CCDS7637.10,2271
CCDS7638.10,1686
CCDS7639.10,1320
CCDS7640.10,813
CCDS7641.10,1269
CCDS7642.10,2127
CCDS7643.10,1338
CCDS7644.10,2958
CCDS7646.10,3615
CCDS7647.10,1710
CCDS7648.10,798
CCDS7649.10,969
CCDS7650.10,879
CCDS7651.10,945
CCDS7652.10,2232
CCDS7653.10,2730
CCDS7654.10,2217
CCDS7655.20,957
CCDS7656.10,681
CCDS7657.10,2103
CCDS7658.10,1929
CCDS7659.10,9771
CCDS7660.30,624
CCDS7661.10,1008
CCDS7662.20,1761
CCDS7663.30,585
CCDS7665.10,1719
CCDS7666.10,1461
CCDS7667.20,1773
CCDS7669.20,1239
CCDS7670.10,834
CCDS7674.10,5250
CCDS7675.10,777
CCDS7676.10,2709
CCDS7677.10,759
CCDS7678.10,654
CCDS7679.10,456
CCDS7680.10,405
CCDS7681.10,873
CCDS7682.10,1461
CCDS7683.10,1536
CCDS7684.10,978
CCDS7686.10,1482
CCDS7687.10,849
CCDS7688.11,765
CCDS7689.11,309
CCDS7690.11,1614
CCDS7691.11,1200
CCDS7692.11,1131
CCDS7693.11,2679
CCDS7694.11,3120
CCDS7695.11,2394
CCDS7696.11,1464
CCDS7697.11,1386
CCDS7698.11,570
CCDS7699.11,513
CCDS7700.11,1629
CCDS7701.11,1905
CCDS7702.11,1122
CCDS7703.11,1512
CCDS7704.11,1425
CCDS7705.11,1551
CCDS7707.11,2538
CCDS7708.11,1956
CCDS7709.11,366
CCDS7710.11,1260
CCDS7711.21,372
CCDS7712.11,1014
CCDS7713.11,663
CCDS7714.11,450
CCDS7715.11,972
CCDS7716.11,2733
CCDS7717.11,348
CCDS7718.11,1515
CCDS7719.11,762
CCDS7720.11,204
CCDS7721.11,717
CCDS7722.11,1182
CCDS7723.11,825
CCDS7724.11,1878
CCDS7725.11,1239
CCDS7726.21,1206
CCDS7727.11,777
CCDS7728.11,543
CCDS7729.11,333
CCDS7730.11,1494
CCDS7731.11,1587
CCDS7732.11,582
CCDS7733.11,963
CCDS7734.11,711
CCDS7735.11,990
CCDS7736.11,2031
CCDS7738.11,951
CCDS7740.11,1275
CCDS7741.11,459
CCDS7742.11,2247
CCDS7743.11,876
CCDS7744.11,984
CCDS7745.11,1353
CCDS7746.11,5403
CCDS7747.11,948
CCDS7748.11,576
CCDS7749.11,2058
CCDS7750.11,2379
CCDS7751.11,963
CCDS7752.11,786
CCDS7753.11,444
CCDS7754.11,444
CCDS7755.11,444
CCDS7756.11,444
CCDS7757.11,933
CCDS7758.11,1968
CCDS7759.11,1002
CCDS7760.11,2961
CCDS7761.11,1344
CCDS7762.11,786
CCDS7763.11,1389
CCDS7764.11,2235
CCDS7765.11,1026
CCDS7766.11,312
CCDS7767.11,1794
CCDS7768.11,1359
CCDS7769.11,657
CCDS7770.11,1692
CCDS7771.11,9897
CCDS7772.11,984
CCDS7773.11,954
CCDS7774.11,948
CCDS7775.11,1554
CCDS7776.11,3282
CCDS7777.11,1179
CCDS7778.11,1476
CCDS7779.11,1209
CCDS7780.11,831
CCDS7782.11,969
CCDS7783.11,936
CCDS7784.11,1968
CCDS7785.11,1074
CCDS7786.11,1686
CCDS7787.11,1521
CCDS7788.11,1107
CCDS7789.11,1545
CCDS7790.11,447
CCDS7791.11,3414
CCDS7792.11,2154
CCDS7793.11,633
CCDS7794.11,1404
CCDS7795.11,546
CCDS7796.11,597
CCDS7797.21,2916
CCDS7799.21,1917
CCDS7800.11,1941
CCDS7801.11,558
CCDS7802.11,2331
CCDS7803.11,693
CCDS7804.11,969
CCDS7805.11,3522
CCDS7807.11,1824
CCDS7808.11,1053
CCDS7809.11,3375
CCDS7810.21,1281
CCDS7811.11,1428
CCDS7812.11,348
CCDS7813.11,1548
CCDS7814.11,615
CCDS7815.11,2862
CCDS7816.11,792
CCDS7817.11,3339
CCDS7818.11,1506
CCDS7819.11,426
CCDS7820.11,384
CCDS7821.11,2427
CCDS7822.11,552
CCDS7823.11,456
CCDS7824.11,5061
CCDS7825.11,2700
CCDS7826.11,963
CCDS7827.11,1536
CCDS7828.11,1377
CCDS7829.11,1335
CCDS7830.11,969
CCDS7831.11,969
CCDS7832.11,393
CCDS7833.11,369
CCDS7835.11,369
CCDS7836.11,3390
CCDS7837.11,3048
CCDS7838.11,1647
CCDS7839.11,999
CCDS7840.11,999
CCDS7841.11,999
CCDS7842.11,1173
CCDS7843.11,1140
CCDS7844.11,723
CCDS7845.11,1698
CCDS7846.11,969
CCDS7847.11,993
CCDS7848.11,585
CCDS7849.11,2604
CCDS7850.11,7290
CCDS7851.21,7299
CCDS7852.11,729
CCDS7853.11,1596
CCDS7854.11,2394
CCDS7855.11,2433
CCDS7856.11,1749
CCDS7857.11,1125
CCDS7858.11,942
CCDS7859.11,1005
CCDS7860.21,1857
CCDS7861.11,636
CCDS7862.11,1164
CCDS7863.11,690
CCDS7864.11,594
CCDS7865.11,768
CCDS7866.11,744
CCDS7867.11,2697
CCDS7868.11,390
CCDS7869.11,783
CCDS7870.11,885
CCDS7872.11,1065
CCDS7873.21,450
CCDS7874.11,501
CCDS7875.21,1275
CCDS7876.11,996
CCDS7878.31,1569
CCDS7880.11,1125
CCDS7881.11,681
CCDS7882.11,1530
CCDS7883.11,2154
CCDS7884.11,3648
CCDS7886.11,387
CCDS7887.11,1416
CCDS7888.21,684
CCDS7889.11,3078
CCDS7890.21,3078
CCDS7891.11,1584
CCDS7892.11,798
CCDS7893.11,768
CCDS7894.11,903
CCDS7895.11,729
CCDS7896.11,1506
CCDS7897.11,2229
CCDS7898.11,2214
CCDS7900.11,597
CCDS7901.11,1569
CCDS7902.11,3132
CCDS7903.11,1584
CCDS7904.11,666
CCDS7905.11,939
CCDS7906.11,861
CCDS7907.11,1506
CCDS7908.11,2157
CCDS7909.11,804
CCDS7910.11,747
CCDS7911.11,570
CCDS7913.11,1236
CCDS7914.11,1095
CCDS7915.31,1782
CCDS7916.11,2136
CCDS7917.11,1041
CCDS7918.11,2838
CCDS7919.11,432
CCDS7920.11,1050
CCDS7921.11,1443
CCDS7922.11,1320
CCDS7923.11,2163
CCDS7924.11,5919
CCDS7925.11,996
CCDS7926.11,1566
CCDS7927.11,1284
CCDS7928.11,1272
CCDS7929.11,1344
CCDS7930.11,4944
CCDS7931.11,4767
CCDS7932.11,4827
CCDS7933.21,813
CCDS7934.11,1095
CCDS7935.11,1320
CCDS7936.11,1239
CCDS7937.11,1062
CCDS7938.11,1449
CCDS7939.11,1452
CCDS7940.11,1557
CCDS7941.11,795
CCDS7942.11,990
CCDS7943.11,912
CCDS7944.11,2709
CCDS7945.11,4014
CCDS7946.11,2253
CCDS7947.21,675
CCDS7949.11,945
CCDS7950.11,1143
CCDS7951.11,5190
CCDS7952.11,2130
CCDS7953.11,1194
CCDS7954.11,678
CCDS7955.11,669
CCDS7956.11,1476
CCDS7957.11,1263
CCDS7958.11,1680
CCDS7959.11,273
CCDS7960.11,462
CCDS7961.11,264
CCDS7962.11,1503
CCDS7963.11,384
CCDS7964.11,1278
CCDS7965.11,2148
CCDS7966.31,585
CCDS7967.11,891
CCDS7968.11,918
CCDS7969.11,1161
CCDS7970.11,891
CCDS7971.11,492
CCDS7972.11,2205
CCDS7973.11,1836
CCDS7974.11,2424
CCDS7975.11,870
CCDS7976.11,756
CCDS7977.11,1254
CCDS7978.11,1302
CCDS7979.11,477
CCDS7980.11,735
CCDS7981.11,747
CCDS7982.11,720
CCDS7984.11,444
CCDS7985.11,723
CCDS7986.11,588
CCDS7987.11,603
CCDS7988.11,804
CCDS7990.11,753
CCDS7991.11,444
CCDS7992.11,804
CCDS7993.11,1083
CCDS7994.11,1188
CCDS7995.11,1515
CCDS7996.11,732
CCDS7997.11,3075
CCDS7998.11,1746
CCDS7999.11,2007
CCDS8000.11,1488
CCDS8001.11,1167
CCDS8002.11,2868
CCDS8003.11,1728
CCDS8004.11,729
CCDS8005.11,489
CCDS8006.21,1545
CCDS8007.11,501
CCDS8008.11,1278
CCDS8009.11,240
CCDS8010.11,1143
CCDS8011.21,1506
CCDS8012.11,1335
CCDS8013.11,1338
CCDS8014.11,1149
CCDS8015.11,273
CCDS8016.11,288
CCDS8017.11,273
CCDS8018.11,282
CCDS8019.11,927
CCDS8020.11,276
CCDS8021.31,2625
CCDS8022.11,2007
CCDS8023.21,2691
CCDS8024.11,1056
CCDS8025.11,1008
CCDS8026.11,2835
CCDS8027.11,3060
CCDS8028.11,792
CCDS8029.11,939
CCDS8030.11,717
CCDS8031.11,1197
CCDS8032.11,228
CCDS8033.11,516
CCDS8034.21,1575
CCDS8035.11,1869
CCDS8036.11,660
CCDS8037.11,1860
CCDS8038.21,1068
CCDS8039.21,1893
CCDS8040.11,1383
CCDS8041.11,1653
CCDS8042.11,1629
CCDS8043.11,1662
CCDS8044.11,840
CCDS8045.21,945
CCDS8046.11,489
CCDS8047.11,489
CCDS8048.11,726
CCDS8049.11,711
CCDS8050.11,3042
CCDS8051.21,2175
CCDS8052.11,1572
CCDS8053.11,714
CCDS8054.11,210
CCDS8055.11,816
CCDS8056.11,978
CCDS8057.11,2025
CCDS8058.11,1632
CCDS8059.11,1992
CCDS8060.11,2004
CCDS8061.11,912
CCDS8062.11,624
CCDS8063.11,429
CCDS8064.11,3705
CCDS8065.11,507
CCDS8066.11,1254
CCDS8067.11,1182
CCDS8068.11,378
CCDS8069.11,645
CCDS8070.11,513
CCDS8071.11,378
CCDS8072.21,4431
CCDS8073.11,2319
CCDS8074.11,1653
CCDS8075.11,1662
CCDS8077.11,5139
CCDS8078.11,2001
CCDS8079.11,2529
CCDS8080.11,1917
CCDS8081.11,1647
CCDS8082.11,2463
CCDS8083.11,1848
CCDS8084.11,1605
CCDS8085.11,1494
CCDS8086.11,390
CCDS8087.11,825
CCDS8088.11,555
CCDS8089.11,1029
CCDS8090.11,771
CCDS8091.11,759
CCDS8092.11,933
CCDS8093.11,2349
CCDS8094.11,1212
CCDS8095.11,402
CCDS8096.11,501
CCDS8097.11,1851
CCDS8098.11,1797
CCDS8099.11,633
CCDS8100.11,1176
CCDS8101.11,1416
CCDS8102.11,1395
CCDS8103.11,3771
CCDS8104.11,600
CCDS8105.11,531
CCDS8106.11,759
CCDS8107.11,2544
CCDS8108.11,3129
CCDS8109.11,1386
CCDS8110.11,1641
CCDS8111.11,495
CCDS8112.11,804
CCDS8113.21,1212
CCDS8114.11,501
CCDS8115.11,1656
CCDS8116.11,1332
CCDS8117.11,1131
CCDS8118.11,1074
CCDS8119.11,1095
CCDS8120.11,609
CCDS8121.11,816
CCDS8122.21,879
CCDS8123.11,618
CCDS8124.11,498
CCDS8125.11,270
CCDS8126.11,450
CCDS8127.11,2343
CCDS8128.11,1296
CCDS8129.11,2892
CCDS8130.11,1869
CCDS8131.11,483
CCDS8132.11,882
CCDS8133.11,1407
CCDS8134.11,2274
CCDS8135.11,741
CCDS8136.11,1248
CCDS8137.11,1371
CCDS8138.11,2409
CCDS8139.11,579
CCDS8140.11,546
CCDS8141.11,2214
CCDS8142.11,1782
CCDS8143.11,855
CCDS8144.11,1455
CCDS8145.11,2550
CCDS8146.11,825
CCDS8147.11,2010
CCDS8149.11,1080
CCDS8150.11,7173
CCDS8151.11,990
CCDS8152.11,3537
CCDS8153.11,1908
CCDS8154.11,1266
CCDS8155.11,633
CCDS8156.11,2070
CCDS8157.11,1980
CCDS8158.11,324
CCDS8159.11,1176
CCDS8160.11,993
CCDS8161.11,861
CCDS8162.11,1341
CCDS8163.11,621
CCDS8164.11,1470
CCDS8165.11,1413
CCDS8166.11,828
CCDS8167.11,588
CCDS8168.11,993
CCDS8169.11,381
CCDS8170.11,663
CCDS8173.11,1395
CCDS8174.11,423
CCDS8175.11,960
CCDS8176.11,633
CCDS8177.11,2493
CCDS8178.11,1374
CCDS8179.11,1320
CCDS8180.11,1350
CCDS8181.11,4848
CCDS8182.11,2382
CCDS8183.11,372
CCDS8184.11,1527
CCDS8185.11,2322
CCDS8186.11,618
CCDS8187.11,2982
CCDS8188.11,1032
CCDS8189.11,2259
CCDS8190.11,942
CCDS8191.11,888
CCDS8192.11,414
CCDS8193.11,651
CCDS8194.11,621
CCDS8195.11,720
CCDS8196.11,627
CCDS8197.11,1542
CCDS8200.11,1428
CCDS8201.11,2121
CCDS8203.11,984
CCDS8205.11,492
CCDS8206.21,585
CCDS8207.21,600
CCDS8208.11,579
CCDS8209.11,486
CCDS8210.11,366
CCDS8211.11,774
CCDS8212.11,768
CCDS8213.11,3777
CCDS8214.11,855
CCDS8215.11,2124
CCDS8216.11,2826
CCDS8217.21,3618
CCDS8218.21,2223
CCDS8219.11,1134
CCDS8220.11,987
CCDS8221.11,6192
CCDS8222.11,1293
CCDS8223.11,627
CCDS8224.11,627
CCDS8225.11,264
CCDS8226.11,1179
CCDS8227.11,951
CCDS8228.11,930
CCDS8229.11,939
CCDS8230.11,1635
CCDS8231.11,1869
CCDS8232.11,312
CCDS8233.11,1401
CCDS8234.11,1356
CCDS8235.11,2130
CCDS8236.11,732
CCDS8238.11,1818
CCDS8239.11,1257
CCDS8240.11,1005
CCDS8241.11,2100
CCDS8242.11,1065
CCDS8243.11,2286
CCDS8244.11,3969
CCDS8245.11,1989
CCDS8246.11,1062
CCDS8247.11,804
CCDS8248.11,1923
CCDS8249.11,1563
CCDS8250.11,1638
CCDS8251.11,816
CCDS8252.11,714
CCDS8253.11,4326
CCDS8254.11,369
CCDS8255.21,768
CCDS8256.11,441
CCDS8257.11,360
CCDS8258.11,1581
CCDS8259.11,2031
CCDS8260.11,1917
CCDS8261.11,1434
CCDS8262.11,1491
CCDS8263.11,2997
CCDS8264.11,612
CCDS8265.11,1170
CCDS8266.11,765
CCDS8267.21,693
CCDS8268.11,588
CCDS8270.11,1125
CCDS8271.11,1335
CCDS8272.11,1959
CCDS8273.11,1326
CCDS8275.11,594
CCDS8276.11,1689
CCDS8277.11,1815
CCDS8278.11,1152
CCDS8279.11,1614
CCDS8280.11,1377
CCDS8281.11,636
CCDS8282.11,1392
CCDS8283.11,3543
CCDS8284.11,1590
CCDS8285.11,1737
CCDS8287.11,1359
CCDS8288.11,2223
CCDS8289.11,999
CCDS8290.11,1089
CCDS8291.11,1515
CCDS8292.11,180
CCDS8293.11,837
CCDS8294.11,798
CCDS8295.11,1956
CCDS8296.11,1281
CCDS8297.11,1272
CCDS8298.11,2043
CCDS8299.11,2127
CCDS8300.11,720
CCDS8301.11,1593
CCDS8302.11,1572
CCDS8303.11,1479
CCDS8304.11,1503
CCDS8305.11,1932
CCDS8306.11,1716
CCDS8307.11,1635
CCDS8308.11,1575
CCDS8310.11,2802
CCDS8311.11,2796
CCDS8312.11,1167
CCDS8313.21,804
CCDS8314.21,1353
CCDS8315.11,1815
CCDS8316.11,1857
CCDS8317.11,804
CCDS8318.11,1452
CCDS8319.11,1542
CCDS8320.11,1404
CCDS8321.11,1431
CCDS8322.11,1410
CCDS8323.11,1434
CCDS8324.11,1416
CCDS8325.11,714
CCDS8326.11,1095
CCDS8327.11,1134
CCDS8328.21,1305
CCDS8329.11,1152
CCDS8330.11,1215
CCDS8331.11,792
CCDS8332.11,267
CCDS8333.11,2709
CCDS8334.11,1839
CCDS8335.11,2199
CCDS8336.21,2685
CCDS8337.21,1995
CCDS8338.11,654
CCDS8339.11,1284
CCDS8340.11,942
CCDS8341.11,5970
CCDS8342.11,2628
CCDS8343.11,1752
CCDS8344.11,555
CCDS8346.11,672
CCDS8347.11,2781
CCDS8348.11,2004
CCDS8349.11,1806
CCDS8350.11,453
CCDS8351.11,528
CCDS8352.11,549
CCDS8353.11,372
CCDS8354.11,1944
CCDS8355.11,948
CCDS8356.21,882
CCDS8357.31,252
CCDS8358.21,1740
CCDS8359.11,438
CCDS8360.21,2118
CCDS8361.11,1332
CCDS8362.11,1245
CCDS8363.11,2340
CCDS8364.11,1326
CCDS8365.31,1437
CCDS8366.31,1533
CCDS8367.11,2022
CCDS8368.11,795
CCDS8369.21,444
CCDS8370.11,801
CCDS8371.11,714
CCDS8372.11,1218
CCDS8373.11,1329
CCDS8374.11,1860
CCDS8375.11,1380
CCDS8376.21,1101
CCDS8377.11,300
CCDS8378.11,804
CCDS8379.21,3966
CCDS8380.11,690
CCDS8381.11,606
CCDS8382.11,2358
CCDS8383.11,1506
CCDS8384.21,6162
CCDS8385.11,195
CCDS8386.11,201
CCDS8387.11,288
CCDS8388.11,1737
CCDS8389.11,687
CCDS8390.11,648
CCDS8391.11,1155
CCDS8392.11,708
CCDS8393.11,648
CCDS8394.11,516
CCDS8395.11,549
CCDS8396.11,3222
CCDS8397.11,312
CCDS8398.11,1101
CCDS8399.11,1068
CCDS8400.11,1536
CCDS8401.11,4134
CCDS8402.11,1119
CCDS8403.11,4500
CCDS8404.11,555
CCDS8405.11,999
CCDS8406.11,378
CCDS8407.11,660
CCDS8408.11,3000
CCDS8409.11,1086
CCDS8410.11,432
CCDS8411.11,1227
CCDS8413.11,2124
CCDS8414.11,1554
CCDS8415.11,1941
CCDS8416.11,2928
CCDS8417.11,1476
CCDS8418.11,2721
CCDS8419.11,1302
CCDS8420.11,732
CCDS8421.11,1740
CCDS8422.11,1818
CCDS8423.11,1191
CCDS8424.11,486
CCDS8426.11,1554
CCDS8427.11,1059
CCDS8428.11,1767
CCDS8430.11,822
CCDS8431.11,1311
CCDS8432.11,447
CCDS8433.11,2871
CCDS8434.11,6468
CCDS8435.11,900
CCDS8436.11,6645
CCDS8437.11,1182
CCDS8438.11,2337
CCDS8439.11,924
CCDS8440.11,1941
CCDS8441.11,1122
CCDS8442.11,648
CCDS8443.11,1947
CCDS8444.11,2361
CCDS8445.11,1248
CCDS8446.11,936
CCDS8447.11,1179
CCDS8448.21,1236
CCDS8449.11,1572
CCDS8450.11,456
CCDS8451.11,237
CCDS8452.11,984
CCDS8453.11,1173
CCDS8454.11,1524
CCDS8455.11,3024
CCDS8456.11,1251
CCDS8458.11,2118
CCDS8459.11,1431
CCDS8460.11,798
CCDS8461.11,633
CCDS8464.11,381
CCDS8465.11,342
CCDS8466.11,1446
CCDS8467.11,900
CCDS8468.11,3795
CCDS8469.11,1134
CCDS8470.11,1056
CCDS8471.11,1461
CCDS8472.11,666
CCDS8473.11,1014
CCDS8474.11,990
CCDS8475.11,1326
CCDS8476.11,1176
CCDS8477.11,1119
CCDS8479.11,1260
CCDS8480.21,375
CCDS8481.11,840
CCDS8482.11,828
CCDS8483.11,3975
CCDS8484.11,3471
CCDS8485.11,3072
CCDS8486.11,2292
CCDS8487.11,2568
CCDS8488.11,2853
CCDS8491.11,1035
CCDS8492.11,1038
CCDS8493.11,504
CCDS8494.21,933
CCDS8495.11,1011
CCDS8496.11,678
CCDS8497.11,501
CCDS8498.11,1248
CCDS8500.11,1005
CCDS8501.12,1845
CCDS8502.12,1809
CCDS8503.12,1467
CCDS8504.12,2997
CCDS8505.22,429
CCDS8506.12,7149
CCDS8507.22,1257
CCDS8508.12,3351
CCDS8509.12,1257
CCDS8510.12,1080
CCDS8511.12,1161
CCDS8512.12,1380
CCDS8513.12,1344
CCDS8514.12,846
CCDS8515.12,2292
CCDS8516.12,2406
CCDS8517.12,2247
CCDS8518.12,717
CCDS8519.12,1329
CCDS8520.12,720
CCDS8521.22,1185
CCDS8522.12,1188
CCDS8523.22,1017
CCDS8524.12,870
CCDS8525.12,813
CCDS8526.12,756
CCDS8527.12,627
CCDS8528.12,1659
CCDS8529.12,1008
CCDS8530.12,1563
CCDS8531.12,2562
CCDS8532.12,1134
CCDS8533.12,1914
CCDS8534.12,1590
CCDS8535.12,1488
CCDS8536.12,1842
CCDS8538.12,774
CCDS8539.12,8442
CCDS8540.12,687
CCDS8541.12,2373
CCDS8542.12,1368
CCDS8543.12,2010
CCDS8544.12,1308
CCDS8545.12,783
CCDS8546.12,1407
CCDS8547.12,387
CCDS8548.12,4206
CCDS8549.12,1008
CCDS8550.22,1689
CCDS8552.12,5739
CCDS8553.12,1119
CCDS8554.12,1632
CCDS8555.12,747
CCDS8557.12,1551
CCDS8558.12,828
CCDS8559.12,747
CCDS8560.12,309
CCDS8561.12,1578
CCDS8562.12,1377
CCDS8563.12,1767
CCDS8564.12,1023
CCDS8565.12,807
CCDS8566.12,750
CCDS8567.12,792
CCDS8568.12,939
CCDS8569.12,1032
CCDS8570.12,1305
CCDS8571.12,381
CCDS8572.12,1464
CCDS8573.12,1464
CCDS8574.12,408
CCDS8575.12,2871
CCDS8576.12,1896
CCDS8577.12,4362
CCDS8578.12,3471
CCDS8579.12,711
CCDS8581.12,1095
CCDS8582.12,480
CCDS8583.12,642
CCDS8584.12,549
CCDS8585.12,1563
CCDS8586.12,1491
CCDS8587.12,1725
CCDS8588.12,1449
CCDS8589.12,828
CCDS8590.12,714
CCDS8591.12,498
CCDS8592.12,615
CCDS8593.12,648
CCDS8594.12,660
CCDS8595.12,522
CCDS8596.22,4365
CCDS8597.12,3015
CCDS8598.12,834
CCDS8599.12,570
CCDS8600.12,4449
CCDS8601.12,678
CCDS8602.12,576
CCDS8604.12,600
CCDS8605.12,450
CCDS8606.12,483
CCDS8608.12,798
CCDS8609.12,699
CCDS8610.12,699
CCDS8611.12,726
CCDS8612.12,843
CCDS8613.12,606
CCDS8614.12,507
CCDS8617.12,234
CCDS8618.12,822
CCDS8619.12,492
CCDS8620.12,354
CCDS8621.12,540
CCDS8622.12,447
CCDS8624.12,477
CCDS8625.12,702
CCDS8626.12,648
CCDS8628.12,447
CCDS8629.12,1269
CCDS8630.12,1119
CCDS8631.12,957
CCDS8632.12,930
CCDS8633.12,939
CCDS8634.12,924
CCDS8635.12,912
CCDS8636.12,501
CCDS8637.12,954
CCDS8638.12,900
CCDS8639.12,930
CCDS8640.12,900
CCDS8641.12,744
CCDS8643.12,1359
CCDS8645.12,984
CCDS8646.12,759
CCDS8647.12,4842
CCDS8648.12,1296
CCDS8649.12,591
CCDS8650.12,1998
CCDS8651.12,363
CCDS8652.12,1248
CCDS8653.12,597
CCDS8654.12,747
CCDS8655.12,1368
CCDS8656.12,1221
CCDS8657.12,1074
CCDS8658.12,1038
CCDS8659.22,858
CCDS8660.12,474
CCDS8662.12,4455
CCDS8663.12,3813
CCDS8664.12,3222
CCDS8665.12,312
CCDS8666.12,1926
CCDS8667.12,738
CCDS8668.12,945
CCDS8669.12,312
CCDS8670.12,822
CCDS8671.12,606
CCDS8672.12,252
CCDS8673.12,600
CCDS8674.12,3567
CCDS8675.12,3651
CCDS8676.12,1053
CCDS8677.12,468
CCDS8678.12,438
CCDS8679.12,618
CCDS8680.12,1827
CCDS8681.12,900
CCDS8682.12,3351
CCDS8683.12,2139
CCDS8684.12,2109
CCDS8685.12,2076
CCDS8686.12,2013
CCDS8688.12,270
CCDS8689.12,417
CCDS8690.12,2112
CCDS8691.12,1005
CCDS8692.12,1275
CCDS8693.12,4650
CCDS8694.12,4650
CCDS8696.12,1305
CCDS8697.12,1071
CCDS8698.22,1092
CCDS8699.12,2292
CCDS8701.12,1500
CCDS8702.12,567
CCDS8703.12,570
CCDS8704.12,1167
CCDS8705.12,1179
CCDS8706.12,1449
CCDS8707.12,732
CCDS8708.12,2121
CCDS8709.12,762
CCDS8710.12,1713
CCDS8711.12,435
CCDS8712.12,1911
CCDS8713.12,3018
CCDS8714.12,972
CCDS8715.12,528
CCDS8716.12,1326
CCDS8717.12,1548
CCDS8718.12,2325
CCDS8719.12,3114
CCDS8720.12,3234
CCDS8721.12,2571
CCDS8723.12,666
CCDS8724.12,789
CCDS8725.22,5244
CCDS8726.12,2928
CCDS8727.12,2301
CCDS8728.12,2100
CCDS8729.12,2211
CCDS8730.12,2133
CCDS8731.12,2646
CCDS8732.12,1572
CCDS8733.12,1695
CCDS8734.12,2223
CCDS8736.22,1947
CCDS8737.12,3057
CCDS8738.12,3024
CCDS8739.12,2337
CCDS8740.12,654
CCDS8741.12,1104
CCDS8742.12,2496
CCDS8743.12,2106
CCDS8744.12,1383
CCDS8745.12,1545
CCDS8746.12,2451
CCDS8748.22,4392
CCDS8749.12,1521
CCDS8750.12,1644
CCDS8751.12,1569
CCDS8752.12,1299
CCDS8753.12,1998
CCDS8754.12,1110
CCDS8755.22,441
CCDS8756.22,2976
CCDS8757.12,1284
CCDS8758.12,753
CCDS8759.12,4257
CCDS8760.12,2343
CCDS8761.12,867
CCDS8762.12,768
CCDS8763.12,1317
CCDS8764.12,384
CCDS8765.12,429
CCDS8766.12,2181
CCDS8767.12,3507
CCDS8768.12,3348
CCDS8769.12,1455
CCDS8770.12,2463
CCDS8771.12,699
CCDS8772.12,1455
CCDS8773.12,606
CCDS8774.12,546
CCDS8775.12,1170
CCDS8776.12,1113
CCDS8777.12,996
CCDS8778.12,552
CCDS8779.12,1191
CCDS8780.22,1470
CCDS8781.12,1356
CCDS8782.12,1350
CCDS8783.12,1413
CCDS8784.12,2337
CCDS8785.12,1026
CCDS8786.12,3252
CCDS8787.12,1389
CCDS8788.12,2682
CCDS8790.12,879
CCDS8791.12,951
CCDS8792.12,816
CCDS8793.12,798
CCDS8795.12,1899
CCDS8796.12,1725
CCDS8797.22,1548
CCDS8798.22,1425
CCDS8799.12,1050
CCDS8800.12,174
CCDS8801.12,1179
CCDS8802.12,2280
CCDS8803.12,816
CCDS8804.12,735
CCDS8805.12,1686
CCDS8806.12,1083
CCDS8807.12,1632
CCDS8808.12,1509
CCDS8809.12,507
CCDS8811.32,1698
CCDS8812.12,777
CCDS8813.12,1869
CCDS8815.12,1359
CCDS8816.12,1518
CCDS8817.12,1188
CCDS8818.12,1797
CCDS8820.12,657
CCDS8821.22,1359
CCDS8822.12,1410
CCDS8823.12,1482
CCDS8824.12,1524
CCDS8825.12,1803
CCDS8826.12,1542
CCDS8827.12,1656
CCDS8828.12,1695
CCDS8829.12,1695
CCDS8830.12,1773
CCDS8831.12,1572
CCDS8832.12,1590
CCDS8833.12,1536
CCDS8834.12,1623
CCDS8835.12,1920
CCDS8836.12,1935
CCDS8837.12,1737
CCDS8838.12,1917
CCDS8839.12,1608
CCDS8840.12,1563
CCDS8841.12,1452
CCDS8842.12,4260
CCDS8843.12,4230
CCDS8844.12,3858
CCDS8845.12,1329
CCDS8846.12,723
CCDS8847.12,1569
CCDS8848.22,1563
CCDS8849.12,2397
CCDS8850.12,1365
CCDS8851.12,1353
CCDS8852.12,6363
CCDS8853.12,465
CCDS8854.12,330
CCDS8856.12,1641
CCDS8857.12,2358
CCDS8858.12,1722
CCDS8859.12,1089
CCDS8860.12,2580
CCDS8861.12,1101
CCDS8862.12,342
CCDS8864.12,2076
CCDS8865.12,993
CCDS8866.12,849
CCDS8867.12,915
CCDS8868.12,1029
CCDS8869.12,783
CCDS8870.12,729
CCDS8871.12,708
CCDS8872.12,669
CCDS8873.12,795
CCDS8874.12,813
CCDS8875.12,576
CCDS8876.12,1122
CCDS8877.12,534
CCDS8878.12,1191
CCDS8879.12,1101
CCDS8880.12,3150
CCDS8881.12,504
CCDS8882.12,1611
CCDS8883.12,417
CCDS8884.12,333
CCDS8885.12,273
CCDS8886.12,996
CCDS8887.22,735
CCDS8888.12,3414
CCDS8889.22,462
CCDS8890.12,717
CCDS8891.12,1224
CCDS8892.12,633
CCDS8893.12,462
CCDS8894.12,2109
CCDS8895.12,1527
CCDS8896.12,2208
CCDS8897.12,1986
CCDS8898.12,897
CCDS8899.12,795
CCDS8900.12,648
CCDS8901.22,1638
CCDS8902.12,1185
CCDS8903.12,1305
CCDS8904.12,3315
CCDS8905.12,627
CCDS8906.12,456
CCDS8907.12,3645
CCDS8908.12,3393
CCDS8909.12,954
CCDS8910.12,741
CCDS8911.12,636
CCDS8912.22,1623
CCDS8913.12,1401
CCDS8914.12,549
CCDS8915.12,3597
CCDS8916.12,570
CCDS8917.12,2556
CCDS8918.12,3627
CCDS8919.12,792
CCDS8920.12,624
CCDS8921.12,1809
CCDS8923.12,1224
CCDS8924.12,1590
CCDS8925.12,954
CCDS8926.12,942
CCDS8927.12,1215
CCDS8928.12,366
CCDS8929.12,3132
CCDS8930.12,1578
CCDS8931.12,2544
CCDS8932.12,13635
CCDS8933.12,927
CCDS8934.12,1515
CCDS8935.12,264
CCDS8936.12,1095
CCDS8937.22,2931
CCDS8938.12,1059
CCDS8939.12,1053
CCDS8940.12,3321
CCDS8941.22,2196
CCDS8942.12,2703
CCDS8943.12,510
CCDS8944.12,3012
CCDS8945.12,3099
CCDS8946.12,1266
CCDS8947.12,1743
CCDS8950.12,1602
CCDS8951.12,2511
CCDS8952.12,633
CCDS8953.12,912
CCDS8954.12,1527
CCDS8955.32,831
CCDS8956.12,468
CCDS8957.12,681
CCDS8958.22,978
CCDS8959.12,2460
CCDS8960.12,3360
CCDS8961.12,1437
CCDS8962.12,396
CCDS8963.12,2859
CCDS8965.12,1257
CCDS8966.12,1332
CCDS8967.12,3258
CCDS8968.12,2190
CCDS8969.12,717
CCDS8970.12,1659
CCDS8971.12,1140
CCDS8972.12,2736
CCDS8973.12,579
CCDS8974.12,390
CCDS8975.12,1791
CCDS8976.12,3264
CCDS8977.12,3693
CCDS8978.12,1806
CCDS8979.12,1587
CCDS8980.12,501
CCDS8981.12,516
CCDS8982.12,540
CCDS8983.12,2145
CCDS8984.12,555
CCDS8985.12,2778
CCDS8986.22,1494
CCDS8987.12,1332
CCDS8988.12,1656
CCDS8989.12,447
CCDS8990.12,684
CCDS8991.12,1608
CCDS8992.22,2007
CCDS8993.12,1431
CCDS8995.12,1383
CCDS8996.12,1188
CCDS8997.12,633
CCDS8998.12,1974
CCDS8999.12,714
CCDS9000.12,2724
CCDS9001.12,687
CCDS9002.12,1011
CCDS9003.12,678
CCDS9004.22,3210
CCDS9005.12,1842
CCDS9006.12,1677
CCDS9007.12,1917
CCDS9009.12,702
CCDS9010.12,762
CCDS9011.12,801
CCDS9012.12,1146
CCDS9013.12,1176
CCDS9014.22,2172
CCDS9015.12,582
CCDS9016.12,2736
CCDS9017.12,1269
CCDS9019.12,729
CCDS9020.12,768
CCDS9021.12,702
CCDS9022.12,2061
CCDS9023.12,726
CCDS9024.12,1812
CCDS9025.12,2511
CCDS9026.12,2193
CCDS9027.12,870
CCDS9028.12,981
CCDS9029.12,513
CCDS9030.12,1437
CCDS9031.12,1245
CCDS9032.12,2745
CCDS9033.12,1146
CCDS9034.12,708
CCDS9035.12,3663
CCDS9036.12,1221
CCDS9037.12,1059
CCDS9038.12,1017
CCDS9039.12,1080
CCDS9040.12,753
CCDS9041.12,639
CCDS9042.12,519
CCDS9043.12,516
CCDS9044.12,546
CCDS9045.12,429
CCDS9047.12,597
CCDS9048.12,600
CCDS9049.12,4707
CCDS9050.12,438
CCDS9051.12,1812
CCDS9052.12,1437
CCDS9053.12,2139
CCDS9054.12,1887
CCDS9055.12,261
CCDS9056.12,1692
CCDS9057.12,1281
CCDS9058.12,1974
CCDS9059.12,1836
CCDS9060.12,1224
CCDS9061.12,1572
CCDS9063.12,1983
CCDS9064.12,2085
CCDS9065.12,1086
CCDS9066.12,1089
CCDS9067.12,1053
CCDS9068.12,1134
CCDS9069.12,3747
CCDS9070.12,3618
CCDS9071.12,1017
CCDS9072.12,726
CCDS9074.12,1191
CCDS9075.12,885
CCDS9076.12,2790
CCDS9077.12,1770
CCDS9078.12,1419
CCDS9079.12,2085
CCDS9080.12,1833
CCDS9081.12,8358
CCDS9082.12,747
CCDS9083.12,3516
CCDS9084.12,3447
CCDS9085.12,3426
CCDS9086.12,1221
CCDS9087.12,711
CCDS9088.12,3771
CCDS9089.12,981
CCDS9090.22,1740
CCDS9091.12,462
CCDS9092.12,1359
CCDS9094.12,2412
CCDS9095.12,1233
CCDS9096.12,1050
CCDS9097.12,2379
CCDS9098.12,624
CCDS9099.12,1059
CCDS9100.22,1722
CCDS9101.12,1995
CCDS9103.12,1809
CCDS9104.12,1560
CCDS9105.12,3402
CCDS9106.12,2208
CCDS9108.12,1926
CCDS9109.22,1563
CCDS9110.12,351
CCDS9111.12,1158
CCDS9112.12,1761
CCDS9114.12,1506
CCDS9115.12,2406
CCDS9116.12,1377
CCDS9117.12,2892
CCDS9118.12,429
CCDS9119.12,852
CCDS9120.12,1425
CCDS9121.12,3150
CCDS9122.12,1044
CCDS9123.22,1554
CCDS9124.12,942
CCDS9125.12,915
CCDS9126.22,1554
CCDS9128.12,942
CCDS9129.12,3207
CCDS9131.12,753
CCDS9132.12,1191
CCDS9133.12,1359
CCDS9134.12,2616
CCDS9135.12,2436
CCDS9136.12,630
CCDS9137.12,1497
CCDS9138.12,2280
CCDS9139.12,1416
CCDS9140.12,1773
CCDS9142.12,1296
CCDS9143.12,2994
CCDS9144.12,3129
CCDS9145.32,1698
CCDS9146.12,537
CCDS9147.12,855
CCDS9148.22,1290
CCDS9149.12,915
CCDS9150.12,972
CCDS9151.12,1692
CCDS9152.12,750
CCDS9153.12,1728
CCDS9154.12,1779
CCDS9155.12,1554
CCDS9157.12,738
CCDS9158.12,786
CCDS9159.12,2919
CCDS9160.12,1749
CCDS9162.12,867
CCDS9163.12,1782
CCDS9164.12,1863
CCDS9165.12,2415
CCDS9166.12,810
CCDS9167.12,1044
CCDS9168.12,1770
CCDS9169.12,987
CCDS9170.12,990
CCDS9171.12,1209
CCDS9172.12,2883
CCDS9173.12,1557
CCDS9174.12,1407
CCDS9175.12,2172
CCDS9176.12,2232
CCDS9177.12,6633
CCDS9179.12,618
CCDS9180.22,1263
CCDS9181.12,276
CCDS9182.12,1797
CCDS9183.32,645
CCDS9184.12,1887
CCDS9185.12,1023
CCDS9186.12,1215
CCDS9187.12,564
CCDS9188.12,2697
CCDS9189.12,591
CCDS9190.12,1653
CCDS9191.12,813
CCDS9192.12,6084
CCDS9193.12,954
CCDS9194.12,945
CCDS9195.12,447
CCDS9196.12,1089
CCDS9197.12,330
CCDS9198.12,231
CCDS9199.12,666
CCDS9200.12,270
CCDS9201.12,2436
CCDS9202.12,492
CCDS9203.12,342
CCDS9204.12,504
CCDS9205.12,684
CCDS9206.12,879
CCDS9207.12,1239
CCDS9208.12,1155
CCDS9209.12,1896
CCDS9210.12,789
CCDS9211.12,1545
CCDS9212.12,768
CCDS9213.12,1788
CCDS9214.12,1167
CCDS9216.12,1767
CCDS9217.12,1638
CCDS9218.12,1626
CCDS9219.12,1497
CCDS9220.12,2268
CCDS9221.12,1122
CCDS9222.12,636
CCDS9224.12,1182
CCDS9225.12,672
CCDS9226.12,696
CCDS9227.12,1137
CCDS9228.12,720
CCDS9229.12,588
CCDS9231.12,1791
CCDS9232.12,4284
CCDS9233.12,4179
CCDS9235.12,1092
CCDS9236.12,1041
CCDS9238.12,2055
CCDS9239.12,858
CCDS9241.12,2301
CCDS9242.12,4050
CCDS9243.22,3552
CCDS9244.12,501
CCDS9245.12,348
CCDS9246.12,4179
CCDS9247.12,1059
CCDS9248.12,636
CCDS9249.12,741
CCDS9250.12,606
CCDS9251.12,1803
CCDS9252.12,927
CCDS9253.12,2094
CCDS9254.12,2571
CCDS9255.22,13416
CCDS9256.12,996
CCDS9257.12,786
CCDS9259.12,1530
CCDS9260.12,2058
CCDS9261.12,3474
CCDS9262.12,756
CCDS9263.12,2019
CCDS9264.12,1734
CCDS9265.12,801
CCDS9266.12,3300
CCDS9267.12,1746
CCDS9268.12,2586
CCDS9269.12,864
CCDS9270.12,867
CCDS9271.12,651
CCDS9272.12,2625
CCDS9273.12,2856
CCDS9274.12,3153
CCDS9275.22,1284
CCDS9277.12,1551
CCDS9278.12,6861
CCDS9279.12,588
CCDS9280.12,768
CCDS9281.12,4497
CCDS9282.12,1374
CCDS9283.12,1722
CCDS9284.13,1353
CCDS9285.13,1338
CCDS9287.13,2583
CCDS9289.13,1308
CCDS9290.13,681
CCDS9291.13,786
CCDS9292.13,609
CCDS9293.13,645
CCDS9294.13,3267
CCDS9295.23,519
CCDS9296.13,309
CCDS9297.13,1305
CCDS9298.13,627
CCDS9299.13,876
CCDS9300.23,13740
CCDS9301.13,1254
CCDS9302.13,1272
CCDS9303.13,2142
CCDS9305.13,1959
CCDS9306.13,1002
CCDS9307.13,5175
CCDS9308.23,4872
CCDS9310.13,4017
CCDS9311.13,1896
CCDS9312.13,1659
CCDS9313.13,1866
CCDS9314.13,1800
CCDS9316.13,2058
CCDS9317.13,1395
CCDS9318.13,1509
CCDS9319.13,1005
CCDS9320.13,483
CCDS9321.13,729
CCDS9322.13,837
CCDS9323.13,2073
CCDS9324.13,369
CCDS9325.13,402
CCDS9326.13,795
CCDS9327.13,852
CCDS9328.13,942
CCDS9329.23,2664
CCDS9330.13,4017
CCDS9331.13,426
CCDS9332.13,1386
CCDS9333.13,1890
CCDS9334.13,354
CCDS9335.13,648
CCDS9336.13,3279
CCDS9337.13,486
CCDS9338.13,912
CCDS9339.13,870
CCDS9340.13,2577
CCDS9341.13,1497
CCDS9342.13,2265
CCDS9344.13,10257
CCDS9345.23,732
CCDS9346.13,1752
CCDS9347.13,3039
CCDS9348.13,3342
CCDS9349.13,3318
CCDS9350.13,2988
CCDS9352.13,1071
CCDS9353.13,1080
CCDS9354.13,2190
CCDS9355.13,1278
CCDS9356.13,2001
CCDS9357.13,1398
CCDS9358.13,324
CCDS9359.13,819
CCDS9360.13,1293
CCDS9361.13,975
CCDS9362.13,2202
CCDS9363.13,1014
CCDS9364.13,2511
CCDS9365.13,2934
CCDS9366.13,258
CCDS9367.13,876
CCDS9368.23,2835
CCDS9369.13,603
CCDS9370.13,1974
CCDS9371.13,1968
CCDS9372.13,1188
CCDS9373.13,906
CCDS9374.13,1860
CCDS9375.13,1131
CCDS9376.13,2025
CCDS9377.13,2055
CCDS9378.13,1338
CCDS9379.13,2595
CCDS9381.13,3663
CCDS9382.13,3495
CCDS9383.13,5706
CCDS9384.13,954
CCDS9385.13,735
CCDS9386.13,420
CCDS9387.13,924
CCDS9388.13,453
CCDS9389.13,1932
CCDS9390.23,822
CCDS9391.13,1293
CCDS9392.13,435
CCDS9393.13,1488
CCDS9394.13,1023
CCDS9395.13,750
CCDS9396.13,780
CCDS9397.13,519
CCDS9398.13,2487
CCDS9399.13,1347
CCDS9400.13,4695
CCDS9401.13,1272
CCDS9403.13,1884
CCDS9404.13,849
CCDS9405.13,1416
CCDS9406.13,1392
CCDS9407.13,495
CCDS9408.13,813
CCDS9409.13,801
CCDS9410.13,1035
CCDS9411.13,1656
CCDS9412.13,1041
CCDS9413.23,3429
CCDS9414.13,1239
CCDS9415.13,1545
CCDS9416.23,1014
CCDS9417.13,2160
CCDS9418.13,1596
CCDS9419.13,591
CCDS9420.13,621
CCDS9421.13,1566
CCDS9422.13,591
CCDS9423.13,1224
CCDS9424.13,819
CCDS9425.13,939
CCDS9427.13,1749
CCDS9428.13,2664
CCDS9429.13,1203
CCDS9430.13,729
CCDS9431.23,669
CCDS9432.13,2559
CCDS9433.13,2400
CCDS9434.13,1161
CCDS9435.13,2049
CCDS9436.13,1002
CCDS9437.13,1005
CCDS9438.13,3213
CCDS9439.13,2922
CCDS9440.13,1533
CCDS9441.13,1956
CCDS9442.23,2856
CCDS9443.13,3612
CCDS9444.13,3714
CCDS9445.13,2247
CCDS9446.33,1680
CCDS9447.13,2877
CCDS9448.13,1374
CCDS9449.13,1209
CCDS9451.13,258
CCDS9452.13,297
CCDS9453.13,693
CCDS9454.13,4050
CCDS9455.13,978
CCDS9456.23,1077
CCDS9457.13,1287
CCDS9458.13,2007
CCDS9459.13,2067
CCDS9460.13,918
CCDS9461.13,1329
CCDS9462.13,2943
CCDS9463.13,948
CCDS9464.13,2091
CCDS9465.13,2877
CCDS9468.13,1719
CCDS9469.13,1668
CCDS9470.13,1560
CCDS9471.13,1053
CCDS9472.13,1323
CCDS9473.13,831
CCDS9474.13,3978
CCDS9475.13,681
CCDS9476.13,687
CCDS9477.13,2547
CCDS9478.13,2604
CCDS9479.13,1515
CCDS9480.13,4551
CCDS9481.13,1416
CCDS9482.13,1014
CCDS9483.13,1086
CCDS9484.13,1104
CCDS9485.13,552
CCDS9486.13,969
CCDS9487.13,3138
CCDS9488.13,1332
CCDS9489.13,2127
CCDS9490.13,930
CCDS9491.13,996
CCDS9492.13,1086
CCDS9493.13,1992
CCDS9494.33,1920
CCDS9495.13,1599
CCDS9496.23,2187
CCDS9497.23,2283
CCDS9498.13,5217
CCDS9499.13,1485
CCDS9500.13,759
CCDS9501.13,744
CCDS9502.13,3750
CCDS9503.23,684
CCDS9504.13,1509
CCDS9505.13,1512
CCDS9506.13,1047
CCDS9507.13,1002
CCDS9508.13,2736
CCDS9509.13,858
CCDS9510.13,4017
CCDS9511.13,5010
CCDS9512.13,705
CCDS9513.13,1173
CCDS9514.13,1695
CCDS9515.13,708
CCDS9516.13,840
CCDS9517.13,1269
CCDS9518.13,633
CCDS9520.13,1263
CCDS9521.13,1941
CCDS9522.13,456
CCDS9523.13,1176
CCDS9524.13,588
CCDS9525.13,2724
CCDS9527.33,3372
CCDS9528.13,1401
CCDS9529.13,1335
CCDS9530.13,1467
CCDS9531.13,1203
CCDS9532.23,1200
CCDS9533.13,1980
CCDS9534.23,1011
CCDS9535.13,1065
CCDS9536.13,819
CCDS9537.13,2034
CCDS9538.13,1233
CCDS9539.13,876
CCDS9542.23,1863
CCDS9543.13,1431
CCDS9544.13,1332
CCDS9545.13,2439
CCDS9546.14,1323
CCDS9547.14,834
CCDS9548.14,7884
CCDS9549.14,1008
CCDS9550.14,957
CCDS9551.14,834
CCDS9552.14,870
CCDS9553.14,600
CCDS9554.14,444
CCDS9555.14,444
CCDS9556.14,444
CCDS9557.14,444
CCDS9558.14,453
CCDS9559.14,471
CCDS9560.14,483
CCDS9561.14,486
CCDS9562.14,1371
CCDS9563.14,930
CCDS9564.14,1074
CCDS9565.14,1116
CCDS9566.14,513
CCDS9567.14,465
CCDS9568.14,2169
CCDS9569.14,3144
CCDS9570.14,651
CCDS9571.14,342
CCDS9572.14,1029
CCDS9573.24,1308
CCDS9574.14,1536
CCDS9575.14,369
CCDS9576.14,264
CCDS9577.14,1749
CCDS9578.14,2142
CCDS9579.14,1914
CCDS9580.14,1092
CCDS9581.14,1617
CCDS9582.14,366
CCDS9583.14,1617
CCDS9584.14,792
CCDS9585.14,2460
CCDS9586.14,2346
CCDS9587.14,4026
CCDS9588.14,423
CCDS9589.14,846
CCDS9590.14,1608
CCDS9591.14,582
CCDS9592.14,921
CCDS9593.24,1950
CCDS9594.34,1896
CCDS9595.14,1686
CCDS9596.14,1407
CCDS9597.14,534
CCDS9598.14,471
CCDS9600.14,5820
CCDS9601.14,5808
CCDS9602.14,2358
CCDS9603.14,1887
CCDS9604.14,843
CCDS9605.14,837
CCDS9606.24,699
CCDS9607.14,1674
CCDS9608.14,714
CCDS9609.14,1923
CCDS9610.14,1641
CCDS9611.14,879
CCDS9612.14,750
CCDS9613.14,627
CCDS9614.14,720
CCDS9615.14,1182
CCDS9616.14,3246
CCDS9617.14,1821
CCDS9618.14,987
CCDS9619.24,669
CCDS9620.14,531
CCDS9621.14,246
CCDS9622.14,2454
CCDS9623.14,942
CCDS9624.14,1911
CCDS9625.24,1077
CCDS9626.14,1059
CCDS9627.14,3234
CCDS9628.14,1557
CCDS9629.14,2709
CCDS9630.14,744
CCDS9631.14,768
CCDS9632.14,741
CCDS9633.14,744
CCDS9634.14,633
CCDS9635.14,546
CCDS9636.14,1470
CCDS9637.14,2739
CCDS9638.14,2121
CCDS9639.14,1929
CCDS9640.14,1653
CCDS9641.14,2142
CCDS9642.14,480
CCDS9643.14,507
CCDS9644.14,6960
CCDS9645.14,2706
CCDS9646.14,720
CCDS9647.24,216
CCDS9648.14,873
CCDS9649.14,501
CCDS9650.14,501
CCDS9651.14,4671
CCDS9652.14,1515
CCDS9653.24,711
CCDS9654.14,1362
CCDS9655.14,741
CCDS9656.14,954
CCDS9657.14,1701
CCDS9658.14,1035
CCDS9659.14,1116
CCDS9660.14,720
CCDS9662.14,1026
CCDS9663.14,900
CCDS9664.14,1329
CCDS9665.14,1419
CCDS9666.14,1176
CCDS9667.14,1473
CCDS9668.14,2298
CCDS9669.24,810
CCDS9670.14,393
CCDS9671.14,2154
CCDS9672.14,1965
CCDS9673.14,2379
CCDS9674.14,2415
CCDS9675.14,2286
CCDS9676.14,2328
CCDS9677.14,1668
CCDS9678.14,2160
CCDS9679.14,2478
CCDS9680.14,1716
CCDS9681.14,5163
CCDS9682.24,2010
CCDS9683.14,675
CCDS9684.14,3399
CCDS9685.14,171
CCDS9686.14,1245
CCDS9687.14,441
CCDS9689.14,321
CCDS9690.14,1344
CCDS9691.24,2514
CCDS9692.14,1221
CCDS9693.14,1221
CCDS9694.14,3231
CCDS9695.14,528
CCDS9696.24,690
CCDS9697.14,3999
CCDS9698.14,1392
CCDS9699.24,1074
CCDS9700.14,1677
CCDS9701.14,1152
CCDS9702.14,858
CCDS9703.14,2133
CCDS9704.14,1845
CCDS9705.14,735
CCDS9706.14,4128
CCDS9707.14,1080
CCDS9708.14,1077
CCDS9709.14,1407
CCDS9710.34,1170
CCDS9711.14,672
CCDS9712.14,555
CCDS9713.14,2043
CCDS9714.14,2619
CCDS9715.14,1227
CCDS9716.14,639
CCDS9717.14,435
CCDS9718.14,429
CCDS9719.14,999
CCDS9720.14,753
CCDS9721.14,3390
CCDS9722.14,1323
CCDS9723.14,2541
CCDS9724.24,1032
CCDS9726.14,1263
CCDS9727.24,2124
CCDS9728.14,894
CCDS9729.14,1473
CCDS9730.14,891
CCDS9731.14,768
CCDS9732.14,3774
CCDS9733.14,3567
CCDS9734.14,459
CCDS9735.14,270
CCDS9736.14,2511
CCDS9737.14,3237
CCDS9738.14,1485
CCDS9739.14,1065
CCDS9740.14,2331
CCDS9741.14,627
CCDS9743.14,1020
CCDS9744.14,1149
CCDS9745.14,975
CCDS9746.14,1764
CCDS9747.14,741
CCDS9748.14,855
CCDS9749.24,2346
CCDS9750.14,930
CCDS9751.14,1371
CCDS9752.14,2052
CCDS9753.14,2481
CCDS9754.14,2208
CCDS9755.14,1107
CCDS9756.14,2967
CCDS9757.14,645
CCDS9758.14,1404
CCDS9759.14,1164
CCDS9760.14,1326
CCDS9761.24,20724
CCDS9762.14,1593
CCDS9763.14,2808
CCDS9764.14,1284
CCDS9765.14,1308
CCDS9766.14,1920
CCDS9767.14,1269
CCDS9768.14,627
CCDS9769.14,1314
CCDS9770.14,252
CCDS9771.14,483
CCDS9772.14,456
CCDS9774.14,291
CCDS9775.14,1728
CCDS9776.24,1239
CCDS9777.14,2310
CCDS9778.14,1269
CCDS9779.14,2028
CCDS9780.14,744
CCDS9781.14,948
CCDS9782.14,1062
CCDS9783.14,504
CCDS9784.14,567
CCDS9785.14,1065
CCDS9786.14,699
CCDS9787.14,951
CCDS9788.14,7620
CCDS9789.14,1155
CCDS9790.14,1053
CCDS9791.14,1017
CCDS9792.14,2679
CCDS9793.14,1491
CCDS9794.14,315
CCDS9795.14,924
CCDS9796.14,912
CCDS9797.14,1050
CCDS9798.14,1305
CCDS9799.14,2778
CCDS9800.14,2766
CCDS9802.14,321
CCDS9803.14,438
CCDS9804.14,2169
CCDS9805.14,741
CCDS9806.14,7026
CCDS9807.14,5415
CCDS9808.14,1419
CCDS9809.14,1488
CCDS9810.14,1188
CCDS9811.14,2334
CCDS9812.14,1404
CCDS9813.14,1392
CCDS9814.14,1923
CCDS9815.24,3081
CCDS9816.14,1452
CCDS9817.14,1266
CCDS9818.14,1062
CCDS9819.14,3138
CCDS9820.14,1056
CCDS9821.14,1437
CCDS9822.34,1944
CCDS9823.14,1407
CCDS9824.24,1332
CCDS9825.14,1287
CCDS9826.14,1608
CCDS9827.14,1086
CCDS9828.14,1821
CCDS9830.14,2109
CCDS9831.14,5466
CCDS9832.14,597
CCDS9833.14,1362
CCDS9834.24,1650
CCDS9835.14,513
CCDS9836.14,1056
CCDS9837.14,4290
CCDS9838.14,300
CCDS9839.14,2940
CCDS9840.14,660
CCDS9841.14,1143
CCDS9842.14,492
CCDS9843.14,378
CCDS9844.14,1581
CCDS9845.14,423
CCDS9846.14,1239
CCDS9847.14,642
CCDS9848.14,1449
CCDS9849.14,1434
CCDS9850.24,1527
CCDS9851.14,1098
CCDS9852.14,2013
CCDS9853.24,1467
CCDS9854.14,2391
CCDS9855.14,1200
CCDS9856.14,456
CCDS9857.14,2253
CCDS9858.14,651
CCDS9859.14,525
CCDS9860.14,486
CCDS9862.14,1482
CCDS9863.14,1017
CCDS9864.14,1716
CCDS9865.14,1689
CCDS9866.14,330
CCDS9867.14,1611
CCDS9869.14,1572
CCDS9870.14,3186
CCDS9871.14,1299
CCDS9872.14,2295
CCDS9873.14,1131
CCDS9874.14,1014
CCDS9876.14,2385
CCDS9877.14,1983
CCDS9878.24,2058
CCDS9879.14,1014
CCDS9880.14,1617
CCDS9881.14,1632
CCDS9882.14,1632
CCDS9883.14,1800
CCDS9884.14,3525
CCDS9885.14,1518
CCDS9886.14,1428
CCDS9887.14,492
CCDS9888.14,1827
CCDS9889.14,1227
CCDS9890.14,3495
CCDS9892.14,450
CCDS9893.14,2409
CCDS9894.24,1098
CCDS9895.14,2463
CCDS9897.14,1473
CCDS9898.14,1347
CCDS9899.14,5940
CCDS9900.14,1086
CCDS9901.24,177
CCDS9902.14,2349
CCDS9903.24,1869
CCDS9904.14,1302
CCDS9905.14,2196
CCDS9906.14,1374
CCDS9907.14,1245
CCDS9908.14,1056
CCDS9909.14,1278
CCDS9910.14,219
CCDS9911.24,7377
CCDS9912.14,462
CCDS9914.14,1065
CCDS9915.14,1764
CCDS9917.14,705
CCDS9918.14,2580
CCDS9919.14,315
CCDS9920.14,393
CCDS9921.14,2622
CCDS9922.14,363
CCDS9923.14,1335
CCDS9924.14,1218
CCDS9925.14,1257
CCDS9926.14,1245
CCDS9927.14,1284
CCDS9928.14,1221
CCDS9930.14,774
CCDS9931.14,5769
CCDS9933.14,3009
CCDS9935.14,2928
CCDS9936.14,474
CCDS9941.14,345
CCDS9942.14,1176
CCDS9943.14,1062
CCDS9944.24,6237
CCDS9945.14,2172
CCDS9946.14,2238
CCDS9947.14,1191
CCDS9949.14,2472
CCDS9950.14,2685
CCDS9951.14,1785
CCDS9952.14,891
CCDS9953.14,1827
CCDS9954.14,1503
CCDS9955.14,1257
CCDS9956.14,972
CCDS9957.14,1245
CCDS9959.14,927
CCDS9960.14,1416
CCDS9961.14,1293
CCDS9962.14,1782
CCDS9963.14,1152
CCDS9964.14,1575
CCDS9965.14,1458
CCDS9966.14,13941
CCDS9967.14,2199
CCDS9968.14,1746
CCDS9969.14,1710
CCDS9970.14,1527
CCDS9971.14,1260
CCDS9972.14,639
CCDS9973.14,954
CCDS9974.24,1458
CCDS9975.14,1707
CCDS9976.14,1632
CCDS9977.14,1362
CCDS9978.14,5136
CCDS9979.14,1965
CCDS9980.14,1296
CCDS9981.14,1146
CCDS9982.14,1344
CCDS9983.34,582
CCDS9984.14,1041
CCDS9985.14,705
CCDS9986.14,177
CCDS9987.24,4149
CCDS9989.24,3750
CCDS9990.14,1374
CCDS9991.14,1503
CCDS9992.14,528
CCDS9993.14,333
CCDS9994.14,1443
CCDS9995.24,1521
CCDS9996.14,726
CCDS9997.14,1143
CCDS9998.14,3717
CCDS9999.14,3603
CCDS10000.14,669
CCDS10001.14,2034
CCDS10002.24,1458
CCDS10003.14,627
CCDS10004.14,234
CCDS10006.14,960
CCDS10013.15,1524
CCDS10014.15,966
CCDS10015.15,3471
CCDS10016.15,216
CCDS10017.15,723
CCDS10018.15,1422
CCDS10019.15,1422
CCDS10020.15,2517
CCDS10021.15,14505
CCDS10022.15,2250
CCDS10023.15,915
CCDS10024.25,4812
CCDS10025.15,867
CCDS10026.15,2781
CCDS10027.15,1509
CCDS10028.15,3072
CCDS10029.15,555
CCDS10030.15,1089
CCDS10031.15,1599
CCDS10032.15,729
CCDS10033.15,1758
CCDS10034.15,915
CCDS10035.15,552
CCDS10036.15,3300
CCDS10037.15,195
CCDS10038.15,1812
CCDS10040.15,966
CCDS10041.15,1134
CCDS10042.15,2076
CCDS10043.15,804
CCDS10044.15,1434
CCDS10045.15,1413
CCDS10046.15,867
CCDS10047.25,1302
CCDS10050.15,1746
CCDS10051.15,1548
CCDS10052.15,555
CCDS10053.15,3153
CCDS10055.35,1473
CCDS10056.15,4206
CCDS10057.35,1272
CCDS10058.15,2343
CCDS10059.15,1131
CCDS10060.15,558
CCDS10061.15,1638
CCDS10062.15,1020
CCDS10063.15,1413
CCDS10064.15,255
CCDS10065.15,915
CCDS10066.15,438
CCDS10067.15,1590
CCDS10068.15,711
CCDS10069.15,2922
CCDS10070.35,669
CCDS10071.15,4671
CCDS10072.15,1545
CCDS10073.15,588
CCDS10074.15,690
CCDS10075.15,984
CCDS10076.15,1386
CCDS10077.15,2595
CCDS10078.15,2412
CCDS10079.15,4182
CCDS10080.15,2673
CCDS10081.15,1626
CCDS10083.15,2628
CCDS10084.15,2745
CCDS10085.15,2190
CCDS10086.15,471
CCDS10087.15,636
CCDS10088.15,477
CCDS10089.15,720
CCDS10090.15,708
CCDS10091.15,5250
CCDS10092.15,1083
CCDS10093.15,2166
CCDS10094.15,2061
CCDS10095.25,2559
CCDS10096.15,5919
CCDS10097.15,1254
CCDS10098.15,5328
CCDS10099.15,1593
CCDS10101.15,1518
CCDS10102.15,1194
CCDS10104.25,366
CCDS10105.15,1320
CCDS10106.15,1881
CCDS10107.25,1713
CCDS10108.15,1311
CCDS10109.15,1143
CCDS10110.15,1401
CCDS10111.15,777
CCDS10112.15,7332
CCDS10113.15,360
CCDS10114.15,1026
CCDS10115.15,663
CCDS10116.15,1074
CCDS10117.15,4647
CCDS10118.25,963
CCDS10119.15,1452
CCDS10120.25,1272
CCDS10121.15,1977
CCDS10122.15,1272
CCDS10123.15,2262
CCDS10124.15,252
CCDS10125.15,1290
CCDS10126.15,519
CCDS10127.15,1353
CCDS10128.15,1503
CCDS10129.25,3300
CCDS10130.15,1893
CCDS10131.15,585
CCDS10132.15,915
CCDS10133.15,1863
CCDS10134.15,1989
CCDS10135.15,1152
CCDS10136.15,1047
CCDS10137.15,3357
CCDS10138.15,1563
CCDS10139.15,1512
CCDS10140.25,1656
CCDS10141.15,9111
CCDS10142.15,1407
CCDS10143.15,648
CCDS10144.15,1056
CCDS10145.15,1059
CCDS10146.15,2001
CCDS10147.15,2166
CCDS10148.15,615
CCDS10149.15,1188
CCDS10150.15,1398
CCDS10151.15,3309
CCDS10152.15,492
CCDS10153.15,666
CCDS10154.15,1263
CCDS10155.15,1260
CCDS10156.15,3744
CCDS10157.15,1176
CCDS10158.15,1488
CCDS10159.15,2049
CCDS10160.15,2121
CCDS10161.15,3909
CCDS10162.15,1401
CCDS10163.15,1557
CCDS10164.15,1443
CCDS10165.15,888
CCDS10166.15,1500
CCDS10167.15,2247
CCDS10168.25,3105
CCDS10169.15,2961
CCDS10170.15,1197
CCDS10171.15,1146
CCDS10172.15,1317
CCDS10173.15,330
CCDS10174.35,945
CCDS10175.15,1020
CCDS10176.15,2949
CCDS10177.15,1572
CCDS10178.15,1647
CCDS10179.15,1671
CCDS10180.15,11133
CCDS10181.15,855
CCDS10182.15,1644
CCDS10183.15,624
CCDS10184.15,774
CCDS10185.15,1065
CCDS10186.15,1032
CCDS10187.25,744
CCDS10188.15,1113
CCDS10189.15,483
CCDS10190.15,582
CCDS10191.15,651
CCDS10192.25,1269
CCDS10193.15,336
CCDS10194.15,1746
CCDS10195.25,1926
CCDS10196.15,1473
CCDS10197.25,1569
CCDS10198.15,927
CCDS10199.15,387
CCDS10200.15,801
CCDS10201.15,1458
CCDS10202.15,1902
CCDS10203.15,3555
CCDS10204.15,972
CCDS10205.15,2445
CCDS10206.15,3753
CCDS10207.15,2697
CCDS10208.15,2544
CCDS10209.15,2349
CCDS10210.15,2649
CCDS10211.15,1557
CCDS10212.15,651
CCDS10213.25,3135
CCDS10214.15,2916
CCDS10215.15,906
CCDS10216.15,1182
CCDS10217.15,297
CCDS10218.15,1284
CCDS10219.15,1776
CCDS10220.15,1704
CCDS10221.15,1491
CCDS10222.15,1278
CCDS10223.25,507
CCDS10224.15,1347
CCDS10226.35,462
CCDS10227.15,936
CCDS10228.15,1884
CCDS10229.25,1443
CCDS10230.15,1053
CCDS10232.15,993
CCDS10233.15,345
CCDS10234.15,270
CCDS10235.15,4251
CCDS10236.15,282
CCDS10237.15,774
CCDS10238.25,3057
CCDS10239.15,7647
CCDS10240.15,639
CCDS10241.25,1893
CCDS10242.15,1446
CCDS10243.15,1590
CCDS10244.15,1674
CCDS10245.25,2082
CCDS10246.15,1560
CCDS10247.15,4386
CCDS10248.15,3612
CCDS10249.15,1197
CCDS10250.15,849
CCDS10251.15,951
CCDS10252.15,1011
CCDS10253.15,1725
CCDS10254.15,1197
CCDS10255.15,2649
CCDS10256.15,1308
CCDS10257.15,2490
CCDS10258.15,2346
CCDS10259.15,2238
CCDS10260.15,1287
CCDS10261.15,2004
CCDS10262.15,2001
CCDS10263.15,1143
CCDS10264.15,1683
CCDS10265.15,1473
CCDS10267.15,1527
CCDS10268.15,1539
CCDS10269.15,1353
CCDS10270.15,1581
CCDS10271.15,990
CCDS10272.15,1272
CCDS10273.15,453
CCDS10274.15,600
CCDS10275.15,615
CCDS10276.15,3144
CCDS10277.15,600
CCDS10278.15,1173
CCDS10279.15,3822
CCDS10280.15,1782
CCDS10281.15,1083
CCDS10282.15,555
CCDS10283.15,1725
CCDS10284.15,6969
CCDS10285.15,825
CCDS10286.15,1128
CCDS10287.15,1212
CCDS10288.15,348
CCDS10289.25,1596
CCDS10290.15,1080
CCDS10291.15,954
CCDS10292.15,762
CCDS10293.15,687
CCDS10295.15,1044
CCDS10296.15,564
CCDS10297.15,1101
CCDS10298.15,2175
CCDS10299.25,1281
CCDS10300.15,918
CCDS10301.15,414
CCDS10302.15,2892
CCDS10303.15,786
CCDS10304.15,1407
CCDS10305.15,1518
CCDS10306.15,1497
CCDS10307.15,1089
CCDS10308.15,1008
CCDS10309.15,3822
CCDS10310.15,654
CCDS10311.15,612
CCDS10312.15,528
CCDS10313.15,627
CCDS10314.15,1260
CCDS10315.15,4086
CCDS10316.15,1089
CCDS10317.15,1896
CCDS10318.15,642
CCDS10319.15,1710
CCDS10320.15,408
CCDS10321.15,357
CCDS10322.15,1449
CCDS10323.15,1113
CCDS10324.15,2985
CCDS10325.25,1044
CCDS10326.15,5076
CCDS10329.25,1845
CCDS10332.15,366
CCDS10333.25,5118
CCDS10334.15,1950
CCDS10335.15,528
CCDS10336.15,2490
CCDS10337.15,2352
CCDS10339.15,1770
CCDS10340.15,2478
CCDS10341.15,840
CCDS10342.15,585
CCDS10343.15,486
CCDS10344.15,978
CCDS10345.15,546
CCDS10346.15,1083
CCDS10347.15,1164
CCDS10348.15,1278
CCDS10349.25,3807
CCDS10350.15,3720
CCDS10351.15,1440
CCDS10352.25,5733
CCDS10353.15,1569
CCDS10354.15,744
CCDS10355.15,807
CCDS10356.15,2904
CCDS10357.15,582
CCDS10358.15,1995
CCDS10359.15,1359
CCDS10360.15,576
CCDS10362.15,4974
CCDS10363.15,4254
CCDS10364.15,2385
CCDS10365.15,2469
CCDS10366.15,423
CCDS10367.15,2835
CCDS10369.15,1854
CCDS10370.15,2052
CCDS10371.15,2133
CCDS10372.15,1128
CCDS10374.25,5487
CCDS10375.15,1245
CCDS10377.15,1257
CCDS10378.15,4104
CCDS10379.25,1344
CCDS10380.15,1104
CCDS10381.15,894
CCDS10383.15,3288
CCDS10384.15,1152
CCDS10385.15,2274
CCDS10387.15,957
CCDS10388.15,825
CCDS10389.15,1539
CCDS10390.15,2409
CCDS10391.15,768
CCDS10392.15,666
CCDS10393.15,744
CCDS10394.15,2409
CCDS10395.16,327
CCDS10396.26,372
CCDS10397.16,429
CCDS10398.16,429
CCDS10399.16,429
CCDS10400.16,429
CCDS10401.16,978
CCDS10402.16,1659
CCDS10403.16,1341
CCDS10404.16,678
CCDS10405.16,2589
CCDS10406.16,2481
CCDS10407.16,2316
CCDS10408.16,564
CCDS10409.16,879
CCDS10410.16,3261
CCDS10411.16,2283
CCDS10412.16,1746
CCDS10413.16,846
CCDS10414.16,1647
CCDS10415.16,483
CCDS10417.16,1857
CCDS10418.16,1317
CCDS10419.16,912
CCDS10420.16,2373
CCDS10421.16,1440
CCDS10422.16,882
CCDS10423.16,708
CCDS10425.16,1431
CCDS10426.16,939
CCDS10427.16,204
CCDS10428.16,1341
CCDS10429.16,1095
CCDS10430.16,966
CCDS10431.16,828
CCDS10432.16,729
CCDS10433.16,477
CCDS10434.16,3564
CCDS10435.16,939
CCDS10436.16,918
CCDS10439.16,4389
CCDS10440.26,3810
CCDS10441.16,573
CCDS10442.26,4011
CCDS10443.16,510
CCDS10444.16,657
CCDS10445.16,816
CCDS10446.16,1818
CCDS10447.26,927
CCDS10448.26,666
CCDS10449.26,1329
CCDS10450.16,1224
CCDS10451.16,519
CCDS10452.16,882
CCDS10453.16,2427
CCDS10454.16,1113
CCDS10455.16,1116
CCDS10456.16,690
CCDS10457.26,915
CCDS10458.16,5424
CCDS10459.16,5295
CCDS10460.16,771
CCDS10461.16,2013
CCDS10462.26,981
CCDS10463.16,687
CCDS10464.16,909
CCDS10465.16,918
CCDS10466.16,5115
CCDS10467.16,2361
CCDS10468.26,1302
CCDS10469.16,1743
CCDS10470.16,468
CCDS10471.16,1320
CCDS10472.16,1671
CCDS10473.16,1290
CCDS10475.16,705
CCDS10476.16,873
CCDS10478.16,945
CCDS10479.36,519
CCDS10481.16,954
CCDS10482.16,423
CCDS10483.16,1389
CCDS10484.16,1263
CCDS10485.16,822
CCDS10486.16,1500
CCDS10487.16,654
CCDS10488.16,663
CCDS10489.16,390
CCDS10490.16,417
CCDS10491.16,1026
CCDS10492.16,1689
CCDS10493.26,2343
CCDS10494.26,1665
CCDS10495.16,1380
CCDS10496.16,939
CCDS10497.16,1188
CCDS10498.16,2346
CCDS10499.16,2052
CCDS10500.16,1650
CCDS10501.16,891
CCDS10502.16,939
CCDS10503.16,1458
CCDS10504.16,1224
CCDS10505.16,1275
CCDS10506.26,5505
CCDS10507.16,849
CCDS10508.16,2115
CCDS10509.16,7329
CCDS10510.16,1017
CCDS10511.16,1575
CCDS10512.16,378
CCDS10513.16,2778
CCDS10514.16,2022
CCDS10515.16,1443
CCDS10516.16,900
CCDS10517.16,951
CCDS10518.16,534
CCDS10519.16,636
CCDS10520.16,1971
CCDS10521.16,1563
CCDS10522.16,1077
CCDS10523.16,864
CCDS10524.16,1662
CCDS10525.16,3405
CCDS10526.16,5271
CCDS10527.16,1548
CCDS10528.16,1395
CCDS10529.16,993
CCDS10530.16,891
CCDS10531.16,1257
CCDS10532.16,1188
CCDS10533.26,1215
CCDS10534.16,1503
CCDS10535.16,642
CCDS10536.16,741
CCDS10537.16,444
CCDS10538.16,828
CCDS10539.16,4395
CCDS10540.16,2049
CCDS10541.16,504
CCDS10542.16,1458
CCDS10543.16,963
CCDS10544.16,3393
CCDS10545.16,288
CCDS10546.16,636
CCDS10547.16,156
CCDS10548.16,444
CCDS10549.16,267
CCDS10550.16,2916
CCDS10551.16,1473
CCDS10552.16,555
CCDS10553.26,2442
CCDS10554.16,1353
CCDS10555.16,498
CCDS10556.16,3669
CCDS10557.16,1053
CCDS10558.16,933
CCDS10559.16,1956
CCDS10560.16,444
CCDS10561.16,615
CCDS10562.26,5229
CCDS10564.16,1008
CCDS10565.16,5919
CCDS10566.16,5817
CCDS10567.16,525
CCDS10568.16,4512
CCDS10569.16,2880
CCDS10570.16,3669
CCDS10571.16,393
CCDS10572.16,612
CCDS10573.16,2172
CCDS10574.16,654
CCDS10575.16,1425
CCDS10577.16,2283
CCDS10578.16,996
CCDS10579.16,2976
CCDS10580.16,864
CCDS10581.16,1212
CCDS10582.26,1605
CCDS10583.16,1923
CCDS10584.16,1755
CCDS10585.16,1740
CCDS10586.16,1734
CCDS10587.16,1734
CCDS10588.16,1062
CCDS10589.16,1761
CCDS10590.16,987
CCDS10591.16,2325
CCDS10592.16,915
CCDS10593.16,369
CCDS10594.16,12351
CCDS10595.16,486
CCDS10596.16,2238
CCDS10597.16,945
CCDS10598.26,957
CCDS10599.16,726
CCDS10600.26,3420
CCDS10601.16,1362
CCDS10602.26,615
CCDS10604.16,2178
CCDS10605.16,2127
CCDS10606.16,1104
CCDS10607.16,4059
CCDS10608.16,1950
CCDS10609.16,1923
CCDS10610.16,2313
CCDS10611.16,1842
CCDS10613.26,930
CCDS10614.16,471
CCDS10615.16,549
CCDS10616.16,1812
CCDS10617.16,591
CCDS10618.16,2016
CCDS10619.16,2022
CCDS10620.16,948
CCDS10621.16,5379
CCDS10622.16,5277
CCDS10624.26,5889
CCDS10625.16,2028
CCDS10626.16,786
CCDS10627.16,1251
CCDS10628.26,801
CCDS10629.16,2478
CCDS10630.16,1617
CCDS10631.16,531
CCDS10632.16,1317
CCDS10633.16,732
CCDS10634.16,249
CCDS10635.16,882
CCDS10636.16,888
CCDS10638.16,2742
CCDS10639.16,3135
CCDS10640.16,3294
CCDS10641.16,3228
CCDS10642.16,1368
CCDS10643.16,3006
CCDS10644.16,1671
CCDS10645.16,1260
CCDS10646.16,1587
CCDS10647.16,789
CCDS10648.16,828
CCDS10649.16,486
CCDS10650.16,1203
CCDS10651.16,894
CCDS10652.16,675
CCDS10653.16,1998
CCDS10654.16,1023
CCDS10655.16,765
CCDS10656.16,2682
CCDS10657.16,642
CCDS10658.16,2562
CCDS10659.16,2733
CCDS10660.16,1173
CCDS10661.16,990
CCDS10662.16,3150
CCDS10663.16,3708
CCDS10664.16,1671
CCDS10665.16,735
CCDS10666.16,1203
CCDS10667.26,825
CCDS10668.16,1095
CCDS10669.16,924
CCDS10670.16,1311
CCDS10671.26,957
CCDS10672.16,1140
CCDS10673.16,1386
CCDS10674.16,888
CCDS10675.16,1026
CCDS10676.26,2427
CCDS10677.16,510
CCDS10678.46,1119
CCDS10679.16,1857
CCDS10680.16,513
CCDS10681.26,1623
CCDS10682.16,576
CCDS10683.16,1227
CCDS10684.16,831
CCDS10685.16,1218
CCDS10686.16,1503
CCDS10687.16,1758
CCDS10689.26,9693
CCDS10690.16,1221
CCDS10691.16,3006
CCDS10693.16,654
CCDS10694.16,606
CCDS10697.16,888
CCDS10698.16,1110
CCDS10699.16,867
CCDS10700.16,894
CCDS10701.16,1860
CCDS10702.16,5499
CCDS10703.16,492
CCDS10704.16,279
CCDS10705.16,1239
CCDS10706.16,1377
CCDS10707.16,1581
CCDS10708.16,588
CCDS10709.16,531
CCDS10710.16,270
CCDS10711.16,3492
CCDS10712.16,294
CCDS10713.16,1335
CCDS10714.16,2019
CCDS10715.16,1407
CCDS10716.16,309
CCDS10720.16,2019
CCDS10721.16,2391
CCDS10722.16,759
CCDS10723.26,2460
CCDS10724.16,465
CCDS10725.16,1572
CCDS10726.16,1239
CCDS10727.16,1578
CCDS10728.16,1839
CCDS10729.16,3282
CCDS10732.16,4149
CCDS10733.16,4035
CCDS10734.16,2559
CCDS10735.16,849
CCDS10736.16,582
CCDS10738.16,798
CCDS10739.16,2043
CCDS10741.16,3243
CCDS10742.16,1956
CCDS10743.16,1413
CCDS10744.16,390
CCDS10745.16,951
CCDS10746.16,3123
CCDS10747.16,3975
CCDS10748.16,3420
CCDS10749.16,879
CCDS10750.16,1506
CCDS10751.16,1452
CCDS10752.16,1983
CCDS10753.16,1635
CCDS10754.16,1854
CCDS10755.16,1578
CCDS10756.16,1065
CCDS10757.16,1065
CCDS10758.16,1932
CCDS10760.16,684
CCDS10761.26,1629
CCDS10762.16,207
CCDS10763.16,186
CCDS10764.26,186
CCDS10765.16,186
CCDS10766.16,186
CCDS10767.16,186
CCDS10768.16,186
CCDS10769.16,2460
CCDS10770.16,3093
CCDS10771.16,1176
CCDS10772.16,1482
CCDS10773.16,5601
CCDS10774.16,1647
CCDS10775.16,1731
CCDS10776.16,492
CCDS10777.16,549
CCDS10778.16,282
CCDS10779.16,1194
CCDS10780.16,285
CCDS10781.26,939
CCDS10782.16,828
CCDS10783.16,981
CCDS10784.16,1653
CCDS10785.16,1587
CCDS10786.16,1650
CCDS10787.16,2625
CCDS10788.16,1968
CCDS10789.26,2502
CCDS10790.26,732
CCDS10791.16,798
CCDS10792.16,2010
CCDS10793.16,582
CCDS10794.16,1053
CCDS10795.16,1134
CCDS10796.16,651
CCDS10797.16,1116
CCDS10798.16,1350
CCDS10799.16,7131
CCDS10800.16,1389
CCDS10801.16,1293
CCDS10802.16,2400
CCDS10803.16,2391
CCDS10804.16,2355
CCDS10805.26,798
CCDS10806.16,204
CCDS10807.16,459
CCDS10808.16,300
CCDS10809.16,363
CCDS10810.16,369
CCDS10811.16,351
CCDS10812.26,861
CCDS10814.16,747
CCDS10815.16,549
CCDS10817.16,705
CCDS10818.16,1479
CCDS10820.16,1605
CCDS10821.16,795
CCDS10822.16,1590
CCDS10823.16,2490
CCDS10824.16,927
CCDS10825.26,1680
CCDS10826.16,1716
CCDS10827.16,549
CCDS10828.16,1269
CCDS10829.16,939
CCDS10831.16,1125
CCDS10832.16,2241
CCDS10833.36,2163
CCDS10834.16,3495
CCDS10835.16,531
CCDS10836.16,1458
CCDS10837.16,1218
CCDS10838.16,1056
CCDS10839.16,399
CCDS10840.16,3660
CCDS10841.16,2184
CCDS10842.26,1368
CCDS10843.16,1041
CCDS10844.16,1041
CCDS10845.16,1158
CCDS10846.26,1977
CCDS10847.16,945
CCDS10848.16,384
CCDS10849.16,4206
CCDS10850.16,498
CCDS10851.16,1275
CCDS10852.16,795
CCDS10853.16,822
CCDS10854.16,1323
CCDS10855.16,3258
CCDS10856.26,1467
CCDS10857.16,1461
CCDS10858.16,1623
CCDS10859.16,1482
CCDS10860.16,3228
CCDS10861.16,3198
CCDS10862.16,3207
CCDS10863.16,2154
CCDS10864.16,1239
CCDS10865.16,930
CCDS10866.16,2079
CCDS10867.16,1968
CCDS10868.16,2490
CCDS10869.16,2649
CCDS10870.16,846
CCDS10871.16,1662
CCDS10872.16,2061
CCDS10873.16,1623
CCDS10875.16,732
CCDS10876.16,1839
CCDS10877.16,543
CCDS10878.16,723
CCDS10879.26,1629
CCDS10880.26,453
CCDS10881.16,4596
CCDS10883.16,825
CCDS10884.16,1239
CCDS10885.16,2613
CCDS10886.16,1341
CCDS10887.16,819
CCDS10888.16,1440
CCDS10889.16,1437
CCDS10890.16,1053
CCDS10891.26,3255
CCDS10892.26,2370
CCDS10894.16,3654
CCDS10895.16,729
CCDS10896.16,2349
CCDS10897.16,3054
CCDS10898.16,2313
CCDS10899.16,816
CCDS10900.16,1932
CCDS10901.16,1377
CCDS10902.16,1161
CCDS10903.16,1365
CCDS10904.16,1206
CCDS10905.16,1083
CCDS10906.16,450
CCDS10907.16,3684
CCDS10908.16,11112
CCDS10910.16,975
CCDS10911.16,1119
CCDS10912.16,684
CCDS10913.16,1524
CCDS10914.26,1224
CCDS10915.16,2613
CCDS10916.16,900
CCDS10917.16,435
CCDS10918.16,1188
CCDS10919.16,1236
CCDS10921.16,354
CCDS10922.16,1509
CCDS10923.16,1794
CCDS10924.26,3708
CCDS10925.16,1644
CCDS10926.16,3666
CCDS10927.36,594
CCDS10928.16,1212
CCDS10929.16,291
CCDS10930.16,240
CCDS10931.16,615
CCDS10932.16,1188
CCDS10933.16,522
CCDS10934.16,1644
CCDS10935.16,1794
CCDS10936.16,1164
CCDS10937.16,483
CCDS10939.16,1434
CCDS10940.16,1161
CCDS10941.16,3159
CCDS10942.16,993
CCDS10943.26,2178
CCDS10944.16,1998
CCDS10945.16,1560
CCDS10946.16,663
CCDS10947.16,429
CCDS10948.16,1851
CCDS10949.16,1494
CCDS10950.16,927
CCDS10952.16,3654
CCDS10953.16,558
CCDS10954.16,633
CCDS10955.16,510
CCDS10956.16,1281
CCDS10957.26,1140
CCDS10958.16,1506
CCDS10959.16,1038
CCDS10960.16,378
CCDS10961.26,3261
CCDS10962.16,2247
CCDS10963.16,1563
CCDS10964.16,1524
CCDS10965.16,918
CCDS10966.26,1476
CCDS10967.16,2862
CCDS10968.16,1203
CCDS10969.16,714
CCDS10970.16,1569
CCDS10971.16,423
CCDS10972.16,1962
CCDS10973.16,1704
CCDS10974.16,1731
CCDS10976.16,2445
CCDS10977.16,2388
CCDS10978.16,1470
CCDS10979.16,636
CCDS10980.16,1902
CCDS10981.16,1677
CCDS10982.16,1236
CCDS10983.16,420
CCDS10984.26,1083
CCDS10985.16,1275
CCDS10986.16,1620
CCDS10987.16,2031
CCDS10988.16,1353
CCDS10989.16,1539
CCDS10991.26,537
CCDS10992.16,1437
CCDS10994.17,948
CCDS10995.17,2013
CCDS10996.17,774
CCDS10997.17,1263
CCDS10998.17,1308
CCDS10999.17,2580
CCDS11000.17,2469
CCDS11001.17,768
CCDS11002.17,915
CCDS11003.17,3087
CCDS11004.17,1347
CCDS11005.17,1119
CCDS11006.17,1710
CCDS11007.17,2493
CCDS11009.17,1206
CCDS11010.17,7008
CCDS11011.17,1476
CCDS11012.17,1257
CCDS11013.17,2415
CCDS11014.17,1851
CCDS11015.17,684
CCDS11016.17,4260
CCDS11017.17,1023
CCDS11018.17,1749
CCDS11019.17,939
CCDS11020.17,942
CCDS11021.17,930
CCDS11022.17,930
CCDS11023.17,948
CCDS11024.17,945
CCDS11025.27,948
CCDS11026.17,972
CCDS11027.17,1092
CCDS11028.17,942
CCDS11029.17,2373
CCDS11030.17,1437
CCDS11031.17,1104
CCDS11032.17,375
CCDS11033.17,333
CCDS11034.17,1269
CCDS11035.17,1194
CCDS11036.17,2397
CCDS11038.17,1518
CCDS11039.17,1563
CCDS11040.17,1200
CCDS11041.17,3132
CCDS11042.17,3159
CCDS11043.17,8886
CCDS11044.17,795
CCDS11045.17,1539
CCDS11046.17,3987
CCDS11047.17,1386
CCDS11048.17,954
CCDS11049.17,1989
CCDS11050.17,1230
CCDS11051.17,1185
CCDS11052.27,765
CCDS11053.17,2112
CCDS11054.17,594
CCDS11055.17,609
CCDS11056.17,720
CCDS11057.17,2802
CCDS11058.17,1482
CCDS11059.17,945
CCDS11060.17,1053
CCDS11061.17,423
CCDS11062.17,1305
CCDS11063.17,3609
CCDS11064.17,666
CCDS11065.17,3312
CCDS11066.17,1347
CCDS11067.17,1509
CCDS11068.17,1335
CCDS11069.27,4221
CCDS11070.17,2226
CCDS11071.17,849
CCDS11072.17,2124
CCDS11073.17,720
CCDS11074.17,618
CCDS11075.17,1155
CCDS11076.17,2925
CCDS11077.17,372
CCDS11078.17,396
CCDS11079.17,1707
CCDS11080.17,906
CCDS11081.17,849
CCDS11082.17,1329
CCDS11083.17,1257
CCDS11084.17,1992
CCDS11085.17,1281
CCDS11086.27,1344
CCDS11087.17,951
CCDS11088.17,864
CCDS11089.17,876
CCDS11090.17,1968
CCDS11091.17,2211
CCDS11092.17,354
CCDS11093.17,735
CCDS11094.27,903
CCDS11095.27,792
CCDS11096.17,636
CCDS11097.17,1530
CCDS11098.17,1095
CCDS11099.17,465
CCDS11100.17,984
CCDS11101.17,2223
CCDS11102.17,342
CCDS11103.17,2508
CCDS11104.17,1527
CCDS11105.17,678
CCDS11106.17,1506
CCDS11107.17,3042
CCDS11109.17,750
CCDS11111.17,753
CCDS11112.17,705
CCDS11113.17,1221
CCDS11114.17,1065
CCDS11115.17,744
CCDS11116.17,513
CCDS11117.17,1209
CCDS11118.17,1182
CCDS11119.17,1647
CCDS11120.17,1023
CCDS11121.17,480
CCDS11122.17,522
CCDS11123.17,687
CCDS11124.17,1215
CCDS11125.17,438
CCDS11126.17,2712
CCDS11127.17,3312
CCDS11128.17,2031
CCDS11129.17,2106
CCDS11130.17,2136
CCDS11131.17,3873
CCDS11132.17,441
CCDS11133.27,1074
CCDS11134.17,1035
CCDS11136.17,4017
CCDS11137.17,561
CCDS11138.17,888
CCDS11139.17,2526
CCDS11140.17,774
CCDS11141.17,1479
CCDS11142.17,438
CCDS11143.17,1038
CCDS11144.17,5931
CCDS11145.17,951
CCDS11146.17,1761
CCDS11147.17,2643
CCDS11148.17,1815
CCDS11149.27,1863
CCDS11150.17,1662
CCDS11151.17,603
CCDS11152.17,1431
CCDS11153.17,5814
CCDS11154.17,5820
CCDS11155.17,5820
CCDS11156.17,5826
CCDS11157.17,5823
CCDS11158.17,906
CCDS11159.27,1029
CCDS11160.17,13461
CCDS11161.17,2397
CCDS11162.17,1200
CCDS11163.17,2817
CCDS11164.17,2481
CCDS11165.17,1221
CCDS11166.17,1332
CCDS11167.17,1173
CCDS11168.17,483
CCDS11169.17,1473
CCDS11170.17,831
CCDS11171.17,1695
CCDS11172.17,1566
CCDS11173.17,999
CCDS11174.27,1143
CCDS11175.17,7323
CCDS11176.17,759
CCDS11177.17,690
CCDS11178.27,639
CCDS11179.27,2286
CCDS11180.17,2598
CCDS11181.17,882
CCDS11182.17,759
CCDS11183.17,1272
CCDS11184.17,441
CCDS11185.17,846
CCDS11186.17,711
CCDS11187.17,600
CCDS11188.17,5721
CCDS11189.17,3444
CCDS11190.17,903
CCDS11191.17,1095
CCDS11192.17,3810
CCDS11193.17,1365
CCDS11194.17,3006
CCDS11195.27,2814
CCDS11196.17,1452
CCDS11197.17,1335
CCDS11199.37,3159
CCDS11200.17,1110
CCDS11201.27,1839
CCDS11202.17,654
CCDS11203.17,1926
CCDS11204.17,1755
CCDS11205.17,615
CCDS11206.17,2451
CCDS11207.17,2034
CCDS11208.17,768
CCDS11209.17,1713
CCDS11210.17,1458
CCDS11211.17,1809
CCDS11212.17,1362
CCDS11213.17,3111
CCDS11214.17,1989
CCDS11215.17,978
CCDS11216.17,579
CCDS11217.17,1044
CCDS11218.17,957
CCDS11219.17,1302
CCDS11220.17,1266
CCDS11221.17,828
CCDS11222.17,1068
CCDS11223.17,3462
CCDS11224.27,1584
CCDS11226.27,531
CCDS11227.17,951
CCDS11228.17,627
CCDS11229.17,1437
CCDS11230.27,2175
CCDS11231.17,1779
CCDS11232.17,1947
CCDS11233.17,723
CCDS11234.17,663
CCDS11235.17,1668
CCDS11236.17,1095
CCDS11238.17,636
CCDS11239.17,1011
CCDS11240.17,780
CCDS11241.17,471
CCDS11242.17,744
CCDS11243.17,1413
CCDS11244.17,1314
CCDS11245.27,1287
CCDS11246.27,1134
CCDS11247.17,2115
CCDS11248.17,1173
CCDS11249.17,648
CCDS11250.17,2286
CCDS11251.17,1881
CCDS11252.27,1419
CCDS11253.17,4272
CCDS11254.27,4512
CCDS11255.17,1677
CCDS11256.17,1893
CCDS11257.17,4143
CCDS11258.17,753
CCDS11260.17,5535
CCDS11261.17,1146
CCDS11262.17,1299
CCDS11263.17,633
CCDS11264.17,8457
CCDS11265.17,1323
CCDS11266.17,1347
CCDS11267.17,1914
CCDS11268.17,555
CCDS11269.17,1794
CCDS11270.17,2220
CCDS11271.17,1437
CCDS11272.17,1269
CCDS11273.17,924
CCDS11274.17,681
CCDS11275.17,648
CCDS11276.17,1692
CCDS11277.17,300
CCDS11278.17,300
CCDS11279.17,294
CCDS11280.17,300
CCDS11281.17,297
CCDS11282.17,291
CCDS11283.27,3225
CCDS11284.27,3030
CCDS11285.27,2850
CCDS11286.17,1092
CCDS11287.17,987
CCDS11288.17,651
CCDS11290.17,975
CCDS11291.17,1458
CCDS11292.17,2796
CCDS11293.17,1017
CCDS11294.17,2706
CCDS11295.17,1737
CCDS11296.17,1080
CCDS11297.17,612
CCDS11298.17,2643
CCDS11299.17,1713
CCDS11300.17,276
CCDS11301.17,855
CCDS11302.17,447
CCDS11303.17,363
CCDS11304.17,342
CCDS11305.17,414
CCDS11306.17,270
CCDS11307.17,279
CCDS11308.17,279
CCDS11312.17,468
CCDS11313.17,1515
CCDS11314.17,2094
CCDS11315.27,783
CCDS11316.17,1221
CCDS11317.17,7041
CCDS11318.17,6867
CCDS11319.17,1332
CCDS11320.17,597
CCDS11321.17,3945
CCDS11322.27,3675
CCDS11323.17,1800
CCDS11324.17,1674
CCDS11326.17,921
CCDS11327.17,3282
CCDS11328.17,618
CCDS11329.17,1251
CCDS11330.17,423
CCDS11331.17,786
CCDS11333.17,1503
CCDS11334.17,1572
CCDS11335.17,1236
CCDS11336.17,4746
CCDS11337.17,4473
CCDS11338.17,1149
CCDS11339.17,615
CCDS11340.17,507
CCDS11341.17,1338
CCDS11342.17,504
CCDS11343.17,849
CCDS11344.17,348
CCDS11345.17,1599
CCDS11346.17,1530
CCDS11347.17,1362
CCDS11348.17,1413
CCDS11349.17,1413
CCDS11350.17,1245
CCDS11351.17,1296
CCDS11352.17,1017
CCDS11353.27,951
CCDS11354.17,1185
CCDS11355.17,462
CCDS11356.17,1605
CCDS11357.17,624
CCDS11358.27,516
CCDS11359.17,2970
CCDS11360.17,1473
CCDS11361.17,1845
CCDS11362.17,2112
CCDS11363.27,1989
CCDS11364.17,1323
CCDS11365.17,1683
CCDS11366.17,1389
CCDS11367.17,777
CCDS11368.17,2148
CCDS11369.17,1137
CCDS11370.17,1236
CCDS11371.17,888
CCDS11372.17,1578
CCDS11373.17,1353
CCDS11374.17,1407
CCDS11375.17,1380
CCDS11376.17,1395
CCDS11377.17,1755
CCDS11378.17,1485
CCDS11379.17,1275
CCDS11380.17,1269
CCDS11382.17,1476
CCDS11383.17,501
CCDS11384.17,411
CCDS11385.17,480
CCDS11386.17,465
CCDS11387.17,318
CCDS11388.17,1215
CCDS11389.17,1215
CCDS11390.27,1185
CCDS11391.17,1251
CCDS11392.17,1371
CCDS11393.17,1347
CCDS11394.27,1368
CCDS11395.17,1404
CCDS11396.17,1377
CCDS11397.17,1263
CCDS11398.17,1371
CCDS11399.17,1203
CCDS11400.17,1419
CCDS11401.17,1422
CCDS11402.17,1299
CCDS11403.17,342
CCDS11404.17,306
CCDS11406.17,1860
CCDS11407.17,2238
CCDS11408.17,1314
CCDS11409.17,1749
CCDS11410.27,903
CCDS11411.17,2127
CCDS11412.17,3306
CCDS11413.17,3276
CCDS11414.27,1266
CCDS11415.17,576
CCDS11416.17,2037
CCDS11417.17,2514
CCDS11418.17,480
CCDS11419.17,651
CCDS11420.17,3054
CCDS11421.17,396
CCDS11422.17,1593
CCDS11423.17,2364
CCDS11424.17,2385
CCDS11425.17,1173
CCDS11426.17,2496
CCDS11427.17,2232
CCDS11428.17,987
CCDS11429.17,1695
CCDS11430.17,897
CCDS11431.17,618
CCDS11432.17,1401
CCDS11433.17,1356
CCDS11434.17,2382
CCDS11435.17,1089
CCDS11436.17,4155
CCDS11437.17,528
CCDS11438.17,531
CCDS11439.17,3732
CCDS11440.17,993
CCDS11441.17,1353
CCDS11442.17,804
CCDS11443.17,2271
CCDS11444.17,2292
CCDS11446.17,1074
CCDS11448.17,1842
CCDS11449.17,411
CCDS11450.17,867
CCDS11451.17,1182
CCDS11452.17,684
CCDS11453.17,5592
CCDS11454.27,2280
CCDS11455.27,2100
CCDS11456.27,5655
CCDS11459.27,5451
CCDS11462.17,789
CCDS11463.17,606
CCDS11464.17,3663
CCDS11465.17,1455
CCDS11466.17,765
CCDS11467.17,555
CCDS11468.17,642
CCDS11469.17,558
CCDS11470.17,999
CCDS11471.17,1659
CCDS11472.17,288
CCDS11473.17,1605
CCDS11474.17,774
CCDS11475.17,588
CCDS11476.17,1041
CCDS11477.17,1944
CCDS11478.17,1362
CCDS11479.17,906
CCDS11480.17,2295
CCDS11481.17,2736
CCDS11482.17,1056
CCDS11483.17,1782
CCDS11484.17,1698
CCDS11485.17,1848
CCDS11486.17,2310
CCDS11487.17,1191
CCDS11488.17,300
CCDS11489.17,2919
CCDS11490.17,729
CCDS11491.17,1299
CCDS11492.17,777
CCDS11493.17,696
CCDS11494.17,1491
CCDS11495.17,1080
CCDS11496.17,861
CCDS11497.17,3303
CCDS11498.17,1647
CCDS11499.17,1326
CCDS11500.17,1152
CCDS11501.17,2277
CCDS11502.17,1059
CCDS11503.27,3318
CCDS11504.27,5103
CCDS11505.17,1068
CCDS11506.17,1074
CCDS11507.17,642
CCDS11508.17,363
CCDS11509.17,2475
CCDS11510.17,594
CCDS11511.17,2367
CCDS11512.17,2922
CCDS11513.17,2631
CCDS11514.17,1608
CCDS11515.17,2529
CCDS11516.17,786
CCDS11517.17,816
CCDS11518.17,966
CCDS11519.17,1278
CCDS11520.17,1131
CCDS11521.27,1842
CCDS11522.17,786
CCDS11523.17,312
CCDS11524.17,2319
CCDS11525.17,558
CCDS11526.17,813
CCDS11527.17,1071
CCDS11528.17,1296
CCDS11529.17,756
CCDS11530.17,810
CCDS11531.17,675
CCDS11532.17,654
CCDS11533.17,732
CCDS11534.17,753
CCDS11535.17,174
CCDS11536.17,855
CCDS11537.27,1755
CCDS11538.17,1341
CCDS11539.17,411
CCDS11540.27,1065
CCDS11541.17,777
CCDS11542.17,462
CCDS11543.17,1734
CCDS11544.17,1701
CCDS11545.17,210
CCDS11546.17,1101
CCDS11547.17,804
CCDS11548.17,819
CCDS11549.17,1284
CCDS11550.17,759
CCDS11551.17,1125
CCDS11552.37,969
CCDS11553.17,1362
CCDS11554.17,1836
CCDS11555.17,723
CCDS11556.17,864
CCDS11558.17,3156
CCDS11559.17,1224
CCDS11560.17,1338
CCDS11561.17,4395
CCDS11562.17,480
CCDS11563.17,2598
CCDS11564.17,447
CCDS11565.17,1713
CCDS11566.17,924
CCDS11567.17,1848
CCDS11568.17,1080
CCDS11569.17,1329
CCDS11570.17,1899
CCDS11571.17,2409
CCDS11572.17,1107
CCDS11573.17,1299
CCDS11575.17,1731
CCDS11576.17,1038
CCDS11577.17,3924
CCDS11578.17,534
CCDS11579.17,459
CCDS11580.17,459
CCDS11581.27,1887
CCDS11582.17,1431
CCDS11583.17,831
CCDS11584.27,1662
CCDS11585.17,888
CCDS11586.17,717
CCDS11587.17,405
CCDS11588.17,645
CCDS11589.17,699
CCDS11590.17,1704
CCDS11591.17,1893
CCDS11592.17,1731
CCDS11593.17,1359
CCDS11594.17,2712
CCDS11596.17,987
CCDS11597.17,756
CCDS11598.17,573
CCDS11599.17,1161
CCDS11600.17,747
CCDS11601.17,270
CCDS11602.17,2148
CCDS11603.27,1680
CCDS11604.17,2238
CCDS11605.17,5574
CCDS11606.17,354
CCDS11607.17,2352
CCDS11608.17,3588
CCDS11609.17,1380
CCDS11610.17,1437
CCDS11611.17,1131
CCDS11613.17,2268
CCDS11614.17,1083
CCDS11615.17,2976
CCDS11616.17,945
CCDS11617.17,2340
CCDS11618.17,540
CCDS11619.17,1221
CCDS11620.17,1362
CCDS11621.17,1578
CCDS11622.27,1308
CCDS11623.17,3546
CCDS11624.17,939
CCDS11625.17,1818
CCDS11626.17,2742
CCDS11627.27,2139
CCDS11629.17,1638
CCDS11630.17,648
CCDS11631.17,3750
CCDS11632.17,1317
CCDS11633.17,2253
CCDS11634.17,4440
CCDS11635.17,2427
CCDS11636.17,756
CCDS11637.17,3921
CCDS11638.17,2985
CCDS11639.17,2718
CCDS11640.17,894
CCDS11641.17,384
CCDS11642.17,1047
CCDS11643.17,1452
CCDS11644.17,2544
CCDS11645.17,1221
CCDS11646.17,504
CCDS11647.17,654
CCDS11648.17,771
CCDS11649.17,654
CCDS11652.17,669
CCDS11653.17,654
CCDS11654.17,534
CCDS11655.17,690
CCDS11656.17,378
CCDS11657.17,828
CCDS11658.17,3405
CCDS11659.17,1845
CCDS11661.17,1134
CCDS11662.17,2532
CCDS11663.17,1038
CCDS11664.17,2019
CCDS11665.17,828
CCDS11667.17,984
CCDS11668.17,669
CCDS11669.17,1371
CCDS11670.17,1311
CCDS11671.17,2160
CCDS11673.17,8763
CCDS11674.17,1083
CCDS11675.17,1572
CCDS11676.17,1578
CCDS11677.17,1341
CCDS11678.17,1146
CCDS11679.17,1626
CCDS11680.17,4746
CCDS11681.17,4875
CCDS11683.17,4854
CCDS11684.17,4632
CCDS11685.17,4929
CCDS11686.17,1005
CCDS11687.17,1257
CCDS11688.17,1284
CCDS11689.17,1530
CCDS11690.17,1008
CCDS11691.17,1110
CCDS11692.17,2943
CCDS11693.27,561
CCDS11694.17,1830
CCDS11695.17,1071
CCDS11696.17,213
CCDS11697.17,1818
CCDS11698.17,1389
CCDS11699.27,1326
CCDS11700.27,606
CCDS11701.17,675
CCDS11702.17,618
CCDS11703.17,651
CCDS11704.17,873
CCDS11705.17,1077
CCDS11706.17,624
CCDS11707.17,1494
CCDS11708.17,1689
CCDS11710.27,1398
CCDS11711.17,621
CCDS11712.17,486
CCDS11713.17,1518
CCDS11714.17,597
CCDS11715.17,606
CCDS11716.17,2073
CCDS11717.17,2172
CCDS11718.17,729
CCDS11719.17,771
CCDS11720.17,963
CCDS11721.17,654
CCDS11722.17,531
CCDS11723.17,3609
CCDS11724.17,1581
CCDS11725.17,3048
CCDS11726.17,927
CCDS11727.17,5469
CCDS11728.17,1179
CCDS11729.17,411
CCDS11730.17,3273
CCDS11731.17,786
CCDS11732.17,1554
CCDS11733.27,1143
CCDS11734.17,1983
CCDS11735.17,1983
CCDS11736.17,918
CCDS11737.17,6102
CCDS11738.17,1884
CCDS11739.17,1164
CCDS11740.27,1239
CCDS11741.17,1962
CCDS11742.17,495
CCDS11743.27,1158
CCDS11744.17,1413
CCDS11745.17,624
CCDS11746.17,573
CCDS11747.17,1125
CCDS11748.17,1803
CCDS11749.17,666
CCDS11750.17,1350
CCDS11751.17,2373
CCDS11753.17,675
CCDS11754.17,705
CCDS11755.17,429
CCDS11756.17,678
CCDS11757.27,13389
CCDS11758.17,663
CCDS11759.17,1758
CCDS11760.17,1206
CCDS11761.17,846
CCDS11762.17,600
CCDS11763.17,1377
CCDS11764.17,636
CCDS11765.17,1170
CCDS11766.17,2304
CCDS11767.17,1236
CCDS11768.17,3015
CCDS11770.17,1509
CCDS11771.27,1821
CCDS11772.17,3192
CCDS11773.17,4008
CCDS11774.17,606
CCDS11775.17,1659
CCDS11776.17,1563
CCDS11777.17,1566
CCDS11779.17,1578
CCDS11780.17,2343
CCDS11782.17,1128
CCDS11783.17,264
CCDS11784.17,2334
CCDS11785.17,597
CCDS11786.17,864
CCDS11787.17,1527
CCDS11788.17,615
CCDS11789.17,255
CCDS11790.17,378
CCDS11791.17,1170
CCDS11792.17,1203
CCDS11793.17,489
CCDS11794.17,951
CCDS11795.17,960
CCDS11796.17,1662
CCDS11797.17,2013
CCDS11798.17,579
CCDS11799.17,735
CCDS11800.17,1584
CCDS11801.17,7536
CCDS11803.17,2256
CCDS11804.17,1398
CCDS11805.17,1248
CCDS11806.17,1230
CCDS11807.17,723
CCDS11808.17,747
CCDS11809.17,495
CCDS11810.17,1170
CCDS11811.17,960
CCDS11812.17,996
CCDS11813.17,1983
CCDS11815.27,1035
CCDS11816.17,837
CCDS11817.17,930
CCDS11818.17,930
CCDS11819.17,2172
CCDS11820.18,519
CCDS11821.18,942
CCDS11822.18,1332
CCDS11823.28,1434
CCDS11824.18,1632
CCDS11825.18,531
CCDS11826.18,1419
CCDS11827.18,1929
CCDS11828.18,3162
CCDS11829.18,2691
CCDS11830.18,516
CCDS11831.18,519
CCDS11832.18,861
CCDS11833.18,819
CCDS11835.18,759
CCDS11836.18,2934
CCDS11837.18,1350
CCDS11838.18,3264
CCDS11839.28,1872
CCDS11840.18,4359
CCDS11841.18,4761
CCDS11842.18,750
CCDS11843.18,6189
CCDS11844.18,672
CCDS11845.18,1968
CCDS11846.18,1461
CCDS11847.28,885
CCDS11848.28,750
CCDS11849.18,1545
CCDS11850.28,8259
CCDS11851.18,1377
CCDS11852.18,1146
CCDS11853.18,1191
CCDS11855.18,867
CCDS11856.18,660
CCDS11858.18,1341
CCDS11859.18,2394
CCDS11860.18,519
CCDS11861.18,1980
CCDS11862.18,795
CCDS11863.18,1164
CCDS11864.18,1062
CCDS11865.18,1248
CCDS11866.18,819
CCDS11867.18,1431
CCDS11868.18,978
CCDS11869.18,894
CCDS11870.28,4065
CCDS11871.18,3021
CCDS11872.18,1788
CCDS11874.18,2604
CCDS11875.18,2694
CCDS11876.28,891
CCDS11877.18,1560
CCDS11878.18,3837
CCDS11879.18,906
CCDS11880.18,5175
CCDS11881.18,1482
CCDS11882.18,1428
CCDS11883.18,846
CCDS11884.18,2853
CCDS11885.18,1314
CCDS11886.18,963
CCDS11887.18,1173
CCDS11888.18,774
CCDS11889.18,972
CCDS11891.18,2721
CCDS11892.18,2706
CCDS11893.18,2544
CCDS11894.18,2685
CCDS11895.18,2523
CCDS11896.18,3150
CCDS11897.18,3123
CCDS11898.18,3000
CCDS11899.18,444
CCDS11900.18,1149
CCDS11901.18,4308
CCDS11902.18,699
CCDS11903.18,738
CCDS11904.18,456
CCDS11905.18,2628
CCDS11906.18,2490
CCDS11907.28,1917
CCDS11908.18,1704
CCDS11909.18,1176
CCDS11910.18,984
CCDS11912.18,1107
CCDS11913.18,1002
CCDS11914.18,579
CCDS11915.18,1680
CCDS11916.28,663
CCDS11917.18,939
CCDS11918.18,2481
CCDS11919.18,2667
CCDS11920.18,2664
CCDS11921.18,654
CCDS11922.18,1278
CCDS11923.28,4791
CCDS11924.18,2763
CCDS11925.18,1170
CCDS11926.28,7740
CCDS11927.18,1662
CCDS11928.18,837
CCDS11929.28,6636
CCDS11930.18,1131
CCDS11932.18,2262
CCDS11933.18,249
CCDS11934.18,1404
CCDS11935.18,1797
CCDS11936.18,1281
CCDS11937.18,2010
CCDS11938.18,1503
CCDS11939.18,1194
CCDS11940.28,1545
CCDS11941.18,1512
CCDS11942.18,1650
CCDS11943.18,1818
CCDS11944.18,1671
CCDS11945.18,1971
CCDS11946.18,768
CCDS11947.18,747
CCDS11948.18,1755
CCDS11949.18,1092
CCDS11950.18,1659
CCDS11951.28,1980
CCDS11952.18,4344
CCDS11953.18,1236
CCDS11954.28,2223
CCDS11955.18,663
CCDS11956.18,1119
CCDS11957.28,555
CCDS11958.18,657
CCDS11959.18,1008
CCDS11960.18,2004
CCDS11961.18,870
CCDS11962.18,4473
CCDS11963.18,4374
CCDS11964.18,1272
CCDS11965.18,3756
CCDS11966.28,6513
CCDS11967.18,2475
CCDS11968.18,2442
CCDS11969.18,3906
CCDS11970.18,579
CCDS11971.18,447
CCDS11972.18,1041
CCDS11973.18,483
CCDS11974.18,1533
CCDS11975.18,165
CCDS11976.18,999
CCDS11977.18,2406
CCDS11978.18,612
CCDS11979.28,3651
CCDS11980.18,1851
CCDS11981.18,720
CCDS11982.18,999
CCDS11983.18,1335
CCDS11984.18,1218
CCDS11985.18,1176
CCDS11986.18,1173
CCDS11987.18,1173
CCDS11988.18,1143
CCDS11989.18,1248
CCDS11990.18,1194
CCDS11991.18,1125
CCDS11993.18,2358
CCDS11994.18,2319
CCDS11995.28,3639
CCDS11996.28,1542
CCDS11997.18,1011
CCDS11998.18,1608
CCDS11999.18,675
CCDS12000.18,1602
CCDS12003.18,747
CCDS12004.18,405
CCDS12005.18,297
CCDS12006.18,1428
CCDS12007.18,1524
CCDS12008.18,1134
CCDS12009.18,3099
CCDS12011.18,561
CCDS12012.18,1050
CCDS12013.18,3903
CCDS12014.18,3444
CCDS12015.18,2478
CCDS12016.18,1062
CCDS12017.18,2886
CCDS12018.18,2604
CCDS12019.18,1401
CCDS12020.18,816
CCDS12021.18,1032
CCDS12022.18,1131
CCDS12023.19,867
CCDS12024.19,930
CCDS12025.19,1140
CCDS12026.19,1068
CCDS12027.19,870
CCDS12028.19,1149
CCDS12029.19,888
CCDS12030.19,711
CCDS12031.19,774
CCDS12033.19,1158
CCDS12034.19,810
CCDS12035.19,2670
CCDS12036.19,3693
CCDS12037.19,513
CCDS12039.19,936
CCDS12040.19,792
CCDS12041.19,852
CCDS12042.19,2040
CCDS12043.19,2241
CCDS12044.19,756
CCDS12045.19,804
CCDS12046.19,762
CCDS12047.19,2634
CCDS12048.19,807
CCDS12049.19,1197
CCDS12050.19,1782
CCDS12051.19,1299
CCDS12052.19,1227
CCDS12053.19,930
CCDS12054.19,813
CCDS12055.19,6441
CCDS12056.19,633
CCDS12057.29,1362
CCDS12058.19,507
CCDS12059.19,519
CCDS12060.29,399
CCDS12061.19,642
CCDS12062.29,2133
CCDS12063.19,642
CCDS12064.19,711
CCDS12065.19,1224
CCDS12066.19,1137
CCDS12067.19,438
CCDS12068.19,6912
CCDS12069.29,2268
CCDS12070.19,555
CCDS12071.19,1416
CCDS12072.19,876
CCDS12073.19,171
CCDS12074.19,1965
CCDS12075.19,759
CCDS12076.29,1104
CCDS12077.19,1248
CCDS12078.19,1578
CCDS12079.19,1245
CCDS12080.19,1398
CCDS12081.19,654
CCDS12083.19,450
CCDS12084.19,1395
CCDS12085.19,1683
CCDS12086.19,996
CCDS12087.19,1422
CCDS12088.19,3180
CCDS12089.19,288
CCDS12090.29,1863
CCDS12091.19,207
CCDS12092.19,597
CCDS12093.19,945
CCDS12094.19,942
CCDS12095.19,2070
CCDS12096.19,1887
CCDS12097.19,1371
CCDS12098.19,1668
CCDS12099.19,1638
CCDS12100.19,1350
CCDS12101.19,795
CCDS12102.19,594
CCDS12103.19,1080
CCDS12104.19,1125
CCDS12105.19,1155
CCDS12106.19,1458
CCDS12107.19,1287
CCDS12108.19,909
CCDS12109.19,1482
CCDS12110.19,1728
CCDS12111.19,417
CCDS12112.19,555
CCDS12113.19,1527
CCDS12114.19,1524
CCDS12115.19,693
CCDS12116.19,1365
CCDS12117.19,2577
CCDS12118.19,1533
CCDS12119.19,1755
CCDS12120.19,1203
CCDS12121.19,1386
CCDS12122.19,1068
CCDS12123.19,690
CCDS12124.19,972
CCDS12125.19,1023
CCDS12126.19,849
CCDS12127.19,1491
CCDS12128.19,1350
CCDS12129.19,1326
CCDS12130.19,1044
CCDS12131.19,2667
CCDS12132.19,561
CCDS12133.19,522
CCDS12135.19,2010
CCDS12136.19,2139
CCDS12137.19,1305
CCDS12138.19,3291
CCDS12139.19,4506
CCDS12140.19,5733
CCDS12142.19,2748
CCDS12143.19,357
CCDS12144.19,618
CCDS12145.19,861
CCDS12146.19,600
CCDS12147.19,318
CCDS12148.19,2880
CCDS12149.29,2397
CCDS12151.19,594
CCDS12152.19,1080
CCDS12153.19,1086
CCDS12154.19,1125
CCDS12155.19,426
CCDS12156.39,570
CCDS12157.19,2172
CCDS12158.19,2097
CCDS12159.19,2001
CCDS12160.19,1680
CCDS12161.19,795
CCDS12162.19,834
CCDS12163.19,666
CCDS12164.19,471
CCDS12165.19,1554
CCDS12166.19,372
CCDS12167.19,363
CCDS12168.19,1335
CCDS12169.19,765
CCDS12170.19,582
CCDS12171.19,723
CCDS12172.19,1638
CCDS12173.19,1731
CCDS12174.19,2538
CCDS12175.19,2661
CCDS12176.19,4149
CCDS12177.19,3048
CCDS12178.19,726
CCDS12179.29,1518
CCDS12180.19,1743
CCDS12181.19,1782
CCDS12182.19,327
CCDS12183.29,525
CCDS12184.19,966
CCDS12185.19,882
CCDS12186.19,1215
CCDS12187.19,1200
CCDS12188.19,2385
CCDS12189.19,2391
CCDS12190.19,1005
CCDS12191.19,249
CCDS12192.19,1359
CCDS12193.19,981
CCDS12194.19,453
CCDS12196.19,8430
CCDS12197.19,1185
CCDS12198.19,849
CCDS12199.19,2466
CCDS12200.19,1221
CCDS12201.19,657
CCDS12202.19,741
CCDS12203.19,2193
CCDS12204.19,2076
CCDS12205.19,939
CCDS12206.19,3312
CCDS12207.19,1251
CCDS12208.19,1209
CCDS12209.19,585
CCDS12210.19,1788
CCDS12211.19,1617
CCDS12213.19,1650
CCDS12214.19,2373
CCDS12215.19,1665
CCDS12216.29,1461
CCDS12217.19,1065
CCDS12218.19,981
CCDS12219.19,222
CCDS12220.19,492
CCDS12221.19,1365
CCDS12222.19,5238
CCDS12223.39,936
CCDS12224.19,1413
CCDS12225.19,1422
CCDS12226.19,1125
CCDS12227.19,963
CCDS12228.19,4851
CCDS12229.19,1062
CCDS12230.19,936
CCDS12231.19,1599
CCDS12232.19,816
CCDS12233.19,2775
CCDS12235.19,1644
CCDS12236.19,3564
CCDS12237.19,1137
CCDS12238.19,1944
CCDS12239.19,1875
CCDS12240.19,1197
CCDS12241.19,1425
CCDS12242.29,2112
CCDS12244.19,501
CCDS12245.19,2121
CCDS12246.19,2685
CCDS12247.19,2109
CCDS12248.19,1212
CCDS12249.19,684
CCDS12250.19,1827
CCDS12251.19,951
CCDS12252.19,783
CCDS12253.19,4944
CCDS12254.19,2583
CCDS12255.19,2556
CCDS12256.19,738
CCDS12257.19,660
CCDS12258.19,1032
CCDS12259.29,753
CCDS12260.19,1527
CCDS12261.19,1848
CCDS12262.19,1296
CCDS12263.19,894
CCDS12264.19,252
CCDS12265.19,978
CCDS12266.29,2082
CCDS12267.19,1314
CCDS12268.19,1500
CCDS12269.29,1119
CCDS12270.19,1431
CCDS12271.19,1884
CCDS12272.19,1590
CCDS12273.19,1731
CCDS12274.19,321
CCDS12275.19,948
CCDS12276.19,1110
CCDS12277.19,969
CCDS12278.29,1377
CCDS12279.19,531
CCDS12280.19,1044
CCDS12281.19,597
CCDS12282.19,900
CCDS12283.19,786
CCDS12284.19,1083
CCDS12285.19,1089
CCDS12286.19,1317
CCDS12287.19,1527
CCDS12288.19,1254
CCDS12289.19,1092
CCDS12290.19,669
CCDS12291.19,570
CCDS12292.19,843
CCDS12293.19,1980
CCDS12294.19,1584
CCDS12295.19,672
CCDS12296.19,1191
CCDS12297.19,969
CCDS12298.19,300
CCDS12299.19,1914
CCDS12300.29,1518
CCDS12301.19,2940
CCDS12302.19,429
CCDS12303.19,1911
CCDS12304.19,1056
CCDS12305.19,1032
CCDS12306.19,609
CCDS12307.19,4410
CCDS12308.19,1284
CCDS12309.19,1209
CCDS12310.19,1002
CCDS12311.19,711
CCDS12312.19,1023
CCDS12313.19,927
CCDS12314.19,414
CCDS12315.19,1959
CCDS12316.19,1998
CCDS12317.19,963
CCDS12318.19,960
CCDS12319.19,930
CCDS12320.19,960
CCDS12321.19,1695
CCDS12322.19,1500
CCDS12323.19,729
CCDS12324.19,2208
CCDS12325.19,1899
CCDS12326.19,6966
CCDS12327.19,1083
CCDS12328.19,4089
CCDS12329.19,2079
CCDS12330.29,1731
CCDS12331.19,1596
CCDS12332.19,1563
CCDS12333.19,948
CCDS12334.19,951
CCDS12335.19,957
CCDS12336.19,1563
CCDS12337.19,1575
CCDS12338.19,747
CCDS12339.19,624
CCDS12340.19,564
CCDS12341.19,339
CCDS12342.19,1272
CCDS12343.19,1068
CCDS12344.19,1155
CCDS12345.19,1974
CCDS12346.29,1233
CCDS12347.19,1803
CCDS12348.29,228
CCDS12349.19,900
CCDS12350.19,1158
CCDS12351.19,795
CCDS12352.19,1215
CCDS12353.19,2112
CCDS12354.49,1848
CCDS12355.19,1320
CCDS12356.19,279
CCDS12357.19,309
CCDS12358.19,543
CCDS12359.19,822
CCDS12360.19,639
CCDS12361.19,777
CCDS12362.19,2094
CCDS12363.19,1869
CCDS12364.19,1119
CCDS12365.19,396
CCDS12366.19,3375
CCDS12367.19,531
CCDS12368.19,1932
CCDS12369.19,672
CCDS12370.19,1224
CCDS12371.19,2187
CCDS12372.19,663
CCDS12373.19,2139
CCDS12374.19,420
CCDS12375.19,630
CCDS12376.19,927
CCDS12377.19,918
CCDS12378.19,1158
CCDS12379.19,1677
CCDS12380.19,1866
CCDS12381.19,531
CCDS12382.19,387
CCDS12383.19,1029
CCDS12384.19,1848
CCDS12385.19,2274
CCDS12386.19,3357
CCDS12387.19,927
CCDS12388.19,774
CCDS12389.19,771
CCDS12390.19,1452
CCDS12391.19,1086
CCDS12392.19,3249
CCDS12393.19,1440
CCDS12395.19,783
CCDS12396.19,714
CCDS12397.19,3966
CCDS12398.19,1209
CCDS12399.19,1938
CCDS12402.29,1902
CCDS12403.19,822
CCDS12404.29,435
CCDS12405.19,3471
CCDS12406.19,1125
CCDS12407.29,1047
CCDS12408.19,2913
CCDS12409.19,1929
CCDS12411.19,312
CCDS12412.19,1941
CCDS12413.29,2430
CCDS12414.29,1938
CCDS12415.19,825
CCDS12416.19,663
CCDS12417.19,840
CCDS12418.29,426
CCDS12419.19,1233
CCDS12420.19,1608
CCDS12421.29,3246
CCDS12422.19,2151
CCDS12423.19,378
CCDS12424.19,708
CCDS12425.19,1464
CCDS12426.19,648
CCDS12427.19,2061
CCDS12428.19,2796
CCDS12429.19,1419
CCDS12430.19,2313
CCDS12431.19,1572
CCDS12432.19,453
CCDS12433.19,1275
CCDS12434.19,705
CCDS12435.19,1392
CCDS12436.19,3213
CCDS12437.19,1677
CCDS12438.19,1077
CCDS12439.19,1923
CCDS12440.29,1899
CCDS12441.19,657
CCDS12442.19,264
CCDS12443.19,342
CCDS12444.19,1614
CCDS12445.19,279
CCDS12446.19,243
CCDS12447.19,537
CCDS12448.19,1110
CCDS12449.29,1749
CCDS12450.29,1806
CCDS12451.29,1602
CCDS12452.19,1041
CCDS12453.19,840
CCDS12454.19,255
CCDS12455.19,1881
CCDS12456.19,1749
CCDS12457.19,2544
CCDS12458.19,903
CCDS12459.19,1041
CCDS12460.19,1041
CCDS12461.19,993
CCDS12462.19,300
CCDS12463.19,1431
CCDS12464.19,744
CCDS12465.19,1227
CCDS12466.19,675
CCDS12467.19,3108
CCDS12468.19,1443
CCDS12469.19,261
CCDS12470.19,777
CCDS12471.19,1464
CCDS12472.19,1068
CCDS12473.19,609
CCDS12474.19,306
CCDS12475.19,483
CCDS12477.19,3381
CCDS12478.29,1383
CCDS12479.19,1902
CCDS12480.19,1752
CCDS12481.19,2127
CCDS12482.19,342
CCDS12483.19,1887
CCDS12486.19,1644
CCDS12487.19,378
CCDS12488.19,735
CCDS12489.19,807
CCDS12490.19,240
CCDS12491.19,1500
CCDS12492.19,879
CCDS12493.19,1599
CCDS12494.19,1257
CCDS12495.19,1851
CCDS12496.19,1911
CCDS12497.19,1467
CCDS12498.19,2067
CCDS12499.19,2145
CCDS12500.19,2310
CCDS12501.19,1428
CCDS12502.19,1980
CCDS12503.19,2061
CCDS12504.19,1611
CCDS12505.19,1830
CCDS12508.19,1824
CCDS12509.19,444
CCDS12510.19,759
CCDS12511.19,321
CCDS12512.19,852
CCDS12513.19,942
CCDS12514.29,3480
CCDS12515.29,1053
CCDS12516.19,1959
CCDS12517.19,657
CCDS12518.19,2736
CCDS12519.19,2160
CCDS12521.19,972
CCDS12522.19,1359
CCDS12523.19,1170
CCDS12524.19,1071
CCDS12525.19,417
CCDS12526.19,837
CCDS12527.19,852
CCDS12528.19,1776
CCDS12529.19,828
CCDS12530.19,591
CCDS12531.19,603
CCDS12532.19,429
CCDS12533.19,1596
CCDS12534.39,981
CCDS12535.19,441
CCDS12536.19,3264
CCDS12537.19,1764
CCDS12538.19,1857
CCDS12539.19,486
CCDS12540.29,711
CCDS12542.19,507
CCDS12543.19,1890
CCDS12544.19,1806
CCDS12545.19,966
CCDS12547.19,1257
CCDS12548.19,2511
CCDS12549.19,2865
CCDS12550.19,720
CCDS12551.29,924
CCDS12552.19,1446
CCDS12555.19,1851
CCDS12556.19,444
CCDS12557.19,711
CCDS12558.19,591
CCDS12559.19,7695
CCDS12560.19,2124
CCDS12561.19,1830
CCDS12562.19,1635
CCDS12563.19,2052
CCDS12564.29,1056
CCDS12565.19,849
CCDS12566.19,396
CCDS12567.19,1224
CCDS12568.19,1485
CCDS12569.19,1485
CCDS12570.19,1476
CCDS12571.19,1485
CCDS12572.19,1476
CCDS12573.19,1515
CCDS12574.19,2658
CCDS12575.19,2685
CCDS12576.19,2571
CCDS12577.19,2271
CCDS12578.19,1032
CCDS12579.19,528
CCDS12580.19,708
CCDS12581.19,1338
CCDS12582.19,1194
CCDS12583.19,798
CCDS12584.19,2109
CCDS12585.19,1035
CCDS12586.29,759
CCDS12587.19,741
CCDS12588.19,438
CCDS12589.19,681
CCDS12590.19,2784
CCDS12591.19,2739
CCDS12592.19,2640
CCDS12593.19,558
CCDS12594.19,3042
CCDS12595.19,2943
CCDS12596.19,2691
CCDS12597.19,981
CCDS12598.19,2013
CCDS12599.19,1452
CCDS12600.19,1647
CCDS12601.19,4827
CCDS12602.19,696
CCDS12603.19,1482
CCDS12604.29,8337
CCDS12606.19,339
CCDS12607.19,3231
CCDS12608.19,360
CCDS12609.19,1581
CCDS12610.19,1050
CCDS12611.19,1287
CCDS12612.19,1281
CCDS12613.19,1308
CCDS12614.29,1008
CCDS12615.29,642
CCDS12616.19,1008
CCDS12617.19,1008
CCDS12618.19,1281
CCDS12619.19,804
CCDS12620.19,1041
CCDS12621.29,1923
CCDS12622.19,765
CCDS12623.19,738
CCDS12624.19,1902
CCDS12625.19,513
CCDS12626.19,567
CCDS12627.19,1167
CCDS12628.19,1008
CCDS12629.19,1392
CCDS12630.19,1284
CCDS12631.19,627
CCDS12632.19,2049
CCDS12633.19,1854
CCDS12634.19,1617
CCDS12635.19,1449
CCDS12636.19,2400
CCDS12637.19,2724
CCDS12638.19,1773
CCDS12639.19,2079
CCDS12640.19,1254
CCDS12641.19,903
CCDS12642.29,1365
CCDS12643.19,1425
CCDS12644.19,1887
CCDS12645.19,1440
CCDS12646.19,1086
CCDS12647.19,954
CCDS12648.19,252
CCDS12649.19,384
CCDS12650.19,306
CCDS12651.19,2010
CCDS12652.29,2025
CCDS12653.19,1428
CCDS12654.19,396
CCDS12655.19,522
CCDS12656.19,609
CCDS12658.19,2067
CCDS12659.19,1146
CCDS12660.29,1515
CCDS12661.19,1533
CCDS12662.19,894
CCDS12663.19,972
CCDS12664.19,1017
CCDS12665.19,1638
CCDS12666.19,1419
CCDS12668.19,540
CCDS12669.19,1089
CCDS12670.19,1950
CCDS12671.19,1401
CCDS12672.19,1149
CCDS12673.19,2220
CCDS12674.19,1890
CCDS12675.19,2154
CCDS12676.29,3825
CCDS12677.19,1053
CCDS12678.19,1755
CCDS12679.19,1479
CCDS12680.19,591
CCDS12681.29,2010
CCDS12682.19,2004
CCDS12684.19,1500
CCDS12685.19,1617
CCDS12686.19,1161
CCDS12687.19,213
CCDS12688.29,1890
CCDS12689.19,2637
CCDS12690.19,2262
CCDS12691.19,1488
CCDS12692.19,1626
CCDS12693.19,315
CCDS12694.19,1773
CCDS12695.19,567
CCDS12696.19,1041
CCDS12697.19,582
CCDS12698.19,1596
CCDS12699.19,1014
CCDS12700.19,3432
CCDS12702.19,888
CCDS12704.19,1632
CCDS12705.19,1437
CCDS12706.19,900
CCDS12707.19,858
CCDS12708.19,672
CCDS12709.19,522
CCDS12710.19,1626
CCDS12711.19,2760
CCDS12712.29,1464
CCDS12713.19,1254
CCDS12714.29,2013
CCDS12715.19,492
CCDS12716.19,1380
CCDS12717.19,705
CCDS12718.19,639
CCDS12719.19,4011
CCDS12720.19,1341
CCDS12721.19,1311
CCDS12722.19,1200
CCDS12723.19,1098
CCDS12724.19,1053
CCDS12725.19,375
CCDS12726.19,567
CCDS12727.19,1965
CCDS12728.19,978
CCDS12729.19,987
CCDS12730.19,939
CCDS12731.19,2892
CCDS12732.19,1053
CCDS12733.19,1098
CCDS12734.19,630
CCDS12735.19,1179
CCDS12736.19,813
CCDS12737.19,2340
CCDS12738.19,2025
CCDS12739.19,1563
CCDS12740.19,1386
CCDS12741.19,1005
CCDS12742.19,579
CCDS12743.19,432
CCDS12744.19,657
CCDS12745.29,540
CCDS12747.19,2214
CCDS12748.19,426
CCDS12749.19,498
CCDS12750.29,492
CCDS12751.29,468
CCDS12752.19,498
CCDS12753.19,498
CCDS12754.19,633
CCDS12755.19,1371
CCDS12756.19,1314
CCDS12757.19,624
CCDS12758.19,3585
CCDS12759.19,2100
CCDS12760.19,846
CCDS12761.19,1344
CCDS12762.19,729
CCDS12763.19,303
CCDS12764.19,1683
CCDS12765.19,873
CCDS12766.19,2409
CCDS12767.19,708
CCDS12768.19,612
CCDS12769.19,477
CCDS12770.19,1098
CCDS12771.19,987
CCDS12772.19,906
CCDS12773.19,609
CCDS12774.19,657
CCDS12775.19,1284
CCDS12776.29,753
CCDS12779.19,2412
CCDS12780.19,1779
CCDS12781.19,1257
CCDS12782.19,1251
CCDS12783.19,1566
CCDS12784.19,771
CCDS12785.19,1947
CCDS12786.19,1770
CCDS12787.19,1704
CCDS12788.19,1569
CCDS12789.19,849
CCDS12790.29,2097
CCDS12791.19,1425
CCDS12792.29,666
CCDS12793.19,2274
CCDS12794.19,1263
CCDS12795.19,3324
CCDS12796.19,789
CCDS12797.19,567
CCDS12798.19,1773
CCDS12799.19,6486
CCDS12800.19,972
CCDS12801.19,1071
CCDS12802.19,1281
CCDS12804.19,789
CCDS12805.19,771
CCDS12806.29,483
CCDS12807.19,786
CCDS12808.19,786
CCDS12809.19,765
CCDS12810.19,882
CCDS12811.19,735
CCDS12812.19,762
CCDS12813.19,783
CCDS12814.19,360
CCDS12815.19,99
CCDS12816.19,753
CCDS12817.19,831
CCDS12818.19,849
CCDS12819.19,753
CCDS12820.19,765
CCDS12821.19,747
CCDS12822.19,834
CCDS12823.39,756
CCDS12824.19,1047
CCDS12825.19,1392
CCDS12826.19,1404
CCDS12827.19,594
CCDS12828.19,768
CCDS12829.19,504
CCDS12830.19,498
CCDS12831.19,648
CCDS12832.19,2094
CCDS12833.19,1788
CCDS12834.39,1362
CCDS12835.39,1314
CCDS12836.39,1062
CCDS12837.19,2136
CCDS12838.19,1737
CCDS12839.19,1053
CCDS12840.19,1056
CCDS12841.19,1062
CCDS12842.29,1458
CCDS12843.19,1518
CCDS12844.19,1746
CCDS12845.19,1599
CCDS12846.19,2196
CCDS12847.19,1758
CCDS12848.19,1959
CCDS12849.19,1770
CCDS12850.29,1608
CCDS12851.19,1389
CCDS12854.19,1551
CCDS12855.19,2118
CCDS12856.19,2169
CCDS12859.19,2457
CCDS12860.19,1668
CCDS12861.19,1755
CCDS12862.19,1188
CCDS12864.19,3186
CCDS12866.19,969
CCDS12867.19,2094
CCDS12868.19,828
CCDS12870.19,783
CCDS12871.19,645
CCDS12872.19,711
CCDS12873.19,804
CCDS12874.19,759
CCDS12875.19,792
CCDS12876.19,861
CCDS12877.19,255
CCDS12878.19,762
CCDS12879.19,1500
CCDS12880.19,2262
CCDS12881.19,795
CCDS12882.19,2121
CCDS12883.19,1419
CCDS12884.19,585
CCDS12885.19,1773
CCDS12886.19,1797
CCDS12888.19,900
CCDS12889.19,864
CCDS12890.19,1500
CCDS12891.19,864
CCDS12892.19,813
CCDS12893.19,1353
CCDS12894.19,2403
CCDS12896.19,447
CCDS12897.19,459
CCDS12898.19,408
CCDS12900.19,1401
CCDS12901.19,1470
CCDS12902.19,1347
CCDS12903.19,1233
CCDS12904.19,1047
CCDS12906.19,1368
CCDS12907.19,864
CCDS12908.19,576
CCDS12909.19,828
CCDS12910.19,537
CCDS12911.19,915
CCDS12912.19,3030
CCDS12913.19,3189
CCDS12914.19,2172
CCDS12915.19,1791
CCDS12916.19,2349
CCDS12917.19,837
CCDS12918.29,1767
CCDS12919.19,1161
CCDS12920.19,681
CCDS12921.19,2337
CCDS12922.19,1389
CCDS12923.19,600
CCDS12924.19,414
CCDS12925.19,666
CCDS12926.19,621
CCDS12927.19,1689
CCDS12928.19,1491
CCDS12929.19,795
CCDS12930.19,972
CCDS12931.19,519
CCDS12932.19,594
CCDS12933.19,1428
CCDS12934.19,2976
CCDS12935.19,3102
CCDS12936.19,2985
CCDS12937.19,3147
CCDS12938.19,3603
CCDS12939.19,984
CCDS12940.19,351
CCDS12941.19,1491
CCDS12943.19,1710
CCDS12944.19,1833
CCDS12945.19,1881
CCDS12946.19,2607
CCDS12947.19,1470
CCDS12948.19,4767
CCDS12949.19,1689
CCDS12950.19,1980
CCDS12951.19,1062
CCDS12952.19,1884
CCDS12954.19,1785
CCDS12955.19,1800
CCDS12956.19,1734
CCDS12957.19,1695
CCDS12958.19,1302
CCDS12959.29,2013
CCDS12961.19,1605
CCDS12962.29,1557
CCDS12963.19,1224
CCDS12964.19,1728
CCDS12965.19,1728
CCDS12966.19,1884
CCDS12967.19,648
CCDS12968.19,2379
CCDS12969.19,1227
CCDS12970.29,2013
CCDS12971.19,1533
CCDS12972.19,1626
CCDS12973.19,2148
CCDS12974.19,1728
CCDS12975.19,1476
CCDS12976.19,1488
CCDS12977.19,1497
CCDS12978.19,615
CCDS12979.19,1266
CCDS12980.19,2121
CCDS12981.19,1662
CCDS12982.19,1353
CCDS12983.19,2073
CCDS12984.19,1536
CCDS12985.19,2508
CCDS12986.19,669
CCDS12987.19,552
CCDS12988.19,2205
CCDS12989.2|Hs110|chr20,471
CCDS12990.1|Hs110|chr20,336
CCDS12991.1|Hs110|chr20,300
CCDS12992.1|Hs110|chr20,552
CCDS12993.1|Hs110|chr20,288
CCDS12994.1|Hs110|chr20,1092
CCDS12995.1|Hs110|chr20,948
CCDS12996.1|Hs110|chr20,615
CCDS12997.1|Hs110|chr20,1077
CCDS12998.1|Hs110|chr20,1407
CCDS13000.2|Hs110|chr20,1533
CCDS13002.1|Hs110|chr20,1212
CCDS13003.1|Hs110|chr20,1176
CCDS13004.1|Hs110|chr20,768
CCDS13005.1|Hs110|chr20,414
CCDS13006.1|Hs110|chr20,924
CCDS13007.1|Hs110|chr20,1410
CCDS13008.1|Hs110|chr20,888
CCDS13009.1|Hs110|chr20,1512
CCDS13010.1|Hs110|chr20,816
CCDS13011.1|Hs110|chr20,771
CCDS13012.1|Hs110|chr20,1485
CCDS13013.1|Hs110|chr20,624
CCDS13014.1|Hs110|chr20,327
CCDS13015.1|Hs110|chr20,1113
CCDS13016.1|Hs110|chr20,1020
CCDS13018.1|Hs110|chr20,594
CCDS13019.1|Hs110|chr20,1197
CCDS13020.2|Hs110|chr20,1164
CCDS13021.2|Hs110|chr20,513
CCDS13022.1|Hs110|chr20,1515
CCDS13023.1|Hs110|chr20,765
CCDS13024.2|Hs110|chr20,1605
CCDS13025.1|Hs110|chr20,2121
CCDS13026.1|Hs110|chr20,723
CCDS13027.1|Hs110|chr20,696
CCDS13028.1|Hs110|chr20,1800
CCDS13029.2|Hs110|chr20,2721
CCDS13030.1|Hs110|chr20,1785
CCDS13031.1|Hs110|chr20,1152
CCDS13032.1|Hs110|chr20,1158
CCDS13033.1|Hs110|chr20,2205
CCDS13034.1|Hs110|chr20,498
CCDS13035.1|Hs110|chr20,1365
CCDS13036.1|Hs110|chr20,2520
CCDS13037.1|Hs110|chr20,2088
CCDS13038.1|Hs110|chr20,2409
CCDS13039.1|Hs110|chr20,2382
CCDS13040.1|Hs110|chr20,363
CCDS13041.1|Hs110|chr20,342
CCDS13042.1|Hs110|chr20,339
CCDS13043.1|Hs110|chr20,618
CCDS13044.1|Hs110|chr20,378
CCDS13045.1|Hs110|chr20,495
CCDS13046.1|Hs110|chr20,1626
CCDS13047.1|Hs110|chr20,1464
CCDS13048.1|Hs110|chr20,2295
CCDS13049.1|Hs110|chr20,2022
CCDS13050.1|Hs110|chr20,945
CCDS13051.1|Hs110|chr20,585
CCDS13052.1|Hs110|chr20,2676
CCDS13053.1|Hs110|chr20,4290
CCDS13054.1|Hs110|chr20,3819
CCDS13055.1|Hs110|chr20,810
CCDS13056.1|Hs110|chr20,900
CCDS13058.1|Hs110|chr20,2442
CCDS13060.1|Hs110|chr20,5130
CCDS13061.1|Hs110|chr20,2061
CCDS13063.2|Hs110|chr20,711
CCDS13064.1|Hs110|chr20,1800
CCDS13065.1|Hs110|chr20,1701
CCDS13066.1|Hs110|chr20,1620
CCDS13067.1|Hs110|chr20,1743
CCDS13070.1|Hs110|chr20,603
CCDS13071.2|Hs110|chr20,1713
CCDS13072.1|Hs110|chr20,840
CCDS13074.1|Hs110|chr20,447
CCDS13075.1|Hs110|chr20,1668
CCDS13076.1|Hs110|chr20,1509
CCDS13077.1|Hs110|chr20,573
CCDS13078.1|Hs110|chr20,1599
CCDS13079.1|Hs110|chr20,1719
CCDS13080.1|Hs110|chr20,762
CCDS13081.1|Hs110|chr20,531
CCDS13083.1|Hs110|chr20,981
CCDS13085.1|Hs110|chr20,1953
CCDS13086.1|Hs110|chr20,363
CCDS13087.1|Hs110|chr20,786
CCDS13088.1|Hs110|chr20,1338
CCDS13089.1|Hs110|chr20,1155
CCDS13090.1|Hs110|chr20,2019
CCDS13091.1|Hs110|chr20,618
CCDS13092.1|Hs110|chr20,2034
CCDS13093.1|Hs110|chr20,1494
CCDS13094.1|Hs110|chr20,2523
CCDS13095.1|Hs110|chr20,2475
CCDS13096.1|Hs110|chr20,906
CCDS13097.1|Hs110|chr20,2223
CCDS13098.1|Hs110|chr20,2034
CCDS13099.1|Hs110|chr20,1191
CCDS13100.1|Hs110|chr20,1113
CCDS13101.1|Hs110|chr20,1050
CCDS13102.1|Hs110|chr20,3651
CCDS13103.1|Hs110|chr20,3522
CCDS13104.1|Hs110|chr20,3585
CCDS13105.1|Hs110|chr20,3528
CCDS13106.1|Hs110|chr20,843
CCDS13107.1|Hs110|chr20,2160
CCDS13108.1|Hs110|chr20,2331
CCDS13109.1|Hs110|chr20,621
CCDS13110.1|Hs110|chr20,621
CCDS13111.1|Hs110|chr20,1713
CCDS13112.1|Hs110|chr20,3657
CCDS13113.1|Hs110|chr20,1569
CCDS13114.1|Hs110|chr20,1386
CCDS13115.2|Hs110|chr20,1659
CCDS13116.1|Hs110|chr20,1263
CCDS13117.1|Hs110|chr20,2556
CCDS13118.1|Hs110|chr20,1038
CCDS13120.2|Hs110|chr20,1278
CCDS13121.1|Hs110|chr20,1950
CCDS13122.1|Hs110|chr20,3954
CCDS13123.1|Hs110|chr20,678
CCDS13124.1|Hs110|chr20,387
CCDS13125.1|Hs110|chr20,1917
CCDS13126.1|Hs110|chr20,1998
CCDS13127.1|Hs110|chr20,498
CCDS13128.1|Hs110|chr20,2934
CCDS13129.1|Hs110|chr20,273
CCDS13130.1|Hs110|chr20,1215
CCDS13131.1|Hs110|chr20,1035
CCDS13132.1|Hs110|chr20,828
CCDS13133.1|Hs110|chr20,2349
CCDS13134.1|Hs110|chr20,1962
CCDS13135.1|Hs110|chr20,951
CCDS13136.1|Hs110|chr20,561
CCDS13137.1|Hs110|chr20,2304
CCDS13138.1|Hs110|chr20,630
CCDS13139.1|Hs110|chr20,471
CCDS13140.1|Hs110|chr20,1935
CCDS13141.1|Hs110|chr20,537
CCDS13142.1|Hs110|chr20,336
CCDS13143.1|Hs110|chr20,1533
CCDS13144.1|Hs110|chr20,2853
CCDS13145.1|Hs110|chr20,822
CCDS13146.2|Hs110|chr20,1605
CCDS13147.1|Hs110|chr20,1374
CCDS13148.1|Hs110|chr20,1728
CCDS13149.1|Hs110|chr20,1959
CCDS13150.1|Hs110|chr20,423
CCDS13151.1|Hs110|chr20,2136
CCDS13152.1|Hs110|chr20,897
CCDS13153.1|Hs110|chr20,438
CCDS13154.1|Hs110|chr20,312
CCDS13155.1|Hs110|chr20,417
CCDS13156.1|Hs110|chr20,429
CCDS13157.1|Hs110|chr20,444
CCDS13158.1|Hs110|chr20,441
CCDS13159.1|Hs110|chr20,426
CCDS13160.1|Hs110|chr20,426
CCDS13161.1|Hs110|chr20,426
CCDS13162.1|Hs110|chr20,429
CCDS13163.1|Hs110|chr20,678
CCDS13164.1|Hs110|chr20,777
CCDS13165.2|Hs110|chr20,438
CCDS13166.1|Hs110|chr20,1251
CCDS13167.1|Hs110|chr20,2070
CCDS13168.1|Hs110|chr20,1098
CCDS13169.1|Hs110|chr20,720
CCDS13170.1|Hs110|chr20,1455
CCDS13171.1|Hs110|chr20,2532
CCDS13172.1|Hs110|chr20,1215
CCDS13173.1|Hs110|chr20,747
CCDS13174.1|Hs110|chr20,2256
CCDS13177.1|Hs110|chr20,372
CCDS13178.1|Hs110|chr20,255
CCDS13180.1|Hs110|chr20,204
CCDS13181.1|Hs110|chr20,897
CCDS13182.1|Hs110|chr20,1134
CCDS13183.1|Hs110|chr20,1185
CCDS13185.1|Hs110|chr20,468
CCDS13186.1|Hs110|chr20,450
CCDS13187.1|Hs110|chr20,516
CCDS13188.1|Hs110|chr20,513
CCDS13189.1|Hs110|chr20,702
CCDS13190.1|Hs110|chr20,2244
CCDS13191.1|Hs110|chr20,1791
CCDS13192.1|Hs110|chr20,993
CCDS13193.1|Hs110|chr20,708
CCDS13194.1|Hs110|chr20,402
CCDS13195.1|Hs110|chr20,1302
CCDS13196.2|Hs110|chr20,1929
CCDS13197.1|Hs110|chr20,1491
CCDS13198.1|Hs110|chr20,1167
CCDS13199.1|Hs110|chr20,585
CCDS13200.1|Hs110|chr20,2244
CCDS13201.1|Hs110|chr20,4626
CCDS13202.1|Hs110|chr20,1311
CCDS13203.1|Hs110|chr20,585
CCDS13204.1|Hs110|chr20,2538
CCDS13205.1|Hs110|chr20,2562
CCDS13206.1|Hs110|chr20,2502
CCDS13207.1|Hs110|chr20,2313
CCDS13208.1|Hs110|chr20,807
CCDS13209.1|Hs110|chr20,1140
CCDS13210.1|Hs110|chr20,1377
CCDS13211.1|Hs110|chr20,1362
CCDS13212.2|Hs110|chr20,1419
CCDS13213.2|Hs110|chr20,1845
CCDS13214.1|Hs110|chr20,750
CCDS13216.2|Hs110|chr20,765
CCDS13217.1|Hs110|chr20,771
CCDS13218.1|Hs110|chr20,1455
CCDS13219.1|Hs110|chr20,1764
CCDS13220.1|Hs110|chr20,1518
CCDS13221.1|Hs110|chr20,1815
CCDS13223.1|Hs110|chr20,462
CCDS13224.1|Hs110|chr20,1314
CCDS13225.1|Hs110|chr20,639
CCDS13226.1|Hs110|chr20,216
CCDS13227.1|Hs110|chr20,2544
CCDS13228.1|Hs110|chr20,675
CCDS13229.1|Hs110|chr20,873
CCDS13230.1|Hs110|chr20,921
CCDS13231.1|Hs110|chr20,1002
CCDS13232.1|Hs110|chr20,399
CCDS13233.1|Hs110|chr20,1299
CCDS13234.1|Hs110|chr20,2589
CCDS13235.1|Hs110|chr20,291
CCDS13237.1|Hs110|chr20,378
CCDS13238.1|Hs110|chr20,366
CCDS13239.1|Hs110|chr20,1308
CCDS13240.1|Hs110|chr20,663
CCDS13241.1|Hs110|chr20,6192
CCDS13242.2|Hs110|chr20,1989
CCDS13243.1|Hs110|chr20,2106
CCDS13245.1|Hs110|chr20,1425
CCDS13246.1|Hs110|chr20,2394
CCDS13247.1|Hs110|chr20,1737
CCDS13248.1|Hs110|chr20,717
CCDS13249.1|Hs110|chr20,738
CCDS13250.1|Hs110|chr20,681
CCDS13251.1|Hs110|chr20,2244
CCDS13252.1|Hs110|chr20,900
CCDS13253.2|Hs110|chr20,822
CCDS13254.1|Hs110|chr20,1506
CCDS13255.1|Hs110|chr20,7329
CCDS13257.1|Hs110|chr20,1152
CCDS13258.1|Hs110|chr20,1167
CCDS13259.1|Hs110|chr20,1314
CCDS13260.1|Hs110|chr20,1614
CCDS13261.1|Hs110|chr20,2799
CCDS13262.1|Hs110|chr20,1374
CCDS13264.1|Hs110|chr20,240
CCDS13265.1|Hs110|chr20,1575
CCDS13266.1|Hs110|chr20,1593
CCDS13268.1|Hs110|chr20,3039
CCDS13269.1|Hs110|chr20,540
CCDS13270.1|Hs110|chr20,1719
CCDS13271.1|Hs110|chr20,2646
CCDS13272.1|Hs110|chr20,2340
CCDS13273.1|Hs110|chr20,1155
CCDS13274.1|Hs110|chr20,2970
CCDS13275.1|Hs110|chr20,1362
CCDS13276.1|Hs110|chr20,519
CCDS13277.1|Hs110|chr20,357
CCDS13278.1|Hs110|chr20,714
CCDS13279.1|Hs110|chr20,432
CCDS13280.1|Hs110|chr20,390
CCDS13282.1|Hs110|chr20,786
CCDS13283.1|Hs110|chr20,633
CCDS13284.1|Hs110|chr20,1092
CCDS13285.1|Hs110|chr20,1128
CCDS13286.1|Hs110|chr20,1071
CCDS13288.1|Hs110|chr20,1881
CCDS13289.1|Hs110|chr20,3207
CCDS13290.1|Hs110|chr20,3045
CCDS13291.1|Hs110|chr20,1896
CCDS13292.1|Hs110|chr20,327
CCDS13293.1|Hs110|chr20,258
CCDS13294.1|Hs110|chr20,1611
CCDS13295.1|Hs110|chr20,264
CCDS13296.1|Hs110|chr20,246
CCDS13297.1|Hs110|chr20,165
CCDS13298.1|Hs110|chr20,1692
CCDS13299.1|Hs110|chr20,615
CCDS13300.1|Hs110|chr20,3270
CCDS13301.1|Hs110|chr20,981
CCDS13302.1|Hs110|chr20,2064
CCDS13303.2|Hs110|chr20,1452
CCDS13304.1|Hs110|chr20,1446
CCDS13305.1|Hs110|chr20,4485
CCDS13307.1|Hs110|chr20,1578
CCDS13308.1|Hs110|chr20,1824
CCDS13309.1|Hs110|chr20,1704
CCDS13310.1|Hs110|chr20,2112
CCDS13311.1|Hs110|chr20,972
CCDS13312.1|Hs110|chr20,2298
CCDS13313.1|Hs110|chr20,3876
CCDS13314.1|Hs110|chr20,3873
CCDS13315.1|Hs110|chr20,2871
CCDS13316.1|Hs110|chr20,2301
CCDS13317.1|Hs110|chr20,8148
CCDS13318.1|Hs110|chr20,1035
CCDS13319.1|Hs110|chr20,2319
CCDS13321.1|Hs110|chr20,1104
CCDS13322.1|Hs110|chr20,2103
CCDS13323.1|Hs110|chr20,447
CCDS13324.1|Hs110|chr20,1395
CCDS13325.1|Hs110|chr20,2091
CCDS13326.1|Hs110|chr20,390
CCDS13327.1|Hs110|chr20,879
CCDS13328.1|Hs110|chr20,1104
CCDS13329.1|Hs110|chr20,762
CCDS13330.1|Hs110|chr20,1425
CCDS13331.1|Hs110|chr20,1254
CCDS13332.2|Hs110|chr20,1029
CCDS13333.1|Hs110|chr20,1422
CCDS13334.1|Hs110|chr20,231
CCDS13335.1|Hs110|chr20,1092
CCDS13336.1|Hs110|chr20,753
CCDS13337.1|Hs110|chr20,993
CCDS13338.1|Hs110|chr20,810
CCDS13339.1|Hs110|chr20,741
CCDS13340.1|Hs110|chr20,930
CCDS13341.1|Hs110|chr20,1464
CCDS13342.1|Hs110|chr20,1581
CCDS13343.1|Hs110|chr20,336
CCDS13344.1|Hs110|chr20,354
CCDS13345.1|Hs110|chr20,1389
CCDS13346.1|Hs110|chr20,1749
CCDS13347.1|Hs110|chr20,399
CCDS13348.1|Hs110|chr20,1746
CCDS13349.1|Hs110|chr20,1554
CCDS13350.1|Hs110|chr20,597
CCDS13351.1|Hs110|chr20,471
CCDS13352.1|Hs110|chr20,873
CCDS13353.1|Hs110|chr20,1737
CCDS13358.1|Hs110|chr20,261
CCDS13359.1|Hs110|chr20,402
CCDS13361.1|Hs110|chr20,726
CCDS13362.1|Hs110|chr20,270
CCDS13363.1|Hs110|chr20,240
CCDS13364.1|Hs110|chr20,264
CCDS13365.1|Hs110|chr20,270
CCDS13366.1|Hs110|chr20,222
CCDS13367.1|Hs110|chr20,282
CCDS13369.1|Hs110|chr20,990
CCDS13370.1|Hs110|chr20,540
CCDS13371.1|Hs110|chr20,486
CCDS13372.1|Hs110|chr20,453
CCDS13374.1|Hs110|chr20,423
CCDS13375.1|Hs110|chr20,483
CCDS13376.1|Hs110|chr20,600
CCDS13377.1|Hs110|chr20,1122
CCDS13378.1|Hs110|chr20,960
CCDS13381.1|Hs110|chr20,2091
CCDS13382.2|Hs110|chr20,1458
CCDS13383.1|Hs110|chr20,684
CCDS13384.1|Hs110|chr20,858
CCDS13386.1|Hs110|chr20,1482
CCDS13387.1|Hs110|chr20,1326
CCDS13388.1|Hs110|chr20,2115
CCDS13389.1|Hs110|chr20,4029
CCDS13390.1|Hs110|chr20,2124
CCDS13391.1|Hs110|chr20,3351
CCDS13392.1|Hs110|chr20,1740
CCDS13393.1|Hs110|chr20,834
CCDS13394.1|Hs110|chr20,612
CCDS13395.1|Hs110|chr20,2487
CCDS13396.1|Hs110|chr20,1098
CCDS13397.1|Hs110|chr20,1035
CCDS13398.1|Hs110|chr20,2163
CCDS13400.1|Hs110|chr20,1809
CCDS13401.1|Hs110|chr20,762
CCDS13402.1|Hs110|chr20,1626
CCDS13403.1|Hs110|chr20,1617
CCDS13404.1|Hs110|chr20,3483
CCDS13405.1|Hs110|chr20,3567
CCDS13406.1|Hs110|chr20,4263
CCDS13407.1|Hs110|chr20,4275
CCDS13408.1|Hs110|chr20,2613
CCDS13409.2|Hs110|chr20,2604
CCDS13410.1|Hs110|chr20,4980
CCDS13411.1|Hs110|chr20,5358
CCDS13412.1|Hs110|chr20,2916
CCDS13414.1|Hs110|chr20,1734
CCDS13415.1|Hs110|chr20,1491
CCDS13416.2|Hs110|chr20,2298
CCDS13417.1|Hs110|chr20,5757
CCDS13418.1|Hs110|chr20,2577
CCDS13419.1|Hs110|chr20,1503
CCDS13420.1|Hs110|chr20,1167
CCDS13421.1|Hs110|chr20,1746
CCDS13422.1|Hs110|chr20,1563
CCDS13423.1|Hs110|chr20,795
CCDS13426.1|Hs110|chr20,513
CCDS13427.1|Hs110|chr20,312
CCDS13428.1|Hs110|chr20,813
CCDS13429.1|Hs110|chr20,1038
CCDS13430.1|Hs110|chr20,1308
CCDS13431.2|Hs110|chr20,2841
CCDS13432.3|Hs110|chr20,522
CCDS13433.1|Hs110|chr20,3309
CCDS13434.1|Hs110|chr20,783
CCDS13435.1|Hs110|chr20,1383
CCDS13436.1|Hs110|chr20,1542
CCDS13437.1|Hs110|chr20,2778
CCDS13438.1|Hs110|chr20,3162
CCDS13439.1|Hs110|chr20,1938
CCDS13440.1|Hs110|chr20,2046
CCDS13441.1|Hs110|chr20,1884
CCDS13442.1|Hs110|chr20,2040
CCDS13443.1|Hs110|chr20,3147
CCDS13444.1|Hs110|chr20,1755
CCDS13445.1|Hs110|chr20,405
CCDS13446.1|Hs110|chr20,921
CCDS13447.1|Hs110|chr20,597
CCDS13448.1|Hs110|chr20,606
CCDS13449.2|Hs110|chr20,972
CCDS13450.1|Hs110|chr20,579
CCDS13451.1|Hs110|chr20,1212
CCDS13452.1|Hs110|chr20,1296
CCDS13453.1|Hs110|chr20,921
CCDS13454.1|Hs110|chr20,1353
CCDS13455.1|Hs110|chr20,1296
CCDS13456.1|Hs110|chr20,1191
CCDS13457.1|Hs110|chr20,1077
CCDS13458.1|Hs110|chr20,1107
CCDS13459.1|Hs110|chr20,1992
CCDS13460.1|Hs110|chr20,1869
CCDS13461.1|Hs110|chr20,1290
CCDS13462.1|Hs110|chr20,759
CCDS13463.1|Hs110|chr20,864
CCDS13464.1|Hs110|chr20,714
CCDS13465.1|Hs110|chr20,414
CCDS13467.1|Hs110|chr20,1506
CCDS13468.1|Hs110|chr20,978
CCDS13469.1|Hs110|chr20,915
CCDS13471.1|Hs110|chr20,738
CCDS13472.1|Hs110|chr20,1185
CCDS13473.3|Hs110|chr20,1746
CCDS13474.1|Hs110|chr20,912
CCDS13475.1|Hs110|chr20,1356
CCDS13476.1|Hs110|chr20,156
CCDS13477.1|Hs110|chr20,717
CCDS13478.1|Hs110|chr20,675
CCDS13479.1|Hs110|chr20,660
CCDS13480.1|Hs110|chr20,1680
CCDS13481.1|Hs110|chr20,1347
CCDS13482.1|Hs110|chr20,4593
CCDS13483.1|Hs110|chr20,900
CCDS13484.1|Hs110|chr20,1152
CCDS13485.1|Hs110|chr20,2499
CCDS13486.1|Hs110|chr20,498
CCDS13488.1|Hs110|chr20,2751
CCDS13489.1|Hs110|chr20,747
CCDS13491.1|Hs110|chr20,1191
CCDS13492.1|Hs110|chr20,1221
CCDS13493.1|Hs110|chr20,1338
CCDS13494.1|Hs110|chr20,1407
CCDS13495.1|Hs110|chr20,1443
CCDS13496.1|Hs110|chr20,1224
CCDS13497.1|Hs110|chr20,252
CCDS13498.1|Hs110|chr20,1995
CCDS13499.1|Hs110|chr20,1194
CCDS13501.1|Hs110|chr20,2169
CCDS13502.1|Hs110|chr20,1257
CCDS13503.1|Hs110|chr20,615
CCDS13504.1|Hs110|chr20,2034
CCDS13505.1|Hs110|chr20,2055
CCDS13506.1|Hs110|chr20,1503
CCDS13508.2|Hs110|chr20,3570
CCDS13509.1|Hs110|chr20,1689
CCDS13510.1|Hs110|chr20,687
CCDS13511.1|Hs110|chr20,1680
CCDS13512.1|Hs110|chr20,843
CCDS13513.1|Hs110|chr20,897
CCDS13514.1|Hs110|chr20,627
CCDS13515.1|Hs110|chr20,1221
CCDS13516.1|Hs110|chr20,1245
CCDS13517.1|Hs110|chr20,1884
CCDS13518.1|Hs110|chr20,2535
CCDS13519.1|Hs110|chr20,2565
CCDS13520.1|Hs110|chr20,2619
CCDS13521.1|Hs110|chr20,1182
CCDS13522.1|Hs110|chr20,1392
CCDS13523.1|Hs110|chr20,345
CCDS13524.1|Hs110|chr20,1356
CCDS13525.1|Hs110|chr20,1467
CCDS13526.1|Hs110|chr20,957
CCDS13527.1|Hs110|chr20,6243
CCDS13528.1|Hs110|chr20,1593
CCDS13529.1|Hs110|chr20,543
CCDS13530.3|Hs110|chr20,3732
CCDS13531.1|Hs110|chr20,3660
CCDS13532.1|Hs110|chr20,903
CCDS13533.1|Hs110|chr20,606
CCDS13534.1|Hs110|chr20,1596
CCDS13535.1|Hs110|chr20,1536
CCDS13536.1|Hs110|chr20,888
CCDS13537.1|Hs110|chr20,1164
CCDS13538.1|Hs110|chr20,1770
CCDS13539.1|Hs110|chr20,1410
CCDS13540.1|Hs110|chr20,621
CCDS13541.1|Hs110|chr20,561
CCDS13542.1|Hs110|chr20,690
CCDS13543.1|Hs110|chr20,630
CCDS13544.1|Hs110|chr20,663
CCDS13545.1|Hs110|chr20,603
CCDS13546.1|Hs110|chr20,597
CCDS13547.1|Hs110|chr20,1647
CCDS13548.1|Hs110|chr20,2679
CCDS13549.1|Hs110|chr20,609
CCDS13550.1|Hs110|chr20,2826
CCDS13552.1|Hs110|chr20,1155
CCDS13553.1|Hs110|chr20,900
CCDS13554.1|Hs110|chr20,819
CCDS13555.1|Hs110|chr20,654
CCDS13556.1|Hs110|chr20,1113
CCDS13557.1|Hs110|chr20,1002
CCDS13558.1|Hs110|chr20,3366
CCDS13559.1|Hs110|chr20,1086
CCDS13562.1|Hs110|chr21,1755
CCDS13567.1|Hs110|chr21,1416
CCDS13568.1|Hs110|chr21,3477
CCDS13569.1|Hs110|chr21,759
CCDS13570.1|Hs110|chr21,822
CCDS13571.1|Hs110|chr21,3060
CCDS13573.1|Hs110|chr21,1017
CCDS13574.1|Hs110|chr21,327
CCDS13575.1|Hs110|chr21,1365
CCDS13576.1|Hs110|chr21,2313
CCDS13577.1|Hs110|chr21,2088
CCDS13578.1|Hs110|chr21,465
CCDS13579.1|Hs110|chr21,2793
CCDS13582.1|Hs110|chr21,960
CCDS13583.1|Hs110|chr21,2472
CCDS13584.1|Hs110|chr21,729
CCDS13585.1|Hs110|chr21,2211
CCDS13586.1|Hs110|chr21,675
CCDS13587.1|Hs110|chr21,678
CCDS13588.1|Hs110|chr21,633
CCDS13589.1|Hs110|chr21,528
CCDS13590.2|Hs110|chr21,519
CCDS13591.1|Hs110|chr21,519
CCDS13592.1|Hs110|chr21,483
CCDS13593.1|Hs110|chr21,414
CCDS13594.1|Hs110|chr21,273
CCDS13595.1|Hs110|chr21,159
CCDS13596.1|Hs110|chr21,246
CCDS13597.1|Hs110|chr21,219
CCDS13598.1|Hs110|chr21,177
CCDS13599.1|Hs110|chr21,192
CCDS13600.1|Hs110|chr21,189
CCDS13601.1|Hs110|chr21,147
CCDS13602.1|Hs110|chr21,216
CCDS13603.1|Hs110|chr21,171
CCDS13604.1|Hs110|chr21,198
CCDS13605.1|Hs110|chr21,252
CCDS13606.1|Hs110|chr21,240
CCDS13607.1|Hs110|chr21,192
CCDS13608.1|Hs110|chr21,492
CCDS13609.1|Hs110|chr21,4776
CCDS13610.1|Hs110|chr21,2145
CCDS13611.1|Hs110|chr21,702
CCDS13612.1|Hs110|chr21,309
CCDS13613.1|Hs110|chr21,519
CCDS13614.1|Hs110|chr21,1326
CCDS13616.1|Hs110|chr21,648
CCDS13617.1|Hs110|chr21,873
CCDS13619.1|Hs110|chr21,2754
CCDS13620.1|Hs110|chr21,972
CCDS13621.1|Hs110|chr21,1548
CCDS13622.1|Hs110|chr21,996
CCDS13623.1|Hs110|chr21,978
CCDS13624.1|Hs110|chr21,1674
CCDS13625.1|Hs110|chr21,477
CCDS13626.1|Hs110|chr21,1167
CCDS13627.1|Hs110|chr21,3033
CCDS13628.1|Hs110|chr21,1302
CCDS13629.1|Hs110|chr21,7281
CCDS13631.1|Hs110|chr21,6912
CCDS13632.1|Hs110|chr21,1701
CCDS13633.2|Hs110|chr21,1050
CCDS13634.1|Hs110|chr21,642
CCDS13635.1|Hs110|chr21,372
CCDS13636.1|Hs110|chr21,390
CCDS13637.1|Hs110|chr21,759
CCDS13638.1|Hs110|chr21,2061
CCDS13639.1|Hs110|chr21,1443
CCDS13640.1|Hs110|chr21,1323
CCDS13641.1|Hs110|chr21,834
CCDS13642.1|Hs110|chr21,834
CCDS13643.1|Hs110|chr21,6897
CCDS13644.1|Hs110|chr21,1680
CCDS13645.1|Hs110|chr21,720
CCDS13646.1|Hs110|chr21,2004
CCDS13647.1|Hs110|chr21,2181
CCDS13648.1|Hs110|chr21,573
CCDS13649.1|Hs110|chr21,477
CCDS13650.1|Hs110|chr21,405
CCDS13651.1|Hs110|chr21,6078
CCDS13653.1|Hs110|chr21,2265
CCDS13654.1|Hs110|chr21,1590
CCDS13656.1|Hs110|chr21,1128
CCDS13657.1|Hs110|chr21,1389
CCDS13658.1|Hs110|chr21,1440
CCDS13659.1|Hs110|chr21,1410
CCDS13660.1|Hs110|chr21,867
CCDS13661.1|Hs110|chr21,804
CCDS13662.1|Hs110|chr21,6963
CCDS13663.1|Hs110|chr21,6810
CCDS13664.1|Hs110|chr21,525
CCDS13665.1|Hs110|chr21,2013
CCDS13666.2|Hs110|chr21,531
CCDS13667.1|Hs110|chr21,933
CCDS13668.1|Hs110|chr21,1557
CCDS13669.1|Hs110|chr21,1407
CCDS13670.1|Hs110|chr21,1191
CCDS13671.1|Hs110|chr21,708
CCDS13672.1|Hs110|chr21,2148
CCDS13673.1|Hs110|chr21,1989
CCDS13675.1|Hs110|chr21,2355
CCDS13676.2|Hs110|chr21,3624
CCDS13677.1|Hs110|chr21,1626
CCDS13678.1|Hs110|chr21,3201
CCDS13681.1|Hs110|chr21,1992
CCDS13682.1|Hs110|chr21,2037
CCDS13683.1|Hs110|chr21,2034
CCDS13684.1|Hs110|chr21,390
CCDS13685.1|Hs110|chr21,255
CCDS13686.1|Hs110|chr21,1365
CCDS13687.1|Hs110|chr21,1986
CCDS13688.1|Hs110|chr21,930
CCDS13689.1|Hs110|chr21,1602
CCDS13690.1|Hs110|chr21,1782
CCDS13691.1|Hs110|chr21,1239
CCDS13692.1|Hs110|chr21,1311
CCDS13693.1|Hs110|chr21,1656
CCDS13694.1|Hs110|chr21,723
CCDS13695.1|Hs110|chr21,522
CCDS13697.1|Hs110|chr21,1005
CCDS13699.1|Hs110|chr21,939
CCDS13701.1|Hs110|chr21,297
CCDS13703.1|Hs110|chr21,1131
CCDS13704.1|Hs110|chr21,3780
CCDS13705.1|Hs110|chr21,1164
CCDS13706.1|Hs110|chr21,1638
CCDS13709.1|Hs110|chr21,771
CCDS13710.1|Hs110|chr21,4512
CCDS13711.1|Hs110|chr21,774
CCDS13712.1|Hs110|chr21,2010
CCDS13713.1|Hs110|chr21,780
CCDS13714.1|Hs110|chr21,498
CCDS13715.1|Hs110|chr21,543
CCDS13716.1|Hs110|chr21,2310
CCDS13718.1|Hs110|chr21,693
CCDS13719.1|Hs110|chr21,1290
CCDS13721.1|Hs110|chr21,1275
CCDS13725.1|Hs110|chr21,1776
CCDS13727.1|Hs110|chr21,3087
CCDS13728.1|Hs110|chr21,3060
CCDS13729.1|Hs110|chr21,2757
CCDS13730.1|Hs110|chr21,2487
CCDS13731.1|Hs110|chr21,1626
CCDS13732.1|Hs110|chr21,561
CCDS13733.1|Hs110|chr21,2199
CCDS13734.1|Hs110|chr21,5943
CCDS13735.1|Hs110|chr21,969
CCDS13736.1|Hs110|chr21,279
CCDS13737.1|Hs110|chr21,1302
CCDS13738.1|Hs110|chr22,1674
CCDS13739.1|Hs110|chr22,2601
CCDS13740.1|Hs110|chr22,1737
CCDS13741.1|Hs110|chr22,1182
CCDS13742.1|Hs110|chr22,1536
CCDS13743.1|Hs110|chr22,813
CCDS13744.1|Hs110|chr22,948
CCDS13745.1|Hs110|chr22,681
CCDS13746.1|Hs110|chr22,1458
CCDS13747.1|Hs110|chr22,726
CCDS13748.1|Hs110|chr22,588
CCDS13749.1|Hs110|chr22,300
CCDS13750.1|Hs110|chr22,918
CCDS13751.1|Hs110|chr22,1350
CCDS13752.1|Hs110|chr22,1119
CCDS13753.1|Hs110|chr22,663
CCDS13754.1|Hs110|chr22,1803
CCDS13755.1|Hs110|chr22,1077
CCDS13756.1|Hs110|chr22,1431
CCDS13757.1|Hs110|chr22,618
CCDS13758.1|Hs110|chr22,936
CCDS13759.1|Hs110|chr22,3054
CCDS13760.1|Hs110|chr22,621
CCDS13761.1|Hs110|chr22,924
CCDS13762.1|Hs110|chr22,1701
CCDS13763.2|Hs110|chr22,912
CCDS13764.1|Hs110|chr22,1110
CCDS13765.1|Hs110|chr22,1119
CCDS13766.1|Hs110|chr22,1197
CCDS13767.1|Hs110|chr22,1488
CCDS13768.1|Hs110|chr22,984
CCDS13769.1|Hs110|chr22,1095
CCDS13770.1|Hs110|chr22,816
CCDS13771.1|Hs110|chr22,2889
CCDS13772.1|Hs110|chr22,831
CCDS13773.1|Hs110|chr22,2322
CCDS13774.1|Hs110|chr22,1878
CCDS13775.1|Hs110|chr22,606
CCDS13776.1|Hs110|chr22,2298
CCDS13777.1|Hs110|chr22,1422
CCDS13778.1|Hs110|chr22,663
CCDS13779.2|Hs110|chr22,2616
CCDS13780.1|Hs110|chr22,1905
CCDS13781.1|Hs110|chr22,2247
CCDS13783.1|Hs110|chr22,1500
CCDS13784.1|Hs110|chr22,777
CCDS13785.1|Hs110|chr22,912
CCDS13786.1|Hs110|chr22,1818
CCDS13787.1|Hs110|chr22,930
CCDS13788.2|Hs110|chr22,1326
CCDS13789.1|Hs110|chr22,1848
CCDS13790.1|Hs110|chr22,465
CCDS13791.1|Hs110|chr22,1842
CCDS13792.1|Hs110|chr22,666
CCDS13793.1|Hs110|chr22,1563
CCDS13794.1|Hs110|chr22,360
CCDS13795.1|Hs110|chr22,1083
CCDS13796.1|Hs110|chr22,1365
CCDS13797.1|Hs110|chr22,2589
CCDS13798.1|Hs110|chr22,438
CCDS13799.1|Hs110|chr22,1632
CCDS13800.1|Hs110|chr22,1629
CCDS13801.1|Hs110|chr22,1530
CCDS13802.2|Hs110|chr22,657
CCDS13803.1|Hs110|chr22,1047
CCDS13804.1|Hs110|chr22,1068
CCDS13805.2|Hs110|chr22,804
CCDS13806.1|Hs110|chr22,3816
CCDS13807.1|Hs110|chr22,3684
CCDS13809.1|Hs110|chr22,642
CCDS13810.1|Hs110|chr22,255
CCDS13811.1|Hs110|chr22,1422
CCDS13812.1|Hs110|chr22,1341
CCDS13813.1|Hs110|chr22,372
CCDS13814.2|Hs110|chr22,447
CCDS13815.1|Hs110|chr22,429
CCDS13816.1|Hs110|chr22,1467
CCDS13817.1|Hs110|chr22,1158
CCDS13818.1|Hs110|chr22,1512
CCDS13819.1|Hs110|chr22,348
CCDS13820.1|Hs110|chr22,357
CCDS13823.1|Hs110|chr22,6663
CCDS13824.1|Hs110|chr22,2469
CCDS13825.1|Hs110|chr22,1761
CCDS13826.1|Hs110|chr22,1239
CCDS13827.1|Hs110|chr22,1155
CCDS13828.1|Hs110|chr22,381
CCDS13830.1|Hs110|chr22,636
CCDS13831.1|Hs110|chr22,618
CCDS13832.1|Hs110|chr22,2067
CCDS13833.1|Hs110|chr22,3075
CCDS13834.2|Hs110|chr22,1110
CCDS13835.1|Hs110|chr22,2127
CCDS13838.1|Hs110|chr22,2514
CCDS13839.1|Hs110|chr22,1134
CCDS13840.1|Hs110|chr22,759
CCDS13841.1|Hs110|chr22,591
CCDS13842.1|Hs110|chr22,816
CCDS13843.1|Hs110|chr22,1632
CCDS13844.1|Hs110|chr22,1545
CCDS13845.1|Hs110|chr22,708
CCDS13846.1|Hs110|chr22,840
CCDS13847.1|Hs110|chr22,786
CCDS13848.1|Hs110|chr22,873
CCDS13849.1|Hs110|chr22,1479
CCDS13850.1|Hs110|chr22,1161
CCDS13851.1|Hs110|chr22,1971
CCDS13852.2|Hs110|chr22,1986
CCDS13854.1|Hs110|chr22,612
CCDS13855.1|Hs110|chr22,2850
CCDS13856.2|Hs110|chr22,2820
CCDS13857.2|Hs110|chr22,954
CCDS13858.1|Hs110|chr22,3063
CCDS13859.1|Hs110|chr22,2052
CCDS13860.1|Hs110|chr22,855
CCDS13861.1|Hs110|chr22,1788
CCDS13862.1|Hs110|chr22,1773
CCDS13863.1|Hs110|chr22,1647
CCDS13864.1|Hs110|chr22,1650
CCDS13865.1|Hs110|chr22,1524
CCDS13867.1|Hs110|chr22,648
CCDS13868.1|Hs110|chr22,513
CCDS13869.1|Hs110|chr22,2274
CCDS13870.1|Hs110|chr22,3597
CCDS13871.1|Hs110|chr22,3513
CCDS13872.1|Hs110|chr22,609
CCDS13873.1|Hs110|chr22,759
CCDS13874.1|Hs110|chr22,1527
CCDS13875.1|Hs110|chr22,2382
CCDS13876.1|Hs110|chr22,1212
CCDS13877.1|Hs110|chr22,1203
CCDS13878.1|Hs110|chr22,1221
CCDS13879.1|Hs110|chr22,1272
CCDS13880.1|Hs110|chr22,1767
CCDS13881.1|Hs110|chr22,1284
CCDS13882.1|Hs110|chr22,1053
CCDS13883.1|Hs110|chr22,567
CCDS13886.1|Hs110|chr22,2754
CCDS13887.1|Hs110|chr22,2823
CCDS13888.1|Hs110|chr22,2748
CCDS13889.1|Hs110|chr22,1530
CCDS13890.1|Hs110|chr22,579
CCDS13891.1|Hs110|chr22,1917
CCDS13892.1|Hs110|chr22,1854
CCDS13893.1|Hs110|chr22,792
CCDS13894.1|Hs110|chr22,2064
CCDS13895.1|Hs110|chr22,1926
CCDS13896.1|Hs110|chr22,1614
CCDS13897.1|Hs110|chr22,1104
CCDS13898.1|Hs110|chr22,2958
CCDS13899.1|Hs110|chr22,1128
CCDS13900.2|Hs110|chr22,6456
CCDS13901.1|Hs110|chr22,741
CCDS13902.1|Hs110|chr22,1995
CCDS13903.1|Hs110|chr22,1980
CCDS13904.1|Hs110|chr22,867
CCDS13905.1|Hs110|chr22,1518
CCDS13906.1|Hs110|chr22,1524
CCDS13907.1|Hs110|chr22,1569
CCDS13908.1|Hs110|chr22,1743
CCDS13911.1|Hs110|chr22,636
CCDS13912.1|Hs110|chr22,2271
CCDS13913.1|Hs110|chr22,1479
CCDS13914.1|Hs110|chr22,867
CCDS13915.1|Hs110|chr22,2205
CCDS13916.1|Hs110|chr22,801
CCDS13917.1|Hs110|chr22,465
CCDS13919.1|Hs110|chr22,1032
CCDS13920.1|Hs110|chr22,1302
CCDS13921.1|Hs110|chr22,1104
CCDS13922.1|Hs110|chr22,1209
CCDS13923.1|Hs110|chr22,996
CCDS13924.1|Hs110|chr22,609
CCDS13925.1|Hs110|chr22,1245
CCDS13926.1|Hs110|chr22,1197
CCDS13927.1|Hs110|chr22,5883
CCDS13928.1|Hs110|chr22,501
CCDS13929.1|Hs110|chr22,2055
CCDS13930.1|Hs110|chr22,1647
CCDS13931.1|Hs110|chr22,972
CCDS13932.1|Hs110|chr22,558
CCDS13933.1|Hs110|chr22,333
CCDS13934.1|Hs110|chr22,1020
CCDS13935.1|Hs110|chr22,1047
CCDS13936.1|Hs110|chr22,2694
CCDS13937.1|Hs110|chr22,588
CCDS13938.1|Hs110|chr22,894
CCDS13939.1|Hs110|chr22,894
CCDS13940.3|Hs110|chr22,873
CCDS13942.1|Hs110|chr22,1656
CCDS13943.1|Hs110|chr22,837
CCDS13944.1|Hs110|chr22,1257
CCDS13945.1|Hs110|chr22,579
CCDS13946.1|Hs110|chr22,1185
CCDS13947.1|Hs110|chr22,966
CCDS13948.1|Hs110|chr22,3099
CCDS13949.1|Hs110|chr22,1176
CCDS13950.1|Hs110|chr22,399
CCDS13951.1|Hs110|chr22,1920
CCDS13952.2|Hs110|chr22,2106
CCDS13953.1|Hs110|chr22,891
CCDS13954.1|Hs110|chr22,408
CCDS13955.1|Hs110|chr22,642
CCDS13956.1|Hs110|chr22,585
CCDS13957.1|Hs110|chr22,1260
CCDS13958.1|Hs110|chr22,1107
CCDS13959.1|Hs110|chr22,903
CCDS13960.1|Hs110|chr22,1695
CCDS13961.1|Hs110|chr22,2592
CCDS13962.1|Hs110|chr22,654
CCDS13963.1|Hs110|chr22,384
CCDS13964.1|Hs110|chr22,1401
CCDS13965.1|Hs110|chr22,1248
CCDS13966.1|Hs110|chr22,1515
CCDS13967.1|Hs110|chr22,2421
CCDS13968.1|Hs110|chr22,495
CCDS13969.2|Hs110|chr22,1224
CCDS13971.1|Hs110|chr22,1338
CCDS13972.1|Hs110|chr22,645
CCDS13973.1|Hs110|chr22,1023
CCDS13974.1|Hs110|chr22,381
CCDS13975.1|Hs110|chr22,429
CCDS13976.1|Hs110|chr22,609
CCDS13977.2|Hs110|chr22,2010
CCDS13978.1|Hs110|chr22,2154
CCDS13979.1|Hs110|chr22,318
CCDS13980.1|Hs110|chr22,1239
CCDS13981.1|Hs110|chr22,600
CCDS13982.1|Hs110|chr22,1149
CCDS13983.1|Hs110|chr22,573
CCDS13984.1|Hs110|chr22,1155
CCDS13985.1|Hs110|chr22,552
CCDS13986.1|Hs110|chr22,756
CCDS13987.1|Hs110|chr22,726
CCDS13988.1|Hs110|chr22,1212
CCDS13989.1|Hs110|chr22,702
CCDS13990.1|Hs110|chr22,576
CCDS13991.1|Hs110|chr22,579
CCDS13992.1|Hs110|chr22,1389
CCDS13993.1|Hs110|chr22,1515
CCDS13994.2|Hs110|chr22,1602
CCDS13995.1|Hs110|chr22,1392
CCDS13996.1|Hs110|chr22,1056
CCDS13997.1|Hs110|chr22,411
CCDS13998.1|Hs110|chr22,1824
CCDS13999.1|Hs110|chr22,993
CCDS14000.2|Hs110|chr22,1503
CCDS14001.1|Hs110|chr22,1455
CCDS14002.1|Hs110|chr22,2250
CCDS14003.1|Hs110|chr22,2796
CCDS14004.2|Hs110|chr22,1062
CCDS14005.1|Hs110|chr22,924
CCDS14006.1|Hs110|chr22,1110
CCDS14007.1|Hs110|chr22,1524
CCDS14008.1|Hs110|chr22,930
CCDS14009.1|Hs110|chr22,327
CCDS14010.1|Hs110|chr22,7245
CCDS14011.1|Hs110|chr22,2118
CCDS14012.1|Hs110|chr22,1764
CCDS14013.1|Hs110|chr22,2934
CCDS14014.1|Hs110|chr22,912
CCDS14015.1|Hs110|chr22,1035
CCDS14016.1|Hs110|chr22,333
CCDS14017.1|Hs110|chr22,2343
CCDS14018.1|Hs110|chr22,615
CCDS14019.1|Hs110|chr22,462
CCDS14020.1|Hs110|chr22,789
CCDS14021.1|Hs110|chr22,1830
CCDS14022.1|Hs110|chr22,387
CCDS14023.1|Hs110|chr22,3426
CCDS14024.1|Hs110|chr22,555
CCDS14025.1|Hs110|chr22,543
CCDS14026.2|Hs110|chr22,1077
CCDS14027.2|Hs110|chr22,1053
CCDS14029.1|Hs110|chr22,930
CCDS14030.1|Hs110|chr22,1236
CCDS14031.1|Hs110|chr22,324
CCDS14032.1|Hs110|chr22,5817
CCDS14033.1|Hs110|chr22,5883
CCDS14034.1|Hs110|chr22,813
CCDS14036.1|Hs110|chr22,843
CCDS14037.1|Hs110|chr22,945
CCDS14038.1|Hs110|chr22,1266
CCDS14039.1|Hs110|chr22,1179
CCDS14040.1|Hs110|chr22,837
CCDS14041.1|Hs110|chr22,1062
CCDS14042.1|Hs110|chr22,1551
CCDS14043.1|Hs110|chr22,1272
CCDS14044.1|Hs110|chr22,483
CCDS14045.1|Hs110|chr22,543
CCDS14047.1|Hs110|chr22,1935
CCDS14048.1|Hs110|chr22,2967
CCDS14049.1|Hs110|chr22,4506
CCDS14050.1|Hs110|chr22,4050
CCDS14051.1|Hs110|chr22,855
CCDS14053.1|Hs110|chr22,1290
CCDS14054.1|Hs110|chr22,1446
CCDS14055.1|Hs110|chr22,1410
CCDS14056.1|Hs110|chr22,1095
CCDS14057.1|Hs110|chr22,996
CCDS14058.1|Hs110|chr22,1167
CCDS14059.1|Hs110|chr22,1140
CCDS14060.2|Hs110|chr22,1302
CCDS14061.1|Hs110|chr22,1596
CCDS14062.1|Hs110|chr22,1407
CCDS14063.1|Hs110|chr22,1323
CCDS14064.1|Hs110|chr22,864
CCDS14065.1|Hs110|chr22,1074
CCDS14066.2|Hs110|chr22,1149
CCDS14067.1|Hs110|chr22,2112
CCDS14068.1|Hs110|chr22,1806
CCDS14069.1|Hs110|chr22,2052
CCDS14070.1|Hs110|chr22,1428
CCDS14073.1|Hs110|chr22,6762
CCDS14074.2|Hs110|chr22,2220
CCDS14075.1|Hs110|chr22,1266
CCDS14076.1|Hs110|chr22,9045
CCDS14077.1|Hs110|chr22,1614
CCDS14078.1|Hs110|chr22,1554
CCDS14080.1|Hs110|chr22,3177
CCDS14081.1|Hs110|chr22,1467
CCDS14082.1|Hs110|chr22,1062
CCDS14083.1|Hs110|chr22,1134
CCDS14084.1|Hs110|chr22,3636
CCDS14085.2|Hs110|chr22,2034
CCDS14086.1|Hs110|chr22,1131
CCDS14087.1|Hs110|chr22,5460
CCDS14088.1|Hs110|chr22,2010
CCDS14089.1|Hs110|chr22,1104
CCDS14090.1|Hs110|chr22,1095
CCDS14091.2|Hs110|chr22,5682
CCDS14092.1|Hs110|chr22,858
CCDS14093.2|Hs110|chr22,2124
CCDS14094.2|Hs110|chr22,1818
CCDS14095.1|Hs110|chr22,801
CCDS14096.1|Hs110|chr22,1449
CCDS14097.3|Hs110|chr22,3708
CCDS14098.1|Hs110|chr22,2319
CCDS14099.1|Hs110|chr22,1188
CCDS14100.2|Hs110|chr22,1530
CCDS14101.1|Hs110|chr22,1266
CCDS14102.1|Hs110|chr22,687
CCDS14103.1|Hs110|chrX,972
CCDS14103.1|Hs110|chrY,972
CCDS14104.1|Hs110|chrX,1728
CCDS14104.1|Hs110|chrY,1728
CCDS14106.1|Hs110|chrX,678
CCDS14106.1|Hs110|chrY,678
CCDS14107.1|Hs110|chrX,879
CCDS14107.1|Hs110|chrY,879
CCDS14113.1|Hs110|chrX,1137
CCDS14113.1|Hs110|chrY,1137
CCDS14114.1|Hs110|chrX,897
CCDS14114.1|Hs110|chrY,897
CCDS14115.1|Hs110|chrX,1080
CCDS14115.1|Hs110|chrY,1080
CCDS14116.1|Hs110|chrX,2088
CCDS14116.1|Hs110|chrY,2088
CCDS14117.1|Hs110|chrX,1122
CCDS14117.1|Hs110|chrY,1122
CCDS14118.1|Hs110|chrX,2085
CCDS14118.1|Hs110|chrY,2085
CCDS14119.1|Hs110|chrX,558
CCDS14119.1|Hs110|chrY,558
CCDS14120.1|Hs110|chrX,543
CCDS14121.1|Hs110|chrX,1506
CCDS14122.1|Hs110|chrX,1770
CCDS14123.1|Hs110|chrX,1773
CCDS14124.1|Hs110|chrX,8487
CCDS14125.1|Hs110|chrX,1077
CCDS14126.1|Hs110|chrX,2451
CCDS14127.2|Hs110|chrX,1737
CCDS14128.1|Hs110|chrX,621
CCDS14129.1|Hs110|chrX,762
CCDS14130.1|Hs110|chrX,2043
CCDS14131.1|Hs110|chrX,999
CCDS14132.1|Hs110|chrX,561
CCDS14133.1|Hs110|chrX,1734
CCDS14134.2|Hs110|chrX,1215
CCDS14135.1|Hs110|chrX,4851
CCDS14137.1|Hs110|chrX,2283
CCDS14138.1|Hs110|chrX,2004
CCDS14139.1|Hs110|chrX,807
CCDS14140.1|Hs110|chrX,2925
CCDS14141.1|Hs110|chrX,2316
CCDS14142.1|Hs110|chrX,2298
CCDS14144.1|Hs110|chrX,576
CCDS14145.1|Hs110|chrX,618
CCDS14146.1|Hs110|chrX,528
CCDS14147.1|Hs110|chrX,1566
CCDS14148.1|Hs110|chrX,1251
CCDS14149.1|Hs110|chrX,1068
CCDS14150.1|Hs110|chrX,957
CCDS14151.1|Hs110|chrX,3150
CCDS14152.1|Hs110|chrX,3126
CCDS14153.1|Hs110|chrX,3180
CCDS14155.1|Hs110|chrX,1662
CCDS14156.1|Hs110|chrX,606
CCDS14157.1|Hs110|chrX,3039
CCDS14158.1|Hs110|chrX,798
CCDS14159.1|Hs110|chrX,729
CCDS14160.1|Hs110|chrX,1359
CCDS14161.1|Hs110|chrX,2580
CCDS14162.1|Hs110|chrX,1557
CCDS14163.1|Hs110|chrX,789
CCDS14164.1|Hs110|chrX,972
CCDS14165.1|Hs110|chrX,1455
CCDS14166.1|Hs110|chrX,1065
CCDS14167.1|Hs110|chrX,873
CCDS14168.1|Hs110|chrX,2028
CCDS14169.1|Hs110|chrX,2418
CCDS14170.1|Hs110|chrX,669
CCDS14171.1|Hs110|chrX,954
CCDS14172.1|Hs110|chrX,1449
CCDS14173.1|Hs110|chrX,474
CCDS14174.1|Hs110|chrX,1155
CCDS14175.1|Hs110|chrX,1761
CCDS14176.1|Hs110|chrX,240
CCDS14177.1|Hs110|chrX,1059
CCDS14178.1|Hs110|chrX,1587
CCDS14179.1|Hs110|chrX,1278
CCDS14180.2|Hs110|chrX,1983
CCDS14181.1|Hs110|chrX,4893
CCDS14182.2|Hs110|chrX,909
CCDS14183.1|Hs110|chrX,1593
CCDS14184.1|Hs110|chrX,2400
CCDS14185.1|Hs110|chrX,2103
CCDS14186.1|Hs110|chrX,3093
CCDS14187.1|Hs110|chrX,675
CCDS14188.1|Hs110|chrX,1962
CCDS14190.1|Hs110|chrX,3708
CCDS14191.1|Hs110|chrX,3045
CCDS14192.1|Hs110|chrX,1173
CCDS14193.1|Hs110|chrX,1998
CCDS14194.2|Hs110|chrX,2049
CCDS14195.1|Hs110|chrX,2199
CCDS14196.1|Hs110|chrX,435
CCDS14197.1|Hs110|chrX,2223
CCDS14198.1|Hs110|chrX,3105
CCDS14199.1|Hs110|chrX,1935
CCDS14200.1|Hs110|chrX,267
CCDS14201.1|Hs110|chrX,1560
CCDS14202.1|Hs110|chrX,1119
CCDS14203.1|Hs110|chrX,1101
CCDS14204.1|Hs110|chrX,2250
CCDS14205.1|Hs110|chrX,1278
CCDS14206.1|Hs110|chrX,816
CCDS14207.1|Hs110|chrX,516
CCDS14208.1|Hs110|chrX,597
CCDS14209.1|Hs110|chrX,999
CCDS14210.1|Hs110|chrX,1419
CCDS14211.1|Hs110|chrX,2418
CCDS14212.1|Hs110|chrX,1221
CCDS14213.1|Hs110|chrX,1110
CCDS14214.1|Hs110|chrX,4389
CCDS14215.1|Hs110|chrX,1689
CCDS14216.1|Hs110|chrX,1032
CCDS14217.1|Hs110|chrX,1224
CCDS14218.1|Hs110|chrX,2091
CCDS14219.1|Hs110|chrX,960
CCDS14220.1|Hs110|chrX,1041
CCDS14221.1|Hs110|chrX,1041
CCDS14222.1|Hs110|chrX,1044
CCDS14223.1|Hs110|chrX,1413
CCDS14224.1|Hs110|chrX,906
CCDS14225.1|Hs110|chrX,1593
CCDS14226.1|Hs110|chrX,2139
CCDS14227.1|Hs110|chrX,552
CCDS14229.1|Hs110|chrX,3693
CCDS14230.1|Hs110|chrX,3402
CCDS14231.1|Hs110|chrX,1908
CCDS14232.1|Hs110|chrX,1869
CCDS14233.1|Hs110|chrX,11058
CCDS14234.1|Hs110|chrX,1854
CCDS14235.1|Hs110|chrX,546
CCDS14236.1|Hs110|chrX,1938
CCDS14237.2|Hs110|chrX,2931
CCDS14239.1|Hs110|chrX,657
CCDS14240.1|Hs110|chrX,1167
CCDS14241.1|Hs110|chrX,1335
CCDS14242.1|Hs110|chrX,1713
CCDS14243.1|Hs110|chrX,351
CCDS14244.1|Hs110|chrX,2193
CCDS14245.1|Hs110|chrX,1395
CCDS14246.1|Hs110|chrX,2448
CCDS14247.1|Hs110|chrX,1065
CCDS14248.1|Hs110|chrX,750
CCDS14249.1|Hs110|chrX,552
CCDS14250.1|Hs110|chrX,5166
CCDS14252.1|Hs110|chrX,1053
CCDS14253.1|Hs110|chrX,960
CCDS14254.1|Hs110|chrX,4365
CCDS14256.2|Hs110|chrX,1431
CCDS14257.1|Hs110|chrX,2766
CCDS14258.1|Hs110|chrX,1146
CCDS14259.1|Hs110|chrX,1011
CCDS14260.1|Hs110|chrX,1584
CCDS14261.1|Hs110|chrX,1563
CCDS14262.1|Hs110|chrX,402
CCDS14263.1|Hs110|chrX,468
CCDS14264.1|Hs110|chrX,573
CCDS14265.1|Hs110|chrX,4206
CCDS14266.1|Hs110|chrX,549
CCDS14267.1|Hs110|chrX,501
CCDS14268.1|Hs110|chrX,1461
CCDS14269.1|Hs110|chrX,2178
CCDS14270.1|Hs110|chrX,1053
CCDS14271.1|Hs110|chrX,2472
CCDS14272.1|Hs110|chrX,900
CCDS14273.1|Hs110|chrX,492
CCDS14274.1|Hs110|chrX,2793
CCDS14275.1|Hs110|chrX,3177
CCDS14276.1|Hs110|chrX,1491
CCDS14277.2|Hs110|chrX,2763
CCDS14278.1|Hs110|chrX,1521
CCDS14279.1|Hs110|chrX,2340
CCDS14280.1|Hs110|chrX,2118
CCDS14281.1|Hs110|chrX,624
CCDS14282.1|Hs110|chrX,1410
CCDS14283.1|Hs110|chrX,1287
CCDS14284.1|Hs110|chrX,510
CCDS14285.1|Hs110|chrX,474
CCDS14286.1|Hs110|chrX,480
CCDS14288.1|Hs110|chrX,690
CCDS14289.1|Hs110|chrX,567
CCDS14290.1|Hs110|chrX,567
CCDS14291.1|Hs110|chrX,567
CCDS14293.1|Hs110|chrX,1419
CCDS14294.1|Hs110|chrX,990
CCDS14295.1|Hs110|chrX,984
CCDS14296.1|Hs110|chrX,1353
CCDS14297.1|Hs110|chrX,1371
CCDS14298.1|Hs110|chrX,1368
CCDS14299.1|Hs110|chrX,1386
CCDS14300.1|Hs110|chrX,693
CCDS14301.1|Hs110|chrX,474
CCDS14302.1|Hs110|chrX,1458
CCDS14303.1|Hs110|chrX,1509
CCDS14304.1|Hs110|chrX,1239
CCDS14305.1|Hs110|chrX,1242
CCDS14306.1|Hs110|chrX,3648
CCDS14307.1|Hs110|chrX,783
CCDS14308.1|Hs110|chrX,519
CCDS14309.1|Hs110|chrX,798
CCDS14311.1|Hs110|chrX,1191
CCDS14312.1|Hs110|chrX,936
CCDS14313.1|Hs110|chrX,1716
CCDS14314.1|Hs110|chrX,1944
CCDS14315.3|Hs110|chrX,1728
CCDS14316.1|Hs110|chrX,1893
CCDS14317.1|Hs110|chrX,537
CCDS14318.1|Hs110|chrX,1086
CCDS14319.1|Hs110|chrX,459
CCDS14320.1|Hs110|chrX,1848
CCDS14321.1|Hs110|chrX,942
CCDS14322.1|Hs110|chrX,1884
CCDS14323.1|Hs110|chrX,1296
CCDS14327.1|Hs110|chrX,441
CCDS14328.1|Hs110|chrX,2241
CCDS14329.1|Hs110|chrX,2565
CCDS14330.1|Hs110|chrX,2538
CCDS14331.1|Hs110|chrX,4188
CCDS14332.1|Hs110|chrX,876
CCDS14334.1|Hs110|chrX,1179
CCDS14336.1|Hs110|chrX,1887
CCDS14337.1|Hs110|chrX,2337
CCDS14338.1|Hs110|chrX,2226
CCDS14343.1|Hs110|chrX,567
CCDS14344.2|Hs110|chrX,567
CCDS14345.2|Hs110|chrX,672
CCDS14346.1|Hs110|chrX,327
CCDS14347.1|Hs110|chrX,336
CCDS14349.1|Hs110|chrX,1122
CCDS14350.1|Hs110|chrX,2082
CCDS14351.1|Hs110|chrX,4683
CCDS14352.1|Hs110|chrX,3702
CCDS14353.1|Hs110|chrX,579
CCDS14354.1|Hs110|chrX,786
CCDS14355.1|Hs110|chrX,3075
CCDS14356.1|Hs110|chrX,3291
CCDS14357.1|Hs110|chrX,5403
CCDS14358.1|Hs110|chrX,576
CCDS14359.1|Hs110|chrX,2886
CCDS14360.1|Hs110|chrX,1749
CCDS14361.1|Hs110|chrX,3942
CCDS14362.1|Hs110|chrX,1821
CCDS14364.1|Hs110|chrX,1416
CCDS14365.1|Hs110|chrX,1557
CCDS14366.1|Hs110|chrX,1764
CCDS14367.1|Hs110|chrX,336
CCDS14368.1|Hs110|chrX,393
CCDS14369.1|Hs110|chrX,660
CCDS14370.1|Hs110|chrX,2136
CCDS14371.1|Hs110|chrX,1041
CCDS14372.1|Hs110|chrX,1125
CCDS14373.1|Hs110|chrX,1080
CCDS14374.1|Hs110|chrX,1875
CCDS14375.1|Hs110|chrX,1599
CCDS14376.1|Hs110|chrX,2400
CCDS14377.2|Hs110|chrX,3408
CCDS14378.2|Hs110|chrX,957
CCDS14379.1|Hs110|chrX,2115
CCDS14380.1|Hs110|chrX,675
CCDS14381.1|Hs110|chrX,2205
CCDS14382.1|Hs110|chrX,1734
CCDS14383.1|Hs110|chrX,1200
CCDS14384.4|Hs110|chrX,3477
CCDS14385.1|Hs110|chrX,2676
CCDS14386.1|Hs110|chrX,894
CCDS14387.1|Hs110|chrX,2763
CCDS14388.1|Hs110|chrX,2409
CCDS14389.1|Hs110|chrX,711
CCDS14390.1|Hs110|chrX,3072
CCDS14391.1|Hs110|chrX,1041
CCDS14392.1|Hs110|chrX,1368
CCDS14393.1|Hs110|chrX,1932
CCDS14394.1|Hs110|chrX,1176
CCDS14395.1|Hs110|chrX,867
CCDS14396.1|Hs110|chrX,1020
CCDS14397.1|Hs110|chrX,1014
CCDS14398.1|Hs110|chrX,1098
CCDS14399.1|Hs110|chrX,1167
CCDS14400.1|Hs110|chrX,423
CCDS14401.1|Hs110|chrX,3699
CCDS14402.1|Hs110|chrX,1620
CCDS14403.1|Hs110|chrX,2454
CCDS14404.1|Hs110|chrX,1860
CCDS14405.1|Hs110|chrX,489
CCDS14406.1|Hs110|chrX,1110
CCDS14407.1|Hs110|chrX,2487
CCDS14408.1|Hs110|chrX,852
CCDS14409.1|Hs110|chrX,4113
CCDS14410.1|Hs110|chrX,1416
CCDS14411.1|Hs110|chrX,1044
CCDS14412.2|Hs110|chrX,5622
CCDS14414.1|Hs110|chrX,3141
CCDS14416.1|Hs110|chrX,1107
CCDS14417.2|Hs110|chrX,396
CCDS14418.1|Hs110|chrX,792
CCDS14419.1|Hs110|chrX,582
CCDS14420.1|Hs110|chrX,1134
CCDS14421.1|Hs110|chrX,3672
CCDS14423.1|Hs110|chrX,1383
CCDS14424.1|Hs110|chrX,855
CCDS14425.1|Hs110|chrX,501
CCDS14426.2|Hs110|chrX,1620
CCDS14427.1|Hs110|chrX,1875
CCDS14428.1|Hs110|chrX,2262
CCDS14429.1|Hs110|chrX,930
CCDS14430.1|Hs110|chrX,1014
CCDS14431.1|Hs110|chrX,1572
CCDS14432.1|Hs110|chrX,702
CCDS14433.1|Hs110|chrX,2874
CCDS14434.1|Hs110|chrX,7479
CCDS14435.1|Hs110|chrX,7365
CCDS14436.2|Hs110|chrX,1104
CCDS14437.1|Hs110|chrX,243
CCDS14438.1|Hs110|chrX,1254
CCDS14439.1|Hs110|chrX,1014
CCDS14440.1|Hs110|chrX,1428
CCDS14441.1|Hs110|chrX,1113
CCDS14442.1|Hs110|chrX,1020
CCDS14443.1|Hs110|chrX,1002
CCDS14444.1|Hs110|chrX,792
CCDS14445.1|Hs110|chrX,1563
CCDS14446.1|Hs110|chrX,1170
CCDS14447.1|Hs110|chrX,5409
CCDS14448.1|Hs110|chrX,849
CCDS14449.1|Hs110|chrX,345
CCDS14450.1|Hs110|chrX,1086
CCDS14451.1|Hs110|chrX,2238
CCDS14452.1|Hs110|chrX,1770
CCDS14454.1|Hs110|chrX,1962
CCDS14455.1|Hs110|chrX,1800
CCDS14456.1|Hs110|chrX,2163
CCDS14457.1|Hs110|chrX,2157
CCDS14458.1|Hs110|chrX,906
CCDS14459.1|Hs110|chrX,726
CCDS14460.1|Hs110|chrX,1149
CCDS14461.1|Hs110|chrX,4044
CCDS14462.1|Hs110|chrX,4014
CCDS14465.1|Hs110|chrX,1521
CCDS14466.1|Hs110|chrX,747
CCDS14467.1|Hs110|chrX,3306
CCDS14468.1|Hs110|chrX,3291
CCDS14469.1|Hs110|chrX,954
CCDS14470.1|Hs110|chrX,738
CCDS14471.1|Hs110|chrX,1398
CCDS14472.1|Hs110|chrX,2016
CCDS14473.1|Hs110|chrX,1734
CCDS14474.1|Hs110|chrX,1695
CCDS14475.1|Hs110|chrX,1548
CCDS14476.2|Hs110|chrX,1350
CCDS14477.1|Hs110|chrX,1515
CCDS14478.1|Hs110|chrX,504
CCDS14479.1|Hs110|chrX,2271
CCDS14480.2|Hs110|chrX,2874
CCDS14481.1|Hs110|chrX,294
CCDS14482.1|Hs110|chrX,1980
CCDS14483.3|Hs110|chrX,321
CCDS14484.1|Hs110|chrX,1290
CCDS14485.1|Hs110|chrX,1350
CCDS14487.1|Hs110|chrX,1362
CCDS14488.1|Hs110|chrX,903
CCDS14489.1|Hs110|chrX,1140
CCDS14490.1|Hs110|chrX,1899
CCDS14496.1|Hs110|chrX,684
CCDS14497.1|Hs110|chrX,1881
CCDS14498.1|Hs110|chrX,138
CCDS14500.1|Hs110|chrX,1677
CCDS14503.1|Hs110|chrX,1596
CCDS14504.1|Hs110|chrX,354
CCDS14505.1|Hs110|chrX,387
CCDS14506.1|Hs110|chrX,303
CCDS14507.1|Hs110|chrX,315
CCDS14508.1|Hs110|chrX,336
CCDS14509.1|Hs110|chrX,306
CCDS14510.2|Hs110|chrX,648
CCDS14511.1|Hs110|chrX,603
CCDS14512.1|Hs110|chrX,867
CCDS14513.1|Hs110|chrX,834
CCDS14514.1|Hs110|chrX,729
CCDS14515.1|Hs110|chrX,606
CCDS14516.1|Hs110|chrX,1221
CCDS14517.1|Hs110|chrX,2061
CCDS14518.1|Hs110|chrX,1248
CCDS14519.1|Hs110|chrX,2568
CCDS14520.1|Hs110|chrX,1209
CCDS14521.1|Hs110|chrX,1287
CCDS14522.1|Hs110|chrX,3363
CCDS14523.1|Hs110|chrX,1899
CCDS14524.1|Hs110|chrX,693
CCDS14525.2|Hs110|chrX,2814
CCDS14526.1|Hs110|chrX,1242
CCDS14527.1|Hs110|chrX,555
CCDS14528.1|Hs110|chrX,645
CCDS14529.1|Hs110|chrX,957
CCDS14530.1|Hs110|chrX,603
CCDS14531.1|Hs110|chrX,405
CCDS14532.2|Hs110|chrX,2208
CCDS14533.2|Hs110|chrX,2118
CCDS14534.1|Hs110|chrX,939
CCDS14535.1|Hs110|chrX,1164
CCDS14536.1|Hs110|chrX,681
CCDS14537.1|Hs110|chrX,456
CCDS14538.1|Hs110|chrX,1197
CCDS14539.1|Hs110|chrX,1011
CCDS14541.1|Hs110|chrX,5076
CCDS14542.1|Hs110|chrX,5073
CCDS14543.1|Hs110|chrX,5058
CCDS14544.1|Hs110|chrX,3774
CCDS14545.1|Hs110|chrX,3327
CCDS14546.1|Hs110|chrX,594
CCDS14547.1|Hs110|chrX,429
CCDS14548.1|Hs110|chrX,2136
CCDS14549.1|Hs110|chrX,2013
CCDS14550.2|Hs110|chrX,894
CCDS14551.1|Hs110|chrX,1002
CCDS14552.1|Hs110|chrX,4167
CCDS14553.1|Hs110|chrX,1371
CCDS14554.1|Hs110|chrX,1635
CCDS14555.1|Hs110|chrX,1926
CCDS14557.1|Hs110|chrX,1083
CCDS14558.1|Hs110|chrX,1098
CCDS14559.1|Hs110|chrX,498
CCDS14561.1|Hs110|chrX,2922
CCDS14562.1|Hs110|chrX,663
CCDS14563.1|Hs110|chrX,2028
CCDS14564.1|Hs110|chrX,1377
CCDS14565.1|Hs110|chrX,1143
CCDS14567.1|Hs110|chrX,942
CCDS14568.1|Hs110|chrX,1893
CCDS14569.1|Hs110|chrX,1092
CCDS14570.1|Hs110|chrX,1929
CCDS14571.1|Hs110|chrX,1968
CCDS14572.1|Hs110|chrX,2742
CCDS14573.1|Hs110|chrX,1284
CCDS14574.1|Hs110|chrX,1209
CCDS14575.1|Hs110|chrX,2157
CCDS14576.1|Hs110|chrX,588
CCDS14577.1|Hs110|chrX,1026
CCDS14578.1|Hs110|chrX,897
CCDS14580.1|Hs110|chrX,459
CCDS14581.1|Hs110|chrX,369
CCDS14583.1|Hs110|chrX,1290
CCDS14584.1|Hs110|chrX,1305
CCDS14585.1|Hs110|chrX,1284
CCDS14586.1|Hs110|chrX,156
CCDS14587.1|Hs110|chrX,1413
CCDS14588.1|Hs110|chrX,1452
CCDS14589.1|Hs110|chrX,1032
CCDS14590.1|Hs110|chrX,213
CCDS14591.1|Hs110|chrX,594
CCDS14592.1|Hs110|chrX,1248
CCDS14593.1|Hs110|chrX,555
CCDS14594.1|Hs110|chrX,867
CCDS14596.1|Hs110|chrX,2019
CCDS14597.1|Hs110|chrX,1050
CCDS14598.1|Hs110|chrX,1062
CCDS14599.1|Hs110|chrX,1233
CCDS14600.1|Hs110|chrX,1233
CCDS14601.1|Hs110|chrX,546
CCDS14602.1|Hs110|chrX,957
CCDS14603.1|Hs110|chrX,1677
CCDS14604.1|Hs110|chrX,2685
CCDS14605.1|Hs110|chrX,2685
CCDS14606.1|Hs110|chrX,1494
CCDS14607.1|Hs110|chrX,3696
CCDS14608.1|Hs110|chrX,387
CCDS14609.1|Hs110|chrX,8178
CCDS14610.1|Hs110|chrX,1392
CCDS14611.1|Hs110|chrX,1131
CCDS14612.1|Hs110|chrX,3165
CCDS14613.1|Hs110|chrX,2025
CCDS14614.1|Hs110|chrX,1143
CCDS14615.1|Hs110|chrX,2316
CCDS14616.1|Hs110|chrX,5136
CCDS14617.1|Hs110|chrX,1992
CCDS14618.1|Hs110|chrX,1842
CCDS14619.1|Hs110|chrX,1830
CCDS14621.1|Hs110|chrX,714
CCDS14622.1|Hs110|chrX,2214
CCDS14623.1|Hs110|chrX,978
CCDS14624.1|Hs110|chrX,969
CCDS14625.1|Hs110|chrX,1008
CCDS14626.1|Hs110|chrX,1833
CCDS14627.1|Hs110|chrX,1746
CCDS14628.1|Hs110|chrX,1644
CCDS14629.1|Hs110|chrX,4011
CCDS14630.1|Hs110|chrX,729
CCDS14631.1|Hs110|chrX,1251
CCDS14632.1|Hs110|chrX,552
CCDS14633.1|Hs110|chrX,1065
CCDS14634.1|Hs110|chrX,1005
CCDS14635.1|Hs110|chrX,2742
CCDS14636.2|Hs110|chrX,1218
CCDS14637.1|Hs110|chrX,1671
CCDS14638.1|Hs110|chrX,1743
CCDS14639.1|Hs110|chrX,1098
CCDS14640.1|Hs110|chrX,939
CCDS14641.1|Hs110|chrX,657
CCDS14642.1|Hs110|chrX,639
CCDS14643.1|Hs110|chrX,747
CCDS14644.1|Hs110|chrX,459
CCDS14645.1|Hs110|chrX,642
CCDS14647.1|Hs110|chrX,729
CCDS14648.1|Hs110|chrX,1533
CCDS14649.1|Hs110|chrX,1557
CCDS14652.1|Hs110|chrX,2715
CCDS14653.1|Hs110|chrX,396
CCDS14654.1|Hs110|chrX,2010
CCDS14655.1|Hs110|chrX,843
CCDS14656.1|Hs110|chrX,1200
CCDS14657.1|Hs110|chrX,2268
CCDS14658.1|Hs110|chrX,777
CCDS14659.1|Hs110|chrX,786
CCDS14660.1|Hs110|chrX,2331
CCDS14661.1|Hs110|chrX,1176
CCDS14662.1|Hs110|chrX,1527
CCDS14663.1|Hs110|chrX,1404
CCDS14664.1|Hs110|chrX,579
CCDS14665.1|Hs110|chrX,738
CCDS14666.1|Hs110|chrX,1386
CCDS14667.1|Hs110|chrX,2778
CCDS14668.1|Hs110|chrX,3399
CCDS14669.1|Hs110|chrX,1341
CCDS14672.1|Hs110|chrX,441
CCDS14673.1|Hs110|chrX,294
CCDS14674.1|Hs110|chrX,294
CCDS14675.1|Hs110|chrX,294
CCDS14676.1|Hs110|chrX,1932
CCDS14677.1|Hs110|chrX,1041
CCDS14678.1|Hs110|chrX,1122
CCDS14679.1|Hs110|chrX,2514
CCDS14680.1|Hs110|chrX,2538
CCDS14682.1|Hs110|chrX,1899
CCDS14683.1|Hs110|chrX,768
CCDS14684.1|Hs110|chrX,3936
CCDS14685.1|Hs110|chrX,1653
CCDS14686.1|Hs110|chrX,1032
CCDS14687.1|Hs110|chrX,477
CCDS14689.1|Hs110|chrX,1053
CCDS14691.1|Hs110|chrX,948
CCDS14692.1|Hs110|chrX,957
CCDS14693.2|Hs110|chrX,2325
CCDS14694.1|Hs110|chrX,1812
CCDS14695.1|Hs110|chrX,1998
CCDS14697.1|Hs110|chrX,573
CCDS14698.1|Hs110|chrX,642
CCDS14699.1|Hs110|chrX,696
CCDS14700.1|Hs110|chrX,552
CCDS14701.1|Hs110|chrX,1995
CCDS14702.1|Hs110|chrX,954
CCDS14703.1|Hs110|chrX,1521
CCDS14705.1|Hs110|chrX,1110
CCDS14706.1|Hs110|chrX,1479
CCDS14707.1|Hs110|chrX,1899
CCDS14716.1|Hs110|chrX,519
CCDS14717.1|Hs110|chrX,1122
CCDS14718.1|Hs110|chrX,1347
CCDS14719.1|Hs110|chrX,1200
CCDS14721.1|Hs110|chrX,1107
CCDS14722.1|Hs110|chrX,3522
CCDS14724.1|Hs110|chrX,1155
CCDS14726.1|Hs110|chrX,1908
CCDS14727.1|Hs110|chrX,741
CCDS14728.1|Hs110|chrX,2238
CCDS14729.1|Hs110|chrX,5730
CCDS14730.1|Hs110|chrX,1182
CCDS14731.1|Hs110|chrX,522
CCDS14732.1|Hs110|chrX,2310
CCDS14733.1|Hs110|chrX,3774
CCDS14734.1|Hs110|chrX,3762
CCDS14735.1|Hs110|chrX,1116
CCDS14736.1|Hs110|chrX,2841
CCDS14737.1|Hs110|chrX,708
CCDS14738.2|Hs110|chrX,1284
CCDS14739.1|Hs110|chrX,786
CCDS14740.1|Hs110|chrX,2139
CCDS14741.1|Hs110|chrX,1461
CCDS14742.1|Hs110|chrX,1095
CCDS14743.1|Hs110|chrX,1095
CCDS14744.2|Hs110|chrX,1233
CCDS14745.1|Hs110|chrX,765
CCDS14746.1|Hs110|chrX,645
CCDS14747.1|Hs110|chrX,909
CCDS14748.1|Hs110|chrX,879
CCDS14749.1|Hs110|chrX,789
CCDS14750.1|Hs110|chrX,837
CCDS14751.1|Hs110|chrX,1020
CCDS14752.1|Hs110|chrX,5616
CCDS14753.1|Hs110|chrX,432
CCDS14754.1|Hs110|chrX,474
CCDS14755.1|Hs110|chrX,1434
CCDS14757.1|Hs110|chrX,1260
CCDS14758.1|Hs110|chrX,543
CCDS14759.1|Hs110|chrX,633
CCDS14760.1|Hs110|chrX,1761
CCDS14761.1|Hs110|chrX,1545
CCDS14762.1|Hs110|chrX,1401
CCDS14763.1|Hs110|chrX,570
CCDS14764.1|Hs110|chrX,207
CCDS14765.1|Hs110|chrX,594
CCDS14766.1|Hs110|chrX,642
CCDS14767.1|Hs110|chrX,744
CCDS14768.1|Hs110|chrX,1266
CCDS14769.4|Hs110|chrX,867
CCDS14769.4|Hs110|chrY,867
CCDS14770.4|Hs110|chrX,663
CCDS14770.4|Hs110|chrY,663
CCDS14771.4|Hs110|chrX,1566
CCDS14771.4|Hs110|chrY,1566
CCDS14772.1|Hs110|chrY,615
CCDS14773.1|Hs110|chrY,792
CCDS14774.1|Hs110|chrY,2406
CCDS14775.1|Hs110|chrY,558
CCDS14776.1|Hs110|chrY,3114
CCDS14777.1|Hs110|chrY,3147
CCDS14778.1|Hs110|chrY,579
CCDS14779.1|Hs110|chrY,1569
CCDS14781.1|Hs110|chrY,7668
CCDS14782.1|Hs110|chrY,1983
CCDS14783.1|Hs110|chrY,4044
CCDS14784.1|Hs110|chrY,3723
CCDS14785.1|Hs110|chrY,3240
CCDS14786.1|Hs110|chrY,135
CCDS14788.1|Hs110|chrY,2451
CCDS14789.1|Hs110|chrY,1626
CCDS14790.1|Hs110|chrY,612
CCDS14791.1|Hs110|chrY,1206
CCDS14794.1|Hs110|chrY,4620
CCDS14795.1|Hs110|chrY,435
CCDS14796.1|Hs110|chrY,1491
CCDS14799.1|Hs110|chrY,444
CCDS14800.1|Hs110|chrY,321
CCDS14801.1|Hs110|chrY,1665
CCDS14802.1|Hs110|chrY,1623
CCDS30547.2,981
CCDS30550.1,1929
CCDS30551.1,6138
CCDS30552.1,705
CCDS30553.2,1068
CCDS30554.1,909
CCDS30555.1,645
CCDS30556.1,2559
CCDS30557.1,1563
CCDS30558.1,681
CCDS30559.1,1173
CCDS30565.1,1341
CCDS30566.1,546
CCDS30569.2,2340
CCDS30571.1,2778
CCDS30573.1,1113
CCDS30574.1,522
CCDS30575.1,1794
CCDS30576.1,5022
CCDS30577.3,2247
CCDS30578.1,927
CCDS30579.1,1179
CCDS30580.1,2946
CCDS30582.1,1134
CCDS30584.1,2658
CCDS30585.1,459
CCDS30586.1,336
CCDS30587.1,2274
CCDS30588.1,13167
CCDS30589.1,13092
CCDS30590.1,1224
CCDS30591.1,882
CCDS30592.1,1437
CCDS30593.1,1425
CCDS30594.1,1431
CCDS30602.2,489
CCDS30603.1,4446
CCDS30604.1,1248
CCDS30605.1,810
CCDS30606.1,2349
CCDS30607.1,1200
CCDS30608.1,1032
CCDS30609.1,831
CCDS30611.1,513
CCDS30613.1,2154
CCDS30616.1,6054
CCDS30617.1,3723
CCDS30618.1,681
CCDS30620.1,237
CCDS30621.1,1662
CCDS30623.1,3108
CCDS30624.1,819
CCDS30625.1,13176
CCDS30626.1,1488
CCDS30627.1,2559
CCDS30628.1,3231
CCDS30629.1,552
CCDS30630.1,789
CCDS30631.1,1221
CCDS30632.1,309
CCDS30633.1,1290
CCDS30634.1,801
CCDS30635.1,1254
CCDS30636.1,804
CCDS30637.1,1065
CCDS30638.1,1995
CCDS30639.1,927
CCDS30644.1,1119
CCDS30645.1,1419
CCDS30647.1,186
CCDS30649.1,2235
CCDS30650.1,1167
CCDS30652.1,4812
CCDS30653.1,783
CCDS30654.1,372
CCDS30655.1,1368
CCDS30656.1,1122
CCDS30658.1,924
CCDS30659.1,1122
CCDS30660.1,894
CCDS30661.1,1329
CCDS30662.1,1368
CCDS30664.1,1326
CCDS30666.1,1227
CCDS30668.1,561
CCDS30669.1,1002
CCDS30670.1,2940
CCDS30672.1,2139
CCDS30673.1,2526
CCDS30674.2,1938
CCDS30675.1,840
CCDS30676.1,2262
CCDS30678.1,843
CCDS30679.1,1356
CCDS30680.1,912
CCDS30681.1,1404
CCDS30682.1,1095
CCDS30684.1,549
CCDS30686.1,1581
CCDS30687.1,927
CCDS30688.1,1983
CCDS30689.1,1869
CCDS30690.1,2352
CCDS30694.2,10128
CCDS30695.1,1902
CCDS30696.1,1014
CCDS30699.1,666
CCDS30702.1,1755
CCDS30703.1,720
CCDS30704.1,276
CCDS30705.2,1008
CCDS30706.1,1488
CCDS30707.1,1560
CCDS30708.1,1488
CCDS30709.2,2046
CCDS30713.1,477
CCDS30714.1,2577
CCDS30715.1,4938
CCDS30716.1,4935
CCDS30717.1,2235
CCDS30719.1,180
CCDS30720.1,2715
CCDS30722.1,606
CCDS30725.1,618
CCDS30726.1,1086
CCDS30729.1,2187
CCDS30730.1,1776
CCDS30734.1,6330
CCDS30735.1,1524
CCDS30736.1,534
CCDS30737.1,1890
CCDS30739.1,2742
CCDS30740.1,2691
CCDS30741.1,2877
CCDS30742.1,2166
CCDS30743.1,1695
CCDS30744.1,2487
CCDS30745.1,1203
CCDS30746.1,1227
CCDS30747.1,1182
CCDS30748.1,1209
CCDS30749.1,219
CCDS30750.1,1632
CCDS30755.1,4593
CCDS30756.1,1071
CCDS30759.1,894
CCDS30760.1,351
CCDS30762.1,1701
CCDS30763.2,1863
CCDS30766.1,1365
CCDS30767.1,1263
CCDS30769.2,4308
CCDS30770.1,2556
CCDS30772.1,543
CCDS30773.1,1269
CCDS30774.1,2433
CCDS30775.1,990
CCDS30777.1,3078
CCDS30778.1,966
CCDS30779.1,951
CCDS30780.1,1881
CCDS30781.1,1377
CCDS30782.1,1536
CCDS30783.1,1536
CCDS30784.1,1536
CCDS30785.1,1317
CCDS30786.2,1083
CCDS30787.1,2763
CCDS30788.1,375
CCDS30789.1,225
CCDS30791.1,933
CCDS30792.1,1092
CCDS30793.1,1065
CCDS30794.1,2169
CCDS30795.1,1482
CCDS30797.1,771
CCDS30798.1,2514
CCDS30799.1,2184
CCDS30800.1,2310
CCDS30801.1,801
CCDS30802.1,1173
CCDS30803.1,1143
CCDS30805.1,861
CCDS30806.1,510
CCDS30808.1,3198
CCDS30809.1,492
CCDS30811.1,2304
CCDS30812.1,2397
CCDS30813.1,3585
CCDS30814.1,3645
CCDS30816.1,1491
CCDS30817.1,663
CCDS30833.1,4281
CCDS30834.1,1302
CCDS30842.1,411
CCDS30846.1,381
CCDS30847.1,312
CCDS30848.1,411
CCDS30849.1,393
CCDS30850.1,411
CCDS30851.1,312
CCDS30852.1,2634
CCDS30854.1,984
CCDS30855.1,1782
CCDS30856.1,1494
CCDS30857.1,2715
CCDS30859.1,8553
CCDS30860.1,12186
CCDS30861.1,7176
CCDS30862.1,1740
CCDS30863.1,270
CCDS30864.1,219
CCDS30865.1,219
CCDS30866.1,219
CCDS30867.1,219
CCDS30868.1,222
CCDS30869.1,297
CCDS30870.1,939
CCDS30871.1,1122
CCDS30872.1,306
CCDS30874.1,297
CCDS30875.1,2082
CCDS30876.1,306
CCDS30877.1,1488
CCDS30878.2,1056
CCDS30879.1,2796
CCDS30880.1,2196
CCDS30881.1,1752
CCDS30882.1,795
CCDS30883.1,768
CCDS30885.1,1845
CCDS30886.1,618
CCDS30888.1,1524
CCDS30891.1,2373
CCDS30892.1,3114
CCDS30893.1,1086
CCDS30895.1,945
CCDS30896.1,939
CCDS30897.1,942
CCDS30899.1,978
CCDS30901.1,942
CCDS30902.1,975
CCDS30903.2,948
CCDS30904.2,960
CCDS30905.1,939
CCDS30906.1,954
CCDS30907.1,1386
CCDS30908.1,1359
CCDS30910.1,930
CCDS30911.1,675
CCDS30912.1,1305
CCDS30913.1,1245
CCDS30914.1,1656
CCDS30915.1,1566
CCDS30916.1,1968
CCDS30917.1,582
CCDS30918.1,3306
CCDS30919.1,1050
CCDS30920.1,1698
CCDS30921.1,534
CCDS30922.1,951
CCDS30924.1,933
CCDS30925.1,876
CCDS30926.2,1080
CCDS30927.1,1281
CCDS30928.1,399
CCDS30930.1,942
CCDS30931.1,786
CCDS30932.1,3477
CCDS30933.1,2583
CCDS30935.1,537
CCDS30936.1,1632
CCDS30938.1,1035
CCDS30940.1,3402
CCDS30941.1,1086
CCDS30942.1,558
CCDS30943.1,3900
CCDS30944.1,2196
CCDS30947.1,3549
CCDS30948.1,3039
CCDS30950.1,1815
CCDS30952.1,1707
CCDS30953.1,822
CCDS30955.1,1962
CCDS30956.1,16908
CCDS30958.1,993
CCDS30959.1,813
CCDS30960.1,2730
CCDS30962.1,1167
CCDS30963.1,4947
CCDS30964.1,1860
CCDS30965.1,4875
CCDS30966.1,2244
CCDS30967.1,2181
CCDS30968.1,858
CCDS30969.1,867
CCDS30971.1,2904
CCDS30972.1,2487
CCDS30973.1,2997
CCDS30974.1,4635
CCDS30975.1,1434
CCDS30976.1,1131
CCDS30977.1,3513
CCDS30978.1,2433
CCDS30979.1,279
CCDS30981.1,1221
CCDS30982.1,3510
CCDS30983.1,1617
CCDS30984.1,2130
CCDS30985.1,1053
CCDS30986.1,327
CCDS30987.1,732
CCDS30988.1,1542
CCDS30989.1,2664
CCDS30990.1,2376
CCDS30996.1,2151
CCDS30998.1,1257
CCDS30999.1,1767
CCDS31000.1,1707
CCDS31001.1,1203
CCDS31002.1,1047
CCDS31003.1,1416
CCDS31004.1,1518
CCDS31005.1,756
CCDS31006.1,1146
CCDS31007.1,3279
CCDS31008.1,1134
CCDS31009.1,1089
CCDS31011.1,1158
CCDS31012.1,987
CCDS31013.1,5685
CCDS31014.1,1668
CCDS31015.1,2889
CCDS31016.1,1488
CCDS31018.1,1113
CCDS31019.1,825
CCDS31020.1,297
CCDS31021.1,2214
CCDS31022.1,1302
CCDS31023.1,9345
CCDS31024.1,1236
CCDS31025.1,15609
CCDS31026.1,1458
CCDS31027.1,4539
CCDS31028.1,4182
CCDS31029.2,2388
CCDS31033.1,2577
CCDS31034.1,873
CCDS31035.1,2103
CCDS31037.2,1986
CCDS31040.1,1713
CCDS31041.1,1776
CCDS31042.1,2424
CCDS31043.1,963
CCDS31044.1,426
CCDS31045.1,1098
CCDS31046.1,1071
CCDS31048.1,1407
CCDS31050.1,657
CCDS31051.1,978
CCDS31052.1,4575
CCDS31053.1,1995
CCDS31054.1,753
CCDS31055.1,2037
CCDS31056.1,1110
CCDS31059.1,378
CCDS31060.1,3681
CCDS31061.1,3939
CCDS31062.1,11406
CCDS31064.1,1404
CCDS31065.1,618
CCDS31066.1,6435
CCDS31068.1,186
CCDS31069.2,5169
CCDS31070.1,507
CCDS31071.1,1464
CCDS31072.1,1209
CCDS31073.1,1971
CCDS31074.1,444
CCDS31075.1,2142
CCDS31076.1,1398
CCDS31077.1,1440
CCDS31079.1,444
CCDS31080.1,357
CCDS31081.1,2421
CCDS31082.1,489
CCDS31083.1,1110
CCDS31084.1,1290
CCDS31087.1,1170
CCDS31088.1,1395
CCDS31089.1,870
CCDS31090.1,954
CCDS31092.1,954
CCDS31093.1,930
CCDS31094.1,924
CCDS31095.1,927
CCDS31097.1,930
CCDS31098.1,969
CCDS31099.1,945
CCDS31100.1,939
CCDS31102.2,963
CCDS31103.1,939
CCDS31104.1,939
CCDS31105.1,939
CCDS31106.1,1044
CCDS31107.1,939
CCDS31108.1,936
CCDS31109.1,963
CCDS31110.1,963
CCDS31111.1,939
CCDS31112.1,939
CCDS31113.2,963
CCDS31114.1,927
CCDS31115.2,957
CCDS31116.1,975
CCDS31117.1,957
CCDS31118.1,948
CCDS31119.1,951
CCDS31120.1,957
CCDS31121.1,939
CCDS31123.1,972
CCDS31124.1,954
CCDS31125.1,936
CCDS31126.1,1182
CCDS31127.1,1560
CCDS31128.1,1779
CCDS31129.1,1026
CCDS31131.10,2217
CCDS31132.10,1905
CCDS31134.10,963
CCDS31136.10,1086
CCDS31137.10,915
CCDS31138.10,2685
CCDS31139.20,2829
CCDS31140.20,2187
CCDS31141.10,2841
CCDS31142.10,897
CCDS31143.10,1335
CCDS31147.10,417
CCDS31148.10,564
CCDS31149.10,2079
CCDS31150.10,1719
CCDS31151.10,267
CCDS31152.10,798
CCDS31153.10,267
CCDS31154.10,2673
CCDS31155.10,3192
CCDS31156.10,768
CCDS31157.10,675
CCDS31158.10,1197
CCDS31165.10,5832
CCDS31166.10,3648
CCDS31167.10,2001
CCDS31168.10,1248
CCDS31169.10,1431
CCDS31170.10,1359
CCDS31171.10,1446
CCDS31174.20,447
CCDS31179.10,1830
CCDS31180.10,1935
CCDS31181.10,711
CCDS31182.10,2433
CCDS31183.10,1686
CCDS31186.10,360
CCDS31188.10,987
CCDS31195.10,3930
CCDS31197.10,786
CCDS31198.10,963
CCDS31202.10,474
CCDS31203.10,498
CCDS31205.10,693
CCDS31206.10,2925
CCDS31207.10,1464
CCDS31208.10,3567
CCDS31209.10,1224
CCDS31211.10,2352
CCDS31212.10,645
CCDS31213.10,1701
CCDS31214.10,1197
CCDS31215.10,2571
CCDS31216.10,1707
CCDS31217.10,315
CCDS31218.10,936
CCDS31219.10,1074
CCDS31220.10,1059
CCDS31221.10,1383
CCDS31223.10,663
CCDS31224.10,747
CCDS31232.10,294
CCDS31233.10,2091
CCDS31234.10,1653
CCDS31235.10,2505
CCDS31236.10,3030
CCDS31237.10,1470
CCDS31238.10,1212
CCDS31239.10,1029
CCDS31240.10,1101
CCDS31241.10,1473
CCDS31242.10,1425
CCDS31243.10,1437
CCDS31244.20,1386
CCDS31246.10,2097
CCDS31247.10,2400
CCDS31248.10,1134
CCDS31249.10,606
CCDS31252.10,2055
CCDS31253.10,2346
CCDS31254.10,3456
CCDS31255.10,3879
CCDS31256.10,2718
CCDS31257.10,2382
CCDS31258.20,1824
CCDS31259.10,2418
CCDS31261.10,672
CCDS31262.10,1251
CCDS31263.10,1236
CCDS31264.10,1215
CCDS31265.10,504
CCDS31266.10,1986
CCDS31267.10,2337
CCDS31269.10,1554
CCDS31270.10,846
CCDS31271.20,1704
CCDS31272.10,3075
CCDS31273.10,903
CCDS31274.10,1656
CCDS31275.10,1053
CCDS31276.10,5616
CCDS31278.10,3318
CCDS31279.10,738
CCDS31280.10,699
CCDS31281.10,4998
CCDS31282.10,2619
CCDS31284.10,549
CCDS31285.10,3654
CCDS31286.10,2457
CCDS31287.10,2445
CCDS31288.10,2157
CCDS31289.10,1368
CCDS31290.10,2298
CCDS31291.10,777
CCDS31292.10,1404
CCDS31293.10,1371
CCDS31294.10,546
CCDS31295.10,1179
CCDS31298.10,2466
CCDS31299.10,1557
CCDS31300.10,1557
CCDS31301.10,1521
CCDS31302.10,1008
CCDS31303.10,285
CCDS31304.10,318
CCDS31305.10,822
CCDS31306.10,981
CCDS31307.10,876
CCDS31308.20,1248
CCDS31309.10,1038
CCDS31310.10,2100
CCDS31312.10,1440
CCDS31314.10,1656
CCDS31316.10,1593
CCDS31318.10,1026
CCDS31319.20,2475
CCDS31320.10,1005
CCDS31322.21,2214
CCDS31323.11,399
CCDS31325.11,1233
CCDS31326.11,2349
CCDS31327.11,1698
CCDS31328.11,2148
CCDS31330.11,837
CCDS31331.11,534
CCDS31332.11,390
CCDS31333.11,549
CCDS31334.11,1020
CCDS31335.11,834
CCDS31336.11,462
CCDS31338.11,1575
CCDS31340.11,3498
CCDS31343.11,2436
CCDS31344.11,2640
CCDS31347.11,5181
CCDS31351.11,945
CCDS31352.11,945
CCDS31353.11,954
CCDS31356.11,1458
CCDS31357.11,975
CCDS31358.21,957
CCDS31359.11,960
CCDS31361.21,993
CCDS31362.11,972
CCDS31363.21,984
CCDS31364.11,939
CCDS31365.11,945
CCDS31367.11,942
CCDS31368.11,942
CCDS31369.11,948
CCDS31370.11,936
CCDS31371.11,978
CCDS31373.11,951
CCDS31374.11,939
CCDS31375.21,948
CCDS31376.11,444
CCDS31378.11,939
CCDS31379.11,939
CCDS31381.11,954
CCDS31382.11,945
CCDS31383.11,939
CCDS31384.11,957
CCDS31385.11,1428
CCDS31386.21,945
CCDS31389.11,1551
CCDS31390.11,1467
CCDS31391.11,1467
CCDS31392.11,981
CCDS31393.11,1482
CCDS31394.11,1044
CCDS31395.11,975
CCDS31397.11,975
CCDS31398.11,963
CCDS31399.11,966
CCDS31400.21,942
CCDS31401.11,939
CCDS31404.21,942
CCDS31405.21,945
CCDS31406.11,960
CCDS31407.11,963
CCDS31408.11,1728
CCDS31409.21,1893
CCDS31410.11,2127
CCDS31411.11,1371
CCDS31412.11,528
CCDS31413.11,951
CCDS31414.11,951
CCDS31415.11,912
CCDS31416.11,927
CCDS31417.11,993
CCDS31418.11,1821
CCDS31419.11,2631
CCDS31421.11,945
CCDS31422.11,726
CCDS31423.11,3864
CCDS31424.11,876
CCDS31425.11,3117
CCDS31426.11,1758
CCDS31427.11,5550
CCDS31428.11,2724
CCDS31431.11,810
CCDS31432.11,387
CCDS31434.11,3366
CCDS31436.11,1173
CCDS31437.11,4746
CCDS31438.11,1659
CCDS31439.11,1425
CCDS31441.11,2058
CCDS31443.21,1032
CCDS31444.11,2742
CCDS31446.11,1041
CCDS31447.11,2946
CCDS31448.11,1122
CCDS31449.11,2856
CCDS31450.11,822
CCDS31451.11,1269
CCDS31452.11,1311
CCDS31453.11,2130
CCDS31454.11,2085
CCDS31455.11,2100
CCDS31456.11,1482
CCDS31457.11,1086
CCDS31458.11,420
CCDS31459.11,1725
CCDS31460.11,2163
CCDS31461.11,1035
CCDS31462.11,1038
CCDS31463.11,1107
CCDS31464.11,1923
CCDS31465.11,1515
CCDS31466.11,3426
CCDS31468.11,1236
CCDS31469.11,729
CCDS31470.11,1281
CCDS31472.11,1011
CCDS31473.11,2166
CCDS31474.11,1905
CCDS31475.11,3627
CCDS31476.11,1869
CCDS31477.11,6099
CCDS31478.11,5718
CCDS31479.11,981
CCDS31480.11,1014
CCDS31481.11,1275
CCDS31482.11,1461
CCDS31484.21,4209
CCDS31485.11,930
CCDS31487.11,918
CCDS31488.11,930
CCDS31489.21,909
CCDS31490.11,930
CCDS31493.11,2160
CCDS31495.11,930
CCDS31496.11,930
CCDS31499.11,987
CCDS31500.21,945
CCDS31501.21,951
CCDS31503.11,933
CCDS31504.11,939
CCDS31505.11,936
CCDS31506.11,930
CCDS31508.11,945
CCDS31510.11,942
CCDS31511.11,936
CCDS31512.11,987
CCDS31513.11,933
CCDS31514.21,966
CCDS31515.11,945
CCDS31516.11,975
CCDS31517.11,933
CCDS31518.11,939
CCDS31519.11,939
CCDS31520.11,948
CCDS31521.11,924
CCDS31522.11,939
CCDS31523.21,957
CCDS31524.21,969
CCDS31525.11,981
CCDS31526.11,936
CCDS31528.11,960
CCDS31529.11,951
CCDS31531.11,933
CCDS31532.11,924
CCDS31533.11,936
CCDS31534.11,951
CCDS31536.11,918
CCDS31537.21,939
CCDS31538.11,930
CCDS31539.21,897
CCDS31541.11,954
CCDS31542.11,945
CCDS31543.11,933
CCDS31544.11,945
CCDS31545.21,939
CCDS31547.11,960
CCDS31548.11,945
CCDS31549.11,945
CCDS31550.11,930
CCDS31551.11,945
CCDS31552.11,930
CCDS31553.11,1713
CCDS31554.11,603
CCDS31556.11,1002
CCDS31559.11,936
CCDS31560.11,975
CCDS31561.11,948
CCDS31562.11,945
CCDS31563.11,936
CCDS31564.11,945
CCDS31565.11,930
CCDS31567.11,645
CCDS31568.11,507
CCDS31569.11,2040
CCDS31570.11,894
CCDS31571.11,459
CCDS31572.11,1917
CCDS31573.11,1068
CCDS31574.11,1167
CCDS31575.11,1167
CCDS31576.11,3423
CCDS31577.11,1212
CCDS31578.11,3129
CCDS31579.11,3336
CCDS31580.11,1758
CCDS31582.11,2745
CCDS31583.11,252
CCDS31584.11,17673
CCDS31585.11,519
CCDS31588.11,1896
CCDS31589.11,1707
CCDS31590.11,1590
CCDS31591.11,1692
CCDS31592.11,1644
CCDS31594.11,1146
CCDS31595.11,762
CCDS31596.11,444
CCDS31597.11,4929
CCDS31598.11,1830
CCDS31599.11,1920
CCDS31600.11,1833
CCDS31601.11,4656
CCDS31602.11,5817
CCDS31603.11,651
CCDS31604.11,2223
CCDS31605.11,1854
CCDS31606.21,825
CCDS31608.11,924
CCDS31609.11,1656
CCDS31610.11,1542
CCDS31611.11,2403
CCDS31612.11,2688
CCDS31613.11,606
CCDS31614.11,2352
CCDS31615.11,1410
CCDS31616.21,1818
CCDS31617.11,678
CCDS31618.11,1026
CCDS31620.11,3735
CCDS31621.11,1158
CCDS31622.11,1158
CCDS31623.11,2658
CCDS31624.11,2271
CCDS31625.11,966
CCDS31627.11,3609
CCDS31628.11,3558
CCDS31631.11,222
CCDS31633.11,6348
CCDS31634.11,1860
CCDS31636.11,5892
CCDS31639.11,963
CCDS31640.11,1233
CCDS31641.11,2442
CCDS31642.11,1167
CCDS31644.11,2892
CCDS31645.11,783
CCDS31648.11,1281
CCDS31649.11,2733
CCDS31652.11,1131
CCDS31653.11,1833
CCDS31654.11,414
CCDS31656.11,2559
CCDS31658.11,3354
CCDS31660.11,1191
CCDS31663.11,1038
CCDS31664.11,930
CCDS31667.11,96
CCDS31668.11,2343
CCDS31669.11,9171
CCDS31672.11,594
CCDS31673.11,3576
CCDS31674.21,867
CCDS31675.11,771
CCDS31676.11,1125
CCDS31678.11,480
CCDS31679.11,372
CCDS31680.11,3234
CCDS31681.11,1191
CCDS31682.11,2499
CCDS31683.11,4383
CCDS31684.11,1314
CCDS31685.11,624
CCDS31686.11,11910
CCDS31687.11,570
CCDS31688.11,879
CCDS31690.11,1941
CCDS31692.11,1275
CCDS31693.11,327
CCDS31694.11,1950
CCDS31695.11,939
CCDS31696.11,942
CCDS31697.11,678
CCDS31698.11,945
CCDS31699.11,957
CCDS31700.11,972
CCDS31701.21,969
CCDS31702.11,936
CCDS31703.11,936
CCDS31704.11,936
CCDS31705.11,936
CCDS31706.11,927
CCDS31708.11,942
CCDS31709.11,942
CCDS31710.11,930
CCDS31711.11,933
CCDS31712.21,930
CCDS31714.11,1518
CCDS31715.11,348
CCDS31716.11,1179
CCDS31717.11,1917
CCDS31718.11,5217
CCDS31721.11,2979
CCDS31722.11,1017
CCDS31723.11,4497
CCDS31724.11,1911
CCDS31725.12,2280
CCDS31726.12,1113
CCDS31727.12,1854
CCDS31729.12,1305
CCDS31730.12,1176
CCDS31731.12,354
CCDS31732.12,1386
CCDS31733.12,2508
CCDS31734.12,3573
CCDS31735.12,2067
CCDS31736.12,918
CCDS31737.12,903
CCDS31738.12,1395
CCDS31739.12,630
CCDS31741.12,585
CCDS31744.12,774
CCDS31745.12,696
CCDS31747.12,945
CCDS31749.12,570
CCDS31750.12,1869
CCDS31751.12,1662
CCDS31752.12,390
CCDS31753.12,2469
CCDS31754.12,3426
CCDS31755.12,1503
CCDS31756.12,1950
CCDS31757.12,351
CCDS31758.12,3003
CCDS31759.22,2169
CCDS31761.12,1395
CCDS31762.12,711
CCDS31763.12,1518
CCDS31765.12,762
CCDS31769.12,408
CCDS31770.12,1434
CCDS31771.12,2514
CCDS31772.12,1422
CCDS31773.12,4986
CCDS31774.12,7584
CCDS31775.12,543
CCDS31777.12,1377
CCDS31778.22,5733
CCDS31780.22,1053
CCDS31781.12,1020
CCDS31782.12,2733
CCDS31783.12,5508
CCDS31784.12,2646
CCDS31785.12,585
CCDS31787.12,954
CCDS31788.12,396
CCDS31791.22,2136
CCDS31792.12,1356
CCDS31793.12,717
CCDS31794.12,1638
CCDS31795.12,1428
CCDS31796.22,2679
CCDS31797.12,714
CCDS31798.12,849
CCDS31799.12,4731
CCDS31804.12,1512
CCDS31805.12,1518
CCDS31809.12,1293
CCDS31810.12,1131
CCDS31811.12,297
CCDS31812.12,474
CCDS31813.12,3384
CCDS31814.22,942
CCDS31815.12,951
CCDS31816.12,939
CCDS31817.12,945
CCDS31818.12,939
CCDS31819.12,936
CCDS31820.12,939
CCDS31821.12,939
CCDS31823.12,939
CCDS31824.12,939
CCDS31825.12,939
CCDS31826.22,939
CCDS31827.12,930
CCDS31828.12,942
CCDS31829.12,957
CCDS31832.12,348
CCDS31833.12,4029
CCDS31834.12,456
CCDS31836.12,483
CCDS31837.12,648
CCDS31839.12,2139
CCDS31841.12,1116
CCDS31843.12,2004
CCDS31844.12,1839
CCDS31845.12,1959
CCDS31846.12,1794
CCDS31847.12,1041
CCDS31848.12,450
CCDS31849.12,5154
CCDS31851.12,2277
CCDS31852.12,2889
CCDS31853.12,558
CCDS31854.12,321
CCDS31856.12,834
CCDS31857.12,1623
CCDS31858.12,2076
CCDS31859.12,1473
CCDS31861.12,1206
CCDS31862.12,2670
CCDS31863.12,1023
CCDS31866.12,978
CCDS31867.12,738
CCDS31868.12,822
CCDS31869.12,1437
CCDS31870.12,969
CCDS31874.12,4236
CCDS31875.12,459
CCDS31877.12,1434
CCDS31878.12,4293
CCDS31879.12,1365
CCDS31880.12,1038
CCDS31882.12,4395
CCDS31883.12,1569
CCDS31884.12,2763
CCDS31885.12,498
CCDS31886.12,711
CCDS31888.12,7656
CCDS31891.12,2772
CCDS31892.12,1986
CCDS31893.12,3315
CCDS31894.32,519
CCDS31895.22,1239
CCDS31897.12,786
CCDS31898.12,7377
CCDS31899.12,822
CCDS31900.12,822
CCDS31901.12,501
CCDS31902.22,3462
CCDS31903.12,3180
CCDS31904.12,2073
CCDS31905.12,1245
CCDS31906.12,2160
CCDS31907.12,2646
CCDS31908.12,2451
CCDS31909.12,1755
CCDS31911.12,411
CCDS31912.12,984
CCDS31913.12,1113
CCDS31914.12,756
CCDS31915.12,1119
CCDS31917.12,723
CCDS31919.12,495
CCDS31920.12,1305
CCDS31922.12,3207
CCDS31923.32,714
CCDS31924.12,918
CCDS31925.12,3159
CCDS31927.12,1812
CCDS31928.12,1200
CCDS31929.22,9372
CCDS31930.12,1494
CCDS31931.12,1416
CCDS31932.12,1215
CCDS31933.12,1344
CCDS31934.12,1200
CCDS31935.12,1140
CCDS31937.12,1872
CCDS31938.12,1926
CCDS31939.12,1602
CCDS31940.12,2217
CCDS31942.13,1149
CCDS31943.13,627
CCDS31944.13,2502
CCDS31945.13,2475
CCDS31946.13,1239
CCDS31947.13,1002
CCDS31948.13,3120
CCDS31949.13,1764
CCDS31951.13,888
CCDS31952.13,1113
CCDS31953.13,2982
CCDS31956.13,1473
CCDS31958.13,831
CCDS31959.13,2340
CCDS31960.13,9510
CCDS31961.13,1044
CCDS31962.13,843
CCDS31963.13,3120
CCDS31964.13,1233
CCDS31965.13,198
CCDS31966.13,3222
CCDS31967.13,876
CCDS31970.23,1989
CCDS31972.13,2187
CCDS31973.13,2787
CCDS31975.13,996
CCDS31976.13,816
CCDS31977.13,1479
CCDS31978.13,2301
CCDS31979.13,2127
CCDS31980.13,963
CCDS31981.13,666
CCDS31986.13,3480
CCDS31990.13,249
CCDS31991.13,2274
CCDS31995.23,1281
CCDS31996.13,1260
CCDS31997.13,2181
CCDS31998.13,1011
CCDS31999.23,3294
CCDS32000.13,390
CCDS32001.13,1296
CCDS32002.13,1023
CCDS32003.13,795
CCDS32004.13,3561
CCDS32006.13,1377
CCDS32007.13,1014
CCDS32008.13,5577
CCDS32009.13,2349
CCDS32011.13,3405
CCDS32013.13,780
CCDS32016.13,2505
CCDS32017.14,981
CCDS32021.14,942
CCDS32022.14,924
CCDS32023.14,945
CCDS32024.14,972
CCDS32025.14,936
CCDS32026.24,975
CCDS32027.14,933
CCDS32028.14,915
CCDS32029.14,939
CCDS32030.24,939
CCDS32031.14,927
CCDS32032.24,936
CCDS32033.14,993
CCDS32034.24,945
CCDS32035.14,651
CCDS32036.14,618
CCDS32037.14,444
CCDS32038.14,996
CCDS32039.14,471
CCDS32041.14,4560
CCDS32042.24,936
CCDS32043.14,1866
CCDS32044.14,1743
CCDS32045.14,3024
CCDS32046.14,942
CCDS32047.14,933
CCDS32050.14,378
CCDS32051.14,936
CCDS32053.14,693
CCDS32054.14,4119
CCDS32056.14,660
CCDS32057.14,618
CCDS32058.14,2037
CCDS32060.14,1452
CCDS32061.14,1524
CCDS32062.14,4509
CCDS32063.14,1752
CCDS32064.14,6252
CCDS32065.14,6111
CCDS32066.14,972
CCDS32068.24,765
CCDS32069.14,933
CCDS32070.14,6147
CCDS32071.14,645
CCDS32072.14,204
CCDS32073.14,1584
CCDS32075.24,603
CCDS32076.24,339
CCDS32077.14,1662
CCDS32078.24,4134
CCDS32079.14,6273
CCDS32080.14,2544
CCDS32082.14,216
CCDS32083.14,2478
CCDS32084.24,2157
CCDS32085.14,738
CCDS32086.14,2136
CCDS32087.14,1479
CCDS32088.14,1089
CCDS32089.14,2325
CCDS32090.14,1254
CCDS32091.24,2817
CCDS32092.14,1530
CCDS32093.14,1056
CCDS32096.14,1488
CCDS32097.14,1935
CCDS32099.14,6987
CCDS32100.14,6414
CCDS32101.34,342
CCDS32103.14,2211
CCDS32104.14,957
CCDS32106.14,2829
CCDS32107.14,1677
CCDS32109.14,819
CCDS32110.14,1308
CCDS32111.24,2181
CCDS32112.14,3357
CCDS32113.14,2532
CCDS32114.14,3756
CCDS32115.14,1812
CCDS32116.14,1956
CCDS32117.14,1266
CCDS32118.14,624
CCDS32119.24,1590
CCDS32120.24,339
CCDS32121.14,456
CCDS32122.14,465
CCDS32123.14,4362
CCDS32124.14,3846
CCDS32125.14,978
CCDS32126.14,2025
CCDS32127.14,1170
CCDS32130.14,3285
CCDS32131.14,762
CCDS32132.14,1704
CCDS32133.14,2211
CCDS32134.14,1740
CCDS32135.14,1716
CCDS32136.14,921
CCDS32137.14,1548
CCDS32138.14,1407
CCDS32139.14,1323
CCDS32140.14,2532
CCDS32141.14,1851
CCDS32142.14,3351
CCDS32143.14,921
CCDS32144.14,2958
CCDS32146.14,3399
CCDS32147.14,1233
CCDS32148.14,369
CCDS32149.14,1269
CCDS32150.14,1272
CCDS32151.14,387
CCDS32153.14,420
CCDS32154.14,2505
CCDS32155.14,2448
CCDS32156.14,912
CCDS32157.14,1635
CCDS32160.14,2565
CCDS32162.14,4236
CCDS32163.14,2169
CCDS32165.14,1683
CCDS32166.14,483
CCDS32168.14,2670
CCDS32169.14,2148
CCDS32172.15,942
CCDS32173.15,951
CCDS32177.15,2559
CCDS32178.15,4500
CCDS32184.15,1239
CCDS32185.15,804
CCDS32186.15,3054
CCDS32190.15,3399
CCDS32191.15,1575
CCDS32193.15,1335
CCDS32194.15,3513
CCDS32196.15,390
CCDS32200.25,2133
CCDS32201.15,4527
CCDS32203.15,2457
CCDS32204.15,2550
CCDS32205.15,1668
CCDS32207.15,2448
CCDS32208.15,5652
CCDS32209.15,3684
CCDS32210.15,1932
CCDS32211.15,1917
CCDS32212.15,2163
CCDS32213.15,2133
CCDS32214.15,804
CCDS32215.15,4227
CCDS32216.15,1587
CCDS32217.15,1254
CCDS32218.15,180
CCDS32220.15,1503
CCDS32221.15,4656
CCDS32224.15,3036
CCDS32225.15,3222
CCDS32226.15,3054
CCDS32227.15,2997
CCDS32228.15,1794
CCDS32229.15,1431
CCDS32230.15,1803
CCDS32231.15,759
CCDS32232.15,8616
CCDS32234.15,3171
CCDS32235.15,1332
CCDS32236.15,1344
CCDS32237.15,1527
CCDS32238.15,3579
CCDS32239.15,1188
CCDS32240.15,3414
CCDS32241.15,879
CCDS32242.15,339
CCDS32243.15,1146
CCDS32244.15,1131
CCDS32245.15,2940
CCDS32252.15,1107
CCDS32254.15,3327
CCDS32255.15,978
CCDS32256.15,1074
CCDS32257.15,11262
CCDS32258.15,1110
CCDS32259.15,1095
CCDS32261.15,7629
CCDS32262.15,855
CCDS32263.15,855
CCDS32264.15,738
CCDS32265.15,1563
CCDS32266.15,1569
CCDS32268.15,1374
CCDS32269.15,198
CCDS32270.15,4236
CCDS32271.15,630
CCDS32273.15,3084
CCDS32276.25,2298
CCDS32277.15,1854
CCDS32278.15,2883
CCDS32279.15,2571
CCDS32280.15,4212
CCDS32281.15,1476
CCDS32282.15,2061
CCDS32283.15,1065
CCDS32284.15,1596
CCDS32285.15,1596
CCDS32287.15,822
CCDS32288.15,1605
CCDS32289.15,882
CCDS32290.15,2082
CCDS32291.15,1566
CCDS32293.15,1551
CCDS32294.15,477
CCDS32295.15,597
CCDS32298.15,3123
CCDS32299.15,1002
CCDS32301.25,2745
CCDS32303.15,5061
CCDS32304.15,972
CCDS32306.15,2751
CCDS32307.15,2154
CCDS32308.15,705
CCDS32310.15,1197
CCDS32312.25,462
CCDS32313.15,1158
CCDS32314.15,612
CCDS32315.15,441
CCDS32316.15,453
CCDS32317.15,3804
CCDS32319.15,8442
CCDS32320.15,8454
CCDS32322.15,2520
CCDS32323.15,1839
CCDS32324.15,954
CCDS32325.25,4032
CCDS32326.15,2061
CCDS32327.15,1158
CCDS32329.15,876
CCDS32330.15,1452
CCDS32331.15,1860
CCDS32332.15,3453
CCDS32333.15,1131
CCDS32334.15,1863
CCDS32338.15,2637
CCDS32341.15,939
CCDS32342.15,939
CCDS32344.16,2568
CCDS32345.16,882
CCDS32346.16,897
CCDS32347.16,426
CCDS32348.16,1116
CCDS32349.16,771
CCDS32351.16,2271
CCDS32352.16,324
CCDS32353.16,1317
CCDS32354.16,849
CCDS32355.16,873
CCDS32356.16,1893
CCDS32358.16,759
CCDS32359.16,834
CCDS32361.16,2418
CCDS32362.16,1422
CCDS32363.16,2514
CCDS32365.16,1068
CCDS32366.16,783
CCDS32367.26,738
CCDS32368.16,618
CCDS32369.16,12912
CCDS32370.16,2355
CCDS32373.16,8259
CCDS32374.16,486
CCDS32375.16,360
CCDS32377.16,567
CCDS32378.16,396
CCDS32379.16,540
CCDS32380.16,705
CCDS32381.16,1242
CCDS32382.16,4062
CCDS32383.16,1443
CCDS32385.16,3309
CCDS32386.16,486
CCDS32387.16,2877
CCDS32390.16,2751
CCDS32391.16,3150
CCDS32393.16,2367
CCDS32394.16,3804
CCDS32395.16,1608
CCDS32397.36,2892
CCDS32398.16,1062
CCDS32401.16,1734
CCDS32403.16,2448
CCDS32404.16,1365
CCDS32406.16,3561
CCDS32407.26,2781
CCDS32408.16,2412
CCDS32409.16,2646
CCDS32410.16,2904
CCDS32414.16,6330
CCDS32415.16,4857
CCDS32416.16,1275
CCDS32420.16,888
CCDS32423.16,3189
CCDS32424.16,2016
CCDS32425.16,702
CCDS32426.26,261
CCDS32427.16,888
CCDS32430.26,261
CCDS32431.16,828
CCDS32432.16,486
CCDS32433.16,3513
CCDS32434.26,996
CCDS32435.16,5124
CCDS32436.16,2568
CCDS32437.16,1434
CCDS32438.16,3486
CCDS32440.16,2232
CCDS32444.16,942
CCDS32445.16,3855
CCDS32447.16,3948
CCDS32448.16,1518
CCDS32449.16,1341
CCDS32450.16,1707
CCDS32451.16,2166
CCDS32454.16,186
CCDS32456.16,186
CCDS32459.16,957
CCDS32460.16,2082
CCDS32461.16,2064
CCDS32462.16,1749
CCDS32463.16,1188
CCDS32464.16,1242
CCDS32466.16,3576
CCDS32467.16,2265
CCDS32468.26,954
CCDS32469.16,1863
CCDS32470.16,1548
CCDS32471.16,711
CCDS32472.16,723
CCDS32473.16,1341
CCDS32474.16,2907
CCDS32475.16,1347
CCDS32476.16,2244
CCDS32478.16,1233
CCDS32479.16,3972
CCDS32480.16,2469
CCDS32481.16,1113
CCDS32483.16,3024
CCDS32484.16,1368
CCDS32485.16,3612
CCDS32486.16,2325
CCDS32487.16,1416
CCDS32488.16,2925
CCDS32489.16,792
CCDS32490.16,792
CCDS32491.16,1200
CCDS32492.16,1260
CCDS32493.16,1521
CCDS32494.16,2472
CCDS32495.16,1308
CCDS32496.16,2610
CCDS32498.16,1371
CCDS32499.16,1236
CCDS32500.16,915
CCDS32501.16,1620
CCDS32502.16,3021
CCDS32504.16,588
CCDS32505.16,879
CCDS32506.16,1458
CCDS32510.16,1641
CCDS32511.16,543
CCDS32513.16,7992
CCDS32514.26,819
CCDS32515.16,4368
CCDS32516.16,2145
CCDS32519.27,1272
CCDS32520.17,897
CCDS32521.17,585
CCDS32525.17,2415
CCDS32526.17,3156
CCDS32528.17,1233
CCDS32530.17,1203
CCDS32531.17,3540
CCDS32532.17,513
CCDS32533.17,354
CCDS32534.17,876
CCDS32536.17,660
CCDS32537.17,4128
CCDS32538.17,1728
CCDS32539.17,975
CCDS32540.17,966
CCDS32541.17,717
CCDS32542.17,519
CCDS32544.17,936
CCDS32545.17,699
CCDS32546.17,555
CCDS32549.17,702
CCDS32550.17,873
CCDS32551.17,13284
CCDS32552.17,5049
CCDS32553.27,6180
CCDS32554.17,6003
CCDS32555.17,5901
CCDS32557.17,2778
CCDS32558.17,1944
CCDS32559.17,1809
CCDS32561.17,351
CCDS32564.17,987
CCDS32565.17,711
CCDS32567.17,483
CCDS32568.17,1650
CCDS32569.17,567
CCDS32575.17,819
CCDS32576.17,2295
CCDS32578.17,3078
CCDS32579.17,1740
CCDS32580.17,1029
CCDS32581.17,687
CCDS32583.17,3534
CCDS32584.17,1374
CCDS32585.17,870
CCDS32586.17,3195
CCDS32587.17,1071
CCDS32589.17,1527
CCDS32590.17,3207
CCDS32592.17,972
CCDS32593.17,447
CCDS32594.17,3582
CCDS32595.17,6708
CCDS32596.17,5181
CCDS32597.17,2079
CCDS32598.17,3015
CCDS32600.17,2088
CCDS32601.17,3006
CCDS32602.17,1407
CCDS32604.17,1368
CCDS32605.17,789
CCDS32607.17,1329
CCDS32608.17,780
CCDS32609.17,2844
CCDS32610.17,2076
CCDS32611.17,1980
CCDS32612.17,1857
CCDS32613.17,1215
CCDS32614.17,1392
CCDS32615.17,3021
CCDS32617.17,1593
CCDS32618.17,1119
CCDS32619.17,2676
CCDS32620.17,2694
CCDS32621.17,2856
CCDS32622.17,2814
CCDS32623.17,1779
CCDS32624.17,282
CCDS32626.17,282
CCDS32627.27,264
CCDS32631.17,1062
CCDS32632.17,1683
CCDS32637.27,1938
CCDS32638.17,1035
CCDS32639.17,1359
CCDS32640.17,1311
CCDS32641.17,963
CCDS32642.17,3768
CCDS32643.17,297
CCDS32644.17,297
CCDS32645.17,297
CCDS32648.17,387
CCDS32649.17,606
CCDS32650.17,546
CCDS32651.17,525
CCDS32653.17,1350
CCDS32654.17,1872
CCDS32656.17,2313
CCDS32657.17,2310
CCDS32658.17,1356
CCDS32659.17,2244
CCDS32660.17,321
CCDS32662.17,294
CCDS32663.17,3372
CCDS32665.17,3120
CCDS32666.17,4509
CCDS32669.17,1155
CCDS32670.17,792
CCDS32671.17,3171
CCDS32673.17,2055
CCDS32674.17,1080
CCDS32675.17,906
CCDS32677.17,1821
CCDS32679.17,1164
CCDS32680.37,2826
CCDS32681.17,4584
CCDS32684.17,987
CCDS32685.17,2022
CCDS32686.17,2292
CCDS32687.17,1566
CCDS32688.17,924
CCDS32689.17,2139
CCDS32690.17,1791
CCDS32691.17,1713
CCDS32692.17,4356
CCDS32693.17,4476
CCDS32694.17,2895
CCDS32695.17,360
CCDS32696.17,5028
CCDS32697.17,4815
CCDS32698.27,711
CCDS32699.17,1758
CCDS32701.17,1974
CCDS32702.17,1881
CCDS32703.17,1296
CCDS32704.17,2817
CCDS32706.17,1458
CCDS32707.17,2247
CCDS32708.17,4905
CCDS32710.17,2868
CCDS32711.17,636
CCDS32713.17,1590
CCDS32714.17,909
CCDS32717.17,1605
CCDS32718.27,2997
CCDS32719.17,1437
CCDS32720.17,900
CCDS32722.17,672
CCDS32723.17,1491
CCDS32724.17,3702
CCDS32725.17,1386
CCDS32726.17,2367
CCDS32727.17,414
CCDS32728.17,792
CCDS32729.17,546
CCDS32730.17,1971
CCDS32732.17,4071
CCDS32733.17,3063
CCDS32735.17,1308
CCDS32736.17,5418
CCDS32737.17,1917
CCDS32738.17,2055
CCDS32739.17,1266
CCDS32740.17,2040
CCDS32741.27,5490
CCDS32742.17,3879
CCDS32743.17,2571
CCDS32744.17,2484
CCDS32745.17,615
CCDS32746.17,534
CCDS32748.17,2418
CCDS32749.17,2181
CCDS32750.27,912
CCDS32751.17,414
CCDS32752.17,498
CCDS32754.17,1194
CCDS32755.17,3372
CCDS32757.17,1599
CCDS32758.17,1683
CCDS32760.17,2859
CCDS32761.27,15771
CCDS32762.17,1299
CCDS32764.17,3135
CCDS32765.27,2646
CCDS32766.17,444
CCDS32767.17,465
CCDS32768.27,795
CCDS32769.17,591
CCDS32771.27,1491
CCDS32772.17,192
CCDS32773.17,996
CCDS32774.17,1476
CCDS32775.17,1422
CCDS32776.17,564
CCDS32777.17,1371
CCDS32778.27,1041
CCDS32779.17,936
CCDS32780.18,1485
CCDS32781.18,1380
CCDS32782.18,2229
CCDS32785.18,1713
CCDS32787.18,9228
CCDS32790.28,2229
CCDS32791.18,1266
CCDS32792.28,7614
CCDS32793.18,921
CCDS32794.18,867
CCDS32795.18,810
CCDS32797.18,1623
CCDS32800.18,2523
CCDS32801.18,360
CCDS32802.18,1230
CCDS32803.18,1974
CCDS32804.18,1569
CCDS32806.18,3936
CCDS32807.18,1257
CCDS32808.18,771
CCDS32810.18,2691
CCDS32812.38,894
CCDS32813.18,1887
CCDS32814.18,828
CCDS32816.18,4320
CCDS32817.18,903
CCDS32818.18,1461
CCDS32819.18,987
CCDS32820.28,1005
CCDS32823.18,1041
CCDS32824.18,1866
CCDS32825.18,1719
CCDS32828.18,1401
CCDS32829.18,780
CCDS32830.18,1860
CCDS32831.18,231
CCDS32832.18,1761
CCDS32834.18,1143
CCDS32836.18,1290
CCDS32837.18,1647
CCDS32838.18,1221
CCDS32839.18,1128
CCDS32840.18,1365
CCDS32841.18,996
CCDS32845.18,306
CCDS32847.18,594
CCDS32850.18,2793
CCDS32852.18,429
CCDS32853.18,3396
CCDS32854.19,918
CCDS32855.19,1638
CCDS32857.19,1164
CCDS32858.19,1032
CCDS32859.19,1596
CCDS32860.19,771
CCDS32861.19,3132
CCDS32862.19,1863
CCDS32863.19,3411
CCDS32864.19,1407
CCDS32865.29,1956
CCDS32866.19,3666
CCDS32867.19,1086
CCDS32868.19,483
CCDS32869.19,1692
CCDS32871.19,939
CCDS32872.19,2007
CCDS32873.29,2760
CCDS32874.19,1107
CCDS32875.19,2871
CCDS32879.19,2862
CCDS32880.19,1953
CCDS32881.19,510
CCDS32882.19,1407
CCDS32883.19,4992
CCDS32890.29,1707
CCDS32891.19,3984
CCDS32892.19,2568
CCDS32893.19,411
CCDS32894.19,531
CCDS32895.19,945
CCDS32896.19,942
CCDS32897.29,975
CCDS32898.29,936
CCDS32899.19,939
CCDS32900.19,939
CCDS32901.19,939
CCDS32902.19,1173
CCDS32904.19,819
CCDS32905.39,552
CCDS32907.19,2601
CCDS32908.19,2601
CCDS32909.19,570
CCDS32910.19,2133
CCDS32911.19,1587
CCDS32912.19,1104
CCDS32914.19,450
CCDS32915.19,2229
CCDS32916.19,1623
CCDS32918.19,2016
CCDS32919.19,3036
CCDS32920.19,1047
CCDS32921.19,4713
CCDS32922.19,750
CCDS32923.19,1110
CCDS32924.19,2970
CCDS32926.19,1803
CCDS32928.19,4425
CCDS32929.19,2508
CCDS32930.19,2361
CCDS32931.19,2229
CCDS32933.19,2193
CCDS32934.19,2325
CCDS32935.19,2472
CCDS32936.19,930
CCDS32937.19,1068
CCDS32940.19,948
CCDS32941.19,951
CCDS32944.19,2595
CCDS32945.29,4299
CCDS32946.19,3489
CCDS32948.19,1233
CCDS32949.19,3699
CCDS32950.19,1575
CCDS32951.19,1479
CCDS32952.19,1329
CCDS32953.19,1941
CCDS32954.19,3180
CCDS32955.19,2670
CCDS32956.19,1209
CCDS32957.19,1146
CCDS32958.19,3543
CCDS32959.19,1044
CCDS32960.19,1092
CCDS32961.19,1242
CCDS32962.19,1269
CCDS32963.19,1905
CCDS32965.19,1431
CCDS32966.19,957
CCDS32967.19,420
CCDS32969.29,1842
CCDS32970.29,3615
CCDS32971.19,1311
CCDS32973.19,1863
CCDS32976.19,279
CCDS32977.19,1788
CCDS32978.19,1713
CCDS32979.19,1731
CCDS32980.19,1692
CCDS32981.19,1707
CCDS32983.19,1980
CCDS32984.19,3903
CCDS32985.19,2862
CCDS32986.19,3153
CCDS32987.19,2352
CCDS32989.19,291
CCDS32990.29,1716
CCDS32991.19,1767
CCDS32993.19,1254
CCDS32995.29,1029
CCDS32996.19,3726
CCDS32997.19,1956
CCDS32998.19,282
CCDS32999.19,348
CCDS33000.19,825
CCDS33001.19,4557
CCDS33002.19,1602
CCDS33003.19,1239
CCDS33004.19,1653
CCDS33005.19,1560
CCDS33006.19,2091
CCDS33007.19,5346
CCDS33008.39,1062
CCDS33010.19,945
CCDS33011.19,15117
CCDS33012.19,411
CCDS33014.19,987
CCDS33015.19,1770
CCDS33016.19,1371
CCDS33017.19,1557
CCDS33018.19,1317
CCDS33019.19,1317
CCDS33020.19,2085
CCDS33021.29,603
CCDS33022.29,4161
CCDS33023.29,1062
CCDS33024.19,420
CCDS33025.19,429
CCDS33026.29,1926
CCDS33027.19,1473
CCDS33028.19,4386
CCDS33029.19,621
CCDS33030.19,642
CCDS33031.19,1173
CCDS33032.19,774
CCDS33033.19,735
CCDS33034.19,1104
CCDS33035.19,1392
CCDS33036.19,1071
CCDS33037.19,1281
CCDS33038.19,1275
CCDS33039.19,981
CCDS33040.19,1872
CCDS33041.19,846
CCDS33042.19,873
CCDS33043.29,1563
CCDS33044.19,1425
CCDS33045.19,1356
CCDS33046.19,2124
CCDS33047.19,2013
CCDS33048.19,2217
CCDS33049.19,2283
CCDS33050.19,2487
CCDS33051.19,1143
CCDS33052.19,543
CCDS33053.19,357
CCDS33054.19,2025
CCDS33055.19,1200
CCDS33056.19,417
CCDS33057.19,375
CCDS33058.19,378
CCDS33059.19,1320
CCDS33061.19,450
CCDS33062.19,429
CCDS33063.19,1053
CCDS33064.19,1266
CCDS33065.19,2766
CCDS33066.29,1527
CCDS33068.19,1470
CCDS33069.19,1032
CCDS33070.19,528
CCDS33071.19,498
CCDS33073.19,3645
CCDS33074.19,3939
CCDS33075.19,2244
CCDS33076.19,1275
CCDS33077.19,2616
CCDS33080.19,789
CCDS33081.19,696
CCDS33082.19,537
CCDS33083.19,717
CCDS33084.19,1095
CCDS33085.19,1041
CCDS33086.19,1500
CCDS33088.19,1656
CCDS33089.19,1854
CCDS33090.19,2346
CCDS33091.19,1887
CCDS33092.19,1398
CCDS33093.29,2157
CCDS33094.19,1569
CCDS33095.19,1530
CCDS33096.19,1956
CCDS33097.19,2520
CCDS33099.19,906
CCDS33102.19,1392
CCDS33103.19,576
CCDS33104.19,1278
CCDS33105.19,1896
CCDS33106.19,1383
CCDS33107.19,1026
CCDS33109.19,2943
CCDS33110.19,3348
CCDS33111.19,1080
CCDS33113.19,534
CCDS33114.19,669
CCDS33116.39,3180
CCDS33118.19,843
CCDS33119.19,3132
CCDS33121.19,1554
CCDS33122.19,2154
CCDS33123.19,1584
CCDS33124.19,2769
CCDS33125.19,1419
CCDS33126.19,615
CCDS33127.19,1884
CCDS33128.19,930
CCDS33130.19,1803
CCDS33131.19,1209
CCDS33132.29,2337
CCDS33133.19,1470
CCDS33134.19,1329
CCDS33135.19,1464
CCDS33138.19,1635
CCDS33141.1|Hs110|chr2,423
CCDS33143.1|Hs110|chr2,1767
CCDS33144.2|Hs110|chr2,1857
CCDS33145.1|Hs110|chr2,477
CCDS33146.1|Hs110|chr2,1374
CCDS33147.1|Hs110|chr2,1230
CCDS33149.1|Hs110|chr2,1653
CCDS33150.1|Hs110|chr2,1833
CCDS33151.1|Hs110|chr2,456
CCDS33152.1|Hs110|chr2,3546
CCDS33153.1|Hs110|chr2,243
CCDS33156.1|Hs110|chr2,423
CCDS33157.1|Hs110|chr2,2739
CCDS33159.2|Hs110|chr2,2622
CCDS33160.1|Hs110|chr2,558
CCDS33162.2|Hs110|chr2,957
CCDS33163.1|Hs110|chr2,645
CCDS33164.1|Hs110|chr2,1572
CCDS33166.2|Hs110|chr2,2229
CCDS33167.1|Hs110|chr2,165
CCDS33168.1|Hs110|chr2,4377
CCDS33169.1|Hs110|chr2,984
CCDS33172.1|Hs110|chr2,4863
CCDS33173.1|Hs110|chr2,318
CCDS33174.1|Hs110|chr2,3075
CCDS33175.2|Hs110|chr2,14574
CCDS33176.1|Hs110|chr2,2532
CCDS33177.2|Hs110|chr2,5166
CCDS33178.2|Hs110|chr2,4188
CCDS33179.1|Hs110|chr2,1557
CCDS33180.1|Hs110|chr2,2082
CCDS33181.1|Hs110|chr2,6216
CCDS33182.1|Hs110|chr2,798
CCDS33183.1|Hs110|chr2,717
CCDS33184.1|Hs110|chr2,948
CCDS33186.2|Hs110|chr2,1482
CCDS33187.1|Hs110|chr2,861
CCDS33189.1|Hs110|chr2,4185
CCDS33190.1|Hs110|chr2,2184
CCDS33191.1|Hs110|chr2,618
CCDS33192.1|Hs110|chr2,441
CCDS33193.1|Hs110|chr2,2577
CCDS33196.1|Hs110|chr2,555
CCDS33197.2|Hs110|chr2,5532
CCDS33198.1|Hs110|chr2,7095
CCDS33199.1|Hs110|chr2,6468
CCDS33201.1|Hs110|chr2,1761
CCDS33202.1|Hs110|chr2,471
CCDS33203.1|Hs110|chr2,5532
CCDS33205.1|Hs110|chr2,3216
CCDS33206.1|Hs110|chr2,1620
CCDS33208.1|Hs110|chr2,2934
CCDS33210.1|Hs110|chr2,945
CCDS33211.1|Hs110|chr2,1257
CCDS33213.1|Hs110|chr2,468
CCDS33214.2|Hs110|chr2,1941
CCDS33215.1|Hs110|chr2,555
CCDS33216.1|Hs110|chr2,2046
CCDS33217.1|Hs110|chr2,765
CCDS33219.1|Hs110|chr2,468
CCDS33220.3|Hs110|chr2,1035
CCDS33221.2|Hs110|chr2,1257
CCDS33224.1|Hs110|chr2,306
CCDS33225.1|Hs110|chr2,324
CCDS33226.1|Hs110|chr2,1692
CCDS33228.1|Hs110|chr2,585
CCDS33229.1|Hs110|chr2,1593
CCDS33233.1|Hs110|chr2,816
CCDS33234.1|Hs110|chr2,1698
CCDS33235.1|Hs110|chr2,2070
CCDS33236.1|Hs110|chr2,669
CCDS33237.1|Hs110|chr2,2058
CCDS33238.1|Hs110|chr2,291
CCDS33240.1|Hs110|chr2,1473
CCDS33241.1|Hs110|chr2,3351
CCDS33245.1|Hs110|chr2,693
CCDS33249.1|Hs110|chr2,1296
CCDS33250.1|Hs110|chr2,1692
CCDS33251.1|Hs110|chr2,1785
CCDS33252.1|Hs110|chr2,360
CCDS33254.1|Hs110|chr2,1860
CCDS33255.1|Hs110|chr2,939
CCDS33257.1|Hs110|chr2,225
CCDS33258.1|Hs110|chr2,3756
CCDS33259.1|Hs110|chr2,462
CCDS33261.1|Hs110|chr2,720
CCDS33264.1|Hs110|chr2,2397
CCDS33265.1|Hs110|chr2,1503
CCDS33266.1|Hs110|chr2,1143
CCDS33267.1|Hs110|chr2,915
CCDS33268.1|Hs110|chr2,5055
CCDS33270.1|Hs110|chr2,1578
CCDS33273.1|Hs110|chr2,3258
CCDS33275.1|Hs110|chr2,1668
CCDS33276.1|Hs110|chr2,3171
CCDS33277.1|Hs110|chr2,1257
CCDS33278.1|Hs110|chr2,2370
CCDS33281.1|Hs110|chr2,573
CCDS33282.2|Hs110|chr2,2523
CCDS33283.1|Hs110|chr2,4761
CCDS33284.1|Hs110|chr2,687
CCDS33285.1|Hs110|chr2,1119
CCDS33286.1|Hs110|chr2,672
CCDS33290.1|Hs110|chr2,1353
CCDS33293.1|Hs110|chr2,1533
CCDS33294.1|Hs110|chr2,2946
CCDS33295.1|Hs110|chr2,1071
CCDS33296.1|Hs110|chr2,381
CCDS33297.1|Hs110|chr2,156
CCDS33298.1|Hs110|chr2,1179
CCDS33299.1|Hs110|chr2,924
CCDS33300.1|Hs110|chr2,1377
CCDS33301.1|Hs110|chr2,1542
CCDS33302.1|Hs110|chr2,4485
CCDS33304.1|Hs110|chr2,1776
CCDS33305.1|Hs110|chr2,3579
CCDS33306.1|Hs110|chr2,3450
CCDS33307.1|Hs110|chr2,324
CCDS33308.1|Hs110|chr2,699
CCDS33309.1|Hs110|chr2,4392
CCDS33310.1|Hs110|chr2,2049
CCDS33311.1|Hs110|chr2,2283
CCDS33312.1|Hs110|chr2,6003
CCDS33313.1|Hs110|chr2,6018
CCDS33314.1|Hs110|chr2,6018
CCDS33315.1|Hs110|chr2,3951
CCDS33316.1|Hs110|chr2,5997
CCDS33318.1|Hs110|chr2,2544
CCDS33319.1|Hs110|chr2,726
CCDS33320.1|Hs110|chr2,630
CCDS33322.1|Hs110|chr2,1197
CCDS33325.1|Hs110|chr2,1359
CCDS33327.1|Hs110|chr2,2037
CCDS33328.1|Hs110|chr2,390
CCDS33331.1|Hs110|chr2,1449
CCDS33332.1|Hs110|chr2,1287
CCDS33333.1|Hs110|chr2,1431
CCDS33334.1|Hs110|chr2,2802
CCDS33335.1|Hs110|chr2,1425
CCDS33336.1|Hs110|chr2,903
CCDS33337.1|Hs110|chr2,16815
CCDS33338.1|Hs110|chr2,2091
CCDS33339.2|Hs110|chr2,1461
CCDS33340.1|Hs110|chr2,1260
CCDS33341.1|Hs110|chr2,1392
CCDS33344.1|Hs110|chr2,1608
CCDS33345.1|Hs110|chr2,2382
CCDS33347.1|Hs110|chr2,2481
CCDS33348.1|Hs110|chr2,1902
CCDS33349.1|Hs110|chr2,756
CCDS33350.1|Hs110|chr2,4500
CCDS33351.2|Hs110|chr2,4305
CCDS33352.1|Hs110|chr2,615
CCDS33353.1|Hs110|chr2,2496
CCDS33354.1|Hs110|chr2,4719
CCDS33355.2|Hs110|chr2,1104
CCDS33356.1|Hs110|chr2,3915
CCDS33357.1|Hs110|chr2,1722
CCDS33358.1|Hs110|chr2,1782
CCDS33360.1|Hs110|chr2,4017
CCDS33361.1|Hs110|chr2,3117
CCDS33362.2|Hs110|chr2,1770
CCDS33365.1|Hs110|chr2,1557
CCDS33366.1|Hs110|chr2,1758
CCDS33367.1|Hs110|chr2,525
CCDS33368.1|Hs110|chr2,1356
CCDS33369.1|Hs110|chr2,1680
CCDS33370.1|Hs110|chr2,2964
CCDS33372.1|Hs110|chr2,7788
CCDS33373.1|Hs110|chr2,6834
CCDS33375.1|Hs110|chr2,912
CCDS33376.1|Hs110|chr2,1233
CCDS33378.1|Hs110|chr2,1305
CCDS33379.1|Hs110|chr2,900
CCDS33380.1|Hs110|chr2,1236
CCDS33382.2|Hs110|chr2,687
CCDS33383.1|Hs110|chr2,1413
CCDS33384.2|Hs110|chr2,1620
CCDS33385.1|Hs110|chr2,1083
CCDS33387.1|Hs110|chr2,1233
CCDS33389.1|Hs110|chr2,5016
CCDS33390.1|Hs110|chr2,2214
CCDS33391.1|Hs110|chr2,5979
CCDS33392.1|Hs110|chr2,519
CCDS33395.1|Hs110|chr2,693
CCDS33396.1|Hs110|chr2,663
CCDS33397.1|Hs110|chr2,2133
CCDS33398.1|Hs110|chr2,453
CCDS33400.1|Hs110|chr2,1554
CCDS33401.1|Hs110|chr2,3900
CCDS33402.1|Hs110|chr2,1593
CCDS33403.1|Hs110|chr2,1593
CCDS33404.1|Hs110|chr2,1605
CCDS33405.1|Hs110|chr2,1605
CCDS33406.1|Hs110|chr2,2247
CCDS33407.1|Hs110|chr2,3315
CCDS33408.1|Hs110|chr2,2574
CCDS33409.1|Hs110|chr2,8916
CCDS33410.2|Hs110|chr2,7713
CCDS33411.2|Hs110|chr2,3714
CCDS33412.1|Hs110|chr2,9534
CCDS33415.1|Hs110|chr2,2076
CCDS33416.1|Hs110|chr2,1008
CCDS33418.1|Hs110|chr2,531
CCDS33420.1|Hs110|chr2,1554
CCDS33423.2|Hs110|chr2,2640
CCDS33424.1|Hs110|chr2,3165
CCDS33425.1|Hs110|chr2,723
CCDS33426.1|Hs110|chr2,1566
CCDS33427.1|Hs110|chr2,1197
CCDS33428.1|Hs110|chr2,867
CCDS33430.1|Hs110|chr20,282
CCDS33432.1|Hs110|chr20,600
CCDS33434.1|Hs110|chr20,831
CCDS33435.1|Hs110|chr20,2082
CCDS33436.1|Hs110|chr20,600
CCDS33437.1|Hs110|chr20,1623
CCDS33438.1|Hs110|chr20,552
CCDS33439.1|Hs110|chr20,1227
CCDS33441.1|Hs110|chr20,954
CCDS33443.1|Hs110|chr20,642
CCDS33446.1|Hs110|chr20,2547
CCDS33447.1|Hs110|chr20,3714
CCDS33450.1|Hs110|chr20,480
CCDS33451.1|Hs110|chr20,591
CCDS33452.1|Hs110|chr20,4149
CCDS33455.1|Hs110|chr20,267
CCDS33456.1|Hs110|chr20,231
CCDS33457.1|Hs110|chr20,216
CCDS33459.1|Hs110|chr20,1740
CCDS33460.1|Hs110|chr20,1581
CCDS33463.1|Hs110|chr20,738
CCDS33465.1|Hs110|chr20,648
CCDS33467.1|Hs110|chr20,3603
CCDS33469.2|Hs110|chr20,2559
CCDS33470.1|Hs110|chr20,1314
CCDS33471.1|Hs110|chr20,372
CCDS33473.1|Hs110|chr20,789
CCDS33475.1|Hs110|chr20,372
CCDS33477.1|Hs110|chr20,300
CCDS33478.1|Hs110|chr20,696
CCDS33480.1|Hs110|chr20,2043
CCDS33481.1|Hs110|chr20,1509
CCDS33482.1|Hs110|chr20,687
CCDS33483.1|Hs110|chr20,444
CCDS33485.1|Hs110|chr20,1119
CCDS33487.1|Hs110|chr20,636
CCDS33488.1|Hs110|chr20,2766
CCDS33489.1|Hs110|chr20,3144
CCDS33490.1|Hs110|chr20,3105
CCDS33491.1|Hs110|chr20,1545
CCDS33492.1|Hs110|chr20,2361
CCDS33493.1|Hs110|chr20,516
CCDS33494.1|Hs110|chr20,516
CCDS33497.1|Hs110|chr20,585
CCDS33498.1|Hs110|chr20,732
CCDS33500.1|Hs110|chr20,3258
CCDS33502.1|Hs110|chr20,11088
CCDS33503.1|Hs110|chr20,1437
CCDS33506.1|Hs110|chr20,6723
CCDS33507.2|Hs110|chr20,726
CCDS33508.1|Hs110|chr20,7950
CCDS33509.1|Hs110|chr20,723
CCDS33515.1|Hs110|chr21,3168
CCDS33519.1|Hs110|chr21,1098
CCDS33522.1|Hs110|chr21,1062
CCDS33523.1|Hs110|chr21,2256
CCDS33524.1|Hs110|chr21,2904
CCDS33525.1|Hs110|chr21,561
CCDS33526.1|Hs110|chr21,645
CCDS33527.3|Hs110|chr21,5301
CCDS33528.1|Hs110|chr21,1647
CCDS33530.1|Hs110|chr21,2718
CCDS33532.1|Hs110|chr21,624
CCDS33533.1|Hs110|chr21,198
CCDS33534.1|Hs110|chr21,255
CCDS33536.1|Hs110|chr21,465
CCDS33537.1|Hs110|chr21,3444
CCDS33539.2|Hs110|chr21,4839
CCDS33540.3|Hs110|chr21,3936
CCDS33541.1|Hs110|chr21,2448
CCDS33544.1|Hs110|chr21,1014
CCDS33545.1|Hs110|chr21,5166
CCDS33546.1|Hs110|chr21,3663
CCDS33548.1|Hs110|chr21,378
CCDS33549.1|Hs110|chr21,2157
CCDS33550.1|Hs110|chr21,177
CCDS33551.1|Hs110|chr21,594
CCDS33553.1|Hs110|chr21,894
CCDS33557.1|Hs110|chr21,363
CCDS33559.1|Hs110|chr21,303
CCDS33560.1|Hs110|chr21,387
CCDS33562.1|Hs110|chr21,1224
CCDS33563.1|Hs110|chr21,189
CCDS33564.1|Hs110|chr21,1479
CCDS33565.3|Hs110|chr21,243
CCDS33566.1|Hs110|chr21,1872
CCDS33567.1|Hs110|chr21,1623
CCDS33568.1|Hs110|chr21,1602
CCDS33569.1|Hs110|chr21,1704
CCDS33570.1|Hs110|chr21,1476
CCDS33571.1|Hs110|chr21,1398
CCDS33572.1|Hs110|chr21,1422
CCDS33573.1|Hs110|chr21,327
CCDS33574.1|Hs110|chr21,723
CCDS33575.1|Hs110|chr21,2352
CCDS33577.1|Hs110|chr21,2277
CCDS33579.1|Hs110|chr21,2760
CCDS33580.1|Hs110|chr21,807
CCDS33581.1|Hs110|chr21,714
CCDS33582.1|Hs110|chr21,2343
CCDS33585.1|Hs110|chr21,756
CCDS33586.1|Hs110|chr21,414
CCDS33587.1|Hs110|chr21,312
CCDS33589.1|Hs110|chr21,2226
CCDS33590.1|Hs110|chr21,2106
CCDS33591.1|Hs110|chr21,504
CCDS33592.1|Hs110|chr21,10011
CCDS33595.1|Hs110|chr22,1272
CCDS33598.1|Hs110|chr22,1653
CCDS33599.3|Hs110|chr22,318
CCDS33600.2|Hs110|chr22,801
CCDS33602.1|Hs110|chr22,2367
CCDS33603.2|Hs110|chr22,6309
CCDS33605.1|Hs110|chr22,1797
CCDS33606.1|Hs110|chr22,2523
CCDS33608.1|Hs110|chr22,1908
CCDS33613.1|Hs110|chr22,972
CCDS33615.1|Hs110|chr22,708
CCDS33616.1|Hs110|chr22,1500
CCDS33617.1|Hs110|chr22,735
CCDS33619.1|Hs110|chr22,3354
CCDS33621.1|Hs110|chr22,723
CCDS33623.1|Hs110|chr22,2649
CCDS33624.1|Hs110|chr22,390
CCDS33629.1|Hs110|chr22,1761
CCDS33630.1|Hs110|chr22,1332
CCDS33632.2|Hs110|chr22,2259
CCDS33633.1|Hs110|chr22,1134
CCDS33634.1|Hs110|chr22,408
CCDS33635.1|Hs110|chr22,501
CCDS33636.1|Hs110|chr22,2913
CCDS33637.1|Hs110|chr22,2061
CCDS33639.1|Hs110|chr22,756
CCDS33640.1|Hs110|chr22,738
CCDS33641.1|Hs110|chr22,1806
CCDS33642.1|Hs110|chr22,2463
CCDS33643.1|Hs110|chr22,1659
CCDS33644.1|Hs110|chr22,1296
CCDS33645.1|Hs110|chr22,2259
CCDS33646.1|Hs110|chr22,2190
CCDS33647.1|Hs110|chr22,1503
CCDS33648.1|Hs110|chr22,1122
CCDS33649.1|Hs110|chr22,306
CCDS33650.1|Hs110|chr22,681
CCDS33651.1|Hs110|chr22,528
CCDS33652.1|Hs110|chr22,507
CCDS33653.1|Hs110|chr22,387
CCDS33654.1|Hs110|chr22,690
CCDS33655.1|Hs110|chr22,780
CCDS33656.2|Hs110|chr22,387
CCDS33657.1|Hs110|chr22,1341
CCDS33658.1|Hs110|chr22,906
CCDS33660.1|Hs110|chr22,1173
CCDS33661.1|Hs110|chr22,510
CCDS33662.1|Hs110|chr22,720
CCDS33664.1|Hs110|chr22,1395
CCDS33665.1|Hs110|chr22,1215
CCDS33666.1|Hs110|chr22,1230
CCDS33667.1|Hs110|chr22,1050
CCDS33669.1|Hs110|chr22,1407
CCDS33670.1|Hs110|chr22,372
CCDS33672.1|Hs110|chr22,1737
CCDS33677.1|Hs110|chr22,3516
CCDS33678.1|Hs110|chr22,981
CCDS33681.1|Hs110|chr22,2799
CCDS33682.1|Hs110|chr22,447
CCDS33683.1|Hs110|chr22,690
CCDS33685.1|Hs110|chr3,2151
CCDS33686.1|Hs110|chr3,1974
CCDS33688.1|Hs110|chr3,1098
CCDS33689.1|Hs110|chr3,3228
CCDS33691.1|Hs110|chr3,744
CCDS33692.1|Hs110|chr3,3663
CCDS33693.1|Hs110|chr3,1269
CCDS33696.1|Hs110|chr3,4356
CCDS33697.1|Hs110|chr3,1878
CCDS33698.1|Hs110|chr3,2286
CCDS33700.1|Hs110|chr3,354
CCDS33701.1|Hs110|chr3,3732
CCDS33702.1|Hs110|chr3,1251
CCDS33703.1|Hs110|chr3,2892
CCDS33704.1|Hs110|chr3,5664
CCDS33705.1|Hs110|chr3,1863
CCDS33706.1|Hs110|chr3,2715
CCDS33709.1|Hs110|chr3,1368
CCDS33711.1|Hs110|chr3,1920
CCDS33712.1|Hs110|chr3,1737
CCDS33713.1|Hs110|chr3,3006
CCDS33714.1|Hs110|chr3,2388
CCDS33715.2|Hs110|chr3,2502
CCDS33716.1|Hs110|chr3,1686
CCDS33717.1|Hs110|chr3,579
CCDS33718.1|Hs110|chr3,1740
CCDS33719.1|Hs110|chr3,1965
CCDS33721.1|Hs110|chr3,3645
CCDS33722.1|Hs110|chr3,321
CCDS33723.1|Hs110|chr3,1071
CCDS33724.1|Hs110|chr3,1314
CCDS33725.1|Hs110|chr3,1260
CCDS33726.1|Hs110|chr3,1263
CCDS33727.1|Hs110|chr3,1779
CCDS33729.1|Hs110|chr3,1056
CCDS33730.1|Hs110|chr3,528
CCDS33731.1|Hs110|chr3,429
CCDS33732.1|Hs110|chr3,1362
CCDS33734.1|Hs110|chr3,831
CCDS33735.1|Hs110|chr3,798
CCDS33736.1|Hs110|chr3,5871
CCDS33737.1|Hs110|chr3,5376
CCDS33738.1|Hs110|chr3,2034
CCDS33739.1|Hs110|chr3,648
CCDS33740.1|Hs110|chr3,1269
CCDS33744.1|Hs110|chr3,4167
CCDS33745.1|Hs110|chr3,1764
CCDS33747.1|Hs110|chr3,2133
CCDS33749.1|Hs110|chr3,1725
CCDS33750.1|Hs110|chr3,3459
CCDS33751.1|Hs110|chr3,480
CCDS33752.1|Hs110|chr3,294
CCDS33754.1|Hs110|chr3,1632
CCDS33755.2|Hs110|chr3,1785
CCDS33757.2|Hs110|chr3,2178
CCDS33758.1|Hs110|chr3,3945
CCDS33759.1|Hs110|chr3,1515
CCDS33760.1|Hs110|chr3,1326
CCDS33762.1|Hs110|chr3,1506
CCDS33763.1|Hs110|chr3,3432
CCDS33764.1|Hs110|chr3,2673
CCDS33765.2|Hs110|chr3,4404
CCDS33766.2|Hs110|chr3,1260
CCDS33767.1|Hs110|chr3,4515
CCDS33768.1|Hs110|chr3,7713
CCDS33769.3|Hs110|chr3,309
CCDS33770.2|Hs110|chr3,2745
CCDS33771.1|Hs110|chr3,1374
CCDS33772.1|Hs110|chr3,1830
CCDS33773.1|Hs110|chr3,1827
CCDS33774.1|Hs110|chr3,2436
CCDS33775.1|Hs110|chr3,2046
CCDS33776.1|Hs110|chr3,1692
CCDS33779.1|Hs110|chr3,444
CCDS33780.1|Hs110|chr3,4389
CCDS33781.1|Hs110|chr3,3864
CCDS33783.1|Hs110|chr3,3282
CCDS33785.1|Hs110|chr3,345
CCDS33786.1|Hs110|chr3,357
CCDS33788.1|Hs110|chr3,1734
CCDS33789.1|Hs110|chr3,3201
CCDS33790.1|Hs110|chr3,3087
CCDS33792.1|Hs110|chr3,1314
CCDS33793.1|Hs110|chr3,885
CCDS33796.1|Hs110|chr3,930
CCDS33797.1|Hs110|chr3,942
CCDS33798.1|Hs110|chr3,933
CCDS33799.1|Hs110|chr3,942
CCDS33800.2|Hs110|chr3,930
CCDS33801.2|Hs110|chr3,930
CCDS33802.1|Hs110|chr3,966
CCDS33803.1|Hs110|chr3,966
CCDS33804.1|Hs110|chr3,951
CCDS33806.1|Hs110|chr3,831
CCDS33807.1|Hs110|chr3,1827
CCDS33809.1|Hs110|chr3,474
CCDS33810.1|Hs110|chr3,1752
CCDS33812.1|Hs110|chr3,2718
CCDS33813.1|Hs110|chr3,561
CCDS33814.1|Hs110|chr3,915
CCDS33816.1|Hs110|chr3,600
CCDS33817.1|Hs110|chr3,3534
CCDS33818.1|Hs110|chr3,885
CCDS33819.1|Hs110|chr3,870
CCDS33820.1|Hs110|chr3,855
CCDS33821.1|Hs110|chr3,756
CCDS33824.1|Hs110|chr3,1704
CCDS33826.1|Hs110|chr3,1989
CCDS33827.1|Hs110|chr3,1230
CCDS33828.1|Hs110|chr3,1248
CCDS33829.1|Hs110|chr3,1104
CCDS33830.1|Hs110|chr3,717
CCDS33831.1|Hs110|chr3,858
CCDS33833.1|Hs110|chr3,7773
CCDS33834.1|Hs110|chr3,948
CCDS33835.1|Hs110|chr3,2130
CCDS33836.1|Hs110|chr3,1398
CCDS33837.1|Hs110|chr3,1797
CCDS33838.1|Hs110|chr3,435
CCDS33839.2|Hs110|chr3,1539
CCDS33841.1|Hs110|chr3,639
CCDS33842.1|Hs110|chr3,1416
CCDS33843.1|Hs110|chr3,1524
CCDS33844.1|Hs110|chr3,1386
CCDS33847.2|Hs110|chr3,5691
CCDS33848.2|Hs110|chr3,1872
CCDS33849.1|Hs110|chr3,1791
CCDS33850.1|Hs110|chr3,639
CCDS33851.1|Hs110|chr3,2625
CCDS33852.1|Hs110|chr3,1065
CCDS33854.1|Hs110|chr3,5778
CCDS33855.1|Hs110|chr3,1962
CCDS33856.1|Hs110|chr3,2850
CCDS33857.1|Hs110|chr3,6732
CCDS33858.1|Hs110|chr3,1728
CCDS33859.1|Hs110|chr3,1248
CCDS33860.1|Hs110|chr3,2343
CCDS33861.1|Hs110|chr3,1734
CCDS33862.1|Hs110|chr3,786
CCDS33863.1|Hs110|chr3,1635
CCDS33864.1|Hs110|chr3,642
CCDS33865.1|Hs110|chr3,606
CCDS33868.1|Hs110|chr3,798
CCDS33871.1|Hs110|chr3,1590
CCDS33872.1|Hs110|chr3,1938
CCDS33874.1|Hs110|chr3,1254
CCDS33875.1|Hs110|chr3,3030
CCDS33876.1|Hs110|chr3,6438
CCDS33877.1|Hs110|chr3,1200
CCDS33881.2|Hs110|chr3,5058
CCDS33882.1|Hs110|chr3,1206
CCDS33884.2|Hs110|chr3,1068
CCDS33885.1|Hs110|chr3,2256
CCDS33886.1|Hs110|chr3,1083
CCDS33887.1|Hs110|chr3,231
CCDS33890.1|Hs110|chr3,2055
CCDS33892.1|Hs110|chr3,2316
CCDS33893.2|Hs110|chr3,1227
CCDS33894.1|Hs110|chr3,1611
CCDS33895.1|Hs110|chr3,351
CCDS33896.1|Hs110|chr3,3534
CCDS33897.1|Hs110|chr3,990
CCDS33898.1|Hs110|chr3,627
CCDS33899.1|Hs110|chr3,2211
CCDS33900.1|Hs110|chr3,753
CCDS33901.1|Hs110|chr3,2172
CCDS33902.1|Hs110|chr3,1770
CCDS33903.1|Hs110|chr3,1671
CCDS33905.1|Hs110|chr3,867
CCDS33906.1|Hs110|chr3,1533
CCDS33907.1|Hs110|chr3,2100
CCDS33908.1|Hs110|chr3,2187
CCDS33909.1|Hs110|chr3,1143
CCDS33910.1|Hs110|chr3,741
CCDS33911.1|Hs110|chr3,678
CCDS33912.1|Hs110|chr3,1449
CCDS33913.1|Hs110|chr3,921
CCDS33914.1|Hs110|chr3,3657
CCDS33917.1|Hs110|chr3,2994
CCDS33920.1|Hs110|chr3,1638
CCDS33921.1|Hs110|chr3,1287
CCDS33922.1|Hs110|chr3,1977
CCDS33923.1|Hs110|chr3,1272
CCDS33924.1|Hs110|chr3,2337
CCDS33925.1|Hs110|chr3,570
CCDS33927.2|Hs110|chr3,3144
CCDS33928.1|Hs110|chr3,3117
CCDS33929.1|Hs110|chr3,429
CCDS33930.1|Hs110|chr3,333
CCDS33931.1|Hs110|chr4,1425
CCDS33932.1|Hs110|chr4,2565
CCDS33933.1|Hs110|chr4,675
CCDS33934.1|Hs110|chr4,2106
CCDS33936.1|Hs110|chr4,1191
CCDS33937.1|Hs110|chr4,1068
CCDS33938.1|Hs110|chr4,2130
CCDS33939.1|Hs110|chr4,1197
CCDS33940.1|Hs110|chr4,4098
CCDS33941.1|Hs110|chr4,1812
CCDS33942.1|Hs110|chr4,2664
CCDS33943.1|Hs110|chr4,3675
CCDS33944.1|Hs110|chr4,1686
CCDS33945.1|Hs110|chr4,2574
CCDS33946.1|Hs110|chr4,1737
CCDS33947.1|Hs110|chr4,1599
CCDS33950.1|Hs110|chr4,2061
CCDS33951.1|Hs110|chr4,3030
CCDS33953.1|Hs110|chr4,1959
CCDS33960.1|Hs110|chr4,3225
CCDS33961.1|Hs110|chr4,666
CCDS33963.1|Hs110|chr4,537
CCDS33964.1|Hs110|chr4,3966
CCDS33966.1|Hs110|chr4,2388
CCDS33967.2|Hs110|chr4,1590
CCDS33969.1|Hs110|chr4,1461
CCDS33971.1|Hs110|chr4,3210
CCDS33972.1|Hs110|chr4,3507
CCDS33973.1|Hs110|chr4,2361
CCDS33975.1|Hs110|chr4,2130
CCDS33976.1|Hs110|chr4,603
CCDS33977.1|Hs110|chr4,3252
CCDS33978.1|Hs110|chr4,1191
CCDS33979.1|Hs110|chr4,717
CCDS33981.1|Hs110|chr4,465
CCDS33982.1|Hs110|chr4,879
CCDS33984.1|Hs110|chr4,2055
CCDS33986.1|Hs110|chr4,3423
CCDS33990.1|Hs110|chr4,1092
CCDS33992.1|Hs110|chr4,2184
CCDS33993.1|Hs110|chr4,1272
CCDS33998.1|Hs110|chr4,159
CCDS33999.1|Hs110|chr4,156
CCDS34000.1|Hs110|chr4,405
CCDS34001.1|Hs110|chr4,1863
CCDS34002.1|Hs110|chr4,651
CCDS34003.1|Hs110|chr4,7059
CCDS34004.1|Hs110|chr4,7812
CCDS34005.1|Hs110|chr4,300
CCDS34006.1|Hs110|chr4,345
CCDS34007.1|Hs110|chr4,324
CCDS34008.1|Hs110|chr4,324
CCDS34010.1|Hs110|chr4,402
CCDS34012.1|Hs110|chr4,759
CCDS34013.1|Hs110|chr4,2262
CCDS34014.1|Hs110|chr4,378
CCDS34017.1|Hs110|chr4,2382
CCDS34018.1|Hs110|chr4,1290
CCDS34019.1|Hs110|chr4,1989
CCDS34020.1|Hs110|chr4,936
CCDS34021.1|Hs110|chr4,807
CCDS34022.1|Hs110|chr4,1422
CCDS34024.1|Hs110|chr4,993
CCDS34025.1|Hs110|chr4,2247
CCDS34026.1|Hs110|chr4,1395
CCDS34027.1|Hs110|chr4,864
CCDS34028.1|Hs110|chr4,3153
CCDS34029.1|Hs110|chr4,3072
CCDS34030.1|Hs110|chr4,2331
CCDS34031.1|Hs110|chr4,654
CCDS34032.1|Hs110|chr4,1143
CCDS34033.1|Hs110|chr4,1128
CCDS34034.2|Hs110|chr4,1125
CCDS34035.1|Hs110|chr4,1140
CCDS34036.1|Hs110|chr4,582
CCDS34037.1|Hs110|chr4,1566
CCDS34038.1|Hs110|chr4,2358
CCDS34040.1|Hs110|chr4,408
CCDS34041.1|Hs110|chr4,1548
CCDS34042.1|Hs110|chr4,8106
CCDS34043.1|Hs110|chr4,507
CCDS34046.1|Hs110|chr4,1698
CCDS34047.1|Hs110|chr4,1635
CCDS34049.1|Hs110|chr4,1752
CCDS34050.1|Hs110|chr4,654
CCDS34051.1|Hs110|chr4,555
CCDS34053.1|Hs110|chr4,1371
CCDS34054.1|Hs110|chr4,3786
CCDS34055.1|Hs110|chr4,2502
CCDS34057.1|Hs110|chr4,1371
CCDS34058.1|Hs110|chr4,1731
CCDS34059.1|Hs110|chr4,867
CCDS34060.1|Hs110|chr4,4290
CCDS34061.1|Hs110|chr4,2829
CCDS34062.1|Hs110|chr4,2529
CCDS34063.1|Hs110|chr4,3123
CCDS34064.1|Hs110|chr4,3408
CCDS34065.1|Hs110|chr4,1317
CCDS34069.1|Hs110|chr4,453
CCDS34071.1|Hs110|chr4,1800
CCDS34072.1|Hs110|chr4,3234
CCDS34073.1|Hs110|chr4,1023
CCDS34074.1|Hs110|chr4,1230
CCDS34075.1|Hs110|chr4,2361
CCDS34076.1|Hs110|chr4,2301
CCDS34077.2|Hs110|chr4,2373
CCDS34078.1|Hs110|chr4,1770
CCDS34079.1|Hs110|chr4,1539
CCDS34080.1|Hs110|chr4,1122
CCDS34081.1|Hs110|chr4,3432
CCDS34082.1|Hs110|chr4,888
CCDS34083.1|Hs110|chr4,1545
CCDS34085.1|Hs110|chr4,2073
CCDS34086.1|Hs110|chr4,1221
CCDS34087.1|Hs110|chr4,1584
CCDS34088.1|Hs110|chr4,342
CCDS34089.1|Hs110|chr4,1155
CCDS34093.1|Hs110|chr4,630
CCDS34094.1|Hs110|chr4,1782
CCDS34095.1|Hs110|chr4,1302
CCDS34096.1|Hs110|chr4,975
CCDS34097.1|Hs110|chr4,5139
CCDS34098.1|Hs110|chr4,3321
CCDS34099.1|Hs110|chr4,2667
CCDS34100.1|Hs110|chr4,2601
CCDS34101.1|Hs110|chr4,2457
CCDS34103.1|Hs110|chr4,1230
CCDS34104.1|Hs110|chr4,1806
CCDS34106.1|Hs110|chr4,1173
CCDS34108.1|Hs110|chr4,570
CCDS34109.2|Hs110|chr4,3579
CCDS34110.1|Hs110|chr4,1743
CCDS34111.1|Hs110|chr4,567
CCDS34112.1|Hs110|chr4,3402
CCDS34114.1|Hs110|chr4,897
CCDS34116.1|Hs110|chr4,2523
CCDS34117.1|Hs110|chr4,1449
CCDS34119.1|Hs110|chr4,1578
CCDS34120.1|Hs110|chr4,1917
CCDS34121.1|Hs110|chr4,777
CCDS34123.1|Hs110|chr4,837
CCDS34124.2|Hs110|chr5,4884
CCDS34126.1|Hs110|chr5,1944
CCDS34127.2|Hs110|chr5,1794
CCDS34128.2|Hs110|chr5,1635
CCDS34129.1|Hs110|chr5,3252
CCDS34130.1|Hs110|chr5,1905
CCDS34132.1|Hs110|chr5,1443
CCDS34134.1|Hs110|chr5,408
CCDS34135.1|Hs110|chr5,2733
CCDS34137.1|Hs110|chr5,8520
CCDS34138.1|Hs110|chr5,2244
CCDS34139.1|Hs110|chr5,3225
CCDS34140.1|Hs110|chr5,4785
CCDS34141.1|Hs110|chr5,960
CCDS34142.1|Hs110|chr5,2943
CCDS34143.1|Hs110|chr5,1062
CCDS34144.1|Hs110|chr5,1596
CCDS34145.1|Hs110|chr5,2088
CCDS34146.2|Hs110|chr5,9594
CCDS34147.1|Hs110|chr5,1965
CCDS34148.1|Hs110|chr5,5127
CCDS34149.1|Hs110|chr5,2313
CCDS34150.1|Hs110|chr5,966
CCDS34151.1|Hs110|chr5,885
CCDS34153.1|Hs110|chr5,582
CCDS34154.1|Hs110|chr5,1563
CCDS34156.1|Hs110|chr5,630
CCDS34157.1|Hs110|chr5,1053
CCDS34158.1|Hs110|chr5,4110
CCDS34159.1|Hs110|chr5,855
CCDS34160.1|Hs110|chr5,858
CCDS34161.1|Hs110|chr5,1845
CCDS34162.1|Hs110|chr5,1422
CCDS34163.1|Hs110|chr5,1131
CCDS34164.1|Hs110|chr5,846
CCDS34165.1|Hs110|chr5,225
CCDS34167.1|Hs110|chr5,2928
CCDS34168.1|Hs110|chr5,1269
CCDS34169.1|Hs110|chr5,1251
CCDS34170.1|Hs110|chr5,774
CCDS34171.1|Hs110|chr5,468
CCDS34172.1|Hs110|chr5,3909
CCDS34173.1|Hs110|chr5,357
CCDS34174.1|Hs110|chr5,312
CCDS34175.1|Hs110|chr5,1677
CCDS34181.1|Hs110|chr5,885
CCDS34182.1|Hs110|chr5,789
CCDS34183.1|Hs110|chr5,1188
CCDS34184.1|Hs110|chr5,1692
CCDS34185.1|Hs110|chr5,621
CCDS34186.1|Hs110|chr5,1557
CCDS34188.1|Hs110|chr5,4728
CCDS34190.1|Hs110|chr5,2493
CCDS34191.1|Hs110|chr5,2517
CCDS34192.1|Hs110|chr5,2367
CCDS34193.1|Hs110|chr5,2598
CCDS34194.1|Hs110|chr5,1545
CCDS34195.1|Hs110|chr5,3414
CCDS34198.1|Hs110|chr5,219
CCDS34200.1|Hs110|chr5,3144
CCDS34202.1|Hs110|chr5,1245
CCDS34203.1|Hs110|chr5,3000
CCDS34204.1|Hs110|chr5,5133
CCDS34205.1|Hs110|chr5,2175
CCDS34206.1|Hs110|chr5,2160
CCDS34207.1|Hs110|chr5,3669
CCDS34209.1|Hs110|chr5,3435
CCDS34210.1|Hs110|chr5,1263
CCDS34211.1|Hs110|chr5,183
CCDS34212.1|Hs110|chr5,186
CCDS34213.1|Hs110|chr5,1590
CCDS34215.1|Hs110|chr5,609
CCDS34216.1|Hs110|chr5,897
CCDS34217.1|Hs110|chr5,1560
CCDS34218.1|Hs110|chr5,1272
CCDS34219.1|Hs110|chr5,4539
CCDS34221.1|Hs110|chr5,246
CCDS34222.1|Hs110|chr5,8739
CCDS34223.1|Hs110|chr5,2649
CCDS34224.1|Hs110|chr5,255
CCDS34225.1|Hs110|chr5,4806
CCDS34226.1|Hs110|chr5,3417
CCDS34227.1|Hs110|chr5,3501
CCDS34228.1|Hs110|chr5,2169
CCDS34229.1|Hs110|chr5,2169
CCDS34230.1|Hs110|chr5,1602
CCDS34233.1|Hs110|chr5,3939
CCDS34235.1|Hs110|chr5,2100
CCDS34236.1|Hs110|chr5,1110
CCDS34237.1|Hs110|chr5,249
CCDS34238.1|Hs110|chr5,2529
CCDS34240.1|Hs110|chr5,3096
CCDS34241.1|Hs110|chr5,2856
CCDS34242.1|Hs110|chr5,5286
CCDS34243.1|Hs110|chr5,2721
CCDS34244.1|Hs110|chr5,162
CCDS34245.2|Hs110|chr5,675
CCDS34255.1|Hs110|chr5,2058
CCDS34258.1|Hs110|chr5,2337
CCDS34260.1|Hs110|chr5,1287
CCDS34261.1|Hs110|chr5,534
CCDS34262.1|Hs110|chr5,570
CCDS34263.1|Hs110|chr5,747
CCDS34264.1|Hs110|chr5,534
CCDS34265.1|Hs110|chr5,3531
CCDS34266.1|Hs110|chr5,1260
CCDS34267.1|Hs110|chr5,264
CCDS34268.1|Hs110|chr5,243
CCDS34269.1|Hs110|chr5,261
CCDS34270.1|Hs110|chr5,1164
CCDS34271.1|Hs110|chr5,1137
CCDS34272.1|Hs110|chr5,1287
CCDS34273.2|Hs110|chr5,1083
CCDS34274.1|Hs110|chr5,2307
CCDS34275.1|Hs110|chr5,1710
CCDS34276.1|Hs110|chr5,483
CCDS34277.1|Hs110|chr5,2649
CCDS34278.1|Hs110|chr5,1263
CCDS34280.1|Hs110|chr5,1911
CCDS34283.1|Hs110|chr5,1785
CCDS34285.1|Hs110|chr5,678
CCDS34286.1|Hs110|chr5,684
CCDS34287.1|Hs110|chr5,3267
CCDS34288.1|Hs110|chr5,876
CCDS34289.1|Hs110|chr5,1629
CCDS34290.1|Hs110|chr5,2907
CCDS34291.1|Hs110|chr5,2736
CCDS34292.1|Hs110|chr5,873
CCDS34293.1|Hs110|chr5,1920
CCDS34296.1|Hs110|chr5,1338
CCDS34297.1|Hs110|chr5,3933
CCDS34298.1|Hs110|chr5,999
CCDS34299.1|Hs110|chr5,2529
CCDS34300.1|Hs110|chr5,612
CCDS34301.1|Hs110|chr5,414
CCDS34302.1|Hs110|chr5,1848
CCDS34303.1|Hs110|chr5,1731
CCDS34305.1|Hs110|chr5,933
CCDS34307.1|Hs110|chr5,1635
CCDS34308.1|Hs110|chr5,273
CCDS34309.1|Hs110|chr5,999
CCDS34310.1|Hs110|chr5,858
CCDS34311.1|Hs110|chr5,1701
CCDS34312.1|Hs110|chr5,1803
CCDS34315.1|Hs110|chr5,3051
CCDS34316.1|Hs110|chr5,453
CCDS34317.1|Hs110|chr5,1323
CCDS34318.1|Hs110|chr5,867
CCDS34319.1|Hs110|chr5,1032
CCDS34323.1|Hs110|chr5,936
CCDS34324.1|Hs110|chr5,954
CCDS34327.1|Hs110|chr6,2775
CCDS34330.1|Hs110|chr6,1167
CCDS34331.1|Hs110|chr6,1218
CCDS34333.1|Hs110|chr6,1092
CCDS34335.1|Hs110|chr6,5229
CCDS34336.1|Hs110|chr6,5064
CCDS34337.1|Hs110|chr6,1296
CCDS34338.1|Hs110|chr6,1209
CCDS34339.1|Hs110|chr6,1179
CCDS34340.1|Hs110|chr6,525
CCDS34342.1|Hs110|chr6,2448
CCDS34343.1|Hs110|chr6,1773
CCDS34344.1|Hs110|chr6,1128
CCDS34345.1|Hs110|chr6,912
CCDS34346.1|Hs110|chr6,1488
CCDS34347.1|Hs110|chr6,756
CCDS34348.1|Hs110|chr6,3219
CCDS34349.1|Hs110|chr6,624
CCDS34353.1|Hs110|chr6,1209
CCDS34355.1|Hs110|chr6,3978
CCDS34357.1|Hs110|chr6,2001
CCDS34358.1|Hs110|chr6,942
CCDS34362.1|Hs110|chr6,966
CCDS34363.1|Hs110|chr6,948
CCDS34364.1|Hs110|chr6,939
CCDS34365.1|Hs110|chr6,939
CCDS34366.1|Hs110|chr6,690
CCDS34367.1|Hs110|chr6,642
CCDS34368.1|Hs110|chr6,621
CCDS34369.1|Hs110|chr6,675
CCDS34370.1|Hs110|chr6,744
CCDS34373.1|Hs110|chr6,1098
CCDS34374.1|Hs110|chr6,1278
CCDS34375.1|Hs110|chr6,1446
CCDS34377.1|Hs110|chr6,1557
CCDS34378.1|Hs110|chr6,1467
CCDS34379.1|Hs110|chr6,1077
CCDS34380.1|Hs110|chr6,2538
CCDS34381.1|Hs110|chr6,2424
CCDS34384.1|Hs110|chr6,6270
CCDS34385.1|Hs110|chr6,2742
CCDS34386.1|Hs110|chr6,1389
CCDS34387.1|Hs110|chr6,3192
CCDS34388.1|Hs110|chr6,1701
CCDS34389.1|Hs110|chr6,1590
CCDS34390.1|Hs110|chr6,459
CCDS34391.1|Hs110|chr6,1083
CCDS34393.1|Hs110|chr6,1101
CCDS34394.1|Hs110|chr6,1089
CCDS34396.1|Hs110|chr6,360
CCDS34397.1|Hs110|chr6,606
CCDS34398.1|Hs110|chr6,282
CCDS34399.1|Hs110|chr6,885
CCDS34400.1|Hs110|chr6,606
CCDS34401.2|Hs110|chr6,453
CCDS34403.1|Hs110|chr6,894
CCDS34404.1|Hs110|chr6,402
CCDS34405.1|Hs110|chr6,594
CCDS34406.1|Hs110|chr6,714
CCDS34407.1|Hs110|chr6,669
CCDS34409.2|Hs110|chr6,2469
CCDS34410.1|Hs110|chr6,2508
CCDS34411.1|Hs110|chr6,537
CCDS34412.1|Hs110|chr6,3795
CCDS34413.1|Hs110|chr6,1926
CCDS34414.1|Hs110|chr6,1926
CCDS34415.1|Hs110|chr6,1926
CCDS34417.2|Hs110|chr6,765
CCDS34419.1|Hs110|chr6,483
CCDS34420.1|Hs110|chr6,6012
CCDS34422.1|Hs110|chr6,1692
CCDS34424.1|Hs110|chr6,1221
CCDS34425.1|Hs110|chr6,1137
CCDS34426.1|Hs110|chr6,1347
CCDS34427.2|Hs110|chr6,1086
CCDS34428.2|Hs110|chr6,1515
CCDS34430.1|Hs110|chr6,2022
CCDS34433.1|Hs110|chr6,540
CCDS34434.2|Hs110|chr6,4032
CCDS34435.1|Hs110|chr6,1233
CCDS34436.1|Hs110|chr6,480
CCDS34437.1|Hs110|chr6,3618
CCDS34438.1|Hs110|chr6,1314
CCDS34439.1|Hs110|chr6,1959
CCDS34440.1|Hs110|chr6,1392
CCDS34441.1|Hs110|chr6,294
CCDS34443.1|Hs110|chr6,2370
CCDS34444.1|Hs110|chr6,513
CCDS34445.1|Hs110|chr6,459
CCDS34446.1|Hs110|chr6,603
CCDS34447.1|Hs110|chr6,2043
CCDS34448.1|Hs110|chr6,2037
CCDS34449.1|Hs110|chr6,1155
CCDS34450.1|Hs110|chr6,1314
CCDS34451.1|Hs110|chr6,3240
CCDS34453.1|Hs110|chr6,780
CCDS34454.1|Hs110|chr6,918
CCDS34455.1|Hs110|chr6,3966
CCDS34456.1|Hs110|chr6,951
CCDS34457.1|Hs110|chr6,1239
CCDS34458.1|Hs110|chr6,1116
CCDS34460.1|Hs110|chr6,438
CCDS34461.1|Hs110|chr6,2499
CCDS34462.1|Hs110|chr6,1299
CCDS34463.2|Hs110|chr6,1086
CCDS34464.1|Hs110|chr6,2958
CCDS34465.1|Hs110|chr6,954
CCDS34466.1|Hs110|chr6,987
CCDS34468.1|Hs110|chr6,1362
CCDS34470.1|Hs110|chr6,6291
CCDS34471.1|Hs110|chr6,2733
CCDS34472.1|Hs110|chr6,1920
CCDS34474.1|Hs110|chr6,210
CCDS34475.1|Hs110|chr6,204
CCDS34476.2|Hs110|chr6,285
CCDS34477.1|Hs110|chr6,1113
CCDS34478.1|Hs110|chr6,1905
CCDS34479.1|Hs110|chr6,3036
CCDS34480.1|Hs110|chr6,2364
CCDS34481.1|Hs110|chr6,3909
CCDS34482.1|Hs110|chr6,1356
CCDS34483.1|Hs110|chr6,351
CCDS34484.1|Hs110|chr6,654
CCDS34485.1|Hs110|chr6,2079
CCDS34486.3|Hs110|chr6,252
CCDS34487.1|Hs110|chr6,3858
CCDS34488.1|Hs110|chr6,783
CCDS34489.1|Hs110|chr6,1329
CCDS34490.1|Hs110|chr6,4062
CCDS34491.1|Hs110|chr6,1170
CCDS34492.1|Hs110|chr6,1719
CCDS34493.1|Hs110|chr6,387
CCDS34494.2|Hs110|chr6,4212
CCDS34495.1|Hs110|chr6,1824
CCDS34496.1|Hs110|chr6,294
CCDS34498.1|Hs110|chr6,1869
CCDS34499.1|Hs110|chr6,1311
CCDS34500.1|Hs110|chr6,1230
CCDS34501.1|Hs110|chr6,2445
CCDS34502.1|Hs110|chr6,852
CCDS34504.1|Hs110|chr6,753
CCDS34505.1|Hs110|chr6,2076
CCDS34507.1|Hs110|chr6,2487
CCDS34509.1|Hs110|chr6,2094
CCDS34513.1|Hs110|chr6,243
CCDS34514.1|Hs110|chr6,5451
CCDS34515.1|Hs110|chr6,792
CCDS34517.1|Hs110|chr6,1041
CCDS34518.1|Hs110|chr6,1314
CCDS34519.1|Hs110|chr6,948
CCDS34520.1|Hs110|chr6,732
CCDS34521.1|Hs110|chr6,2151
CCDS34522.1|Hs110|chr6,1620
CCDS34523.1|Hs110|chr6,1365
CCDS34524.1|Hs110|chr6,1227
CCDS34525.1|Hs110|chr6,984
CCDS34526.1|Hs110|chr6,627
CCDS34527.1|Hs110|chr6,435
CCDS34528.1|Hs110|chr6,396
CCDS34529.1|Hs110|chr6,267
CCDS34530.1|Hs110|chr6,438
CCDS34531.1|Hs110|chr6,2085
CCDS34533.1|Hs110|chr6,993
CCDS34534.1|Hs110|chr6,1926
CCDS34535.1|Hs110|chr6,1992
CCDS34536.1|Hs110|chr6,387
CCDS34537.1|Hs110|chr6,2343
CCDS34538.1|Hs110|chr6,2268
CCDS34539.1|Hs110|chr6,1563
CCDS34541.1|Hs110|chr6,1056
CCDS34544.1|Hs110|chr6,1251
CCDS34545.1|Hs110|chr6,2055
CCDS34547.1|Hs110|chr6,10302
CCDS34548.1|Hs110|chr6,522
CCDS34549.1|Hs110|chr6,288
CCDS34550.1|Hs110|chr6,1479
CCDS34551.1|Hs110|chr6,3393
CCDS34552.1|Hs110|chr6,4158
CCDS34558.1|Hs110|chr6,5106
CCDS34559.1|Hs110|chr6,1881
CCDS34561.1|Hs110|chr6,4632
CCDS34562.1|Hs110|chr6,2037
CCDS34563.1|Hs110|chr6,1629
CCDS34564.1|Hs110|chr6,552
CCDS34565.1|Hs110|chr6,4827
CCDS34566.1|Hs110|chr6,4677
CCDS34570.1|Hs110|chr6,2226
CCDS34574.1|Hs110|chr6,3519
CCDS34575.1|Hs110|chr6,576
CCDS34576.1|Hs110|chr6,2037
CCDS34577.1|Hs110|chr6,726
CCDS34578.1|Hs110|chr7,636
CCDS34579.1|Hs110|chr7,1146
CCDS34580.1|Hs110|chr7,2568
CCDS34582.1|Hs110|chr7,273
CCDS34583.1|Hs110|chr7,1596
CCDS34586.1|Hs110|chr7,1086
CCDS34587.1|Hs110|chr7,1140
CCDS34588.1|Hs110|chr7,1572
CCDS34589.1|Hs110|chr7,1497
CCDS34590.1|Hs110|chr7,6642
CCDS34591.1|Hs110|chr7,2202
CCDS34593.1|Hs110|chr7,1311
CCDS34594.1|Hs110|chr7,2772
CCDS34595.1|Hs110|chr7,2601
CCDS34597.1|Hs110|chr7,1449
CCDS34598.1|Hs110|chr7,2613
CCDS34599.1|Hs110|chr7,780
CCDS34601.1|Hs110|chr7,1644
CCDS34602.1|Hs110|chr7,1452
CCDS34604.1|Hs110|chr7,1338
CCDS34605.1|Hs110|chr7,915
CCDS34606.1|Hs110|chr7,1017
CCDS34607.2|Hs110|chr7,519
CCDS34609.1|Hs110|chr7,1761
CCDS34610.1|Hs110|chr7,1719
CCDS34613.1|Hs110|chr7,1947
CCDS34614.1|Hs110|chr7,1872
CCDS34616.2|Hs110|chr7,996
CCDS34617.1|Hs110|chr7,894
CCDS34618.1|Hs110|chr7,2649
CCDS34619.1|Hs110|chr7,1710
CCDS34622.1|Hs110|chr7,1296
CCDS34623.1|Hs110|chr7,1293
CCDS34624.1|Hs110|chr7,762
CCDS34625.1|Hs110|chr7,1485
CCDS34627.1|Hs110|chr7,3072
CCDS34629.1|Hs110|chr7,3057
CCDS34630.1|Hs110|chr7,1398
CCDS34631.1|Hs110|chr7,3360
CCDS34632.1|Hs110|chr7,894
CCDS34633.1|Hs110|chr7,8550
CCDS34635.1|Hs110|chr7,843
CCDS34636.1|Hs110|chr7,1074
CCDS34637.1|Hs110|chr7,3786
CCDS34639.2|Hs110|chr7,1332
CCDS34640.1|Hs110|chr7,1461
CCDS34644.1|Hs110|chr7,1593
CCDS34645.2|Hs110|chr7,882
CCDS34646.1|Hs110|chr7,1761
CCDS34654.1|Hs110|chr7,1464
CCDS34655.1|Hs110|chr7,867
CCDS34657.1|Hs110|chr7,1173
CCDS34659.1|Hs110|chr7,2850
CCDS34665.1|Hs110|chr7,753
CCDS34669.1|Hs110|chr7,3114
CCDS34670.1|Hs110|chr7,360
CCDS34671.1|Hs110|chr7,2868
CCDS34672.2|Hs110|chr7,2565
CCDS34673.1|Hs110|chr7,1419
CCDS34674.1|Hs110|chr7,2328
CCDS34676.1|Hs110|chr7,2334
CCDS34677.2|Hs110|chr7,2589
CCDS34678.1|Hs110|chr7,762
CCDS34679.1|Hs110|chr7,2067
CCDS34680.1|Hs110|chr7,4770
CCDS34681.1|Hs110|chr7,4755
CCDS34682.1|Hs110|chr7,4101
CCDS34683.1|Hs110|chr7,3297
CCDS34687.1|Hs110|chr7,1536
CCDS34689.1|Hs110|chr7,2196
CCDS34690.1|Hs110|chr7,2274
CCDS34691.1|Hs110|chr7,2103
CCDS34692.1|Hs110|chr7,168
CCDS34693.1|Hs110|chr7,1278
CCDS34694.1|Hs110|chr7,189
CCDS34695.1|Hs110|chr7,333
CCDS34696.1|Hs110|chr7,972
CCDS34697.1|Hs110|chr7,840
CCDS34698.1|Hs110|chr7,1692
CCDS34701.1|Hs110|chr7,747
CCDS34702.1|Hs110|chr7,300
CCDS34703.1|Hs110|chr7,3678
CCDS34706.1|Hs110|chr7,2052
CCDS34707.1|Hs110|chr7,2406
CCDS34708.1|Hs110|chr7,3108
CCDS34709.1|Hs110|chr7,2631
CCDS34710.1|Hs110|chr7,429
CCDS34711.1|Hs110|chr7,13482
CCDS34713.1|Hs110|chr7,681
CCDS34714.1|Hs110|chr7,555
CCDS34715.1|Hs110|chr7,1944
CCDS34716.2|Hs110|chr7,1209
CCDS34721.1|Hs110|chr7,1326
CCDS34722.1|Hs110|chr7,10377
CCDS34723.1|Hs110|chr7,5577
CCDS34724.1|Hs110|chr7,2100
CCDS34725.1|Hs110|chr7,1986
CCDS34726.1|Hs110|chr7,2379
CCDS34727.1|Hs110|chr7,441
CCDS34730.1|Hs110|chr7,1047
CCDS34731.1|Hs110|chr7,726
CCDS34732.1|Hs110|chr7,5286
CCDS34733.1|Hs110|chr7,2349
CCDS34734.2|Hs110|chr7,1062
CCDS34736.1|Hs110|chr7,1356
CCDS34738.1|Hs110|chr7,957
CCDS34739.1|Hs110|chr7,3081
CCDS34740.1|Hs110|chr7,6948
CCDS34741.2|Hs110|chr7,1428
CCDS34742.1|Hs110|chr7,1767
CCDS34743.1|Hs110|chr7,1518
CCDS34745.1|Hs110|chr7,543
CCDS34746.1|Hs110|chr7,1497
CCDS34747.1|Hs110|chr7,2733
CCDS34748.1|Hs110|chr7,1692
CCDS34749.1|Hs110|chr7,1800
CCDS34752.1|Hs110|chr7,2505
CCDS34753.1|Hs110|chr7,1509
CCDS34754.1|Hs110|chr7,2208
CCDS34755.1|Hs110|chr7,1677
CCDS34756.1|Hs110|chr7,996
CCDS34758.1|Hs110|chr7,2244
CCDS34759.1|Hs110|chr7,6039
CCDS34760.1|Hs110|chr7,1563
CCDS34762.2|Hs110|chr7,654
CCDS34764.1|Hs110|chr7,708
CCDS34765.1|Hs110|chr7,1002
CCDS34766.1|Hs110|chr7,2199
CCDS34767.1|Hs110|chr7,933
CCDS34768.1|Hs110|chr7,441
CCDS34769.1|Hs110|chr7,2538
CCDS34770.1|Hs110|chr7,1455
CCDS34771.1|Hs110|chr7,4794
CCDS34772.1|Hs110|chr7,2331
CCDS34773.1|Hs110|chr7,2259
CCDS34777.1|Hs110|chr7,1998
CCDS34778.1|Hs110|chr7,879
CCDS34779.1|Hs110|chr7,2319
CCDS34780.1|Hs110|chr7,1452
CCDS34782.1|Hs110|chr7,1047
CCDS34787.1|Hs110|chr7,2583
CCDS34788.1|Hs110|chr7,1206
CCDS34789.1|Hs110|chr7,3252
CCDS34791.2|Hs110|chr7,2538
CCDS34792.1|Hs110|chr8,939
CCDS34794.1|Hs110|chr8,4035
CCDS34795.1|Hs110|chr8,1872
CCDS34796.1|Hs110|chr8,1095
CCDS34797.1|Hs110|chr8,285
CCDS34810.1|Hs110|chr8,204
CCDS34812.1|Hs110|chr8,219
CCDS34813.1|Hs110|chr8,198
CCDS34814.1|Hs110|chr8,237
CCDS34832.1|Hs110|chr8,237
CCDS34833.1|Hs110|chr8,198
CCDS34834.1|Hs110|chr8,219
CCDS34844.1|Hs110|chr8,3159
CCDS34847.1|Hs110|chr8,201
CCDS34851.1|Hs110|chr8,1983
CCDS34852.1|Hs110|chr8,1977
CCDS34854.1|Hs110|chr8,1542
CCDS34856.1|Hs110|chr8,2193
CCDS34858.1|Hs110|chr8,1197
CCDS34859.1|Hs110|chr8,1539
CCDS34860.1|Hs110|chr8,1101
CCDS34861.1|Hs110|chr8,837
CCDS34862.1|Hs110|chr8,1098
CCDS34863.1|Hs110|chr8,2772
CCDS34864.1|Hs110|chr8,2325
CCDS34865.1|Hs110|chr8,2328
CCDS34867.1|Hs110|chr8,1344
CCDS34868.1|Hs110|chr8,1095
CCDS34869.1|Hs110|chr8,1428
CCDS34870.1|Hs110|chr8,1401
CCDS34871.1|Hs110|chr8,1821
CCDS34872.1|Hs110|chr8,1806
CCDS34873.1|Hs110|chr8,1977
CCDS34875.1|Hs110|chr8,615
CCDS34876.1|Hs110|chr8,660
CCDS34877.1|Hs110|chr8,1569
CCDS34878.1|Hs110|chr8,969
CCDS34879.1|Hs110|chr8,459
CCDS34881.1|Hs110|chr8,1950
CCDS34882.1|Hs110|chr8,3852
CCDS34883.1|Hs110|chr8,2136
CCDS34884.1|Hs110|chr8,2208
CCDS34885.1|Hs110|chr8,690
CCDS34886.1|Hs110|chr8,945
CCDS34887.1|Hs110|chr8,414
CCDS34892.1|Hs110|chr8,4785
CCDS34893.1|Hs110|chr8,1953
CCDS34894.1|Hs110|chr8,2562
CCDS34895.1|Hs110|chr8,333
CCDS34896.1|Hs110|chr8,258
CCDS34897.1|Hs110|chr8,1581
CCDS34898.1|Hs110|chr8,2277
CCDS34899.1|Hs110|chr8,633
CCDS34900.1|Hs110|chr8,678
CCDS34901.1|Hs110|chr8,1371
CCDS34902.1|Hs110|chr8,687
CCDS34905.1|Hs110|chr8,1122
CCDS34906.1|Hs110|chr8,1779
CCDS34907.2|Hs110|chr8,1761
CCDS34908.1|Hs110|chr8,3360
CCDS34910.1|Hs110|chr8,339
CCDS34911.1|Hs110|chr8,1077
CCDS34912.1|Hs110|chr8,675
CCDS34913.1|Hs110|chr8,1239
CCDS34915.1|Hs110|chr8,1317
CCDS34917.1|Hs110|chr8,1413
CCDS34918.1|Hs110|chr8,945
CCDS34920.2|Hs110|chr8,1143
CCDS34923.1|Hs110|chr8,5439
CCDS34924.1|Hs110|chr8,2172
CCDS34925.1|Hs110|chr8,2988
CCDS34926.1|Hs110|chr8,1368
CCDS34927.1|Hs110|chr8,1254
CCDS34928.1|Hs110|chr8,348
CCDS34929.1|Hs110|chr8,1125
CCDS34930.1|Hs110|chr8,2781
CCDS34931.1|Hs110|chr8,1878
CCDS34932.1|Hs110|chr8,1056
CCDS34933.1|Hs110|chr8,8400
CCDS34934.2|Hs110|chr8,1338
CCDS34935.1|Hs110|chr8,468
CCDS34936.1|Hs110|chr8,2592
CCDS34937.1|Hs110|chr8,3600
CCDS34938.1|Hs110|chr8,5391
CCDS34939.1|Hs110|chr8,1074
CCDS34942.2|Hs110|chr8,2466
CCDS34943.1|Hs110|chr8,2619
CCDS34944.1|Hs110|chr8,8307
CCDS34945.1|Hs110|chr8,1185
CCDS34948.1|Hs110|chr8,2397
CCDS34949.1|Hs110|chr8,1077
CCDS34950.1|Hs110|chr8,1191
CCDS34952.1|Hs110|chr8,294
CCDS34953.1|Hs110|chr8,1314
CCDS34954.1|Hs110|chr8,555
CCDS34955.1|Hs110|chr8,1062
CCDS34956.1|Hs110|chr8,1455
CCDS34957.1|Hs110|chr8,1611
CCDS34959.2|Hs110|chr8,1506
CCDS34960.1|Hs110|chr8,3078
CCDS34961.1|Hs110|chr8,1116
CCDS34965.2|Hs110|chr8,1743
CCDS34966.1|Hs110|chr8,4332
CCDS34967.1|Hs110|chr8,702
CCDS34968.2|Hs110|chr8,4137
CCDS34969.1|Hs110|chr8,1542
CCDS34970.1|Hs110|chr8,651
CCDS34971.1|Hs110|chr8,3345
CCDS34972.1|Hs110|chr8,1683
CCDS34974.1|Hs110|chr8,690
CCDS34975.1|Hs110|chr9,1320
CCDS34976.1|Hs110|chr9,4059
CCDS34977.1|Hs110|chr9,4773
CCDS34978.1|Hs110|chr9,4719
CCDS34979.1|Hs110|chr9,2538
CCDS34981.1|Hs110|chr9,888
CCDS34982.2|Hs110|chr9,4272
CCDS34983.1|Hs110|chr9,2715
CCDS34984.1|Hs110|chr9,411
CCDS34985.1|Hs110|chr9,399
CCDS34986.1|Hs110|chr9,423
CCDS34987.1|Hs110|chr9,3063
CCDS34989.1|Hs110|chr9,339
CCDS34990.1|Hs110|chr9,1614
CCDS34992.1|Hs110|chr9,828
CCDS34993.1|Hs110|chr9,5406
CCDS34995.1|Hs110|chr9,570
CCDS34996.1|Hs110|chr9,570
CCDS34997.1|Hs110|chr9,627
CCDS34999.2|Hs110|chr9,630
CCDS35000.1|Hs110|chr9,2388
CCDS35001.1|Hs110|chr9,885
CCDS35003.1|Hs110|chr9,5481
CCDS35004.1|Hs110|chr9,1038
CCDS35006.1|Hs110|chr9,1239
CCDS35007.1|Hs110|chr9,1047
CCDS35008.1|Hs110|chr9,4551
CCDS35009.1|Hs110|chr9,7626
CCDS35011.1|Hs110|chr9,939
CCDS35012.1|Hs110|chr9,348
CCDS35016.1|Hs110|chr9,828
CCDS35017.1|Hs110|chr9,837
CCDS35038.2|Hs110|chr9,1188
CCDS35040.1|Hs110|chr9,513
CCDS35041.1|Hs110|chr9,690
CCDS35042.1|Hs110|chr9,882
CCDS35043.1|Hs110|chr9,867
CCDS35044.2|Hs110|chr9,468
CCDS35045.1|Hs110|chr9,1299
CCDS35048.2|Hs110|chr9,564
CCDS35049.1|Hs110|chr9,1101
CCDS35050.1|Hs110|chr9,2469
CCDS35051.1|Hs110|chr9,1662
CCDS35052.1|Hs110|chr9,1614
CCDS35053.1|Hs110|chr9,1434
CCDS35054.1|Hs110|chr9,1206
CCDS35055.2|Hs110|chr9,288
CCDS35056.1|Hs110|chr9,390
CCDS35057.1|Hs110|chr9,4488
CCDS35060.1|Hs110|chr9,1041
CCDS35063.1|Hs110|chr9,867
CCDS35064.1|Hs110|chr9,2568
CCDS35066.1|Hs110|chr9,2559
CCDS35067.1|Hs110|chr9,2451
CCDS35069.1|Hs110|chr9,3291
CCDS35070.2|Hs110|chr9,765
CCDS35071.1|Hs110|chr9,1677
CCDS35072.2|Hs110|chr9,2106
CCDS35073.1|Hs110|chr9,681
CCDS35074.1|Hs110|chr9,2052
CCDS35075.1|Hs110|chr9,2100
CCDS35077.3|Hs110|chr9,4974
CCDS35078.1|Hs110|chr9,1122
CCDS35080.1|Hs110|chr9,2754
CCDS35081.1|Hs110|chr9,4167
CCDS35082.1|Hs110|chr9,1221
CCDS35083.1|Hs110|chr9,1095
CCDS35084.1|Hs110|chr9,2928
CCDS35085.1|Hs110|chr9,1047
CCDS35086.1|Hs110|chr9,3594
CCDS35087.1|Hs110|chr9,960
CCDS35088.1|Hs110|chr9,957
CCDS35089.2|Hs110|chr9,954
CCDS35090.1|Hs110|chr9,963
CCDS35091.1|Hs110|chr9,957
CCDS35092.1|Hs110|chr9,957
CCDS35093.1|Hs110|chr9,957
CCDS35094.2|Hs110|chr9,945
CCDS35096.1|Hs110|chr9,7521
CCDS35098.2|Hs110|chr9,882
CCDS35099.1|Hs110|chr9,1140
CCDS35100.1|Hs110|chr9,3312
CCDS35101.1|Hs110|chr9,3273
CCDS35102.2|Hs110|chr9,720
CCDS35103.1|Hs110|chr9,318
CCDS35104.1|Hs110|chr9,348
CCDS35105.1|Hs110|chr9,771
CCDS35106.1|Hs110|chr9,2235
CCDS35107.1|Hs110|chr9,207
CCDS35108.1|Hs110|chr9,2151
CCDS35110.1|Hs110|chr9,1104
CCDS35113.1|Hs110|chr9,1809
CCDS35114.2|Hs110|chr9,579
CCDS35116.1|Hs110|chr9,1743
CCDS35117.1|Hs110|chr9,624
CCDS35118.1|Hs110|chr9,6978
CCDS35120.1|Hs110|chr9,969
CCDS35121.1|Hs110|chr9,942
CCDS35122.1|Hs110|chr9,942
CCDS35123.2|Hs110|chr9,951
CCDS35124.1|Hs110|chr9,930
CCDS35125.1|Hs110|chr9,945
CCDS35127.2|Hs110|chr9,933
CCDS35128.1|Hs110|chr9,975
CCDS35129.1|Hs110|chr9,936
CCDS35130.2|Hs110|chr9,936
CCDS35131.1|Hs110|chr9,963
CCDS35132.1|Hs110|chr9,951
CCDS35133.1|Hs110|chr9,3030
CCDS35134.1|Hs110|chr9,1680
CCDS35137.1|Hs110|chr9,1443
CCDS35138.1|Hs110|chr9,4464
CCDS35139.1|Hs110|chr9,1428
CCDS35140.1|Hs110|chr9,1569
CCDS35141.1|Hs110|chr9,993
CCDS35142.1|Hs110|chr9,960
CCDS35143.1|Hs110|chr9,1674
CCDS35144.1|Hs110|chr9,2202
CCDS35145.1|Hs110|chr9,2241
CCDS35146.1|Hs110|chr9,1785
CCDS35147.1|Hs110|chr9,645
CCDS35148.1|Hs110|chr9,1764
CCDS35149.1|Hs110|chr9,1614
CCDS35150.1|Hs110|chr9,1155
CCDS35151.1|Hs110|chr9,1512
CCDS35154.1|Hs110|chr9,2097
CCDS35155.1|Hs110|chr9,2433
CCDS35156.1|Hs110|chr9,5250
CCDS35159.1|Hs110|chr9,1296
CCDS35160.1|Hs110|chr9,672
CCDS35162.1|Hs110|chr9,1659
CCDS35165.1|Hs110|chr9,3450
CCDS35166.1|Hs110|chr9,3393
CCDS35169.1|Hs110|chr9,2043
CCDS35170.1|Hs110|chr9,666
CCDS35171.1|Hs110|chr9,501
CCDS35172.1|Hs110|chr9,1389
CCDS35173.1|Hs110|chr9,543
CCDS35174.1|Hs110|chr9,987
CCDS35175.2|Hs110|chr9,3708
CCDS35176.2|Hs110|chr9,4809
CCDS35177.1|Hs110|chr9,1218
CCDS35178.1|Hs110|chr9,2097
CCDS35179.1|Hs110|chr9,537
CCDS35180.1|Hs110|chr9,1578
CCDS35181.1|Hs110|chr9,741
CCDS35182.2|Hs110|chr9,603
CCDS35183.1|Hs110|chr9,459
CCDS35184.1|Hs110|chr9,1005
CCDS35185.1|Hs110|chr9,411
CCDS35186.1|Hs110|chr9,954
CCDS35188.1|Hs110|chr9,345
CCDS35190.1|Hs110|chrX,1134
CCDS35190.1|Hs110|chrY,1134
CCDS35191.1|Hs110|chrX,1203
CCDS35191.1|Hs110|chrY,1203
CCDS35192.1|Hs110|chrX,1002
CCDS35192.1|Hs110|chrY,1002
CCDS35193.1|Hs110|chrX,702
CCDS35193.1|Hs110|chrY,702
CCDS35195.1|Hs110|chrX,993
CCDS35195.1|Hs110|chrY,993
CCDS35196.1|Hs110|chrX,1782
CCDS35198.1|Hs110|chrX,1689
CCDS35199.1|Hs110|chrX,561
CCDS35200.1|Hs110|chrX,420
CCDS35201.1|Hs110|chrX,3969
CCDS35202.1|Hs110|chrX,135
CCDS35203.1|Hs110|chrX,501
CCDS35206.1|Hs110|chrX,987
CCDS35207.1|Hs110|chrX,918
CCDS35208.1|Hs110|chrX,885
CCDS35209.1|Hs110|chrX,909
CCDS35210.1|Hs110|chrX,990
CCDS35211.1|Hs110|chrX,627
CCDS35212.2|Hs110|chrX,3942
CCDS35213.1|Hs110|chrX,1887
CCDS35214.1|Hs110|chrX,1896
CCDS35215.2|Hs110|chrX,2667
CCDS35216.1|Hs110|chrX,1320
CCDS35217.1|Hs110|chrX,1815
CCDS35221.1|Hs110|chrX,1044
CCDS35222.1|Hs110|chrX,1803
CCDS35224.1|Hs110|chrX,1575
CCDS35227.1|Hs110|chrX,3108
CCDS35229.1|Hs110|chrX,3459
CCDS35232.1|Hs110|chrX,1821
CCDS35233.1|Hs110|chrX,2010
CCDS35235.1|Hs110|chrX,1863
CCDS35236.1|Hs110|chrX,1920
CCDS35237.2|Hs110|chrX,1974
CCDS35238.1|Hs110|chrX,480
CCDS35240.1|Hs110|chrX,567
CCDS35241.1|Hs110|chrX,567
CCDS35242.1|Hs110|chrX,2067
CCDS35246.1|Hs110|chrX,702
CCDS35247.1|Hs110|chrX,729
CCDS35248.1|Hs110|chrX,2526
CCDS35250.1|Hs110|chrX,1083
CCDS35251.1|Hs110|chrX,1431
CCDS35253.1|Hs110|chrX,5934
CCDS35254.1|Hs110|chrX,2400
CCDS35274.1|Hs110|chrX,309
CCDS35277.1|Hs110|chrX,4482
CCDS35278.1|Hs110|chrX,495
CCDS35279.1|Hs110|chrX,2505
CCDS35281.1|Hs110|chrX,2220
CCDS35295.1|Hs110|chrX,219
CCDS35297.1|Hs110|chrX,642
CCDS35298.1|Hs110|chrX,2850
CCDS35299.1|Hs110|chrX,1140
CCDS35300.1|Hs110|chrX,759
CCDS35301.1|Hs110|chrX,13125
CCDS35302.1|Hs110|chrX,5232
CCDS35303.1|Hs110|chrX,1653
CCDS35304.1|Hs110|chrX,336
CCDS35305.2|Hs110|chrX,348
CCDS35306.1|Hs110|chrX,333
CCDS35307.1|Hs110|chrX,342
CCDS35308.1|Hs110|chrX,936
CCDS35311.1|Hs110|chrX,777
CCDS35312.1|Hs110|chrX,777
CCDS35313.1|Hs110|chrX,2412
CCDS35315.1|Hs110|chrX,1551
CCDS35316.1|Hs110|chrX,1767
CCDS35317.1|Hs110|chrX,1419
CCDS35318.2|Hs110|chrX,408
CCDS35319.2|Hs110|chrX,1161
CCDS35320.1|Hs110|chrX,1002
CCDS35321.1|Hs110|chrX,987
CCDS35322.2|Hs110|chrX,666
CCDS35323.1|Hs110|chrX,2823
CCDS35324.1|Hs110|chrX,552
CCDS35325.2|Hs110|chrX,5559
CCDS35326.1|Hs110|chrX,2076
CCDS35329.1|Hs110|chrX,3753
CCDS35333.2|Hs110|chrX,579
CCDS35334.1|Hs110|chrX,603
CCDS35335.2|Hs110|chrX,675
CCDS35337.1|Hs110|chrX,4551
CCDS35338.1|Hs110|chrX,765
CCDS35339.1|Hs110|chrX,4503
CCDS35340.1|Hs110|chrX,756
CCDS35341.1|Hs110|chrX,1956
CCDS35342.1|Hs110|chrX,2073
CCDS35343.2|Hs110|chrX,1899
CCDS35344.1|Hs110|chrX,2286
CCDS35345.1|Hs110|chrX,786
CCDS35347.1|Hs110|chrX,1389
CCDS35348.1|Hs110|chrX,1917
CCDS35350.1|Hs110|chrX,336
CCDS35352.1|Hs110|chrX,4188
CCDS35353.1|Hs110|chrX,837
CCDS35354.1|Hs110|chrX,378
CCDS35355.1|Hs110|chrX,363
CCDS35356.1|Hs110|chrX,621
CCDS35357.1|Hs110|chrX,834
CCDS35358.1|Hs110|chrX,480
CCDS35359.1|Hs110|chrX,507
CCDS35362.2|Hs110|chrX,444
CCDS35363.1|Hs110|chrX,924
CCDS35364.1|Hs110|chrX,1167
CCDS35365.1|Hs110|chrX,234
CCDS35366.1|Hs110|chrX,5076
CCDS35368.1|Hs110|chrX,891
CCDS35369.1|Hs110|chrX,933
CCDS35372.1|Hs110|chrX,342
CCDS35373.1|Hs110|chrX,6222
CCDS35374.1|Hs110|chrX,2280
CCDS35376.1|Hs110|chrX,414
CCDS35377.1|Hs110|chrX,270
CCDS35379.1|Hs110|chrX,2742
CCDS35381.1|Hs110|chrX,867
CCDS35382.1|Hs110|chrX,867
CCDS35383.1|Hs110|chrX,867
CCDS35384.1|Hs110|chrX,867
CCDS35385.1|Hs110|chrX,867
CCDS35386.1|Hs110|chrX,867
CCDS35387.1|Hs110|chrX,867
CCDS35388.1|Hs110|chrX,867
CCDS35389.1|Hs110|chrX,867
CCDS35390.1|Hs110|chrX,867
CCDS35391.1|Hs110|chrX,867
CCDS35393.1|Hs110|chrX,2706
CCDS35394.1|Hs110|chrX,2682
CCDS35395.1|Hs110|chrX,1095
CCDS35396.1|Hs110|chrX,927
CCDS35397.1|Hs110|chrX,2145
CCDS35400.1|Hs110|chrX,795
CCDS35401.1|Hs110|chrX,2586
CCDS35406.1|Hs110|chrX,570
CCDS35407.1|Hs110|chrX,570
CCDS35409.1|Hs110|chrX,9243
CCDS35410.1|Hs110|chrX,3360
CCDS35411.1|Hs110|chrX,1086
CCDS35417.1|Hs110|chrX,3429
CCDS35418.1|Hs110|chrX,426
CCDS35419.1|Hs110|chrX,543
CCDS35421.1|Hs110|chrX,219
CCDS35423.1|Hs110|chrX,948
CCDS35426.1|Hs110|chrX,477
CCDS35427.1|Hs110|chrX,789
CCDS35428.1|Hs110|chrX,603
CCDS35430.1|Hs110|chrX,306
CCDS35431.1|Hs110|chrX,2322
CCDS35435.2|Hs110|chrX,1392
CCDS35437.1|Hs110|chrX,711
CCDS35438.2|Hs110|chrX,1077
CCDS35440.1|Hs110|chrX,3663
CCDS35441.1|Hs110|chrX,1704
CCDS35443.1|Hs110|chrX,1902
CCDS35444.1|Hs110|chrX,2049
CCDS35447.1|Hs110|chrX,1095
CCDS35448.1|Hs110|chrX,1791
CCDS35450.1|Hs110|chrX,747
CCDS35451.1|Hs110|chrX,1413
CCDS35452.1|Hs110|chrX,1344
CCDS35453.1|Hs110|chrX,693
CCDS35455.1|Hs110|chrX,543
CCDS35457.1|Hs110|chrX,7056
CCDS35458.1|Hs110|chrX,348
CCDS35459.1|Hs110|chrX,1116
CCDS35461.1|Hs110|chrX,348
CCDS35462.1|Hs110|chrX,1116
CCDS35463.1|Hs110|chrX,1116
CCDS35464.1|Hs110|chrX,348
CCDS35465.1|Hs110|chrY,927
CCDS35473.1|Hs110|chrY,1626
CCDS35475.1|Hs110|chrY,1206
CCDS35476.1|Hs110|chrY,612
CCDS35479.1|Hs110|chrY,1491
CCDS35480.1|Hs110|chrY,1491
CCDS35481.1|Hs110|chrY,1491
CCDS35482.1|Hs110|chrY,444
CCDS35483.1|Hs110|chrY,1491
CCDS35484.1|Hs110|chrY,1491
CCDS35486.1|Hs110|chrY,1665
CCDS35487.1|Hs110|chrY,1623
CCDS35489.1|Hs110|chrY,1317
CCDS35491.1|Hs110|chr3,3456
CCDS35492.1|Hs110|chr3,363
CCDS35493.1|Hs110|chr4,1944
CCDS35495.1|Hs110|chr6,1080
CCDS35496.1|Hs110|chr6,1392
CCDS35497.1|Hs110|chr7,279
CCDS35498.14,2784
CCDS35499.19,645
CCDS35500.29,1269
CCDS35501.1|Hs110|chr20,375
CCDS35502.1|Hs110|chrX,3111
CCDS35503.2|Hs110|chrX,1281
CCDS41221.1,939
CCDS41224.3,2868
CCDS41229.1,1230
CCDS41232.1,591
CCDS41233.1,501
CCDS41236.2,3831
CCDS41237.1,4626
CCDS41238.1,561
CCDS41241.2,3132
CCDS41243.1,3039
CCDS41245.1,3909
CCDS41246.1,5280
CCDS41247.1,4179
CCDS41248.1,444
CCDS41253.2,1224
CCDS41254.1,1452
CCDS41255.1,1425
CCDS41258.2,1440
CCDS41263.1,1440
CCDS41264.1,1425
CCDS41265.1,1428
CCDS41266.1,711
CCDS41267.1,1266
CCDS41268.1,984
CCDS41269.1,2061
CCDS41270.1,843
CCDS41277.1,819
CCDS41278.1,651
CCDS41279.1,1197
CCDS41280.1,1020
CCDS41281.1,4314
CCDS41282.1,1773
CCDS41283.1,1671
CCDS41284.1,879
CCDS41285.1,816
CCDS41286.1,1464
CCDS41287.1,1203
CCDS41288.1,1563
CCDS41289.1,684
CCDS41290.1,1932
CCDS41292.1,762
CCDS41293.1,2109
CCDS41294.1,2139
CCDS41295.1,1359
CCDS41296.1,1740
CCDS41297.1,4815
CCDS41298.1,3285
CCDS41300.1,3132
CCDS41302.1,3429
CCDS41304.1,792
CCDS41305.1,3027
CCDS41306.1,2742
CCDS41309.1,1428
CCDS41311.1,936
CCDS41312.1,417
CCDS41314.1,786
CCDS41315.1,477
CCDS41316.1,1959
CCDS41317.1,2121
CCDS41318.1,2586
CCDS41319.1,3558
CCDS41321.1,1569
CCDS41322.1,1566
CCDS41323.1,1716
CCDS41324.1,849
CCDS41325.1,744
CCDS41326.1,5397
CCDS41327.2,852
CCDS41328.1,1539
CCDS41329.1,3867
CCDS41332.3,2211
CCDS41333.2,2160
CCDS41334.1,1677
CCDS41335.1,3456
CCDS41336.1,573
CCDS41338.1,969
CCDS41339.1,750
CCDS41340.1,486
CCDS41341.1,435
CCDS41342.2,3972
CCDS41343.1,2487
CCDS41344.1,1182
CCDS41345.1,2037
CCDS41346.1,3465
CCDS41347.1,1302
CCDS41348.1,1539
CCDS41350.1,1875
CCDS41351.1,2028
CCDS41352.1,2073
CCDS41353.1,5145
CCDS41354.2,1911
CCDS41355.1,2760
CCDS41356.2,3900
CCDS41357.1,804
CCDS41358.1,858
CCDS41359.1,855
CCDS41360.2,1128
CCDS41361.1,1434
CCDS41362.1,1656
CCDS41364.1,474
CCDS41365.1,819
CCDS41366.1,702
CCDS41367.1,936
CCDS41368.1,1431
CCDS41369.1,801
CCDS41370.1,2511
CCDS41371.1,636
CCDS41375.2,495
CCDS41381.2,2598
CCDS41388.1,411
CCDS41390.1,798
CCDS41391.1,744
CCDS41394.1,1686
CCDS41395.1,1551
CCDS41396.1,5832
CCDS41397.1,2355
CCDS41399.1,5667
CCDS41400.1,747
CCDS41401.1,744
CCDS41402.1,744
CCDS41403.1,858
CCDS41404.1,762
CCDS41405.1,1164
CCDS41406.1,1101
CCDS41407.1,582
CCDS41408.1,480
CCDS41409.1,612
CCDS41410.1,2709
CCDS41411.1,2391
CCDS41412.1,1479
CCDS41413.1,642
CCDS41414.2,1377
CCDS41417.1,1167
CCDS41418.1,1131
CCDS41419.1,966
CCDS41420.1,564
CCDS41421.1,873
CCDS41422.1,306
CCDS41423.1,7260
CCDS41424.1,3702
CCDS41425.1,867
CCDS41427.1,975
CCDS41428.1,945
CCDS41429.1,1074
CCDS41430.1,1059
CCDS41431.1,453
CCDS41432.1,351
CCDS41433.1,702
CCDS41436.1,1722
CCDS41437.1,219
CCDS41438.1,5376
CCDS41439.1,2484
CCDS41441.2,3504
CCDS41442.1,3573
CCDS41443.1,543
CCDS41444.1,3813
CCDS41445.2,3537
CCDS41446.1,7092
CCDS41447.1,585
CCDS41448.1,459
CCDS41449.1,1578
CCDS41450.2,1605
CCDS41451.1,996
CCDS41452.2,1281
CCDS41454.1,417
CCDS41460.1,798
CCDS41464.1,408
CCDS41465.1,822
CCDS41466.1,1269
CCDS41467.1,1281
CCDS41468.1,1377
CCDS41469.1,927
CCDS41470.1,5724
CCDS41471.1,1473
CCDS41472.1,687
CCDS41473.1,1356
CCDS41474.1,5169
CCDS41475.1,1716
CCDS41477.2,1293
CCDS41479.1,2478
CCDS41481.1,945
CCDS41483.10,1791
CCDS41485.10,7293
CCDS41487.10,2790
CCDS41488.10,1473
CCDS41489.10,717
CCDS41490.10,1125
CCDS41492.10,1056
CCDS41493.10,1827
CCDS41494.10,1821
CCDS41495.10,549
CCDS41496.10,3795
CCDS41499.10,5133
CCDS41500.10,4080
CCDS41502.10,1377
CCDS41504.10,828
CCDS41519.10,318
CCDS41521.10,282
CCDS41527.10,4026
CCDS41530.10,1107
CCDS41531.10,1002
CCDS41532.10,7623
CCDS41533.10,3174
CCDS41534.10,1926
CCDS41535.10,2970
CCDS41536.10,756
CCDS41537.10,1605
CCDS41540.10,747
CCDS41542.10,1038
CCDS41543.10,762
CCDS41544.10,1854
CCDS41545.10,852
CCDS41548.10,1419
CCDS41550.10,6147
CCDS41551.10,6186
CCDS41552.10,6909
CCDS41553.10,2328
CCDS41554.10,1554
CCDS41555.10,969
CCDS41556.10,357
CCDS41558.10,1095
CCDS41559.10,1095
CCDS41561.10,1185
CCDS41562.10,759
CCDS41563.10,2070
CCDS41564.10,2703
CCDS41565.10,2700
CCDS41566.10,864
CCDS41567.10,1128
CCDS41569.10,2028
CCDS41570.10,1110
CCDS41572.10,504
CCDS41573.10,816
CCDS41574.10,1260
CCDS41575.10,1074
CCDS41577.10,270
CCDS41580.10,1683
CCDS41581.11,288
CCDS41582.11,336
CCDS41583.11,399
CCDS41584.11,378
CCDS41585.11,402
CCDS41587.31,432
CCDS41588.11,885
CCDS41589.11,525
CCDS41590.11,2007
CCDS41591.11,717
CCDS41592.11,714
CCDS41594.11,771
CCDS41595.11,753
CCDS41596.11,753
CCDS41599.11,1128
CCDS41600.11,2496
CCDS41602.11,2181
CCDS41603.21,939
CCDS41604.11,1674
CCDS41605.11,2814
CCDS41606.11,2763
CCDS41611.11,1008
CCDS41612.11,1497
CCDS41614.11,948
CCDS41617.11,2304
CCDS41618.11,2610
CCDS41619.11,3864
CCDS41621.11,1740
CCDS41622.11,1599
CCDS41623.11,1263
CCDS41624.11,1416
CCDS41625.21,3981
CCDS41626.11,1602
CCDS41627.11,234
CCDS41628.11,789
CCDS41629.11,1962
CCDS41630.11,3240
CCDS41631.21,5595
CCDS41632.11,1536
CCDS41633.11,1509
CCDS41634.11,3585
CCDS41636.11,1707
CCDS41640.11,3354
CCDS41641.11,825
CCDS41642.11,4746
CCDS41643.11,606
CCDS41644.11,3054
CCDS41647.11,930
CCDS41649.11,885
CCDS41650.11,2151
CCDS41651.11,276
CCDS41652.11,1989
CCDS41653.11,339
CCDS41655.11,552
CCDS41656.11,2901
CCDS41657.11,723
CCDS41658.11,282
CCDS41659.11,2244
CCDS41661.11,1626
CCDS41662.11,495
CCDS41663.11,1626
CCDS41664.11,768
CCDS41665.11,2238
CCDS41666.11,726
CCDS41667.11,1272
CCDS41668.11,1077
CCDS41669.11,1257
CCDS41670.11,867
CCDS41671.11,741
CCDS41672.11,2427
CCDS41673.11,774
CCDS41675.11,1338
CCDS41676.11,1095
CCDS41677.11,1449
CCDS41678.11,543
CCDS41679.11,633
CCDS41680.11,1653
CCDS41682.11,498
CCDS41683.11,564
CCDS41684.11,609
CCDS41685.11,471
CCDS41687.11,4353
CCDS41688.11,876
CCDS41689.11,708
CCDS41691.11,2127
CCDS41692.11,1404
CCDS41693.11,3057
CCDS41695.11,1554
CCDS41696.11,2613
CCDS41697.11,1065
CCDS41698.11,1098
CCDS41699.11,1503
CCDS41700.11,1020
CCDS41702.11,627
CCDS41703.11,1113
CCDS41704.11,966
CCDS41705.11,294
CCDS41706.11,2655
CCDS41707.11,1302
CCDS41709.11,1125
CCDS41710.11,4284
CCDS41711.11,1524
CCDS41712.11,591
CCDS41713.11,510
CCDS41714.11,1344
CCDS41715.11,879
CCDS41716.11,1638
CCDS41718.11,1635
CCDS41720.11,2112
CCDS41721.11,1704
CCDS41723.11,1185
CCDS41724.11,384
CCDS41726.11,1035
CCDS41727.11,4635
CCDS41728.11,702
CCDS41730.11,1419
CCDS41731.11,708
CCDS41732.11,2670
CCDS41733.11,1035
CCDS41736.12,5073
CCDS41737.12,918
CCDS41740.12,357
CCDS41741.12,1692
CCDS41743.12,2577
CCDS41744.12,1794
CCDS41745.12,597
CCDS41747.12,597
CCDS41748.12,1161
CCDS41750.12,696
CCDS41751.12,591
CCDS41752.12,690
CCDS41753.12,744
CCDS41754.12,570
CCDS41755.12,723
CCDS41756.12,405
CCDS41757.22,1251
CCDS41759.12,678
CCDS41760.22,510
CCDS41761.12,1134
CCDS41762.12,2151
CCDS41763.12,2073
CCDS41764.12,8106
CCDS41765.12,1134
CCDS41766.22,2883
CCDS41767.12,2721
CCDS41769.12,1422
CCDS41770.12,1959
CCDS41771.12,1230
CCDS41772.12,1323
CCDS41773.12,1125
CCDS41774.12,1464
CCDS41775.12,2772
CCDS41776.12,2865
CCDS41778.12,4464
CCDS41779.12,435
CCDS41780.12,2931
CCDS41781.22,4005
CCDS41782.12,2175
CCDS41784.12,1269
CCDS41785.12,1461
CCDS41786.12,1695
CCDS41787.22,1563
CCDS41788.12,1836
CCDS41790.12,1332
CCDS41791.12,1038
CCDS41792.12,462
CCDS41793.12,963
CCDS41795.12,615
CCDS41796.12,744
CCDS41797.12,954
CCDS41800.12,1044
CCDS41801.12,816
CCDS41802.12,741
CCDS41803.12,1338
CCDS41805.12,717
CCDS41807.12,3231
CCDS41808.12,942
CCDS41809.12,1527
CCDS41810.12,1368
CCDS41811.12,1236
CCDS41813.12,5970
CCDS41814.12,2544
CCDS41815.12,7092
CCDS41816.12,5169
CCDS41817.12,3531
CCDS41819.12,573
CCDS41820.12,2106
CCDS41821.12,1404
CCDS41822.12,213
CCDS41823.12,717
CCDS41824.12,1647
CCDS41825.12,558
CCDS41826.12,3522
CCDS41827.12,1926
CCDS41828.12,1698
CCDS41829.12,1116
CCDS41831.12,2031
CCDS41832.12,549
CCDS41833.12,1722
CCDS41834.12,1779
CCDS41835.12,1764
CCDS41837.12,4461
CCDS41838.12,1203
CCDS41839.12,2064
CCDS41841.12,378
CCDS41842.12,4305
CCDS41843.22,960
CCDS41845.12,1722
CCDS41846.12,606
CCDS41847.12,8016
CCDS41849.12,3798
CCDS41850.12,4011
CCDS41852.12,1020
CCDS41853.12,3450
CCDS41855.12,873
CCDS41857.22,7377
CCDS41858.22,7545
CCDS41859.12,3237
CCDS41865.12,2001
CCDS41866.12,714
CCDS41869.12,2817
CCDS41870.13,1572
CCDS41871.13,960
CCDS41872.13,3456
CCDS41873.13,3567
CCDS41874.13,1047
CCDS41875.13,9042
CCDS41877.13,522
CCDS41878.13,4344
CCDS41880.13,414
CCDS41881.13,5718
CCDS41883.13,810
CCDS41886.13,3597
CCDS41887.13,879
CCDS41888.13,1233
CCDS41889.13,690
CCDS41890.13,2625
CCDS41892.13,4398
CCDS41893.13,2052
CCDS41898.13,3582
CCDS41899.13,2121
CCDS41901.13,3897
CCDS41903.13,2526
CCDS41904.13,2226
CCDS41905.13,462
CCDS41906.13,822
CCDS41907.13,5139
CCDS41908.13,2280
CCDS41909.13,1254
CCDS41910.14,1752
CCDS41911.14,855
CCDS41913.14,1437
CCDS41914.14,471
CCDS41915.14,921
CCDS41916.14,942
CCDS41917.14,372
CCDS41918.14,195
CCDS41919.14,1218
CCDS41920.14,1272
CCDS41921.14,1320
CCDS41922.14,1863
CCDS41923.14,903
CCDS41924.14,999
CCDS41926.14,948
CCDS41927.14,903
CCDS41928.14,1326
CCDS41929.14,1563
CCDS41930.14,753
CCDS41931.14,3219
CCDS41932.14,1644
CCDS41934.14,1470
CCDS41935.14,1047
CCDS41936.14,1356
CCDS41937.14,1065
CCDS41938.14,2394
CCDS41939.14,7833
CCDS41940.14,960
CCDS41941.14,858
CCDS41942.24,1221
CCDS41943.14,4575
CCDS41944.14,642
CCDS41945.14,1206
CCDS41946.24,720
CCDS41947.14,477
CCDS41948.14,2184
CCDS41951.14,585
CCDS41953.14,843
CCDS41954.14,702
CCDS41955.14,3021
CCDS41956.14,753
CCDS41957.14,4074
CCDS41958.14,3903
CCDS41959.14,3921
CCDS41960.14,870
CCDS41961.14,2400
CCDS41963.14,20658
CCDS41964.14,573
CCDS41965.14,312
CCDS41967.14,855
CCDS41968.24,1308
CCDS41969.14,1089
CCDS41970.14,717
CCDS41971.14,2472
CCDS41972.14,1371
CCDS41973.14,627
CCDS41977.14,1473
CCDS41979.14,1866
CCDS41980.14,396
CCDS41981.14,303
CCDS41982.24,1254
CCDS41983.24,954
CCDS41992.24,915
CCDS41993.14,2190
CCDS41994.14,870
CCDS41996.14,1722
CCDS41997.14,3273
CCDS41999.14,705
CCDS42000.14,978
CCDS42001.14,1422
CCDS42007.15,5247
CCDS42008.15,966
CCDS42010.15,3408
CCDS42011.15,3426
CCDS42012.15,3276
CCDS42013.15,4458
CCDS42014.15,1146
CCDS42016.15,4950
CCDS42017.15,411
CCDS42020.15,3558
CCDS42021.15,951
CCDS42023.15,7029
CCDS42024.15,6951
CCDS42025.15,1416
CCDS42029.15,3735
CCDS42030.15,2001
CCDS42031.15,8412
CCDS42033.15,4965
CCDS42034.15,1377
CCDS42035.15,5598
CCDS42036.15,5229
CCDS42037.15,5568
CCDS42039.15,2274
CCDS42040.15,3453
CCDS42041.15,2901
CCDS42042.15,1539
CCDS42044.15,1317
CCDS42045.15,636
CCDS42046.15,1866
CCDS42048.15,255
CCDS42050.15,948
CCDS42051.15,1317
CCDS42052.25,321
CCDS42057.15,1491
CCDS42058.15,2268
CCDS42059.15,1104
CCDS42062.15,5241
CCDS42063.15,1122
CCDS42065.15,1470
CCDS42068.15,906
CCDS42069.15,3999
CCDS42070.15,3210
CCDS42071.15,3363
CCDS42072.25,1476
CCDS42076.15,465
CCDS42078.15,1194
CCDS42080.15,681
CCDS42082.15,2790
CCDS42086.15,6048
CCDS42087.16,846
CCDS42088.16,1404
CCDS42089.16,1578
CCDS42090.16,558
CCDS42091.16,618
CCDS42092.16,5247
CCDS42098.16,681
CCDS42100.16,351
CCDS42101.16,1131
CCDS42102.16,498
CCDS42103.16,4296
CCDS42104.16,966
CCDS42105.16,900
CCDS42107.16,1662
CCDS42108.16,744
CCDS42110.16,843
CCDS42112.16,1185
CCDS42113.16,1422
CCDS42114.16,627
CCDS42115.16,1731
CCDS42116.26,1209
CCDS42118.16,309
CCDS42119.16,519
CCDS42120.16,945
CCDS42122.16,4596
CCDS42123.16,3669
CCDS42126.16,2847
CCDS42127.16,1377
CCDS42128.16,1614
CCDS42130.16,1254
CCDS42132.16,1572
CCDS42135.16,3378
CCDS42136.16,2745
CCDS42137.16,303
CCDS42139.16,2985
CCDS42140.16,1710
CCDS42143.16,1434
CCDS42144.16,1482
CCDS42145.16,723
CCDS42146.16,399
CCDS42147.16,474
CCDS42148.16,1008
CCDS42149.16,1074
CCDS42150.16,1347
CCDS42151.16,789
CCDS42153.16,1662
CCDS42155.16,2178
CCDS42156.16,1386
CCDS42161.16,3261
CCDS42164.16,2862
CCDS42165.16,189
CCDS42166.16,186
CCDS42168.16,765
CCDS42169.16,3756
CCDS42170.16,627
CCDS42171.16,1587
CCDS42172.16,1338
CCDS42173.16,627
CCDS42174.36,1407
CCDS42175.16,1479
CCDS42176.16,627
CCDS42177.16,1416
CCDS42178.16,2691
CCDS42179.16,2781
CCDS42181.26,1377
CCDS42182.16,1686
CCDS42183.16,1911
CCDS42185.16,366
CCDS42187.16,1113
CCDS42192.16,1188
CCDS42193.16,1047
CCDS42195.16,717
CCDS42196.16,1245
CCDS42197.16,570
CCDS42198.16,1122
CCDS42199.16,1062
CCDS42200.16,1020
CCDS42201.16,1167
CCDS42204.16,3798
CCDS42205.16,1182
CCDS42206.16,1482
CCDS42207.16,2841
CCDS42211.16,1149
CCDS42215.16,1410
CCDS42217.16,594
CCDS42220.16,1896
CCDS42221.16,894
CCDS42223.16,477
CCDS42225.17,534
CCDS42226.17,3192
CCDS42228.27,1317
CCDS42229.17,2202
CCDS42230.17,2145
CCDS42232.17,1689
CCDS42233.27,948
CCDS42234.17,3090
CCDS42236.17,3513
CCDS42237.17,1650
CCDS42238.17,3999
CCDS42240.17,684
CCDS42241.17,2424
CCDS42242.17,438
CCDS42243.17,2490
CCDS42244.17,4332
CCDS42245.17,4290
CCDS42246.17,4422
CCDS42247.17,2904
CCDS42248.17,1440
CCDS42249.17,1902
CCDS42250.17,1212
CCDS42251.17,4689
CCDS42252.17,4683
CCDS42253.17,888
CCDS42254.17,930
CCDS42255.17,1506
CCDS42256.17,744
CCDS42258.17,678
CCDS42259.17,3654
CCDS42262.17,1659
CCDS42263.17,1251
CCDS42265.17,753
CCDS42266.17,423
CCDS42268.17,3117
CCDS42270.17,1524
CCDS42271.17,10593
CCDS42272.17,1185
CCDS42273.17,633
CCDS42274.17,618
CCDS42275.17,1791
CCDS42276.17,2472
CCDS42277.17,1071
CCDS42280.17,2373
CCDS42281.17,2964
CCDS42283.17,1068
CCDS42285.17,1578
CCDS42289.17,1182
CCDS42290.17,2313
CCDS42291.17,1083
CCDS42292.17,8520
CCDS42293.17,711
CCDS42294.17,1485
CCDS42296.17,1539
CCDS42298.17,525
CCDS42299.17,711
CCDS42300.17,1650
CCDS42302.17,7152
CCDS42303.17,6807
CCDS42308.17,7104
CCDS42310.17,465
CCDS42311.17,1797
CCDS42312.17,591
CCDS42313.17,1212
CCDS42314.17,615
CCDS42315.17,2931
CCDS42316.17,1233
CCDS42317.17,1374
CCDS42320.17,1296
CCDS42321.17,525
CCDS42323.17,504
CCDS42324.17,534
CCDS42325.17,387
CCDS42331.17,588
CCDS42334.17,480
CCDS42338.17,1809
CCDS42339.17,1785
CCDS42340.17,1827
CCDS42341.17,645
CCDS42343.17,420
CCDS42344.17,1758
CCDS42345.17,1044
CCDS42346.17,2184
CCDS42348.17,918
CCDS42350.17,1248
CCDS42353.17,5103
CCDS42354.17,2235
CCDS42355.17,639
CCDS42356.17,1521
CCDS42357.17,342
CCDS42358.17,231
CCDS42359.17,291
CCDS42360.17,264
CCDS42362.17,1671
CCDS42364.27,273
CCDS42365.17,933
CCDS42366.17,6525
CCDS42367.17,1122
CCDS42368.17,369
CCDS42369.17,654
CCDS42370.17,387
CCDS42372.17,693
CCDS42373.17,2025
CCDS42374.17,5829
CCDS42375.17,228
CCDS42377.17,1722
CCDS42379.17,585
CCDS42380.17,2976
CCDS42382.17,165
CCDS42383.17,1245
CCDS42384.17,1212
CCDS42391.17,1671
CCDS42392.37,1197
CCDS42394.17,2232
CCDS42395.17,3429
CCDS42397.17,3360
CCDS42400.17,870
CCDS42402.17,1758
CCDS42403.17,1227
CCDS42404.17,1194
CCDS42405.18,1401
CCDS42406.18,2028
CCDS42409.18,906
CCDS42410.28,1023
CCDS42411.18,6120
CCDS42412.18,2853
CCDS42413.18,2802
CCDS42414.18,1662
CCDS42415.18,756
CCDS42417.18,1902
CCDS42418.18,1107
CCDS42419.18,10002
CCDS42420.18,1140
CCDS42421.18,2589
CCDS42422.18,1332
CCDS42423.18,3357
CCDS42424.18,2604
CCDS42426.18,1125
CCDS42427.18,1485
CCDS42428.18,2268
CCDS42430.18,1215
CCDS42431.18,1032
CCDS42436.18,5547
CCDS42437.18,1764
CCDS42438.18,2016
CCDS42440.18,1515
CCDS42441.18,420
CCDS42442.18,729
CCDS42443.18,6681
CCDS42444.18,471
CCDS42445.28,1260
CCDS42447.18,5538
CCDS42448.18,483
CCDS42449.18,516
CCDS42450.18,594
CCDS42454.19,873
CCDS42456.19,1674
CCDS42457.19,594
CCDS42458.19,699
CCDS42459.19,3462
CCDS42460.19,4614
CCDS42462.19,1617
CCDS42465.19,1443
CCDS42467.19,1032
CCDS42468.19,1401
CCDS42470.19,1416
CCDS42472.19,2016
CCDS42473.19,1392
CCDS42475.19,1290
CCDS42477.19,1500
CCDS42478.19,1704
CCDS42479.19,1632
CCDS42483.19,627
CCDS42485.19,1293
CCDS42487.19,4113
CCDS42489.19,3750
CCDS42490.19,567
CCDS42491.19,1260
CCDS42492.19,342
CCDS42493.19,1107
CCDS42494.19,3297
CCDS42495.19,1929
CCDS42496.19,1602
CCDS42499.19,792
CCDS42501.19,1788
CCDS42502.19,1386
CCDS42503.19,1788
CCDS42504.19,1926
CCDS42505.19,1662
CCDS42506.19,1530
CCDS42507.19,2154
CCDS42508.19,2160
CCDS42509.19,657
CCDS42511.19,579
CCDS42512.19,2856
CCDS42513.19,2829
CCDS42514.19,2847
CCDS42516.19,2385
CCDS42517.19,1575
CCDS42518.19,2751
CCDS42519.29,5658
CCDS42521.19,1956
CCDS42522.19,621
CCDS42523.19,2043
CCDS42524.19,606
CCDS42525.19,1953
CCDS42526.19,1119
CCDS42528.19,1134
CCDS42530.19,900
CCDS42531.19,1335
CCDS42532.19,1500
CCDS42533.19,1497
CCDS42534.19,1401
CCDS42535.19,1587
CCDS42536.19,2325
CCDS42537.19,2025
CCDS42538.19,1629
CCDS42539.19,1767
CCDS42541.19,3576
CCDS42543.19,1128
CCDS42544.19,1482
CCDS42546.19,2175
CCDS42549.19,273
CCDS42550.19,1902
CCDS42551.19,546
CCDS42552.19,942
CCDS42553.19,1215
CCDS42557.19,1299
CCDS42558.19,1935
CCDS42559.19,1830
CCDS42560.19,1233
CCDS42562.19,1050
CCDS42563.19,15102
CCDS42564.19,2466
CCDS42565.19,411
CCDS42567.19,603
CCDS42569.19,2037
CCDS42571.19,519
CCDS42572.19,420
CCDS42574.19,2478
CCDS42575.19,1767
CCDS42576.19,1617
CCDS42580.29,1803
CCDS42581.19,2283
CCDS42582.19,3912
CCDS42583.19,1311
CCDS42587.19,1437
CCDS42588.19,1392
CCDS42589.19,390
CCDS42590.19,2211
CCDS42592.19,1062
CCDS42593.19,1383
CCDS42594.19,765
CCDS42595.19,2142
CCDS42597.19,672
CCDS42599.19,414
CCDS42600.19,918
CCDS42601.19,1125
CCDS42604.19,1191
CCDS42609.19,933
CCDS42610.19,1446
CCDS42611.19,1476
CCDS42612.19,1794
CCDS42614.19,1959
CCDS42615.19,1956
CCDS42616.19,1956
CCDS42617.19,1953
CCDS42618.19,1344
CCDS42619.19,1029
CCDS42620.19,822
CCDS42621.19,1335
CCDS42622.19,798
CCDS42623.19,762
CCDS42624.19,540
CCDS42625.19,630
CCDS42626.19,1863
CCDS42627.19,783
CCDS42628.19,633
CCDS42629.19,702
CCDS42630.19,267
CCDS42631.19,1047
CCDS42634.19,1149
CCDS42636.19,1989
CCDS42637.19,1437
CCDS42638.19,1284
CCDS42639.19,1314
CCDS42640.19,1209
CCDS42642.19,2031
CCDS42645.1|Hs110|chr2,966
CCDS42646.2|Hs110|chr2,1029
CCDS42648.1|Hs110|chr2,1350
CCDS42650.1|Hs110|chr2,5316
CCDS42651.1|Hs110|chr2,747
CCDS42653.1|Hs110|chr2,1284
CCDS42654.1|Hs110|chr2,4167
CCDS42655.1|Hs110|chr2,5850
CCDS42656.1|Hs110|chr2,3480
CCDS42657.1|Hs110|chr2,582
CCDS42659.1|Hs110|chr2,621
CCDS42660.1|Hs110|chr2,4323
CCDS42661.1|Hs110|chr2,606
CCDS42662.1|Hs110|chr2,345
CCDS42664.1|Hs110|chr2,2070
CCDS42665.1|Hs110|chr2,2154
CCDS42666.2|Hs110|chr2,16167
CCDS42667.1|Hs110|chr2,1245
CCDS42669.1|Hs110|chr2,3867
CCDS42670.1|Hs110|chr2,1131
CCDS42673.1|Hs110|chr2,1032
CCDS42674.1|Hs110|chr2,1278
CCDS42675.1|Hs110|chr2,1998
CCDS42676.1|Hs110|chr2,1986
CCDS42682.1|Hs110|chr2,1233
CCDS42683.1|Hs110|chr2,1179
CCDS42684.1|Hs110|chr2,3579
CCDS42685.1|Hs110|chr2,600
CCDS42686.1|Hs110|chr2,10641
CCDS42687.2|Hs110|chr2,1983
CCDS42688.1|Hs110|chr2,2241
CCDS42690.1|Hs110|chr2,1494
CCDS42694.1|Hs110|chr2,342
CCDS42696.1|Hs110|chr2,1020
CCDS42697.1|Hs110|chr2,12507
CCDS42699.1|Hs110|chr2,1542
CCDS42700.1|Hs110|chr2,2514
CCDS42701.1|Hs110|chr2,1560
CCDS42702.1|Hs110|chr2,1233
CCDS42703.2|Hs110|chr2,2718
CCDS42704.1|Hs110|chr2,501
CCDS42705.1|Hs110|chr2,1188
CCDS42706.1|Hs110|chr2,5163
CCDS42707.1|Hs110|chr2,471
CCDS42708.1|Hs110|chr2,666
CCDS42710.2|Hs110|chr2,5271
CCDS42712.1|Hs110|chr2,1278
CCDS42713.1|Hs110|chr2,1152
CCDS42714.1|Hs110|chr2,2388
CCDS42718.1|Hs110|chr2,3885
CCDS42719.1|Hs110|chr2,2031
CCDS42720.1|Hs110|chr2,2889
CCDS42721.1|Hs110|chr2,3663
CCDS42722.1|Hs110|chr2,3753
CCDS42723.1|Hs110|chr2,3681
CCDS42726.1|Hs110|chr2,1296
CCDS42729.1|Hs110|chr2,2715
CCDS42730.1|Hs110|chr2,1644
CCDS42731.1|Hs110|chr2,417
CCDS42734.1|Hs110|chr2,477
CCDS42735.1|Hs110|chr2,864
CCDS42736.1|Hs110|chr2,966
CCDS42737.1|Hs110|chr2,864
CCDS42738.1|Hs110|chr2,1497
CCDS42739.1|Hs110|chr2,381
CCDS42740.1|Hs110|chr2,264
CCDS42741.1|Hs110|chr2,267
CCDS42743.1|Hs110|chr2,1428
CCDS42744.1|Hs110|chr2,1449
CCDS42746.1|Hs110|chr2,774
CCDS42748.1|Hs110|chr2,1236
CCDS42751.2|Hs110|chr2,2484
CCDS42755.1|Hs110|chr2,588
CCDS42758.1|Hs110|chr2,477
CCDS42759.1|Hs110|chr2,426
CCDS42761.1|Hs110|chr2,1527
CCDS42764.1|Hs110|chr2,894
CCDS42766.1|Hs110|chr2,5586
CCDS42767.1|Hs110|chr2,3975
CCDS42768.1|Hs110|chr2,2817
CCDS42769.1|Hs110|chr2,10650
CCDS42770.1|Hs110|chr2,1638
CCDS42771.1|Hs110|chr2,1521
CCDS42772.1|Hs110|chr2,1287
CCDS42773.1|Hs110|chr2,4026
CCDS42775.1|Hs110|chr2,3036
CCDS42776.1|Hs110|chr2,2604
CCDS42777.1|Hs110|chr2,2403
CCDS42779.1|Hs110|chr2,717
CCDS42782.1|Hs110|chr2,1818
CCDS42784.1|Hs110|chr2,1998
CCDS42785.1|Hs110|chr2,2052
CCDS42786.1|Hs110|chr2,1470
CCDS42787.1|Hs110|chr2,1059
CCDS42788.1|Hs110|chr2,3099
CCDS42789.1|Hs110|chr2,1677
CCDS42791.1|Hs110|chr2,1281
CCDS42792.1|Hs110|chr2,288
CCDS42793.1|Hs110|chr2,2139
CCDS42794.1|Hs110|chr2,12075
CCDS42795.1|Hs110|chr2,948
CCDS42796.1|Hs110|chr2,3798
CCDS42797.1|Hs110|chr2,1053
CCDS42798.1|Hs110|chr2,1617
CCDS42799.1|Hs110|chr2,1491
CCDS42800.1|Hs110|chr2,4974
CCDS42801.1|Hs110|chr2,2178
CCDS42803.1|Hs110|chr2,525
CCDS42804.1|Hs110|chr2,3315
CCDS42805.1|Hs110|chr2,3411
CCDS42806.1|Hs110|chr2,3432
CCDS42808.1|Hs110|chr2,2286
CCDS42809.1|Hs110|chr2,582
CCDS42810.1|Hs110|chr2,537
CCDS42811.1|Hs110|chr2,3879
CCDS42813.1|Hs110|chr2,6891
CCDS42814.1|Hs110|chr2,7434
CCDS42815.1|Hs110|chr2,978
CCDS42816.1|Hs110|chr2,429
CCDS42817.1|Hs110|chr2,5064
CCDS42819.1|Hs110|chr2,1482
CCDS42820.1|Hs110|chr2,2520
CCDS42821.1|Hs110|chr2,2181
CCDS42822.1|Hs110|chr2,918
CCDS42823.1|Hs110|chr2,1458
CCDS42824.1|Hs110|chr2,9804
CCDS42825.1|Hs110|chr2,1455
CCDS42826.1|Hs110|chr2,1440
CCDS42827.1|Hs110|chr2,465
CCDS42828.1|Hs110|chr2,5073
CCDS42829.1|Hs110|chr2,5013
CCDS42830.1|Hs110|chr2,654
CCDS42831.1|Hs110|chr2,2604
CCDS42832.1|Hs110|chr2,2658
CCDS42833.1|Hs110|chr2,336
CCDS42834.1|Hs110|chr2,2658
CCDS42835.1|Hs110|chr2,483
CCDS42836.1|Hs110|chr2,1719
CCDS42837.1|Hs110|chr2,996
CCDS42838.1|Hs110|chr2,2019
CCDS42839.1|Hs110|chr2,1344
CCDS42840.1|Hs110|chr2,840
CCDS42843.1|Hs110|chr2,1719
CCDS42844.1|Hs110|chr20,1212
CCDS42845.1|Hs110|chr20,519
CCDS42846.1|Hs110|chr20,705
CCDS42848.1|Hs110|chr20,879
CCDS42849.1|Hs110|chr20,1029
CCDS42850.1|Hs110|chr20,546
CCDS42851.1|Hs110|chr20,3534
CCDS42854.1|Hs110|chr20,501
CCDS42855.1|Hs110|chr20,1065
CCDS42856.1|Hs110|chr20,1167
CCDS42857.1|Hs110|chr20,1197
CCDS42859.1|Hs110|chr20,267
CCDS42860.1|Hs110|chr20,309
CCDS42861.1|Hs110|chr20,1281
CCDS42862.1|Hs110|chr20,399
CCDS42863.1|Hs110|chr20,1320
CCDS42864.1|Hs110|chr20,603
CCDS42865.1|Hs110|chr20,657
CCDS42866.1|Hs110|chr20,1191
CCDS42867.1|Hs110|chr20,1089
CCDS42868.2|Hs110|chr20,2145
CCDS42869.2|Hs110|chr20,5826
CCDS42872.2|Hs110|chr20,1758
CCDS42874.1|Hs110|chr20,4326
CCDS42875.1|Hs110|chr20,1467
CCDS42876.1|Hs110|chr20,1359
CCDS42878.2|Hs110|chr20,1860
CCDS42880.1|Hs110|chr20,486
CCDS42881.1|Hs110|chr20,339
CCDS42883.1|Hs110|chr20,477
CCDS42886.1|Hs110|chr20,1668
CCDS42892.1|Hs110|chr20,1140
CCDS42893.1|Hs110|chr20,585
CCDS42894.1|Hs110|chr20,5034
CCDS42895.1|Hs110|chr20,1557
CCDS42901.1|Hs110|chr20,1311
CCDS42906.1|Hs110|chr21,1122
CCDS42907.1|Hs110|chr21,894
CCDS42908.1|Hs110|chr21,891
CCDS42909.1|Hs110|chr21,666
CCDS42910.1|Hs110|chr21,2514
CCDS42911.1|Hs110|chr21,897
CCDS42912.1|Hs110|chr21,2469
CCDS42913.1|Hs110|chr21,2757
CCDS42915.1|Hs110|chr21,765
CCDS42917.1|Hs110|chr21,192
CCDS42919.2|Hs110|chr21,660
CCDS42920.2|Hs110|chr21,816
CCDS42921.1|Hs110|chr21,354
CCDS42922.1|Hs110|chr21,1362
CCDS42923.1|Hs110|chr21,924
CCDS42924.1|Hs110|chr21,2820
CCDS42925.1|Hs110|chr21,2292
CCDS42926.1|Hs110|chr21,1755
CCDS42927.1|Hs110|chr21,1272
CCDS42929.1|Hs110|chr21,6039
CCDS42930.1|Hs110|chr21,564
CCDS42932.2|Hs110|chr21,3426
CCDS42933.1|Hs110|chr21,2091
CCDS42934.1|Hs110|chr21,2598
CCDS42935.1|Hs110|chr21,4341
CCDS42936.1|Hs110|chr21,3957
CCDS42937.1|Hs110|chr21,2007
CCDS42938.1|Hs110|chr21,2001
CCDS42939.1|Hs110|chr21,1035
CCDS42941.1|Hs110|chr21,1524
CCDS42942.1|Hs110|chr21,1659
CCDS42943.1|Hs110|chr21,1479
CCDS42944.1|Hs110|chr21,1380
CCDS42945.1|Hs110|chr21,1581
CCDS42946.1|Hs110|chr21,1401
CCDS42947.1|Hs110|chr21,1302
CCDS42948.1|Hs110|chr21,504
CCDS42951.1|Hs110|chr21,1386
CCDS42952.1|Hs110|chr21,909
CCDS42954.1|Hs110|chr21,849
CCDS42955.1|Hs110|chr21,768
CCDS42956.1|Hs110|chr21,666
CCDS42957.1|Hs110|chr21,1206
CCDS42958.1|Hs110|chr21,816
CCDS42959.1|Hs110|chr21,1098
CCDS42961.1|Hs110|chr21,879
CCDS42962.1|Hs110|chr21,897
CCDS42963.1|Hs110|chr21,339
CCDS42964.1|Hs110|chr21,291
CCDS42965.1|Hs110|chr21,441
CCDS42966.1|Hs110|chr21,291
CCDS42967.1|Hs110|chr21,738
CCDS42970.1|Hs110|chr21,2145
CCDS42971.1|Hs110|chr21,4020
CCDS42972.1|Hs110|chr21,4560
CCDS42974.2|Hs110|chr21,1116
CCDS42975.1|Hs110|chr22,1380
CCDS42976.1|Hs110|chr22,1725
CCDS42977.1|Hs110|chr22,615
CCDS42978.1|Hs110|chr22,591
CCDS42980.1|Hs110|chr22,621
CCDS42981.1|Hs110|chr22,1575
CCDS42982.1|Hs110|chr22,1935
CCDS42985.1|Hs110|chr22,690
CCDS42986.1|Hs110|chr22,618
CCDS42988.1|Hs110|chr22,405
CCDS42989.1|Hs110|chr22,1665
CCDS42990.1|Hs110|chr22,1764
CCDS42991.1|Hs110|chr22,948
CCDS42992.1|Hs110|chr22,1710
CCDS42995.1|Hs110|chr22,1020
CCDS42998.1|Hs110|chr22,3963
CCDS42999.1|Hs110|chr22,2511
CCDS43000.2|Hs110|chr22,1377
CCDS43001.1|Hs110|chr22,990
CCDS43002.1|Hs110|chr22,2751
CCDS43003.1|Hs110|chr22,438
CCDS43004.1|Hs110|chr22,3729
CCDS43005.1|Hs110|chr22,3636
CCDS43006.1|Hs110|chr22,4719
CCDS43007.1|Hs110|chr22,1680
CCDS43009.2|Hs110|chr22,1137
CCDS43011.1|Hs110|chr22,954
CCDS43013.1|Hs110|chr22,1356
CCDS43014.1|Hs110|chr22,1014
CCDS43015.1|Hs110|chr22,7098
CCDS43016.1|Hs110|chr22,1959
CCDS43018.1|Hs110|chr22,1590
CCDS43023.1|Hs110|chr22,1461
CCDS43025.1|Hs110|chr22,600
CCDS43027.1|Hs110|chr22,3708
CCDS43028.1|Hs110|chr22,1701
CCDS43030.1|Hs110|chr22,1410
CCDS43034.1|Hs110|chr22,2010
CCDS43035.1|Hs110|chr22,5517
CCDS43038.1|Hs110|chr22,900
CCDS43039.1|Hs110|chr22,762
CCDS43041.1|Hs110|chr3,3081
CCDS43042.1|Hs110|chr3,2748
CCDS43043.1|Hs110|chr3,1953
CCDS43044.1|Hs110|chr3,1797
CCDS43045.1|Hs110|chr3,1617
CCDS43046.1|Hs110|chr3,975
CCDS43047.1|Hs110|chr3,507
CCDS43049.1|Hs110|chr3,2946
CCDS43053.1|Hs110|chr3,3360
CCDS43054.1|Hs110|chr3,429
CCDS43055.1|Hs110|chr3,897
CCDS43056.1|Hs110|chr3,855
CCDS43057.1|Hs110|chr3,1266
CCDS43058.1|Hs110|chr3,174
CCDS43059.1|Hs110|chr3,888
CCDS43060.1|Hs110|chr3,2607
CCDS43061.1|Hs110|chr3,2034
CCDS43062.1|Hs110|chr3,1944
CCDS43063.1|Hs110|chr3,270
CCDS43064.1|Hs110|chr3,1947
CCDS43068.2|Hs110|chr3,3819
CCDS43069.1|Hs110|chr3,1068
CCDS43070.1|Hs110|chr3,648
CCDS43071.1|Hs110|chr3,3828
CCDS43072.1|Hs110|chr3,2862
CCDS43073.1|Hs110|chr3,282
CCDS43075.1|Hs110|chr3,2298
CCDS43076.1|Hs110|chr3,213
CCDS43077.1|Hs110|chr3,1779
CCDS43078.1|Hs110|chr3,1125
CCDS43079.1|Hs110|chr3,1035
CCDS43081.1|Hs110|chr3,471
CCDS43082.1|Hs110|chr3,801
CCDS43085.1|Hs110|chr3,1095
CCDS43087.1|Hs110|chr3,2280
CCDS43089.1|Hs110|chr3,1509
CCDS43090.1|Hs110|chr3,3957
CCDS43091.1|Hs110|chr3,612
CCDS43092.1|Hs110|chr3,831
CCDS43095.1|Hs110|chr3,927
CCDS43096.1|Hs110|chr3,1023
CCDS43097.1|Hs110|chr3,1602
CCDS43099.1|Hs110|chr3,4749
CCDS43100.1|Hs110|chr3,1614
CCDS43102.1|Hs110|chr3,2679
CCDS43104.1|Hs110|chr3,1299
CCDS43105.1|Hs110|chr3,3282
CCDS43106.1|Hs110|chr3,1563
CCDS43107.1|Hs110|chr3,1242
CCDS43108.1|Hs110|chr3,849
CCDS43109.1|Hs110|chr3,4137
CCDS43110.1|Hs110|chr3,981
CCDS43111.1|Hs110|chr3,504
CCDS43113.2|Hs110|chr3,8913
CCDS43114.1|Hs110|chr3,1398
CCDS43115.1|Hs110|chr3,927
CCDS43116.1|Hs110|chr3,477
CCDS43117.1|Hs110|chr3,3408
CCDS43118.1|Hs110|chr3,3402
CCDS43119.1|Hs110|chr3,2682
CCDS43120.1|Hs110|chr3,537
CCDS43121.1|Hs110|chr3,2958
CCDS43122.1|Hs110|chr3,1212
CCDS43123.1|Hs110|chr3,1857
CCDS43125.1|Hs110|chr3,918
CCDS43126.1|Hs110|chr3,972
CCDS43127.2|Hs110|chr3,5781
CCDS43129.2|Hs110|chr3,2154
CCDS43130.1|Hs110|chr3,726
CCDS43131.1|Hs110|chr3,816
CCDS43133.1|Hs110|chr3,6738
CCDS43135.1|Hs110|chr3,4335
CCDS43136.1|Hs110|chr3,1305
CCDS43137.1|Hs110|chr3,3561
CCDS43138.1|Hs110|chr3,972
CCDS43139.1|Hs110|chr3,465
CCDS43141.1|Hs110|chr3,5538
CCDS43143.1|Hs110|chr3,2145
CCDS43144.1|Hs110|chr3,1464
CCDS43145.1|Hs110|chr3,2577
CCDS43146.1|Hs110|chr3,2133
CCDS43148.1|Hs110|chr3,912
CCDS43149.1|Hs110|chr3,858
CCDS43152.1|Hs110|chr3,1428
CCDS43153.1|Hs110|chr3,1626
CCDS43154.1|Hs110|chr3,1488
CCDS43155.1|Hs110|chr3,528
CCDS43157.1|Hs110|chr3,3588
CCDS43158.1|Hs110|chr3,273
CCDS43159.1|Hs110|chr3,1161
CCDS43160.1|Hs110|chr3,1005
CCDS43162.1|Hs110|chr3,2196
CCDS43164.1|Hs110|chr3,996
CCDS43167.1|Hs110|chr3,1659
CCDS43171.1|Hs110|chr3,3207
CCDS43172.1|Hs110|chr3,774
CCDS43173.1|Hs110|chr3,828
CCDS43174.1|Hs110|chr3,1164
CCDS43175.1|Hs110|chr3,4269
CCDS43176.1|Hs110|chr3,4314
CCDS43177.1|Hs110|chr3,1308
CCDS43178.1|Hs110|chr3,1302
CCDS43179.1|Hs110|chr3,2436
CCDS43181.1|Hs110|chr3,2259
CCDS43182.1|Hs110|chr3,2301
CCDS43183.1|Hs110|chr3,1935
CCDS43186.1|Hs110|chr3,2883
CCDS43187.1|Hs110|chr3,3681
CCDS43188.1|Hs110|chr3,1182
CCDS43190.1|Hs110|chr3,930
CCDS43191.1|Hs110|chr3,1470
CCDS43192.1|Hs110|chr3,645
CCDS43193.3|Hs110|chr3,492
CCDS43194.1|Hs110|chr3,2715
CCDS43195.1|Hs110|chr3,2919
CCDS43196.2|Hs110|chr3,879
CCDS43197.1|Hs110|chr4,522
CCDS43203.1|Hs110|chr4,1290
CCDS43205.1|Hs110|chr4,2214
CCDS43206.1|Hs110|chr4,9429
CCDS43207.1|Hs110|chr4,1719
CCDS43209.1|Hs110|chr4,4188
CCDS43212.1|Hs110|chr4,1548
CCDS43213.1|Hs110|chr4,213
CCDS43215.1|Hs110|chr4,651
CCDS43216.1|Hs110|chr4,753
CCDS43217.1|Hs110|chr4,678
CCDS43218.1|Hs110|chr4,1542
CCDS43219.1|Hs110|chr4,1464
CCDS43221.1|Hs110|chr4,816
CCDS43223.1|Hs110|chr4,1782
CCDS43224.1|Hs110|chr4,2211
CCDS43225.1|Hs110|chr4,873
CCDS43226.2|Hs110|chr4,2061
CCDS43227.1|Hs110|chr4,9042
CCDS43228.1|Hs110|chr4,564
CCDS43229.1|Hs110|chr4,2643
CCDS43230.1|Hs110|chr4,3702
CCDS43234.1|Hs110|chr4,1587
CCDS43235.1|Hs110|chr4,747
CCDS43236.1|Hs110|chr4,3240
CCDS43239.1|Hs110|chr4,1080
CCDS43240.1|Hs110|chr4,297
CCDS43242.1|Hs110|chr4,3342
CCDS43243.1|Hs110|chr4,2070
CCDS43244.1|Hs110|chr4,3321
CCDS43246.1|Hs110|chr4,1962
CCDS43247.1|Hs110|chr4,1269
CCDS43248.1|Hs110|chr4,3906
CCDS43249.1|Hs110|chr4,1494
CCDS43250.1|Hs110|chr4,945
CCDS43251.1|Hs110|chr4,2094
CCDS43252.1|Hs110|chr4,339
CCDS43253.1|Hs110|chr4,1824
CCDS43254.1|Hs110|chr4,1677
CCDS43255.1|Hs110|chr4,1128
CCDS43257.1|Hs110|chr4,1902
CCDS43258.1|Hs110|chr4,1965
CCDS43259.1|Hs110|chr4,1929
CCDS43260.1|Hs110|chr4,3702
CCDS43261.1|Hs110|chr4,5619
CCDS43263.1|Hs110|chr4,1437
CCDS43264.1|Hs110|chr4,1800
CCDS43265.1|Hs110|chr4,3222
CCDS43266.1|Hs110|chr4,201
CCDS43267.1|Hs110|chr4,15018
CCDS43268.1|Hs110|chr4,951
CCDS43269.1|Hs110|chr4,723
CCDS43270.1|Hs110|chr4,2601
CCDS43273.1|Hs110|chr4,558
CCDS43274.1|Hs110|chr4,2652
CCDS43275.1|Hs110|chr4,2511
CCDS43276.1|Hs110|chr4,2274
CCDS43277.1|Hs110|chr4,4500
CCDS43278.1|Hs110|chr4,612
CCDS43279.1|Hs110|chr4,816
CCDS43280.1|Hs110|chr4,489
CCDS43281.1|Hs110|chr4,921
CCDS43283.1|Hs110|chr4,1350
CCDS43284.2|Hs110|chr4,3852
CCDS43285.1|Hs110|chr4,1260
CCDS43286.1|Hs110|chr4,663
CCDS43289.2|Hs110|chr4,2001
CCDS43299.1|Hs110|chr5,3675
CCDS43300.1|Hs110|chr5,444
CCDS43301.1|Hs110|chr5,702
CCDS43302.1|Hs110|chr5,1059
CCDS43304.1|Hs110|chr5,1494
CCDS43305.1|Hs110|chr5,1071
CCDS43307.1|Hs110|chr5,2685
CCDS43308.1|Hs110|chr5,1383
CCDS43309.1|Hs110|chr5,5469
CCDS43310.1|Hs110|chr5,3999
CCDS43311.1|Hs110|chr5,1146
CCDS43313.1|Hs110|chr5,1770
CCDS43314.1|Hs110|chr5,1050
CCDS43315.1|Hs110|chr5,954
CCDS43317.1|Hs110|chr5,1875
CCDS43318.1|Hs110|chr5,4539
CCDS43322.1|Hs110|chr5,1710
CCDS43323.1|Hs110|chr5,1875
CCDS43324.1|Hs110|chr5,510
CCDS43325.1|Hs110|chr5,1188
CCDS43326.1|Hs110|chr5,333
CCDS43327.1|Hs110|chr5,3726
CCDS43328.1|Hs110|chr5,7875
CCDS43329.1|Hs110|chr5,2697
CCDS43330.1|Hs110|chr5,2013
CCDS43331.1|Hs110|chr5,2184
CCDS43333.1|Hs110|chr5,300
CCDS43334.1|Hs110|chr5,1242
CCDS43335.1|Hs110|chr5,1065
CCDS43336.1|Hs110|chr5,1293
CCDS43337.1|Hs110|chr5,672
CCDS43338.1|Hs110|chr5,921
CCDS43341.1|Hs110|chr5,1359
CCDS43344.1|Hs110|chr5,2310
CCDS43346.1|Hs110|chr5,3036
CCDS43348.1|Hs110|chr5,2925
CCDS43349.1|Hs110|chr5,1569
CCDS43350.1|Hs110|chr5,2061
CCDS43351.1|Hs110|chr5,3060
CCDS43352.1|Hs110|chr5,696
CCDS43353.1|Hs110|chr5,990
CCDS43354.1|Hs110|chr5,1290
CCDS43355.1|Hs110|chr5,1368
CCDS43357.1|Hs110|chr5,897
CCDS43358.1|Hs110|chr5,1452
CCDS43359.1|Hs110|chr5,1329
CCDS43360.1|Hs110|chr5,1290
CCDS43361.1|Hs110|chr5,1650
CCDS43362.1|Hs110|chr5,807
CCDS43363.1|Hs110|chr5,3282
CCDS43364.1|Hs110|chr5,393
CCDS43365.1|Hs110|chr5,486
CCDS43366.2|Hs110|chr5,474
CCDS43367.1|Hs110|chr5,1842
CCDS43368.1|Hs110|chr5,1056
CCDS43369.1|Hs110|chr5,444
CCDS43370.1|Hs110|chr5,969
CCDS43371.1|Hs110|chr5,1884
CCDS43372.1|Hs110|chr5,1851
CCDS43373.1|Hs110|chr5,3792
CCDS43374.1|Hs110|chr5,3819
CCDS43375.1|Hs110|chr5,3183
CCDS43376.1|Hs110|chr5,126
CCDS43377.1|Hs110|chr5,447
CCDS43378.1|Hs110|chr5,3183
CCDS43379.1|Hs110|chr5,3234
CCDS43380.1|Hs110|chr5,1299
CCDS43381.1|Hs110|chr5,1713
CCDS43382.1|Hs110|chr5,3195
CCDS43383.1|Hs110|chr5,285
CCDS43384.1|Hs110|chr5,3342
CCDS43385.1|Hs110|chr5,2028
CCDS43386.1|Hs110|chr5,1437
CCDS43387.1|Hs110|chr5,1470
CCDS43388.1|Hs110|chr5,4353
CCDS43389.1|Hs110|chr5,681
CCDS43390.1|Hs110|chr5,1002
CCDS43391.1|Hs110|chr5,381
CCDS43392.1|Hs110|chr5,1095
CCDS43393.1|Hs110|chr5,534
CCDS43394.1|Hs110|chr5,4386
CCDS43399.1|Hs110|chr5,780
CCDS43400.1|Hs110|chr5,585
CCDS43402.1|Hs110|chr5,861
CCDS43403.1|Hs110|chr5,537
CCDS43405.1|Hs110|chr5,1701
CCDS43406.1|Hs110|chr5,1683
CCDS43408.1|Hs110|chr5,3753
CCDS43409.1|Hs110|chr5,1149
CCDS43410.1|Hs110|chr5,1149
CCDS43411.1|Hs110|chr5,2049
CCDS43412.1|Hs110|chr5,3897
CCDS43413.1|Hs110|chr5,1503
CCDS43414.1|Hs110|chr5,990
CCDS43415.1|Hs110|chr5,939
CCDS43420.2|Hs110|chr6,1185
CCDS43422.1|Hs110|chr6,1302
CCDS43423.1|Hs110|chr6,2439
CCDS43425.1|Hs110|chr6,399
CCDS43426.1|Hs110|chr6,8157
CCDS43429.1|Hs110|chr6,1077
CCDS43432.1|Hs110|chr6,666
CCDS43433.1|Hs110|chr6,936
CCDS43434.1|Hs110|chr6,939
CCDS43436.2|Hs110|chr6,1611
CCDS43437.1|Hs110|chr6,1329
CCDS43438.1|Hs110|chr6,1041
CCDS43439.1|Hs110|chr6,765
CCDS43440.1|Hs110|chr6,567
CCDS43441.1|Hs110|chr6,504
CCDS43443.1|Hs110|chr6,948
CCDS43444.1|Hs110|chr6,1842
CCDS43445.1|Hs110|chr6,2616
CCDS43446.1|Hs110|chr6,1038
CCDS43449.1|Hs110|chr6,1152
CCDS43450.2|Hs110|chr6,294
CCDS43451.1|Hs110|chr6,786
CCDS43452.1|Hs110|chr6,4953
CCDS43453.1|Hs110|chr6,1410
CCDS43455.1|Hs110|chr6,4323
CCDS43456.1|Hs110|chr6,366
CCDS43458.1|Hs110|chr6,1635
CCDS43460.1|Hs110|chr6,1158
CCDS43462.1|Hs110|chr6,933
CCDS43463.1|Hs110|chr6,306
CCDS43464.1|Hs110|chr6,1491
CCDS43465.1|Hs110|chr6,447
CCDS43467.2|Hs110|chr6,1566
CCDS43468.2|Hs110|chr6,1500
CCDS43469.1|Hs110|chr6,594
CCDS43470.1|Hs110|chr6,972
CCDS43472.1|Hs110|chr6,249
CCDS43473.1|Hs110|chr6,189
CCDS43474.1|Hs110|chr6,1023
CCDS43475.1|Hs110|chr6,1113
CCDS43476.1|Hs110|chr6,840
CCDS43477.1|Hs110|chr6,3186
CCDS43478.1|Hs110|chr6,1404
CCDS43480.1|Hs110|chr6,495
CCDS43481.1|Hs110|chr6,5700
CCDS43482.1|Hs110|chr6,9192
CCDS43483.1|Hs110|chr6,3318
CCDS43486.1|Hs110|chr6,2136
CCDS43487.1|Hs110|chr6,2124
CCDS43488.1|Hs110|chr6,2622
CCDS43489.1|Hs110|chr6,1101
CCDS43491.1|Hs110|chr6,5472
CCDS43492.1|Hs110|chr6,363
CCDS43493.2|Hs110|chr6,1467
CCDS43496.1|Hs110|chr6,444
CCDS43497.1|Hs110|chr6,489
CCDS43498.1|Hs110|chr6,2418
CCDS43499.1|Hs110|chr6,3423
CCDS43500.1|Hs110|chr6,2916
CCDS43501.1|Hs110|chr6,3774
CCDS43502.1|Hs110|chr6,528
CCDS43503.1|Hs110|chr6,615
CCDS43504.1|Hs110|chr6,906
CCDS43505.1|Hs110|chr6,2844
CCDS43506.1|Hs110|chr6,1851
CCDS43508.1|Hs110|chr6,2715
CCDS43509.1|Hs110|chr6,246
CCDS43510.1|Hs110|chr6,7341
CCDS43511.1|Hs110|chr6,576
CCDS43512.1|Hs110|chr6,1665
CCDS43513.2|Hs110|chr6,5052
CCDS43514.1|Hs110|chr6,1005
CCDS43515.1|Hs110|chr6,2148
CCDS43517.1|Hs110|chr6,1257
CCDS43518.1|Hs110|chr6,1341
CCDS43519.1|Hs110|chr6,426
CCDS43520.2|Hs110|chr6,1551
CCDS43522.1|Hs110|chr6,1206
CCDS43523.1|Hs110|chr6,6123
CCDS43524.1|Hs110|chr6,774
CCDS43525.1|Hs110|chr6,960
CCDS43533.1|Hs110|chr7,2109
CCDS43537.1|Hs110|chr7,1242
CCDS43539.1|Hs110|chr7,2157
CCDS43542.1|Hs110|chr7,2088
CCDS43544.1|Hs110|chr7,3228
CCDS43546.1|Hs110|chr7,2157
CCDS43548.1|Hs110|chr7,330
CCDS43550.1|Hs110|chr7,561
CCDS43552.1|Hs110|chr7,2613
CCDS43553.1|Hs110|chr7,3378
CCDS43554.1|Hs110|chr7,2628
CCDS43555.1|Hs110|chr7,1527
CCDS43556.1|Hs110|chr7,2991
CCDS43557.1|Hs110|chr7,1062
CCDS43561.1|Hs110|chr7,2244
CCDS43562.1|Hs110|chr7,1428
CCDS43563.1|Hs110|chr7,1110
CCDS43564.1|Hs110|chr7,2220
CCDS43565.1|Hs110|chr7,2274
CCDS43566.1|Hs110|chr7,2664
CCDS43567.1|Hs110|chr7,2028
CCDS43568.1|Hs110|chr7,1344
CCDS43570.1|Hs110|chr7,1563
CCDS43572.1|Hs110|chr7,2667
CCDS43573.1|Hs110|chr7,1554
CCDS43575.1|Hs110|chr7,3999
CCDS43576.1|Hs110|chr7,2763
CCDS43577.1|Hs110|chr7,2685
CCDS43582.1|Hs110|chr7,1785
CCDS43583.1|Hs110|chr7,1611
CCDS43584.1|Hs110|chr7,891
CCDS43588.3|Hs110|chr7,861
CCDS43589.3|Hs110|chr7,654
CCDS43590.1|Hs110|chr7,1575
CCDS43595.1|Hs110|chr7,984
CCDS43596.1|Hs110|chr7,756
CCDS43597.1|Hs110|chr7,798
CCDS43598.1|Hs110|chr7,2136
CCDS43599.1|Hs110|chr7,2034
CCDS43602.1|Hs110|chr7,1095
CCDS43603.1|Hs110|chr7,672
CCDS43605.1|Hs110|chr7,1728
CCDS43606.1|Hs110|chr7,564
CCDS43607.1|Hs110|chr7,2541
CCDS43608.1|Hs110|chr7,2700
CCDS43609.1|Hs110|chr7,2613
CCDS43610.1|Hs110|chr7,2580
CCDS43611.1|Hs110|chr7,1380
CCDS43612.1|Hs110|chr7,1365
CCDS43613.2|Hs110|chr7,2826
CCDS43614.1|Hs110|chr7,927
CCDS43615.1|Hs110|chr7,1104
CCDS43616.1|Hs110|chr7,1389
CCDS43617.1|Hs110|chr7,2895
CCDS43618.1|Hs110|chr7,396
CCDS43619.1|Hs110|chr7,1341
CCDS43620.1|Hs110|chr7,801
CCDS43622.1|Hs110|chr7,684
CCDS43623.1|Hs110|chr7,1947
CCDS43625.1|Hs110|chr7,2268
CCDS43626.1|Hs110|chr7,459
CCDS43627.1|Hs110|chr7,348
CCDS43628.1|Hs110|chr7,1866
CCDS43629.1|Hs110|chr7,1551
CCDS43630.1|Hs110|chr7,2058
CCDS43634.1|Hs110|chr7,1218
CCDS43635.1|Hs110|chr7,2223
CCDS43636.1|Hs110|chr7,4173
CCDS43638.1|Hs110|chr7,765
CCDS43643.1|Hs110|chr7,1770
CCDS43644.1|Hs110|chr7,8178
CCDS43645.1|Hs110|chr7,1545
CCDS43646.1|Hs110|chr7,5685
CCDS43647.1|Hs110|chr7,1479
CCDS43648.1|Hs110|chr7,1422
CCDS43650.1|Hs110|chr7,1920
CCDS43655.2|Hs110|chr7,4044
CCDS43656.1|Hs110|chr7,1179
CCDS43658.1|Hs110|chr7,2826
CCDS43659.1|Hs110|chr7,3030
CCDS43660.1|Hs110|chr7,1704
CCDS43661.1|Hs110|chr7,945
CCDS43662.1|Hs110|chr7,972
CCDS43663.1|Hs110|chr7,924
CCDS43666.1|Hs110|chr7,954
CCDS43667.1|Hs110|chr7,936
CCDS43668.1|Hs110|chr7,936
CCDS43669.1|Hs110|chr7,933
CCDS43670.1|Hs110|chr7,933
CCDS43671.1|Hs110|chr7,957
CCDS43672.1|Hs110|chr7,933
CCDS43673.1|Hs110|chr7,933
CCDS43675.1|Hs110|chr7,2496
CCDS43677.1|Hs110|chr7,1704
CCDS43678.1|Hs110|chr7,1614
CCDS43679.1|Hs110|chr7,2256
CCDS43681.1|Hs110|chr7,2736
CCDS43682.1|Hs110|chr7,1092
CCDS43683.1|Hs110|chr7,1578
CCDS43684.1|Hs110|chr7,279
CCDS43686.1|Hs110|chr7,3432
CCDS43689.1|Hs110|chr8,2508
CCDS43691.1|Hs110|chr8,285
CCDS43696.1|Hs110|chr8,213
CCDS43699.1|Hs110|chr8,213
CCDS43700.1|Hs110|chr8,327
CCDS43701.1|Hs110|chr8,204
CCDS43706.1|Hs110|chr8,4221
CCDS43708.1|Hs110|chr8,7203
CCDS43709.1|Hs110|chr8,237
CCDS43710.1|Hs110|chr8,234
CCDS43712.1|Hs110|chr8,903
CCDS43713.1|Hs110|chr8,1593
CCDS43714.1|Hs110|chr8,240
CCDS43716.1|Hs110|chr8,3651
CCDS43717.1|Hs110|chr8,3813
CCDS43718.1|Hs110|chr8,1554
CCDS43719.1|Hs110|chr8,1311
CCDS43720.1|Hs110|chr8,3144
CCDS43722.1|Hs110|chr8,594
CCDS43723.1|Hs110|chr8,993
CCDS43724.1|Hs110|chr8,684
CCDS43725.1|Hs110|chr8,279
CCDS43726.1|Hs110|chr8,1728
CCDS43729.1|Hs110|chr8,4314
CCDS43730.1|Hs110|chr8,2202
CCDS43731.1|Hs110|chr8,2196
CCDS43732.1|Hs110|chr8,2463
CCDS43733.1|Hs110|chr8,516
CCDS43737.1|Hs110|chr8,2748
CCDS43738.1|Hs110|chr8,438
CCDS43741.1|Hs110|chr8,996
CCDS43742.1|Hs110|chr8,942
CCDS43744.1|Hs110|chr8,3666
CCDS43746.1|Hs110|chr8,621
CCDS43747.2|Hs110|chr8,795
CCDS43748.1|Hs110|chr8,540
CCDS43749.1|Hs110|chr8,927
CCDS43750.1|Hs110|chr8,3099
CCDS43753.1|Hs110|chr8,2019
CCDS43755.1|Hs110|chr8,3006
CCDS43758.1|Hs110|chr8,3795
CCDS43761.1|Hs110|chr8,3492
CCDS43762.1|Hs110|chr8,306
CCDS43763.1|Hs110|chr8,1989
CCDS43764.1|Hs110|chr8,1983
CCDS43766.1|Hs110|chr8,1746
CCDS43767.1|Hs110|chr8,5574
CCDS43768.2|Hs110|chr8,3696
CCDS43769.1|Hs110|chr8,13725
CCDS43770.1|Hs110|chr8,13602
CCDS43771.1|Hs110|chr8,13578
CCDS43772.1|Hs110|chr8,14055
CCDS43773.1|Hs110|chr8,13644
CCDS43774.1|Hs110|chr8,13656
CCDS43775.1|Hs110|chr8,13644
CCDS43776.1|Hs110|chr8,1866
CCDS43777.1|Hs110|chr8,1164
CCDS43779.1|Hs110|chr8,606
CCDS43782.1|Hs110|chr8,1869
CCDS43784.1|Hs110|chr9,2793
CCDS43785.2|Hs110|chr9,1005
CCDS43786.1|Hs110|chr9,5739
CCDS43789.1|Hs110|chr9,4221
CCDS43791.1|Hs110|chr9,699
CCDS43793.1|Hs110|chr9,1803
CCDS43795.1|Hs110|chr9,231
CCDS43796.1|Hs110|chr9,1203
CCDS43797.1|Hs110|chr9,420
CCDS43798.1|Hs110|chr9,1458
CCDS43799.2|Hs110|chr9,1209
CCDS43800.1|Hs110|chr9,1419
CCDS43802.1|Hs110|chr9,711
CCDS43803.1|Hs110|chr9,156
CCDS43804.1|Hs110|chr9,951
CCDS43805.1|Hs110|chr9,495
CCDS43806.1|Hs110|chr9,1530
CCDS43808.3|Hs110|chr9,4044
CCDS43826.1|Hs110|chr9,1254
CCDS43827.1|Hs110|chr9,1188
CCDS43833.1|Hs110|chr9,1254
CCDS43834.1|Hs110|chr9,591
CCDS43835.1|Hs110|chr9,5124
CCDS43837.1|Hs110|chr9,2322
CCDS43840.1|Hs110|chr9,1794
CCDS43842.1|Hs110|chr9,4293
CCDS43843.1|Hs110|chr9,789
CCDS43849.1|Hs110|chr9,2178
CCDS43851.1|Hs110|chr9,3891
CCDS43853.1|Hs110|chr9,1386
CCDS43854.1|Hs110|chr9,1479
CCDS43856.1|Hs110|chr9,2616
CCDS43858.1|Hs110|chr9,2640
CCDS43859.1|Hs110|chr9,2703
CCDS43860.1|Hs110|chr9,1557
CCDS43861.1|Hs110|chr9,2847
CCDS43862.1|Hs110|chr9,1083
CCDS43863.1|Hs110|chr9,4218
CCDS43864.1|Hs110|chr9,1257
CCDS43865.1|Hs110|chr9,1314
CCDS43866.1|Hs110|chr9,579
CCDS43868.1|Hs110|chr9,1209
CCDS43870.1|Hs110|chr9,1575
CCDS43871.1|Hs110|chr9,5445
CCDS43872.1|Hs110|chr9,1365
CCDS43874.1|Hs110|chr9,3576
CCDS43876.1|Hs110|chr9,945
CCDS43877.1|Hs110|chr9,1890
CCDS43878.1|Hs110|chr9,1563
CCDS43879.1|Hs110|chr9,966
CCDS43882.1|Hs110|chr9,2556
CCDS43883.2|Hs110|chr9,513
CCDS43884.1|Hs110|chr9,1269
CCDS43885.1|Hs110|chr9,876
CCDS43886.1|Hs110|chr9,813
CCDS43888.1|Hs110|chr9,1215
CCDS43892.1|Hs110|chr9,2745
CCDS43893.1|Hs110|chr9,1719
CCDS43894.1|Hs110|chr9,2178
CCDS43895.1|Hs110|chr9,2016
CCDS43896.2|Hs110|chr9,2262
CCDS43897.1|Hs110|chr9,2580
CCDS43899.1|Hs110|chr9,411
CCDS43900.1|Hs110|chr9,831
CCDS43903.1|Hs110|chr9,1089
CCDS43904.1|Hs110|chr9,1308
CCDS43905.1|Hs110|chr9,7668
CCDS43906.1|Hs110|chr9,1605
CCDS43908.1|Hs110|chr9,495
CCDS43909.1|Hs110|chr9,7311
CCDS43910.1|Hs110|chr9,2658
CCDS43913.1|Hs110|chr9,1488
CCDS43917.1|Hs110|chrX,1866
CCDS43917.1|Hs110|chrY,1866
CCDS43918.1|Hs110|chrX,966
CCDS43919.1|Hs110|chrX,1980
CCDS43920.1|Hs110|chrX,1776
CCDS43921.1|Hs110|chrX,2988
CCDS43922.1|Hs110|chrX,3012
CCDS43923.1|Hs110|chrX,3054
CCDS43924.1|Hs110|chrX,1347
CCDS43926.1|Hs110|chrX,2376
CCDS43927.1|Hs110|chrX,975
CCDS43929.1|Hs110|chrX,354
CCDS43930.1|Hs110|chrX,7713
CCDS43931.1|Hs110|chrX,1989
CCDS43933.1|Hs110|chrX,1986
CCDS43934.1|Hs110|chrX,462
CCDS43935.1|Hs110|chrX,462
CCDS43937.1|Hs110|chrX,1182
CCDS43939.1|Hs110|chrX,354
CCDS43943.1|Hs110|chrX,354
CCDS43945.1|Hs110|chrX,354
CCDS43946.1|Hs110|chrX,354
CCDS43947.1|Hs110|chrX,354
CCDS43948.1|Hs110|chrX,354
CCDS43950.1|Hs110|chrX,354
CCDS43952.1|Hs110|chrX,495
CCDS43957.1|Hs110|chrX,642
CCDS43958.1|Hs110|chrX,2121
CCDS43959.1|Hs110|chrX,4296
CCDS43960.1|Hs110|chrX,1725
CCDS43963.1|Hs110|chrX,777
CCDS43964.1|Hs110|chrX,750
CCDS43966.1|Hs110|chrX,1170
CCDS43967.1|Hs110|chrX,1539
CCDS43968.1|Hs110|chrX,2778
CCDS43969.1|Hs110|chrX,1518
CCDS43970.1|Hs110|chrX,6534
CCDS43971.1|Hs110|chrX,579
CCDS43972.1|Hs110|chrX,603
CCDS43976.1|Hs110|chrX,3306
CCDS43979.1|Hs110|chrX,1881
CCDS43984.1|Hs110|chrX,948
CCDS43985.1|Hs110|chrX,867
CCDS43986.1|Hs110|chrX,978
CCDS43987.1|Hs110|chrX,2688
CCDS43988.1|Hs110|chrX,4782
CCDS43990.1|Hs110|chrX,3807
CCDS43991.1|Hs110|chrX,1392
CCDS43993.1|Hs110|chrX,969
CCDS43995.1|Hs110|chrX,1065
CCDS43996.1|Hs110|chrX,342
CCDS43997.1|Hs110|chrX,342
CCDS43998.1|Hs110|chrX,342
CCDS44003.1|Hs110|chrX,2106
CCDS44004.1|Hs110|chrX,2631
CCDS44006.1|Hs110|chrX,312
CCDS44007.1|Hs110|chrX,294
CCDS44011.1|Hs110|chrX,1272
CCDS44012.1|Hs110|chrX,1854
CCDS44019.1|Hs110|chrX,1143
CCDS44020.1|Hs110|chrX,6108
CCDS44021.1|Hs110|chrX,7920
CCDS44023.1|Hs110|chrX,1548
CCDS44025.1|Hs110|chrX,543
CCDS44026.1|Hs110|chrX,651
CCDS44027.1|Hs110|chrX,324
CCDS44028.1|Hs110|chrY,792
CCDS44029.1|Hs110|chrY,321
CCDS44030.1|Hs110|chrY,321
CCDS44034.1,744
CCDS44036.1,2022
CCDS44037.2,2409
CCDS44039.1,1236
CCDS44040.1,522
CCDS44041.1,1218
CCDS44042.1,2343
CCDS44043.1,2313
CCDS44045.1,981
CCDS44046.1,852
CCDS44048.2,3774
CCDS44049.1,1764
CCDS44050.1,1353
CCDS44051.1,1281
CCDS44052.1,4281
CCDS44054.1,735
CCDS44055.2,2001
CCDS44056.1,468
CCDS44059.1,1437
CCDS44060.1,363
CCDS44061.1,681
CCDS44063.1,3060
CCDS44064.1,1125
CCDS44065.1,459
CCDS44066.1,822
CCDS44067.1,714
CCDS44071.1,549
CCDS44072.1,3477
CCDS44073.1,3528
CCDS44074.1,1518
CCDS44075.1,1557
CCDS44076.1,1554
CCDS44079.1,3087
CCDS44080.1,1272
CCDS44081.1,2265
CCDS44082.1,2304
CCDS44083.1,2277
CCDS44084.1,1458
CCDS44085.1,1911
CCDS44086.1,1047
CCDS44087.1,2685
CCDS44088.1,1809
CCDS44089.1,618
CCDS44090.1,525
CCDS44091.1,6207
CCDS44092.1,1026
CCDS44093.1,939
CCDS44094.1,837
CCDS44095.1,684
CCDS44096.1,183
CCDS44098.2,4323
CCDS44099.1,3567
CCDS44100.1,1050
CCDS44101.1,1008
CCDS44102.1,1125
CCDS44103.1,1344
CCDS44104.1,1488
CCDS44105.1,1275
CCDS44106.1,1173
CCDS44107.1,1764
CCDS44108.1,1797
CCDS44110.1,1374
CCDS44111.1,753
CCDS44112.1,144
CCDS44113.1,444
CCDS44114.1,1896
CCDS44115.1,1983
CCDS44117.2,711
CCDS44118.1,1632
CCDS44119.1,612
CCDS44120.1,1065
CCDS44121.1,1005
CCDS44122.1,906
CCDS44123.1,894
CCDS44124.1,7218
CCDS44125.1,636
CCDS44126.1,405
CCDS44131.2,1869
CCDS44132.1,1749
CCDS44133.1,306
CCDS44134.2,1239
CCDS44135.1,540
CCDS44136.1,2121
CCDS44137.1,1512
CCDS44138.1,1101
CCDS44139.2,1209
CCDS44140.1,1101
CCDS44141.1,1629
CCDS44142.1,600
CCDS44143.1,1746
CCDS44144.1,1737
CCDS44145.1,2241
CCDS44146.1,303
CCDS44148.1,2280
CCDS44149.1,432
CCDS44150.1,423
CCDS44151.1,948
CCDS44152.1,1710
CCDS44153.1,1257
CCDS44154.2,7863
CCDS44155.1,1728
CCDS44156.1,1530
CCDS44157.1,1638
CCDS44159.1,2436
CCDS44160.1,1098
CCDS44162.1,888
CCDS44163.1,579
CCDS44164.1,2154
CCDS44165.1,1278
CCDS44166.1,309
CCDS44167.1,1086
CCDS44169.1,3585
CCDS44170.1,549
CCDS44171.1,690
CCDS44172.2,3840
CCDS44173.1,1287
CCDS44174.1,2271
CCDS44175.1,711
CCDS44176.1,1962
CCDS44177.1,588
CCDS44178.1,1140
CCDS44179.1,1443
CCDS44180.1,1620
CCDS44181.1,864
CCDS44182.1,1917
CCDS44184.1,1917
CCDS44185.1,2202
CCDS44186.1,2784
CCDS44187.1,2760
CCDS44188.1,756
CCDS44189.1,519
CCDS44190.1,402
CCDS44191.1,387
CCDS44192.1,576
CCDS44193.1,1881
CCDS44196.1,4446
CCDS44197.1,2442
CCDS44198.1,1644
CCDS44199.1,747
CCDS44200.1,1689
CCDS44201.1,1491
CCDS44202.1,1638
CCDS44209.1,1395
CCDS44210.1,858
CCDS44214.1,684
CCDS44215.1,663
CCDS44216.1,4386
CCDS44217.1,3876
CCDS44218.1,540
CCDS44219.1,1689
CCDS44220.1,1569
CCDS44221.1,1503
CCDS44222.2,3948
CCDS44223.1,1098
CCDS44224.1,1062
CCDS44226.1,753
CCDS44227.1,243
CCDS44228.1,4491
CCDS44229.1,2952
CCDS44230.1,696
CCDS44231.1,3603
CCDS44233.1,1755
CCDS44234.1,1422
CCDS44235.1,2046
CCDS44236.1,2589
CCDS44237.1,624
CCDS44238.1,504
CCDS44239.1,501
CCDS44240.1,1632
CCDS44241.1,1062
CCDS44242.1,6723
CCDS44243.1,288
CCDS44246.1,834
CCDS44247.1,771
CCDS44248.1,702
CCDS44249.1,1680
CCDS44250.1,1539
CCDS44251.1,1197
CCDS44252.1,1017
CCDS44254.1,3540
CCDS44255.1,498
CCDS44257.1,225
CCDS44258.1,330
CCDS44260.1,1020
CCDS44261.1,1023
CCDS44262.1,930
CCDS44263.1,408
CCDS44264.1,954
CCDS44266.1,765
CCDS44267.1,636
CCDS44268.1,948
CCDS44269.1,909
CCDS44270.1,909
CCDS44271.1,282
CCDS44272.1,564
CCDS44273.1,630
CCDS44274.1,1023
CCDS44275.1,852
CCDS44276.1,2580
CCDS44277.1,1173
CCDS44278.1,1512
CCDS44279.1,2124
CCDS44280.1,3651
CCDS44281.1,3183
CCDS44282.1,3195
CCDS44284.1,1896
CCDS44285.1,3336
CCDS44286.1,390
CCDS44287.1,3936
CCDS44288.1,4092
CCDS44290.1,438
CCDS44291.2,264
CCDS44292.1,1737
CCDS44294.1,627
CCDS44295.1,675
CCDS44297.1,1149
CCDS44299.1,1869
CCDS44300.1,1425
CCDS44301.1,540
CCDS44302.1,396
CCDS44304.1,837
CCDS44306.1,1068
CCDS44307.1,1323
CCDS44308.1,7470
CCDS44310.1,1710
CCDS44312.1,1662
CCDS44313.1,1311
CCDS44314.1,1350
CCDS44315.1,873
CCDS44316.1,756
CCDS44317.1,3165
CCDS44318.1,1329
CCDS44319.1,3405
CCDS44320.1,540
CCDS44322.1,1362
CCDS44323.1,249
CCDS44324.1,1344
CCDS44325.1,495
CCDS44327.1,1032
CCDS44329.1,2214
CCDS44330.1,870
CCDS44331.1,594
CCDS44332.2,2421
CCDS44333.1,2352
CCDS44334.2,2718
CCDS44335.1,6414
CCDS44336.1,2412
CCDS44337.1,4461
CCDS44338.1,4383
CCDS44339.1,4755
CCDS44340.1,2856
CCDS44341.1,402
CCDS44342.1,6327
CCDS44343.1,1851
CCDS44344.1,1548
CCDS44345.1,1137
CCDS44346.2,2934
CCDS44347.2,2934
CCDS44348.1,1575
CCDS44350.10,420
CCDS44352.10,1203
CCDS44353.10,1503
CCDS44354.10,1527
CCDS44355.10,1566
CCDS44356.10,1467
CCDS44357.10,2538
CCDS44358.10,1314
CCDS44359.10,1365
CCDS44362.10,2076
CCDS44363.10,2727
CCDS44365.10,558
CCDS44366.10,1446
CCDS44368.10,1578
CCDS44369.10,2457
CCDS44370.10,3327
CCDS44372.10,2436
CCDS44373.10,282
CCDS44374.20,3963
CCDS44385.10,9555
CCDS44387.10,4308
CCDS44388.20,792
CCDS44389.10,2001
CCDS44390.10,2862
CCDS44391.10,2406
CCDS44397.10,2061
CCDS44399.10,2016
CCDS44400.10,4620
CCDS44401.10,5799
CCDS44403.10,5859
CCDS44404.10,5874
CCDS44405.10,1053
CCDS44406.10,1509
CCDS44408.10,894
CCDS44409.10,1281
CCDS44411.10,768
CCDS44412.10,1359
CCDS44413.10,843
CCDS44414.10,1212
CCDS44415.20,3183
CCDS44416.10,510
CCDS44417.10,684
CCDS44419.10,2154
CCDS44423.20,2007
CCDS44424.20,2088
CCDS44425.20,2061
CCDS44427.20,1938
CCDS44428.20,1833
CCDS44429.10,1593
CCDS44430.10,402
CCDS44431.10,234
CCDS44432.10,1551
CCDS44433.10,1806
CCDS44434.10,2034
CCDS44435.10,1749
CCDS44436.10,1548
CCDS44437.10,1578
CCDS44438.10,2934
CCDS44439.10,2061
CCDS44440.10,5529
CCDS44442.10,1245
CCDS44443.10,870
CCDS44444.20,792
CCDS44445.10,747
CCDS44448.10,444
CCDS44449.10,930
CCDS44450.10,993
CCDS44451.10,270
CCDS44452.10,2637
CCDS44453.10,1860
CCDS44454.10,537
CCDS44455.10,1200
CCDS44456.10,1197
CCDS44457.10,1272
CCDS44458.10,969
CCDS44459.10,1098
CCDS44460.10,1296
CCDS44461.10,1380
CCDS44462.10,1152
CCDS44463.10,1116
CCDS44464.10,1302
CCDS44465.10,1527
CCDS44466.10,396
CCDS44467.10,3711
CCDS44468.10,984
CCDS44469.10,495
CCDS44470.10,3561
CCDS44471.10,2592
CCDS44472.10,1236
CCDS44473.10,1092
CCDS44474.10,2628
CCDS44475.10,2562
CCDS44476.10,1035
CCDS44477.10,3684
CCDS44478.10,1377
CCDS44480.10,2217
CCDS44481.10,1398
CCDS44482.10,1896
CCDS44483.10,1005
CCDS44485.10,2115
CCDS44486.10,2130
CCDS44487.10,2118
CCDS44488.10,2043
CCDS44489.10,2310
CCDS44490.10,7242
CCDS44491.10,5358
CCDS44492.10,7212
CCDS44493.10,561
CCDS44494.10,2535
CCDS44495.10,1152
CCDS44496.10,1152
CCDS44497.10,1500
CCDS44498.10,429
CCDS44499.10,465
CCDS44500.10,957
CCDS44502.10,837
CCDS44504.11,1137
CCDS44505.11,963
CCDS44506.11,1014
CCDS44507.11,4947
CCDS44508.11,2682
CCDS44510.11,1089
CCDS44511.11,1257
CCDS44512.11,2820
CCDS44513.11,7320
CCDS44515.21,17289
CCDS44517.11,711
CCDS44518.11,537
CCDS44519.11,918
CCDS44520.11,870
CCDS44521.11,1821
CCDS44522.11,1890
CCDS44523.11,924
CCDS44525.11,1428
CCDS44528.11,966
CCDS44529.11,990
CCDS44530.11,2919
CCDS44531.11,1896
CCDS44532.11,14262
CCDS44533.11,564
CCDS44534.11,471
CCDS44536.11,1299
CCDS44537.11,2325
CCDS44538.21,2715
CCDS44539.11,2466
CCDS44540.11,1794
CCDS44541.31,1119
CCDS44542.21,1524
CCDS44543.11,1749
CCDS44544.11,384
CCDS44547.11,1758
CCDS44548.11,252
CCDS44549.11,825
CCDS44550.11,1869
CCDS44551.11,1479
CCDS44552.11,4482
CCDS44553.11,831
CCDS44554.11,1410
CCDS44555.11,2292
CCDS44556.11,936
CCDS44557.11,1086
CCDS44558.11,990
CCDS44559.11,1224
CCDS44560.11,834
CCDS44561.21,1509
CCDS44562.21,1560
CCDS44563.11,312
CCDS44564.11,135
CCDS44565.31,6441
CCDS44566.11,1248
CCDS44567.11,477
CCDS44568.11,2862
CCDS44569.21,1326
CCDS44570.11,1314
CCDS44571.11,471
CCDS44572.11,1575
CCDS44573.11,1353
CCDS44575.11,1056
CCDS44576.11,1599
CCDS44577.11,297
CCDS44578.11,2043
CCDS44579.21,2802
CCDS44580.11,2790
CCDS44581.11,1440
CCDS44582.11,1554
CCDS44584.11,1164
CCDS44585.11,1209
CCDS44586.11,4764
CCDS44587.11,4698
CCDS44588.11,4638
CCDS44589.11,4626
CCDS44590.11,4440
CCDS44591.11,816
CCDS44592.11,1116
CCDS44593.11,456
CCDS44594.11,1605
CCDS44596.11,1620
CCDS44599.21,1485
CCDS44600.11,1086
CCDS44601.11,777
CCDS44602.11,369
CCDS44603.11,2139
CCDS44604.11,2907
CCDS44605.11,2889
CCDS44606.11,2802
CCDS44607.11,2826
CCDS44608.11,2604
CCDS44609.11,2499
CCDS44611.11,2115
CCDS44612.11,1860
CCDS44613.11,2313
CCDS44615.11,678
CCDS44616.11,537
CCDS44617.11,723
CCDS44618.11,3072
CCDS44619.11,1416
CCDS44620.11,1389
CCDS44621.11,879
CCDS44622.11,3456
CCDS44623.11,1815
CCDS44624.11,2757
CCDS44625.11,450
CCDS44626.11,1314
CCDS44627.11,1389
CCDS44628.11,609
CCDS44629.11,1071
CCDS44630.11,1158
CCDS44631.11,1560
CCDS44632.11,1521
CCDS44633.21,948
CCDS44634.11,828
CCDS44635.11,801
CCDS44636.11,2037
CCDS44639.11,615
CCDS44640.11,813
CCDS44642.21,1716
CCDS44644.11,2145
CCDS44646.11,2376
CCDS44647.11,3912
CCDS44648.11,465
CCDS44649.11,4572
CCDS44650.11,6105
CCDS44651.11,1647
CCDS44652.11,882
CCDS44653.11,1638
CCDS44654.11,873
CCDS44655.11,501
CCDS44656.11,348
CCDS44657.11,3489
CCDS44658.11,2484
CCDS44659.11,3732
CCDS44660.11,1182
CCDS44661.11,921
CCDS44662.11,363
CCDS44663.11,2961
CCDS44666.11,348
CCDS44667.11,477
CCDS44668.11,876
CCDS44670.11,2805
CCDS44671.11,3402
CCDS44672.11,732
CCDS44673.11,627
CCDS44674.11,675
CCDS44675.11,570
CCDS44676.11,639
CCDS44677.11,828
CCDS44678.11,1161
CCDS44679.11,696
CCDS44680.11,2379
CCDS44681.11,681
CCDS44682.11,1386
CCDS44683.11,2064
CCDS44684.11,1257
CCDS44685.21,1752
CCDS44686.11,1320
CCDS44687.11,1662
CCDS44688.11,8310
CCDS44689.11,4668
CCDS44690.11,2928
CCDS44691.11,2250
CCDS44692.11,1005
CCDS44693.11,426
CCDS44694.11,3639
CCDS44695.11,1617
CCDS44696.11,1665
CCDS44704.11,1182
CCDS44705.11,942
CCDS44707.11,1815
CCDS44708.11,7806
CCDS44709.11,603
CCDS44710.11,3480
CCDS44712.11,2871
CCDS44713.11,1521
CCDS44714.11,3471
CCDS44716.11,1515
CCDS44717.11,12945
CCDS44718.11,879
CCDS44719.11,1131
CCDS44720.11,1344
CCDS44723.11,1005
CCDS44724.11,981
CCDS44727.11,2652
CCDS44728.11,465
CCDS44729.11,1875
CCDS44730.11,867
CCDS44731.11,582
CCDS44732.11,624
CCDS44734.11,2298
CCDS44735.11,1374
CCDS44736.11,690
CCDS44737.11,783
CCDS44738.11,1680
CCDS44739.11,1431
CCDS44740.11,1374
CCDS44741.11,1299
CCDS44743.11,1299
CCDS44744.11,285
CCDS44745.11,1056
CCDS44746.11,921
CCDS44747.11,969
CCDS44748.11,657
CCDS44749.11,1272
CCDS44750.11,3960
CCDS44751.11,1452
CCDS44752.11,2766
CCDS44753.11,633
CCDS44754.11,1482
CCDS44755.11,4161
CCDS44756.11,2856
CCDS44757.11,1506
CCDS44758.11,315
CCDS44759.11,741
CCDS44761.11,588
CCDS44764.11,297
CCDS44765.11,297
CCDS44766.11,1452
CCDS44767.11,1458
CCDS44768.11,1359
CCDS44769.11,6264
CCDS44770.11,3900
CCDS44771.11,3483
CCDS44772.11,3186
CCDS44773.11,2256
CCDS44774.11,2088
CCDS44775.11,1569
CCDS44776.11,1362
CCDS44777.11,1068
CCDS44778.11,951
CCDS44780.11,1962
CCDS44781.12,1371
CCDS44785.12,3414
CCDS44787.12,6417
CCDS44788.12,6561
CCDS44789.12,6477
CCDS44790.12,6501
CCDS44791.12,6417
CCDS44792.12,6540
CCDS44793.12,6474
CCDS44794.12,6417
CCDS44795.12,6441
CCDS44796.12,6435
CCDS44797.12,6468
CCDS44798.12,6417
CCDS44799.12,6474
CCDS44800.12,6417
CCDS44801.12,6441
CCDS44803.12,2196
CCDS44805.12,1059
CCDS44806.12,813
CCDS44807.22,3000
CCDS44809.12,351
CCDS44811.12,2427
CCDS44812.12,678
CCDS44813.12,750
CCDS44814.12,741
CCDS44815.12,738
CCDS44816.12,540
CCDS44817.12,1734
CCDS44818.12,849
CCDS44819.12,915
CCDS44820.12,1788
CCDS44821.12,1875
CCDS44822.12,1965
CCDS44823.12,1920
CCDS44824.12,1809
CCDS44825.12,1743
CCDS44826.12,567
CCDS44827.12,4425
CCDS44829.12,525
CCDS44830.12,831
CCDS44831.12,912
CCDS44833.12,840
CCDS44835.12,981
CCDS44836.12,966
CCDS44837.12,1218
CCDS44838.12,957
CCDS44839.12,4338
CCDS44840.22,3525
CCDS44841.12,1554
CCDS44842.12,1512
CCDS44845.12,1161
CCDS44847.12,978
CCDS44848.12,1110
CCDS44849.12,1230
CCDS44850.12,423
CCDS44851.12,810
CCDS44852.12,1032
CCDS44853.12,534
CCDS44856.12,2913
CCDS44857.12,3825
CCDS44858.12,777
CCDS44859.12,2508
CCDS44860.12,1305
CCDS44861.12,1047
CCDS44862.12,1011
CCDS44863.12,2601
CCDS44864.12,2448
CCDS44865.12,2790
CCDS44866.12,2679
CCDS44867.12,696
CCDS44868.22,1935
CCDS44869.12,1479
CCDS44870.12,300
CCDS44871.12,441
CCDS44873.12,16614
CCDS44874.12,3084
CCDS44875.12,888
CCDS44876.12,1587
CCDS44877.12,2283
CCDS44878.12,7056
CCDS44879.22,2172
CCDS44880.12,1962
CCDS44881.12,1047
CCDS44882.12,294
CCDS44883.12,915
CCDS44884.12,462
CCDS44885.12,624
CCDS44886.12,441
CCDS44887.12,411
CCDS44888.12,261
CCDS44889.12,294
CCDS44890.12,3282
CCDS44891.12,5943
CCDS44892.12,819
CCDS44893.22,1362
CCDS44894.22,1641
CCDS44895.12,1887
CCDS44896.12,582
CCDS44897.12,1296
CCDS44898.12,2337
CCDS44899.12,447
CCDS44900.12,1101
CCDS44901.12,1098
CCDS44902.12,1008
CCDS44903.12,996
CCDS44904.12,957
CCDS44905.12,1485
CCDS44906.12,1452
CCDS44908.12,1821
CCDS44909.12,1119
CCDS44910.12,918
CCDS44911.12,1161
CCDS44912.12,516
CCDS44913.12,1566
CCDS44914.12,3135
CCDS44916.12,612
CCDS44917.12,1758
CCDS44918.12,552
CCDS44919.12,78
CCDS44920.12,3231
CCDS44921.12,648
CCDS44922.12,3609
CCDS44923.12,981
CCDS44924.12,5718
CCDS44925.22,2778
CCDS44926.12,1263
CCDS44927.12,1335
CCDS44928.12,1644
CCDS44929.12,1923
CCDS44930.12,1221
CCDS44931.12,1860
CCDS44932.12,3579
CCDS44933.12,3180
CCDS44934.12,1545
CCDS44935.12,1389
CCDS44936.12,330
CCDS44937.12,1608
CCDS44938.12,669
CCDS44942.12,765
CCDS44943.12,6648
CCDS44944.12,5994
CCDS44945.12,1239
CCDS44946.12,1899
CCDS44947.12,3093
CCDS44948.12,2832
CCDS44949.12,747
CCDS44950.12,1308
CCDS44951.12,228
CCDS44952.12,543
CCDS44953.12,1452
CCDS44954.12,2340
CCDS44955.12,2004
CCDS44956.12,1716
CCDS44957.12,1620
CCDS44958.12,546
CCDS44959.12,585
CCDS44960.12,414
CCDS44961.12,477
CCDS44963.12,1083
CCDS44964.12,216
CCDS44965.12,1122
CCDS44966.12,504
CCDS44968.12,2190
CCDS44969.12,1896
CCDS44971.22,1512
CCDS44973.12,3273
CCDS44975.12,1422
CCDS44976.12,1416
CCDS44977.12,162
CCDS44979.12,2085
CCDS44980.12,1095
CCDS44981.12,3264
CCDS44982.12,519
CCDS44983.12,927
CCDS44984.12,2649
CCDS44985.12,2667
CCDS44987.12,1335
CCDS44988.12,1599
CCDS44989.12,1866
CCDS44992.12,1623
CCDS44993.12,987
CCDS44994.12,1836
CCDS44995.12,330
CCDS44996.12,1674
CCDS44997.12,1776
CCDS44998.12,1275
CCDS44999.12,1602
CCDS45000.12,1932
CCDS45001.12,1971
CCDS45002.12,6630
CCDS45003.12,597
CCDS45004.32,690
CCDS45005.12,756
CCDS45006.12,1212
CCDS45007.12,2091
CCDS45008.12,1521
CCDS45009.22,3327
CCDS45010.12,3138
CCDS45012.12,2844
CCDS45013.13,1236
CCDS45014.13,1569
CCDS45016.13,4134
CCDS45017.13,1065
CCDS45019.13,1098
CCDS45020.13,522
CCDS45021.13,1392
CCDS45022.23,4110
CCDS45023.13,966
CCDS45024.13,2259
CCDS45025.13,918
CCDS45026.13,8841
CCDS45027.13,420
CCDS45028.13,645
CCDS45029.13,339
CCDS45030.13,1395
CCDS45031.13,1266
CCDS45032.13,1404
CCDS45033.13,885
CCDS45034.13,2340
CCDS45035.13,2415
CCDS45036.13,2487
CCDS45037.13,2949
CCDS45038.13,2682
CCDS45039.13,2511
CCDS45040.13,849
CCDS45041.13,2769
CCDS45042.13,1848
CCDS45043.13,1788
CCDS45044.13,1290
CCDS45045.13,2091
CCDS45046.13,474
CCDS45047.13,774
CCDS45048.13,348
CCDS45049.13,3777
CCDS45050.13,1098
CCDS45051.13,1002
CCDS45053.13,666
CCDS45054.13,666
CCDS45055.13,666
CCDS45056.13,666
CCDS45057.13,2787
CCDS45059.13,1311
CCDS45060.13,1659
CCDS45061.13,2580
CCDS45062.13,6207
CCDS45063.13,3762
CCDS45064.13,1035
CCDS45065.13,2109
CCDS45066.13,462
CCDS45067.13,801
CCDS45068.13,2412
CCDS45069.13,2262
CCDS45070.23,3378
CCDS45071.13,981
CCDS45072.13,2037
CCDS45077.14,1713
CCDS45079.14,882
CCDS45080.14,3861
CCDS45081.14,6909
CCDS45082.14,1023
CCDS45083.14,483
CCDS45084.14,612
CCDS45085.14,1653
CCDS45086.14,486
CCDS45087.14,1101
CCDS45088.14,1704
CCDS45089.14,2895
CCDS45090.14,5697
CCDS45091.14,882
CCDS45092.14,1728
CCDS45093.14,435
CCDS45094.24,6141
CCDS45095.14,4506
CCDS45096.14,1032
CCDS45098.44,3078
CCDS45100.14,2370
CCDS45102.24,366
CCDS45103.14,6141
CCDS45105.14,1653
CCDS45106.14,1290
CCDS45107.14,2064
CCDS45108.14,1902
CCDS45109.14,519
CCDS45110.14,642
CCDS45111.14,2127
CCDS45113.14,747
CCDS45114.14,3612
CCDS45115.14,4419
CCDS45116.14,936
CCDS45117.14,918
CCDS45120.14,1368
CCDS45121.14,1938
CCDS45122.14,1836
CCDS45124.14,1671
CCDS45126.14,2142
CCDS45128.14,4095
CCDS45129.14,2664
CCDS45130.14,2745
CCDS45131.14,897
CCDS45132.14,669
CCDS45133.14,1074
CCDS45134.14,573
CCDS45135.14,6441
CCDS45136.24,1098
CCDS45138.14,828
CCDS45139.14,525
CCDS45140.14,792
CCDS45141.14,2421
CCDS45142.14,1080
CCDS45143.14,879
CCDS45144.14,1368
CCDS45145.14,1380
CCDS45146.14,822
CCDS45148.14,5934
CCDS45149.14,1650
CCDS45150.14,1695
CCDS45151.14,6087
CCDS45154.14,1041
CCDS45155.24,1812
CCDS45156.14,1677
CCDS45157.14,945
CCDS45158.24,492
CCDS45160.14,1743
CCDS45161.14,1260
CCDS45162.14,2349
CCDS45163.14,1350
CCDS45164.14,2784
CCDS45165.14,2262
CCDS45166.14,2235
CCDS45167.14,1980
CCDS45168.14,1857
CCDS45169.14,228
CCDS45170.24,1722
CCDS45171.14,5649
CCDS45173.14,3723
CCDS45174.14,1269
CCDS45175.14,4665
CCDS45176.24,4560
CCDS45177.14,17388
CCDS45178.24,2715
CCDS45180.14,1059
CCDS45181.14,1281
CCDS45182.14,1182
CCDS45184.15,2175
CCDS45191.15,2619
CCDS45192.15,2628
CCDS45194.15,1389
CCDS45195.15,1404
CCDS45197.15,2214
CCDS45198.15,1620
CCDS45199.15,5007
CCDS45204.15,2334
CCDS45207.15,639
CCDS45208.15,636
CCDS45209.15,3591
CCDS45210.15,14613
CCDS45211.15,1812
CCDS45213.15,498
CCDS45215.15,846
CCDS45216.15,552
CCDS45217.15,1206
CCDS45218.15,1185
CCDS45219.15,1167
CCDS45221.15,2289
CCDS45222.15,2394
CCDS45223.15,492
CCDS45225.15,249
CCDS45226.15,861
CCDS45227.15,726
CCDS45229.15,528
CCDS45230.15,603
CCDS45231.15,1542
CCDS45232.15,2058
CCDS45233.25,534
CCDS45234.15,1326
CCDS45236.15,1323
CCDS45237.15,2205
CCDS45239.15,4545
CCDS45240.15,951
CCDS45241.15,2346
CCDS45243.15,546
CCDS45245.15,2466
CCDS45246.15,930
CCDS45247.15,615
CCDS45249.15,2076
CCDS45250.15,5934
CCDS45251.15,5928
CCDS45252.15,4302
CCDS45253.15,1632
CCDS45254.15,246
CCDS45255.15,495
CCDS45256.15,426
CCDS45257.15,1353
CCDS45258.15,1083
CCDS45259.15,375
CCDS45260.15,948
CCDS45261.15,1062
CCDS45262.15,5487
CCDS45263.15,3231
CCDS45264.15,6645
CCDS45265.15,2703
CCDS45266.15,1269
CCDS45268.15,1863
CCDS45269.15,1107
CCDS45271.15,1407
CCDS45272.15,10887
CCDS45273.15,855
CCDS45275.15,1122
CCDS45276.15,651
CCDS45277.15,14586
CCDS45278.15,309
CCDS45279.15,846
CCDS45280.15,1170
CCDS45281.15,1377
CCDS45282.15,1089
CCDS45283.15,1320
CCDS45284.15,3300
CCDS45285.15,5592
CCDS45286.15,3165
CCDS45288.15,1146
CCDS45289.15,474
CCDS45290.15,1956
CCDS45291.15,3567
CCDS45292.15,750
CCDS45293.15,2319
CCDS45294.15,2310
CCDS45296.15,801
CCDS45297.15,1902
CCDS45298.15,1836
CCDS45299.15,1683
CCDS45300.15,1272
CCDS45301.15,1977
CCDS45302.15,480
CCDS45303.15,1092
CCDS45305.15,1419
CCDS45306.15,708
CCDS45308.15,2082
CCDS45309.15,1080
CCDS45310.15,831
CCDS45311.15,855
CCDS45312.15,1251
CCDS45313.15,1863
CCDS45314.15,2892
CCDS45315.15,1356
CCDS45316.15,1194
CCDS45317.15,1113
CCDS45318.15,663
CCDS45319.15,573
CCDS45320.15,3774
CCDS45322.15,492
CCDS45323.15,990
CCDS45324.15,3303
CCDS45325.25,1569
CCDS45326.15,1299
CCDS45329.25,1686
CCDS45330.25,1461
CCDS45331.15,3249
CCDS45332.15,2250
CCDS45333.15,2430
CCDS45334.15,1065
CCDS45336.15,1032
CCDS45338.15,1020
CCDS45339.15,1137
CCDS45340.15,540
CCDS45343.15,1686
CCDS45344.15,1653
CCDS45345.15,1008
CCDS45346.15,3987
CCDS45347.15,2514
CCDS45348.15,1857
CCDS45349.15,2259
CCDS45350.15,2295
CCDS45351.15,2085
CCDS45352.15,1821
CCDS45353.25,1578
CCDS45354.15,2079
CCDS45355.15,480
CCDS45356.15,1506
CCDS45357.15,1353
CCDS45358.15,846
CCDS45359.15,786
CCDS45362.15,1500
CCDS45363.15,1314
CCDS45365.16,1716
CCDS45366.16,372
CCDS45367.16,384
CCDS45368.16,615
CCDS45369.26,795
CCDS45370.16,1869
CCDS45371.16,2928
CCDS45373.16,1704
CCDS45375.16,7062
CCDS45376.16,7044
CCDS45379.16,3993
CCDS45380.26,672
CCDS45381.26,1029
CCDS45382.16,1014
CCDS45383.16,981
CCDS45384.16,5355
CCDS45385.16,12909
CCDS45387.16,357
CCDS45388.16,903
CCDS45390.16,2148
CCDS45391.16,1443
CCDS45392.16,891
CCDS45393.16,1527
CCDS45394.16,507
CCDS45395.16,1185
CCDS45396.16,729
CCDS45397.16,549
CCDS45398.16,744
CCDS45399.16,7215
CCDS45400.16,1362
CCDS45401.26,1593
CCDS45402.16,1659
CCDS45403.16,2091
CCDS45404.26,1086
CCDS45405.16,1179
CCDS45407.16,3846
CCDS45408.16,642
CCDS45409.16,3162
CCDS45410.16,417
CCDS45411.16,459
CCDS45412.16,1914
CCDS45413.16,1911
CCDS45414.16,1500
CCDS45417.26,1275
CCDS45418.26,666
CCDS45419.16,1920
CCDS45420.16,1737
CCDS45421.16,591
CCDS45422.16,564
CCDS45423.16,5940
CCDS45424.16,5838
CCDS45427.16,4419
CCDS45430.16,10986
CCDS45431.16,3021
CCDS45432.16,1164
CCDS45433.16,1173
CCDS45435.16,1317
CCDS45436.16,2076
CCDS45437.16,2232
CCDS45440.16,954
CCDS45441.16,3555
CCDS45443.16,3402
CCDS45444.16,357
CCDS45445.16,1005
CCDS45446.16,840
CCDS45448.16,1365
CCDS45450.16,996
CCDS45451.16,3135
CCDS45452.16,1431
CCDS45453.16,1365
CCDS45454.16,1368
CCDS45455.16,699
CCDS45458.16,2430
CCDS45459.16,360
CCDS45460.16,954
CCDS45461.16,3261
CCDS45462.26,2943
CCDS45463.16,2610
CCDS45464.16,603
CCDS45465.16,2085
CCDS45466.16,591
CCDS45467.16,1098
CCDS45468.16,1404
CCDS45469.16,1032
CCDS45470.16,3459
CCDS45471.16,1047
CCDS45472.16,2808
CCDS45473.16,381
CCDS45475.16,375
CCDS45477.16,375
CCDS45478.16,1272
CCDS45479.16,2691
CCDS45480.16,429
CCDS45481.16,309
CCDS45482.16,2871
CCDS45483.16,3684
CCDS45485.16,8646
CCDS45486.16,3708
CCDS45487.16,1833
CCDS45488.16,1704
CCDS45489.16,1701
CCDS45490.16,1728
CCDS45491.16,3090
CCDS45492.16,1173
CCDS45493.16,2481
CCDS45494.16,2064
CCDS45495.16,900
CCDS45496.26,651
CCDS45497.16,972
CCDS45498.16,768
CCDS45499.16,417
CCDS45500.16,1176
CCDS45501.16,4656
CCDS45502.16,342
CCDS45503.16,510
CCDS45504.16,696
CCDS45506.16,492
CCDS45507.26,1632
CCDS45508.16,564
CCDS45509.16,1209
CCDS45510.16,1389
CCDS45511.16,522
CCDS45512.16,3333
CCDS45513.16,4308
CCDS45514.16,1038
CCDS45516.16,3285
CCDS45517.16,1314
CCDS45518.16,4650
CCDS45519.16,4647
CCDS45520.16,2640
CCDS45522.16,2478
CCDS45523.16,2070
CCDS45524.16,1221
CCDS45525.16,1044
CCDS45526.16,3579
CCDS45527.16,3540
CCDS45528.16,792
CCDS45529.16,1455
CCDS45530.16,951
CCDS45532.16,1878
CCDS45533.16,729
CCDS45534.16,231
CCDS45535.16,2328
CCDS45536.16,1752
CCDS45537.16,2397
CCDS45538.16,1038
CCDS45539.16,3342
CCDS45540.16,231
CCDS45541.16,381
CCDS45545.16,1548
CCDS45546.16,405
CCDS45547.26,837
CCDS45550.16,2190
CCDS45552.16,591
CCDS45554.16,1845
CCDS45555.16,594
CCDS45557.16,1479
CCDS45558.17,2499
CCDS45559.17,3177
CCDS45560.17,708
CCDS45561.17,615
CCDS45562.17,3135
CCDS45563.17,813
CCDS45564.17,1710
CCDS45567.17,795
CCDS45569.17,1326
CCDS45570.17,3021
CCDS45573.17,2193
CCDS45574.17,2148
CCDS45576.17,2520
CCDS45578.17,1863
CCDS45579.17,3000
CCDS45580.17,2997
CCDS45582.17,1482
CCDS45583.17,1386
CCDS45584.17,2229
CCDS45585.17,213
CCDS45586.17,309
CCDS45587.17,345
CCDS45588.17,3999
CCDS45589.17,3912
CCDS45590.17,3939
CCDS45591.17,573
CCDS45592.17,2589
CCDS45593.17,1569
CCDS45594.37,297
CCDS45595.17,579
CCDS45596.17,417
CCDS45597.17,879
CCDS45598.17,879
CCDS45599.17,2304
CCDS45600.17,2166
CCDS45601.17,555
CCDS45602.17,1986
CCDS45603.17,1017
CCDS45604.17,2022
CCDS45605.17,1041
CCDS45606.17,1026
CCDS45607.17,423
CCDS45608.17,663
CCDS45609.17,714
CCDS45610.17,3372
CCDS45611.17,1011
CCDS45613.17,5817
CCDS45614.17,414
CCDS45615.17,1656
CCDS45616.17,2457
CCDS45617.17,612
CCDS45619.17,2259
CCDS45620.17,1035
CCDS45621.17,4284
CCDS45622.17,1572
CCDS45623.17,1374
CCDS45624.17,1398
CCDS45625.17,618
CCDS45626.17,906
CCDS45627.17,357
CCDS45628.17,2130
CCDS45631.17,237
CCDS45634.27,573
CCDS45636.17,756
CCDS45637.17,1689
CCDS45638.17,2982
CCDS45639.17,2985
CCDS45641.17,6120
CCDS45642.17,6165
CCDS45643.17,747
CCDS45644.17,558
CCDS45645.17,1782
CCDS45646.17,1047
CCDS45647.17,582
CCDS45648.17,2790
CCDS45650.17,2739
CCDS45651.17,393
CCDS45652.17,330
CCDS45653.17,1650
CCDS45654.17,2313
CCDS45655.17,828
CCDS45656.17,918
CCDS45658.17,1650
CCDS45660.17,3552
CCDS45661.17,1140
CCDS45662.17,384
CCDS45663.17,1278
CCDS45664.17,540
CCDS45665.17,1437
CCDS45666.17,4446
CCDS45667.17,3678
CCDS45669.17,1338
CCDS45670.17,1056
CCDS45671.17,1098
CCDS45672.17,4596
CCDS45673.17,468
CCDS45674.17,558
CCDS45675.17,588
CCDS45677.17,1485
CCDS45678.17,1317
CCDS45679.17,408
CCDS45680.17,294
CCDS45682.17,1425
CCDS45683.17,2517
CCDS45684.17,2514
CCDS45685.17,1782
CCDS45687.17,735
CCDS45688.17,654
CCDS45689.17,765
CCDS45690.17,2190
CCDS45692.27,357
CCDS45693.17,372
CCDS45694.17,2901
CCDS45695.17,495
CCDS45696.17,3369
CCDS45697.17,1065
CCDS45698.17,1341
CCDS45699.17,1218
CCDS45700.17,1080
CCDS45701.17,2481
CCDS45703.27,2859
CCDS45704.17,675
CCDS45705.17,465
CCDS45706.27,1296
CCDS45707.17,2814
CCDS45708.17,1296
CCDS45709.27,2559
CCDS45710.17,1026
CCDS45711.17,807
CCDS45712.17,1335
CCDS45713.17,1206
CCDS45714.17,1128
CCDS45715.17,2331
CCDS45716.17,1239
CCDS45717.17,378
CCDS45718.17,534
CCDS45719.17,588
CCDS45720.17,2493
CCDS45721.17,2760
CCDS45722.17,1848
CCDS45723.17,1137
CCDS45724.17,2676
CCDS45725.17,1083
CCDS45726.17,879
CCDS45727.17,324
CCDS45728.17,507
CCDS45729.17,792
CCDS45730.17,7134
CCDS45731.17,6999
CCDS45732.17,6855
CCDS45733.17,6801
CCDS45734.17,7032
CCDS45735.17,6753
CCDS45736.17,6516
CCDS45737.17,6921
CCDS45739.17,1719
CCDS45740.17,3966
CCDS45741.17,429
CCDS45742.17,5394
CCDS45743.17,825
CCDS45745.17,408
CCDS45746.17,2895
CCDS45747.17,366
CCDS45748.17,228
CCDS45749.17,2787
CCDS45750.17,3615
CCDS45751.17,1473
CCDS45752.17,1137
CCDS45753.17,2157
CCDS45754.17,5973
CCDS45755.17,2199
CCDS45756.17,1596
CCDS45757.17,738
CCDS45758.17,609
CCDS45759.17,420
CCDS45760.17,609
CCDS45761.17,5511
CCDS45762.17,2934
CCDS45763.17,2466
CCDS45764.17,2016
CCDS45765.17,294
CCDS45766.17,624
CCDS45767.17,1752
CCDS45768.17,540
CCDS45769.17,6519
CCDS45770.17,642
CCDS45771.17,465
CCDS45772.17,327
CCDS45773.17,216
CCDS45774.17,288
CCDS45775.17,3363
CCDS45776.17,1071
CCDS45777.17,1233
CCDS45778.27,2433
CCDS45779.27,3447
CCDS45780.27,372
CCDS45781.17,2031
CCDS45782.17,2208
CCDS45783.17,2124
CCDS45784.17,1971
CCDS45785.17,1155
CCDS45786.17,513
CCDS45787.17,573
CCDS45788.17,2406
CCDS45789.17,2046
CCDS45790.17,1761
CCDS45791.17,1707
CCDS45792.17,1740
CCDS45793.17,1269
CCDS45795.17,1008
CCDS45801.17,927
CCDS45805.17,939
CCDS45806.17,1605
CCDS45807.17,4125
CCDS45808.17,3243
CCDS45809.17,225
CCDS45810.17,1551
CCDS45811.17,1479
CCDS45812.17,1827
CCDS45813.27,522
CCDS45814.17,294
CCDS45815.17,924
CCDS45817.17,522
CCDS45818.17,3579
CCDS45820.18,1974
CCDS45821.18,1086
CCDS45822.18,6018
CCDS45823.18,4770
CCDS45824.18,5058
CCDS45825.18,1866
CCDS45826.18,588
CCDS45827.18,939
CCDS45829.18,2271
CCDS45830.18,1869
CCDS45832.18,1083
CCDS45835.18,1629
CCDS45836.18,5772
CCDS45837.18,2238
CCDS45838.18,9834
CCDS45839.18,1752
CCDS45840.18,666
CCDS45841.18,909
CCDS45842.18,753
CCDS45843.18,639
CCDS45845.18,3180
CCDS45846.18,2106
CCDS45847.18,6747
CCDS45848.18,2061
CCDS45850.18,948
CCDS45851.18,855
CCDS45852.18,1605
CCDS45853.18,687
CCDS45854.18,1302
CCDS45855.18,1734
CCDS45856.18,1458
CCDS45857.18,1455
CCDS45858.18,1347
CCDS45859.18,729
CCDS45860.18,1338
CCDS45861.18,3345
CCDS45862.18,1539
CCDS45864.18,1803
CCDS45865.18,555
CCDS45866.18,1983
CCDS45867.18,633
CCDS45868.18,789
CCDS45869.18,591
CCDS45871.18,909
CCDS45872.18,2928
CCDS45873.18,2868
CCDS45874.18,2904
CCDS45875.18,2565
CCDS45876.18,2505
CCDS45877.18,426
CCDS45878.18,417
CCDS45879.18,2796
CCDS45880.18,3537
CCDS45881.28,5154
CCDS45882.18,618
CCDS45884.18,1533
CCDS45885.18,6747
CCDS45886.18,225
CCDS45889.19,699
CCDS45890.19,1266
CCDS45891.19,1749
CCDS45892.19,1653
CCDS45894.19,4101
CCDS45895.19,3930
CCDS45896.19,1302
CCDS45897.19,810
CCDS45898.19,357
CCDS45899.19,1956
CCDS45900.19,1485
CCDS45901.19,3903
CCDS45902.19,933
CCDS45903.19,690
CCDS45905.19,1779
CCDS45907.19,312
CCDS45909.19,318
CCDS45910.19,1719
CCDS45911.19,2232
CCDS45912.19,1866
CCDS45913.19,2121
CCDS45914.19,1500
CCDS45915.19,393
CCDS45916.19,1491
CCDS45917.19,1215
CCDS45918.19,630
CCDS45919.19,954
CCDS45920.19,2277
CCDS45921.19,2820
CCDS45922.19,213
CCDS45923.19,1116
CCDS45925.19,3441
CCDS45926.19,1212
CCDS45928.19,2679
CCDS45929.29,987
CCDS45930.19,5847
CCDS45931.19,948
CCDS45932.19,546
CCDS45933.19,1269
CCDS45934.39,489
CCDS45935.19,1689
CCDS45936.19,2136
CCDS45937.19,1113
CCDS45938.19,2406
CCDS45939.19,615
CCDS45940.19,906
CCDS45942.19,627
CCDS45944.19,627
CCDS45945.19,1272
CCDS45946.29,3360
CCDS45947.19,3831
CCDS45948.19,1773
CCDS45949.19,1083
CCDS45950.19,1143
CCDS45951.19,1197
CCDS45952.19,939
CCDS45953.19,210
CCDS45954.29,2013
CCDS45955.19,1020
CCDS45956.19,1281
CCDS45957.19,876
CCDS45958.19,4899
CCDS45959.19,816
CCDS45960.29,2220
CCDS45961.19,2661
CCDS45962.19,2583
CCDS45963.19,2478
CCDS45964.19,1272
CCDS45965.19,2697
CCDS45966.19,2073
CCDS45967.19,2121
CCDS45968.19,2613
CCDS45969.19,2613
CCDS45970.19,693
CCDS45972.19,4854
CCDS45973.19,4851
CCDS45974.19,594
CCDS45975.19,6144
CCDS45976.19,894
CCDS45977.19,1578
CCDS45978.19,1083
CCDS45979.19,654
CCDS45980.19,891
CCDS45981.19,1833
CCDS45982.19,1194
CCDS45983.19,2022
CCDS45984.29,1596
CCDS45985.19,2001
CCDS45986.19,1599
CCDS45988.19,1848
CCDS45989.19,1932
CCDS45991.19,2694
CCDS45992.19,2664
CCDS45994.19,690
CCDS45996.19,1326
CCDS45997.19,1893
CCDS45998.19,7521
CCDS45999.19,6786
CCDS46001.29,2067
CCDS46002.29,921
CCDS46004.19,2169
CCDS46005.19,1941
CCDS46006.19,3036
CCDS46007.19,855
CCDS46008.19,1308
CCDS46009.19,1230
CCDS46010.19,6069
CCDS46011.19,780
CCDS46012.19,990
CCDS46013.29,5112
CCDS46014.19,3930
CCDS46015.19,753
CCDS46016.19,1821
CCDS46017.19,4104
CCDS46018.19,3405
CCDS46019.19,540
CCDS46020.19,1053
CCDS46021.19,1014
CCDS46022.19,978
CCDS46023.19,1077
CCDS46024.19,1107
CCDS46025.19,360
CCDS46027.19,1239
CCDS46028.19,1806
CCDS46029.19,1392
CCDS46030.19,1692
CCDS46031.19,1719
CCDS46032.19,1596
CCDS46034.19,858
CCDS46035.19,1188
CCDS46038.19,1188
CCDS46039.19,852
CCDS46040.19,1392
CCDS46042.19,1200
CCDS46043.19,1713
CCDS46044.19,1875
CCDS46045.19,1872
CCDS46046.19,2142
CCDS46047.19,807
CCDS46048.19,435
CCDS46049.19,291
CCDS46050.19,186
CCDS46051.19,570
CCDS46052.19,1161
CCDS46053.19,1197
CCDS46054.29,1398
CCDS46055.19,8148
CCDS46056.29,1443
CCDS46057.19,279
CCDS46058.19,339
CCDS46059.19,4572
CCDS46061.19,1260
CCDS46062.19,1221
CCDS46063.19,8622
CCDS46064.29,1164
CCDS46065.19,999
CCDS46066.19,900
CCDS46067.19,876
CCDS46068.19,2022
CCDS46069.19,1059
CCDS46070.19,405
CCDS46071.19,2316
CCDS46072.19,3252
CCDS46073.19,420
CCDS46075.19,1770
CCDS46076.19,1164
CCDS46077.19,2502
CCDS46078.19,477
CCDS46079.19,1929
CCDS46081.19,1512
CCDS46082.19,402
CCDS46083.19,384
CCDS46084.19,372
CCDS46085.19,393
CCDS46086.19,882
CCDS46087.19,879
CCDS46088.19,567
CCDS46089.19,1395
CCDS46090.19,894
CCDS46091.19,1260
CCDS46093.19,1260
CCDS46095.19,2148
CCDS46096.19,756
CCDS46097.19,2040
CCDS46098.19,1476
CCDS46099.19,1782
CCDS46100.19,2121
CCDS46101.19,2103
CCDS46102.19,2412
CCDS46103.19,285
CCDS46105.19,1119
CCDS46106.19,1095
CCDS46107.19,1179
CCDS46108.19,900
CCDS46109.19,1287
CCDS46110.19,1740
CCDS46112.19,1218
CCDS46113.19,909
CCDS46114.19,618
CCDS46115.19,1293
CCDS46116.19,1812
CCDS46117.19,1878
CCDS46118.19,1875
CCDS46120.29,1539
CCDS46121.19,360
CCDS46122.19,393
CCDS46123.19,333
CCDS46124.19,1137
CCDS46125.19,1020
CCDS46126.19,942
CCDS46127.19,4500
CCDS46128.19,306
CCDS46129.19,786
CCDS46130.19,396
CCDS46131.19,429
CCDS46132.19,1077
CCDS46133.29,4041
CCDS46134.19,4683
CCDS46135.19,399
CCDS46136.29,4383
CCDS46137.19,1248
CCDS46139.19,642
CCDS46140.19,1689
CCDS46141.19,2256
CCDS46143.19,6111
CCDS46144.29,750
CCDS46145.19,1116
CCDS46146.19,462
CCDS46147.19,2379
CCDS46148.19,2934
CCDS46149.19,2868
CCDS46150.19,1809
CCDS46151.19,6012
CCDS46152.19,3426
CCDS46153.19,852
CCDS46155.19,657
CCDS46157.19,714
CCDS46158.19,1011
CCDS46160.19,1281
CCDS46161.19,2775
CCDS46162.19,2811
CCDS46163.19,1407
CCDS46164.19,1734
CCDS46165.19,2025
CCDS46166.19,1986
CCDS46167.19,2712
CCDS46169.19,2037
CCDS46170.19,2913
CCDS46171.19,1572
CCDS46172.19,1854
CCDS46173.19,816
CCDS46174.19,2139
CCDS46175.19,1899
CCDS46176.19,1776
CCDS46179.19,1452
CCDS46181.19,912
CCDS46182.19,864
CCDS46183.19,3114
CCDS46184.19,1020
CCDS46185.19,756
CCDS46186.19,2646
CCDS46189.19,510
CCDS46190.19,492
CCDS46191.19,210
CCDS46192.19,264
CCDS46193.19,1617
CCDS46194.19,408
CCDS46195.19,618
CCDS46196.19,4722
CCDS46197.19,1416
CCDS46198.19,1989
CCDS46199.19,1731
CCDS46200.19,1653
CCDS46201.19,864
CCDS46202.19,150
CCDS46203.19,1488
CCDS46205.19,873
CCDS46206.19,828
CCDS46207.19,1884
CCDS46208.19,1485
CCDS46209.19,1602
CCDS46210.19,1347
CCDS46211.19,1395
CCDS46212.19,2568
CCDS46214.19,1701
CCDS46215.19,1125
CCDS46216.19,1596
CCDS46217.1|Hs110|chr2,339
CCDS46218.1|Hs110|chr2,459
CCDS46220.1|Hs110|chr2,1620
CCDS46221.1|Hs110|chr2,4440
CCDS46222.1|Hs110|chr2,3555
CCDS46223.1|Hs110|chr2,1176
CCDS46224.1|Hs110|chr2,2886
CCDS46226.1|Hs110|chr2,1461
CCDS46227.1|Hs110|chr2,4377
CCDS46229.1|Hs110|chr2,1869
CCDS46230.1|Hs110|chr2,3750
CCDS46231.1|Hs110|chr2,2454
CCDS46232.1|Hs110|chr2,501
CCDS46233.1|Hs110|chr2,1683
CCDS46234.1|Hs110|chr2,1704
CCDS46235.1|Hs110|chr2,1794
CCDS46236.1|Hs110|chr2,1830
CCDS46237.1|Hs110|chr2,1884
CCDS46238.1|Hs110|chr2,2994
CCDS46239.1|Hs110|chr2,3240
CCDS46240.1|Hs110|chr2,1194
CCDS46242.1|Hs110|chr2,1935
CCDS46243.1|Hs110|chr2,516
CCDS46244.1|Hs110|chr2,1569
CCDS46245.1|Hs110|chr2,1632
CCDS46247.1|Hs110|chr2,1323
CCDS46248.1|Hs110|chr2,1089
CCDS46249.1|Hs110|chr2,840
CCDS46250.1|Hs110|chr2,888
CCDS46251.1|Hs110|chr2,2034
CCDS46252.1|Hs110|chr2,2010
CCDS46254.1|Hs110|chr2,2055
CCDS46255.1|Hs110|chr2,825
CCDS46256.1|Hs110|chr2,2073
CCDS46257.1|Hs110|chr2,1062
CCDS46258.1|Hs110|chr2,1143
CCDS46259.1|Hs110|chr2,1533
CCDS46260.1|Hs110|chr2,1752
CCDS46261.1|Hs110|chr2,1614
CCDS46262.2|Hs110|chr2,456
CCDS46263.2|Hs110|chr2,2613
CCDS46264.1|Hs110|chr2,2814
CCDS46265.1|Hs110|chr2,2907
CCDS46266.1|Hs110|chr2,2772
CCDS46267.1|Hs110|chr2,1548
CCDS46268.1|Hs110|chr2,5862
CCDS46270.1|Hs110|chr2,606
CCDS46271.1|Hs110|chr2,1143
CCDS46278.1|Hs110|chr2,2343
CCDS46281.1|Hs110|chr2,1437
CCDS46282.1|Hs110|chr2,4644
CCDS46283.1|Hs110|chr2,1374
CCDS46284.1|Hs110|chr2,1290
CCDS46285.1|Hs110|chr2,864
CCDS46286.1|Hs110|chr2,5877
CCDS46287.1|Hs110|chr2,1395
CCDS46288.1|Hs110|chr2,5613
CCDS46289.1|Hs110|chr2,2550
CCDS46290.1|Hs110|chr2,1662
CCDS46291.1|Hs110|chr2,1191
CCDS46292.1|Hs110|chr2,1458
CCDS46293.1|Hs110|chr2,1173
CCDS46294.1|Hs110|chr2,1143
CCDS46295.1|Hs110|chr2,732
CCDS46296.1|Hs110|chr2,2157
CCDS46297.1|Hs110|chr2,564
CCDS46298.1|Hs110|chr2,348
CCDS46299.1|Hs110|chr2,3591
CCDS46300.1|Hs110|chr2,3483
CCDS46301.1|Hs110|chr2,1764
CCDS46302.1|Hs110|chr2,2898
CCDS46303.1|Hs110|chr2,2811
CCDS46305.1|Hs110|chr2,390
CCDS46306.1|Hs110|chr2,618
CCDS46307.1|Hs110|chr2,1200
CCDS46308.1|Hs110|chr2,1248
CCDS46309.1|Hs110|chr2,1173
CCDS46310.1|Hs110|chr2,513
CCDS46311.1|Hs110|chr2,387
CCDS46312.1|Hs110|chr2,1917
CCDS46313.1|Hs110|chr2,1107
CCDS46314.1|Hs110|chr2,1002
CCDS46315.1|Hs110|chr2,693
CCDS46316.1|Hs110|chr2,480
CCDS46318.1|Hs110|chr2,1680
CCDS46320.1|Hs110|chr2,660
CCDS46321.1|Hs110|chr2,1593
CCDS46322.1|Hs110|chr2,372
CCDS46323.1|Hs110|chr2,6336
CCDS46324.1|Hs110|chr2,6357
CCDS46325.1|Hs110|chr2,6294
CCDS46326.1|Hs110|chr2,6306
CCDS46327.1|Hs110|chr2,6339
CCDS46328.1|Hs110|chr2,6360
CCDS46329.1|Hs110|chr2,6297
CCDS46330.1|Hs110|chr2,6309
CCDS46331.1|Hs110|chr2,6246
CCDS46332.1|Hs110|chr2,6267
CCDS46333.1|Hs110|chr2,2436
CCDS46335.1|Hs110|chr2,756
CCDS46336.1|Hs110|chr2,1632
CCDS46337.2|Hs110|chr2,2628
CCDS46338.1|Hs110|chr2,2769
CCDS46339.2|Hs110|chr2,5388
CCDS46340.1|Hs110|chr2,651
CCDS46341.1|Hs110|chr2,3762
CCDS46342.1|Hs110|chr2,3420
CCDS46343.1|Hs110|chr2,3435
CCDS46345.1|Hs110|chr2,936
CCDS46346.1|Hs110|chr2,1773
CCDS46347.1|Hs110|chr2,1557
CCDS46348.1|Hs110|chr2,12477
CCDS46349.1|Hs110|chr2,1371
CCDS46350.1|Hs110|chr2,1146
CCDS46351.1|Hs110|chr2,1314
CCDS46352.1|Hs110|chr2,1146
CCDS46353.1|Hs110|chr2,2106
CCDS46354.1|Hs110|chr2,393
CCDS46355.1|Hs110|chr2,2277
CCDS46356.1|Hs110|chr2,2274
CCDS46357.1|Hs110|chr2,2244
CCDS46360.1|Hs110|chr2,1668
CCDS46361.1|Hs110|chr2,2637
CCDS46365.1|Hs110|chr2,1080
CCDS46366.2|Hs110|chr2,2040
CCDS46368.1|Hs110|chr2,5652
CCDS46369.1|Hs110|chr2,2934
CCDS46370.1|Hs110|chr2,2817
CCDS46371.1|Hs110|chr2,2919
CCDS46372.1|Hs110|chr2,2865
CCDS46373.1|Hs110|chr2,387
CCDS46374.1|Hs110|chr2,366
CCDS46375.1|Hs110|chr2,3423
CCDS46376.1|Hs110|chr2,1422
CCDS46378.1|Hs110|chr2,1263
CCDS46379.1|Hs110|chr2,5277
CCDS46380.1|Hs110|chr2,1401
CCDS46381.1|Hs110|chr2,5277
CCDS46383.1|Hs110|chr2,1365
CCDS46384.1|Hs110|chr2,1845
CCDS46385.1|Hs110|chr2,2199
CCDS46386.1|Hs110|chr2,2034
CCDS46388.1|Hs110|chr2,5298
CCDS46389.1|Hs110|chr2,1743
CCDS46391.1|Hs110|chr2,1182
CCDS46392.1|Hs110|chr2,876
CCDS46393.1|Hs110|chr2,3570
CCDS46394.1|Hs110|chr2,5298
CCDS46395.1|Hs110|chr2,3240
CCDS46396.1|Hs110|chr2,534
CCDS46398.1|Hs110|chr2,1353
CCDS46399.1|Hs110|chr2,1197
CCDS46400.1|Hs110|chr2,2391
CCDS46401.1|Hs110|chr2,3921
CCDS46402.1|Hs110|chr2,330
CCDS46403.1|Hs110|chr2,1320
CCDS46404.1|Hs110|chr2,1860
CCDS46405.1|Hs110|chr2,6351
CCDS46407.1|Hs110|chr2,981
CCDS46408.1|Hs110|chr2,765
CCDS46409.1|Hs110|chr2,3228
CCDS46410.1|Hs110|chr2,1062
CCDS46413.1|Hs110|chr2,669
CCDS46414.1|Hs110|chr2,3228
CCDS46416.1|Hs110|chr2,270
CCDS46417.1|Hs110|chr2,1773
CCDS46418.1|Hs110|chr2,5730
CCDS46419.1|Hs110|chr2,3240
CCDS46420.1|Hs110|chr2,1059
CCDS46421.1|Hs110|chr2,795
CCDS46422.1|Hs110|chr2,2424
CCDS46423.1|Hs110|chr2,624
CCDS46424.1|Hs110|chr2,20010
CCDS46425.1|Hs110|chr2,429
CCDS46426.1|Hs110|chr2,1563
CCDS46427.1|Hs110|chr2,1509
CCDS46428.1|Hs110|chr2,1461
CCDS46429.1|Hs110|chr2,3279
CCDS46431.1|Hs110|chr2,855
CCDS46432.1|Hs110|chr2,1011
CCDS46433.1|Hs110|chr2,1242
CCDS46434.1|Hs110|chr2,1332
CCDS46435.1|Hs110|chr2,1125
CCDS46436.1|Hs110|chr2,360
CCDS46437.1|Hs110|chr2,933
CCDS46438.1|Hs110|chr2,3267
CCDS46439.1|Hs110|chr2,543
CCDS46440.1|Hs110|chr2,5856
CCDS46441.1|Hs110|chr2,5934
CCDS46442.1|Hs110|chr2,5049
CCDS46443.1|Hs110|chr2,465
CCDS46444.1|Hs110|chr2,3966
CCDS46445.1|Hs110|chr2,1659
CCDS46446.1|Hs110|chr2,3945
CCDS46447.1|Hs110|chr2,2157
CCDS46448.1|Hs110|chr2,2013
CCDS46449.1|Hs110|chr2,474
CCDS46450.1|Hs110|chr2,1917
CCDS46451.1|Hs110|chr2,3276
CCDS46452.1|Hs110|chr2,2142
CCDS46453.1|Hs110|chr2,1455
CCDS46454.1|Hs110|chr2,1302
CCDS46455.1|Hs110|chr2,1380
CCDS46456.1|Hs110|chr2,813
CCDS46457.1|Hs110|chr2,1770
CCDS46458.1|Hs110|chr2,1749
CCDS46459.1|Hs110|chr2,1728
CCDS46460.1|Hs110|chr2,909
CCDS46461.1|Hs110|chr2,867
CCDS46462.1|Hs110|chr2,666
CCDS46463.1|Hs110|chr2,1188
CCDS46464.1|Hs110|chr2,1110
CCDS46465.1|Hs110|chr2,2727
CCDS46466.1|Hs110|chr2,1599
CCDS46467.1|Hs110|chr2,3780
CCDS46468.1|Hs110|chr2,330
CCDS46469.1|Hs110|chr2,501
CCDS46470.1|Hs110|chr2,3039
CCDS46471.1|Hs110|chr2,3009
CCDS46472.1|Hs110|chr2,1245
CCDS46473.1|Hs110|chr2,2313
CCDS46474.1|Hs110|chr2,2682
CCDS46475.1|Hs110|chr2,1017
CCDS46476.1|Hs110|chr2,1254
CCDS46477.1|Hs110|chr2,3411
CCDS46478.1|Hs110|chr2,3306
CCDS46479.1|Hs110|chr2,435
CCDS46480.1|Hs110|chr2,615
CCDS46482.1|Hs110|chr2,1158
CCDS46483.1|Hs110|chr2,1677
CCDS46484.1|Hs110|chr2,1470
CCDS46485.1|Hs110|chr2,1134
CCDS46486.1|Hs110|chr2,858
CCDS46487.1|Hs110|chr2,666
CCDS46488.1|Hs110|chr2,1269
CCDS46489.1|Hs110|chr2,1227
CCDS46490.1|Hs110|chr2,1203
CCDS46491.1|Hs110|chr2,1914
CCDS46492.1|Hs110|chr2,1191
CCDS46493.1|Hs110|chr2,231
CCDS46495.1|Hs110|chr2,8085
CCDS46496.1|Hs110|chr2,2781
CCDS46497.1|Hs110|chr2,2730
CCDS46498.1|Hs110|chr2,2706
CCDS46499.1|Hs110|chr2,1668
CCDS46500.1|Hs110|chr2,3084
CCDS46501.1|Hs110|chr2,7065
CCDS46502.1|Hs110|chr2,1737
CCDS46503.1|Hs110|chr2,927
CCDS46504.1|Hs110|chr2,9777
CCDS46507.1|Hs110|chr2,1503
CCDS46508.1|Hs110|chr2,552
CCDS46509.1|Hs110|chr2,669
CCDS46510.1|Hs110|chr2,6993
CCDS46512.1|Hs110|chr2,1974
CCDS46513.1|Hs110|chr2,645
CCDS46515.1|Hs110|chr2,993
CCDS46516.1|Hs110|chr2,2289
CCDS46517.1|Hs110|chr2,1857
CCDS46518.1|Hs110|chr2,1833
CCDS46519.1|Hs110|chr2,834
CCDS46520.1|Hs110|chr2,5691
CCDS46521.2|Hs110|chr2,3267
CCDS46522.1|Hs110|chr2,1452
CCDS46523.1|Hs110|chr2,648
CCDS46524.1|Hs110|chr2,1008
CCDS46525.1|Hs110|chr2,1230
CCDS46526.1|Hs110|chr2,1194
CCDS46527.1|Hs110|chr2,1368
CCDS46528.1|Hs110|chr2,6561
CCDS46529.1|Hs110|chr2,1962
CCDS46533.1|Hs110|chr2,1755
CCDS46534.1|Hs110|chr2,1683
CCDS46535.1|Hs110|chr2,1569
CCDS46536.1|Hs110|chr2,288
CCDS46537.1|Hs110|chr2,5103
CCDS46538.1|Hs110|chr2,1743
CCDS46539.1|Hs110|chr2,888
CCDS46540.1|Hs110|chr2,1206
CCDS46541.1|Hs110|chr2,333
CCDS46542.1|Hs110|chr2,3963
CCDS46543.1|Hs110|chr2,3882
CCDS46544.1|Hs110|chr2,1857
CCDS46545.1|Hs110|chr2,1218
CCDS46546.1|Hs110|chr2,3513
CCDS46547.2|Hs110|chr2,3708
CCDS46548.1|Hs110|chr2,1401
CCDS46549.1|Hs110|chr2,2469
CCDS46551.1|Hs110|chr2,1923
CCDS46552.1|Hs110|chr2,2427
CCDS46553.1|Hs110|chr2,2259
CCDS46554.2|Hs110|chr2,3156
CCDS46555.2|Hs110|chr2,1737
CCDS46556.1|Hs110|chr2,669
CCDS46557.1|Hs110|chr2,1878
CCDS46558.1|Hs110|chr2,483
CCDS46559.1|Hs110|chr2,939
CCDS46560.1|Hs110|chr2,924
CCDS46561.1|Hs110|chr2,5073
CCDS46562.1|Hs110|chr2,4242
CCDS46563.2|Hs110|chr2,378
CCDS46564.1|Hs110|chr2,1182
CCDS46565.1|Hs110|chr2,1143
CCDS46567.2|Hs110|chr20,300
CCDS46568.1|Hs110|chr20,1671
CCDS46570.1|Hs110|chr20,735
CCDS46571.1|Hs110|chr20,1197
CCDS46573.1|Hs110|chr20,1797
CCDS46576.1|Hs110|chr20,534
CCDS46577.1|Hs110|chr20,510
CCDS46578.1|Hs110|chr20,609
CCDS46579.1|Hs110|chr20,1395
CCDS46580.1|Hs110|chr20,447
CCDS46582.1|Hs110|chr20,2259
CCDS46584.1|Hs110|chr20,5622
CCDS46585.1|Hs110|chr20,1392
CCDS46586.1|Hs110|chr20,1404
CCDS46587.1|Hs110|chr20,600
CCDS46590.1|Hs110|chr20,1788
CCDS46591.1|Hs110|chr20,2370
CCDS46592.1|Hs110|chr20,1626
CCDS46593.1|Hs110|chr20,1938
CCDS46594.1|Hs110|chr20,609
CCDS46595.1|Hs110|chr20,1629
CCDS46596.1|Hs110|chr20,750
CCDS46597.1|Hs110|chr20,1023
CCDS46598.1|Hs110|chr20,3051
CCDS46599.1|Hs110|chr20,1848
CCDS46602.2|Hs110|chr20,2523
CCDS46603.1|Hs110|chr20,1521
CCDS46604.1|Hs110|chr20,1329
CCDS46605.1|Hs110|chr20,1395
CCDS46607.1|Hs110|chr20,1623
CCDS46608.1|Hs110|chr20,270
CCDS46609.1|Hs110|chr20,1443
CCDS46610.1|Hs110|chr20,3420
CCDS46613.1|Hs110|chr20,3408
CCDS46614.1|Hs110|chr20,2706
CCDS46616.1|Hs110|chr20,1347
CCDS46617.1|Hs110|chr20,720
CCDS46618.1|Hs110|chr20,366
CCDS46619.1|Hs110|chr20,966
CCDS46620.1|Hs110|chr20,927
CCDS46621.1|Hs110|chr20,1572
CCDS46622.1|Hs110|chr20,3114
CCDS46623.1|Hs110|chr20,1188
CCDS46624.1|Hs110|chr20,1143
CCDS46626.1|Hs110|chr20,1158
CCDS46628.1|Hs110|chr20,3855
CCDS46629.1|Hs110|chr20,2526
CCDS46630.1|Hs110|chr20,522
CCDS46631.1|Hs110|chr20,1005
CCDS46635.1|Hs110|chr21,846
CCDS46636.1|Hs110|chr21,891
CCDS46637.1|Hs110|chr21,351
CCDS46638.1|Hs110|chr21,1920
CCDS46639.1|Hs110|chr21,2145
CCDS46640.1|Hs110|chr21,309
CCDS46641.1|Hs110|chr21,138
CCDS46642.1|Hs110|chr21,135
CCDS46644.1|Hs110|chr21,3378
CCDS46645.1|Hs110|chr21,6816
CCDS46646.1|Hs110|chr21,753
CCDS46648.1|Hs110|chr21,1461
CCDS46649.1|Hs110|chr21,1164
CCDS46650.1|Hs110|chr21,1161
CCDS46652.1|Hs110|chr21,1038
CCDS46653.1|Hs110|chr21,1023
CCDS46654.1|Hs110|chr21,2166
CCDS46655.1|Hs110|chr21,4716
CCDS46656.1|Hs110|chr21,2670
CCDS46657.1|Hs110|chr21,2526
CCDS46659.1|Hs110|chr22,6009
CCDS46660.1|Hs110|chr22,2901
CCDS46661.1|Hs110|chr22,3222
CCDS46662.2|Hs110|chr22,4923
CCDS46663.1|Hs110|chr22,666
CCDS46665.1|Hs110|chr22,4920
CCDS46666.1|Hs110|chr22,2601
CCDS46668.1|Hs110|chr22,4920
CCDS46669.1|Hs110|chr22,4920
CCDS46670.1|Hs110|chr22,1584
CCDS46671.1|Hs110|chr22,1131
CCDS46672.1|Hs110|chr22,720
CCDS46673.1|Hs110|chr22,1491
CCDS46674.1|Hs110|chr22,3447
CCDS46675.1|Hs110|chr22,3282
CCDS46676.1|Hs110|chr22,5421
CCDS46677.1|Hs110|chr22,2112
CCDS46678.1|Hs110|chr22,7446
CCDS46680.1|Hs110|chr22,192
CCDS46681.1|Hs110|chr22,189
CCDS46682.1|Hs110|chr22,3486
CCDS46683.1|Hs110|chr22,924
CCDS46685.1|Hs110|chr22,1179
CCDS46687.1|Hs110|chr22,1917
CCDS46689.1|Hs110|chr22,411
CCDS46690.1|Hs110|chr22,522
CCDS46691.1|Hs110|chr22,1614
CCDS46692.1|Hs110|chr22,4785
CCDS46695.1|Hs110|chr22,1332
CCDS46696.1|Hs110|chr22,1482
CCDS46697.1|Hs110|chr22,1344
CCDS46698.1|Hs110|chr22,1383
CCDS46699.1|Hs110|chr22,1113
CCDS46700.1|Hs110|chr22,1143
CCDS46701.1|Hs110|chr22,1131
CCDS46702.1|Hs110|chr22,1143
CCDS46703.1|Hs110|chr22,954
CCDS46705.1|Hs110|chr22,663
CCDS46706.1|Hs110|chr22,2196
CCDS46709.1|Hs110|chr22,1161
CCDS46710.1|Hs110|chr22,6672
CCDS46711.1|Hs110|chr22,6567
CCDS46712.1|Hs110|chr22,3090
CCDS46713.1|Hs110|chr22,5172
CCDS46714.1|Hs110|chr22,1278
CCDS46715.1|Hs110|chr22,2289
CCDS46716.1|Hs110|chr22,822
CCDS46718.1|Hs110|chr22,3825
CCDS46719.1|Hs110|chr22,177
CCDS46720.1|Hs110|chr22,324
CCDS46721.1|Hs110|chr22,1494
CCDS46722.1|Hs110|chr22,1419
CCDS46723.1|Hs110|chr22,981
CCDS46724.1|Hs110|chr22,1194
CCDS46727.1|Hs110|chr22,1470
CCDS46728.1|Hs110|chr22,399
CCDS46729.1|Hs110|chr22,378
CCDS46730.1|Hs110|chr22,1209
CCDS46732.1|Hs110|chr22,1758
CCDS46733.1|Hs110|chr22,267
CCDS46734.1|Hs110|chr22,2217
CCDS46736.1|Hs110|chr22,1272
CCDS46738.1|Hs110|chr22,717
CCDS46739.1|Hs110|chr3,1002
CCDS46740.2|Hs110|chr3,8133
CCDS46741.1|Hs110|chr3,4329
CCDS46742.1|Hs110|chr3,969
CCDS46743.1|Hs110|chr3,237
CCDS46744.2|Hs110|chr3,987
CCDS46746.1|Hs110|chr3,2163
CCDS46747.1|Hs110|chr3,201
CCDS46748.1|Hs110|chr3,318
CCDS46749.1|Hs110|chr3,315
CCDS46750.1|Hs110|chr3,351
CCDS46751.1|Hs110|chr3,927
CCDS46752.1|Hs110|chr3,2031
CCDS46753.1|Hs110|chr3,1872
CCDS46754.1|Hs110|chr3,891
CCDS46755.1|Hs110|chr3,633
CCDS46756.1|Hs110|chr3,621
CCDS46757.1|Hs110|chr3,1320
CCDS46758.1|Hs110|chr3,1221
CCDS46760.1|Hs110|chr3,891
CCDS46761.1|Hs110|chr3,3696
CCDS46762.1|Hs110|chr3,3555
CCDS46763.1|Hs110|chr3,2823
CCDS46765.1|Hs110|chr3,603
CCDS46766.2|Hs110|chr3,3132
CCDS46767.1|Hs110|chr3,4389
CCDS46768.1|Hs110|chr3,1338
CCDS46769.1|Hs110|chr3,3162
CCDS46770.1|Hs110|chr3,2454
CCDS46771.1|Hs110|chr3,930
CCDS46772.1|Hs110|chr3,777
CCDS46773.1|Hs110|chr3,1584
CCDS46774.1|Hs110|chr3,828
CCDS46775.1|Hs110|chr3,1011
CCDS46776.1|Hs110|chr3,4866
CCDS46777.1|Hs110|chr3,1839
CCDS46778.1|Hs110|chr3,1911
CCDS46779.1|Hs110|chr3,1677
CCDS46780.1|Hs110|chr3,1131
CCDS46781.1|Hs110|chr3,2139
CCDS46782.1|Hs110|chr3,732
CCDS46783.1|Hs110|chr3,699
CCDS46784.1|Hs110|chr3,1899
CCDS46785.1|Hs110|chr3,1641
CCDS46786.1|Hs110|chr3,951
CCDS46787.1|Hs110|chr3,1890
CCDS46788.1|Hs110|chr3,1515
CCDS46789.2|Hs110|chr3,8778
CCDS46790.1|Hs110|chr3,1824
CCDS46791.1|Hs110|chr3,1275
CCDS46793.1|Hs110|chr3,2334
CCDS46794.1|Hs110|chr3,996
CCDS46795.1|Hs110|chr3,957
CCDS46796.1|Hs110|chr3,6051
CCDS46797.1|Hs110|chr3,6048
CCDS46798.1|Hs110|chr3,5997
CCDS46799.1|Hs110|chr3,6051
CCDS46800.1|Hs110|chr3,3963
CCDS46801.1|Hs110|chr3,1599
CCDS46802.1|Hs110|chr3,1851
CCDS46803.1|Hs110|chr3,1731
CCDS46805.2|Hs110|chr3,2244
CCDS46806.1|Hs110|chr3,324
CCDS46807.1|Hs110|chr3,1359
CCDS46808.1|Hs110|chr3,1728
CCDS46809.1|Hs110|chr3,5079
CCDS46810.1|Hs110|chr3,990
CCDS46811.1|Hs110|chr3,900
CCDS46812.1|Hs110|chr3,1032
CCDS46813.1|Hs110|chr3,1083
CCDS46814.1|Hs110|chr3,1071
CCDS46817.1|Hs110|chr3,8265
CCDS46818.1|Hs110|chr3,3408
CCDS46821.1|Hs110|chr3,300
CCDS46822.1|Hs110|chr3,294
CCDS46823.1|Hs110|chr3,195
CCDS46824.1|Hs110|chr3,2223
CCDS46825.1|Hs110|chr3,2277
CCDS46826.1|Hs110|chr3,2217
CCDS46827.1|Hs110|chr3,2148
CCDS46829.1|Hs110|chr3,2367
CCDS46830.2|Hs110|chr3,1182
CCDS46832.1|Hs110|chr3,762
CCDS46833.1|Hs110|chr3,531
CCDS46834.1|Hs110|chr3,828
CCDS46835.1|Hs110|chr3,6093
CCDS46836.4|Hs110|chr3,549
CCDS46837.1|Hs110|chr3,465
CCDS46838.1|Hs110|chr3,447
CCDS46840.1|Hs110|chr3,744
CCDS46841.1|Hs110|chr3,705
CCDS46842.1|Hs110|chr3,12798
CCDS46843.1|Hs110|chr3,1674
CCDS46844.1|Hs110|chr3,213
CCDS46845.1|Hs110|chr3,2673
CCDS46846.1|Hs110|chr3,249
CCDS46847.2|Hs110|chr3,1749
CCDS46848.1|Hs110|chr3,6486
CCDS46849.1|Hs110|chr3,6414
CCDS46850.1|Hs110|chr3,1143
CCDS46851.1|Hs110|chr3,2874
CCDS46852.1|Hs110|chr3,2847
CCDS46853.1|Hs110|chr3,4539
CCDS46854.1|Hs110|chr3,1677
CCDS46855.1|Hs110|chr3,1599
CCDS46856.2|Hs110|chr3,1764
CCDS46858.1|Hs110|chr3,4062
CCDS46859.1|Hs110|chr3,858
CCDS46860.1|Hs110|chr3,798
CCDS46861.2|Hs110|chr3,2244
CCDS46862.1|Hs110|chr3,1683
CCDS46863.1|Hs110|chr3,3105
CCDS46865.1|Hs110|chr3,1515
CCDS46866.2|Hs110|chr3,1074
CCDS46867.1|Hs110|chr3,675
CCDS46868.1|Hs110|chr3,390
CCDS46870.1|Hs110|chr3,1332
CCDS46872.2|Hs110|chr3,4821
CCDS46873.1|Hs110|chr3,954
CCDS46875.1|Hs110|chr3,1620
CCDS46876.1|Hs110|chr3,3393
CCDS46877.1|Hs110|chr3,831
CCDS46878.1|Hs110|chr3,2328
CCDS46880.2|Hs110|chr3,3207
CCDS46881.1|Hs110|chr3,2826
CCDS46883.1|Hs110|chr3,1245
CCDS46885.1|Hs110|chr3,3714
CCDS46886.1|Hs110|chr3,3762
CCDS46887.1|Hs110|chr3,654
CCDS46889.1|Hs110|chr3,567
CCDS46890.1|Hs110|chr3,825
CCDS46891.1|Hs110|chr3,1296
CCDS46892.1|Hs110|chr3,1116
CCDS46893.1|Hs110|chr3,2037
CCDS46894.1|Hs110|chr3,5406
CCDS46895.1|Hs110|chr3,765
CCDS46896.1|Hs110|chr3,5745
CCDS46897.1|Hs110|chr3,465
CCDS46898.1|Hs110|chr3,4146
CCDS46899.1|Hs110|chr3,882
CCDS46901.1|Hs110|chr3,1011
CCDS46902.1|Hs110|chr3,942
CCDS46903.1|Hs110|chr3,1401
CCDS46905.1|Hs110|chr3,1230
CCDS46906.1|Hs110|chr3,540
CCDS46907.1|Hs110|chr3,537
CCDS46908.1|Hs110|chr3,519
CCDS46911.1|Hs110|chr3,6792
CCDS46912.1|Hs110|chr3,2820
CCDS46913.1|Hs110|chr3,2667
CCDS46914.1|Hs110|chr3,2760
CCDS46915.1|Hs110|chr3,1413
CCDS46916.1|Hs110|chr3,1257
CCDS46917.1|Hs110|chr3,642
CCDS46918.1|Hs110|chr3,333
CCDS46919.1|Hs110|chr3,4569
CCDS46920.1|Hs110|chr3,1986
CCDS46921.1|Hs110|chr3,2955
CCDS46922.1|Hs110|chr3,1512
CCDS46923.1|Hs110|chr3,801
CCDS46924.1|Hs110|chr3,789
CCDS46925.1|Hs110|chr3,462
CCDS46926.1|Hs110|chr3,474
CCDS46927.1|Hs110|chr3,936
CCDS46928.1|Hs110|chr3,3090
CCDS46929.1|Hs110|chr3,666
CCDS46931.1|Hs110|chr3,816
CCDS46932.1|Hs110|chr3,609
CCDS46934.1|Hs110|chr3,423
CCDS46935.1|Hs110|chr3,1758
CCDS46936.1|Hs110|chr3,588
CCDS46938.1|Hs110|chr3,2616
CCDS46939.1|Hs110|chr3,5082
CCDS46940.1|Hs110|chr3,3009
CCDS46941.1|Hs110|chr3,2082
CCDS46945.1|Hs110|chr3,732
CCDS46946.1|Hs110|chr3,480
CCDS46947.1|Hs110|chr3,339
CCDS46948.1|Hs110|chr3,1434
CCDS46951.1|Hs110|chr3,1683
CCDS46952.1|Hs110|chr3,2988
CCDS46953.1|Hs110|chr3,1917
CCDS46954.1|Hs110|chr3,1995
CCDS46955.1|Hs110|chr3,369
CCDS46956.1|Hs110|chr3,4083
CCDS46957.1|Hs110|chr3,3111
CCDS46958.1|Hs110|chr3,585
CCDS46959.1|Hs110|chr3,870
CCDS46960.1|Hs110|chr3,2388
CCDS46961.1|Hs110|chr3,1545
CCDS46962.1|Hs110|chr3,867
CCDS46963.1|Hs110|chr3,1320
CCDS46964.1|Hs110|chr3,2826
CCDS46965.1|Hs110|chr3,1620
CCDS46966.1|Hs110|chr3,1215
CCDS46967.1|Hs110|chr3,1173
CCDS46968.1|Hs110|chr3,1317
CCDS46969.1|Hs110|chr3,2298
CCDS46970.2|Hs110|chr3,4215
CCDS46971.1|Hs110|chr3,4287
CCDS46972.1|Hs110|chr3,4281
CCDS46973.1|Hs110|chr3,528
CCDS46975.1|Hs110|chr3,1953
CCDS46976.1|Hs110|chr3,1668
CCDS46977.1|Hs110|chr3,1464
CCDS46978.1|Hs110|chr3,1761
CCDS46979.1|Hs110|chr3,1386
CCDS46980.1|Hs110|chr3,1182
CCDS46981.1|Hs110|chr3,1584
CCDS46982.1|Hs110|chr3,1071
CCDS46983.1|Hs110|chr3,546
CCDS46984.1|Hs110|chr3,1764
CCDS46985.1|Hs110|chr3,861
CCDS46986.1|Hs110|chr3,312
CCDS46987.1|Hs110|chr3,2784
CCDS46988.2|Hs110|chr3,2055
CCDS46990.1|Hs110|chr4,1758
CCDS46991.1|Hs110|chr4,2772
CCDS46992.1|Hs110|chr4,2952
CCDS46993.1|Hs110|chr4,1728
CCDS46995.1|Hs110|chr4,405
CCDS46996.1|Hs110|chr4,894
CCDS46998.1|Hs110|chr4,1089
CCDS46999.1|Hs110|chr4,1890
CCDS47000.2|Hs110|chr4,288
CCDS47001.1|Hs110|chr4,573
CCDS47002.1|Hs110|chr4,1641
CCDS47003.1|Hs110|chr4,837
CCDS47004.1|Hs110|chr4,1389
CCDS47005.1|Hs110|chr4,2496
CCDS47006.1|Hs110|chr4,1242
CCDS47007.1|Hs110|chr4,1263
CCDS47008.1|Hs110|chr4,3480
CCDS47009.1|Hs110|chr4,1566
CCDS47010.1|Hs110|chr4,2445
CCDS47011.1|Hs110|chr4,1680
CCDS47012.1|Hs110|chr4,1719
CCDS47013.1|Hs110|chr4,1836
CCDS47014.1|Hs110|chr4,1938
CCDS47015.1|Hs110|chr4,1596
CCDS47016.1|Hs110|chr4,1413
CCDS47017.1|Hs110|chr4,1875
CCDS47018.1|Hs110|chr4,1047
CCDS47024.1|Hs110|chr4,1287
CCDS47025.1|Hs110|chr4,891
CCDS47026.1|Hs110|chr4,4863
CCDS47027.2|Hs110|chr4,369
CCDS47028.1|Hs110|chr4,1974
CCDS47029.1|Hs110|chr4,2598
CCDS47030.1|Hs110|chr4,1704
CCDS47031.1|Hs110|chr4,996
CCDS47032.1|Hs110|chr4,699
CCDS47033.1|Hs110|chr4,3183
CCDS47034.1|Hs110|chr4,372
CCDS47035.1|Hs110|chr4,567
CCDS47036.2|Hs110|chr4,1575
CCDS47037.1|Hs110|chr4,3399
CCDS47038.1|Hs110|chr4,204
CCDS47040.1|Hs110|chr4,5229
CCDS47042.1|Hs110|chr4,4029
CCDS47043.1|Hs110|chr4,474
CCDS47044.1|Hs110|chr4,450
CCDS47045.1|Hs110|chr4,4014
CCDS47047.1|Hs110|chr4,2709
CCDS47048.1|Hs110|chr4,1605
CCDS47049.1|Hs110|chr4,3450
CCDS47051.1|Hs110|chr4,1746
CCDS47052.1|Hs110|chr4,585
CCDS47053.1|Hs110|chr4,1101
CCDS47054.1|Hs110|chr4,1080
CCDS47055.1|Hs110|chr4,1767
CCDS47056.1|Hs110|chr4,1563
CCDS47057.1|Hs110|chr4,2187
CCDS47058.1|Hs110|chr4,2919
CCDS47059.1|Hs110|chr4,726
CCDS47060.1|Hs110|chr4,1299
CCDS47061.1|Hs110|chr4,1278
CCDS47062.1|Hs110|chr4,276
CCDS47063.1|Hs110|chr4,2832
CCDS47064.1|Hs110|chr4,750
CCDS47065.1|Hs110|chr4,1257
CCDS47067.1|Hs110|chr4,558
CCDS47068.1|Hs110|chr4,1521
CCDS47069.1|Hs110|chr4,1443
CCDS47070.1|Hs110|chr4,957
CCDS47071.1|Hs110|chr4,3285
CCDS47072.1|Hs110|chr4,1272
CCDS47074.1|Hs110|chr4,324
CCDS47075.1|Hs110|chr4,1044
CCDS47077.1|Hs110|chr4,933
CCDS47079.1|Hs110|chr4,1170
CCDS47080.1|Hs110|chr4,1104
CCDS47081.1|Hs110|chr4,1182
CCDS47083.1|Hs110|chr4,3486
CCDS47084.1|Hs110|chr4,690
CCDS47085.1|Hs110|chr4,1467
CCDS47086.1|Hs110|chr4,1470
CCDS47087.1|Hs110|chr4,750
CCDS47088.1|Hs110|chr4,3618
CCDS47089.1|Hs110|chr4,1587
CCDS47090.2|Hs110|chr4,1266
CCDS47093.1|Hs110|chr4,7473
CCDS47094.1|Hs110|chr4,7458
CCDS47095.1|Hs110|chr4,7401
CCDS47096.1|Hs110|chr4,6885
CCDS47097.1|Hs110|chr4,795
CCDS47098.1|Hs110|chr4,3069
CCDS47099.1|Hs110|chr4,2703
CCDS47100.1|Hs110|chr4,2034
CCDS47101.1|Hs110|chr4,3087
CCDS47102.1|Hs110|chr4,1464
CCDS47103.1|Hs110|chr4,705
CCDS47104.1|Hs110|chr4,645
CCDS47105.1|Hs110|chr4,1827
CCDS47106.1|Hs110|chr4,1824
CCDS47107.1|Hs110|chr4,1680
CCDS47108.1|Hs110|chr4,1551
CCDS47109.1|Hs110|chr4,714
CCDS47110.1|Hs110|chr4,1161
CCDS47111.1|Hs110|chr4,1125
CCDS47112.1|Hs110|chr4,843
CCDS47113.1|Hs110|chr4,1410
CCDS47114.1|Hs110|chr4,1536
CCDS47115.1|Hs110|chr4,1959
CCDS47116.1|Hs110|chr4,2268
CCDS47119.1|Hs110|chr4,1428
CCDS47120.1|Hs110|chr4,6009
CCDS47122.1|Hs110|chr4,1161
CCDS47123.1|Hs110|chr4,1116
CCDS47124.1|Hs110|chr4,3807
CCDS47125.1|Hs110|chr4,810
CCDS47127.1|Hs110|chr4,1479
CCDS47128.1|Hs110|chr4,3330
CCDS47129.1|Hs110|chr4,3282
CCDS47130.1|Hs110|chr4,2766
CCDS47133.1|Hs110|chr4,1077
CCDS47134.1|Hs110|chr4,1530
CCDS47135.1|Hs110|chr4,1113
CCDS47136.1|Hs110|chr4,3801
CCDS47138.1|Hs110|chr4,237
CCDS47139.1|Hs110|chr4,3150
CCDS47140.1|Hs110|chr4,609
CCDS47141.1|Hs110|chr4,1428
CCDS47142.2|Hs110|chr4,2352
CCDS47143.1|Hs110|chr4,2196
CCDS47144.1|Hs110|chr4,2304
CCDS47145.1|Hs110|chr4,987
CCDS47146.1|Hs110|chr4,3123
CCDS47147.1|Hs110|chr4,2235
CCDS47148.1|Hs110|chr4,4833
CCDS47149.1|Hs110|chr4,987
CCDS47150.1|Hs110|chr4,4110
CCDS47152.1|Hs110|chr4,1935
CCDS47153.1|Hs110|chr4,1314
CCDS47154.1|Hs110|chr4,1860
CCDS47155.1|Hs110|chr4,3345
CCDS47156.1|Hs110|chr4,561
CCDS47157.1|Hs110|chr4,2514
CCDS47158.1|Hs110|chr4,2541
CCDS47159.1|Hs110|chr4,1170
CCDS47160.1|Hs110|chr4,1407
CCDS47161.1|Hs110|chr4,5121
CCDS47162.1|Hs110|chr4,3777
CCDS47163.1|Hs110|chr4,1200
CCDS47165.1|Hs110|chr4,8100
CCDS47166.1|Hs110|chr4,3261
CCDS47167.1|Hs110|chr4,2781
CCDS47168.1|Hs110|chr4,1599
CCDS47169.1|Hs110|chr4,930
CCDS47170.1|Hs110|chr4,2391
CCDS47172.1|Hs110|chr4,951
CCDS47173.1|Hs110|chr4,1935
CCDS47174.1|Hs110|chr4,2196
CCDS47175.1|Hs110|chr4,2475
CCDS47176.1|Hs110|chr4,3015
CCDS47177.1|Hs110|chr4,13767
CCDS47184.1|Hs110|chr5,1545
CCDS47187.1|Hs110|chr5,6801
CCDS47189.1|Hs110|chr5,486
CCDS47190.1|Hs110|chr5,2097
CCDS47191.1|Hs110|chr5,1485
CCDS47192.1|Hs110|chr5,1209
CCDS47194.1|Hs110|chr5,4014
CCDS47195.1|Hs110|chr5,4125
CCDS47196.1|Hs110|chr5,1623
CCDS47197.1|Hs110|chr5,1329
CCDS47198.1|Hs110|chr5,8094
CCDS47199.1|Hs110|chr5,459
CCDS47200.1|Hs110|chr5,2352
CCDS47201.1|Hs110|chr5,2532
CCDS47202.1|Hs110|chr5,4758
CCDS47203.1|Hs110|chr5,765
CCDS47204.1|Hs110|chr5,1203
CCDS47205.1|Hs110|chr5,267
CCDS47206.1|Hs110|chr5,405
CCDS47207.1|Hs110|chr5,1434
CCDS47208.1|Hs110|chr5,2073
CCDS47209.1|Hs110|chr5,990
CCDS47211.1|Hs110|chr5,1443
CCDS47212.2|Hs110|chr5,1398
CCDS47213.1|Hs110|chr5,2430
CCDS47214.1|Hs110|chr5,1404
CCDS47215.1|Hs110|chr5,3648
CCDS47216.1|Hs110|chr5,2235
CCDS47217.1|Hs110|chr5,3048
CCDS47218.1|Hs110|chr5,1869
CCDS47219.1|Hs110|chr5,1779
CCDS47220.1|Hs110|chr5,483
CCDS47221.1|Hs110|chr5,1257
CCDS47222.1|Hs110|chr5,1254
CCDS47223.1|Hs110|chr5,1236
CCDS47224.1|Hs110|chr5,753
CCDS47225.1|Hs110|chr5,7305
CCDS47226.1|Hs110|chr5,1518
CCDS47228.1|Hs110|chr5,333
CCDS47229.1|Hs110|chr5,189
CCDS47230.1|Hs110|chr5,2433
CCDS47231.2|Hs110|chr5,5196
CCDS47232.1|Hs110|chr5,1542
CCDS47233.1|Hs110|chr5,5622
CCDS47234.1|Hs110|chr5,2508
CCDS47235.1|Hs110|chr5,2259
CCDS47236.1|Hs110|chr5,1728
CCDS47237.1|Hs110|chr5,1653
CCDS47238.1|Hs110|chr5,12210
CCDS47239.2|Hs110|chr5,747
CCDS47240.1|Hs110|chr5,564
CCDS47241.1|Hs110|chr5,432
CCDS47242.1|Hs110|chr5,1968
CCDS47243.1|Hs110|chr5,2613
CCDS47244.1|Hs110|chr5,1392
CCDS47245.1|Hs110|chr5,1422
CCDS47246.1|Hs110|chr5,18921
CCDS47247.1|Hs110|chr5,2337
CCDS47248.1|Hs110|chr5,633
CCDS47250.1|Hs110|chr5,2826
CCDS47251.1|Hs110|chr5,1437
CCDS47252.1|Hs110|chr5,507
CCDS47253.2|Hs110|chr5,1974
CCDS47255.1|Hs110|chr5,339
CCDS47256.1|Hs110|chr5,3093
CCDS47257.1|Hs110|chr5,567
CCDS47258.1|Hs110|chr5,597
CCDS47259.1|Hs110|chr5,1788
CCDS47261.1|Hs110|chr5,741
CCDS47262.1|Hs110|chr5,1110
CCDS47263.2|Hs110|chr5,810
CCDS47264.1|Hs110|chr5,1779
CCDS47265.1|Hs110|chr5,1368
CCDS47266.1|Hs110|chr5,2052
CCDS47267.2|Hs110|chr5,2589
CCDS47268.1|Hs110|chr5,945
CCDS47269.1|Hs110|chr5,2664
CCDS47270.1|Hs110|chr5,2376
CCDS47272.1|Hs110|chr5,1551
CCDS47273.1|Hs110|chr5,570
CCDS47274.1|Hs110|chr5,618
CCDS47275.1|Hs110|chr5,357
CCDS47278.1|Hs110|chr5,2880
CCDS47279.1|Hs110|chr5,1455
CCDS47280.1|Hs110|chr5,1674
CCDS47281.1|Hs110|chr5,2853
CCDS47282.1|Hs110|chr5,2061
CCDS47284.1|Hs110|chr5,2850
CCDS47285.1|Hs110|chr5,2826
CCDS47289.1|Hs110|chr5,2799
CCDS47290.1|Hs110|chr5,2799
CCDS47291.1|Hs110|chr5,2799
CCDS47292.1|Hs110|chr5,2811
CCDS47293.1|Hs110|chr5,2790
CCDS47294.1|Hs110|chr5,2808
CCDS47295.1|Hs110|chr5,2073
CCDS47296.1|Hs110|chr5,900
CCDS47297.1|Hs110|chr5,2280
CCDS47298.1|Hs110|chr5,2229
CCDS47299.1|Hs110|chr5,1191
CCDS47300.1|Hs110|chr5,3285
CCDS47301.1|Hs110|chr5,2751
CCDS47303.1|Hs110|chr5,1014
CCDS47304.1|Hs110|chr5,1098
CCDS47305.1|Hs110|chr5,4356
CCDS47306.1|Hs110|chr5,4239
CCDS47307.1|Hs110|chr5,2877
CCDS47308.1|Hs110|chr5,699
CCDS47309.1|Hs110|chr5,891
CCDS47310.1|Hs110|chr5,1404
CCDS47311.1|Hs110|chr5,1212
CCDS47312.2|Hs110|chr5,183
CCDS47313.1|Hs110|chr5,546
CCDS47314.1|Hs110|chr5,2004
CCDS47315.1|Hs110|chr5,2022
CCDS47316.1|Hs110|chr5,1536
CCDS47317.1|Hs110|chr5,207
CCDS47318.1|Hs110|chr5,2721
CCDS47319.1|Hs110|chr5,651
CCDS47321.1|Hs110|chr5,429
CCDS47322.1|Hs110|chr5,414
CCDS47324.1|Hs110|chr5,3705
CCDS47325.1|Hs110|chr5,873
CCDS47326.1|Hs110|chr5,771
CCDS47327.1|Hs110|chr5,870
CCDS47328.2|Hs110|chr5,1215
CCDS47329.1|Hs110|chr5,480
CCDS47330.1|Hs110|chr5,1878
CCDS47331.1|Hs110|chr5,1683
CCDS47332.1|Hs110|chr5,2268
CCDS47333.1|Hs110|chr5,1548
CCDS47334.1|Hs110|chr5,2178
CCDS47335.1|Hs110|chr5,1917
CCDS47336.1|Hs110|chr5,1608
CCDS47337.1|Hs110|chr5,852
CCDS47338.1|Hs110|chr5,246
CCDS47339.1|Hs110|chr5,1602
CCDS47340.1|Hs110|chr5,1527
CCDS47341.1|Hs110|chr5,1590
CCDS47342.1|Hs110|chr5,1668
CCDS47343.1|Hs110|chr5,531
CCDS47344.1|Hs110|chr5,1194
CCDS47345.1|Hs110|chr5,729
CCDS47346.2|Hs110|chr5,792
CCDS47347.1|Hs110|chr5,582
CCDS47349.1|Hs110|chr5,687
CCDS47350.1|Hs110|chr5,993
CCDS47352.1|Hs110|chr5,1692
CCDS47354.1|Hs110|chr5,729
CCDS47355.1|Hs110|chr5,1071
CCDS47356.1|Hs110|chr5,729
CCDS47357.2|Hs110|chr5,2604
CCDS47358.1|Hs110|chr5,1401
CCDS47360.1|Hs110|chr6,489
CCDS47361.1|Hs110|chr6,372
CCDS47362.1|Hs110|chr6,315
CCDS47363.1|Hs110|chr6,2061
CCDS47364.1|Hs110|chr6,1239
CCDS47366.1|Hs110|chr6,1077
CCDS47367.1|Hs110|chr6,1926
CCDS47368.1|Hs110|chr6,6819
CCDS47369.1|Hs110|chr6,975
CCDS47370.1|Hs110|chr6,420
CCDS47371.1|Hs110|chr6,459
CCDS47372.1|Hs110|chr6,243
CCDS47373.1|Hs110|chr6,2505
CCDS47374.1|Hs110|chr6,747
CCDS47376.1|Hs110|chr6,801
CCDS47378.1|Hs110|chr6,711
CCDS47379.1|Hs110|chr6,537
CCDS47380.1|Hs110|chr6,5250
CCDS47381.1|Hs110|chr6,5418
CCDS47382.1|Hs110|chr6,1026
CCDS47383.1|Hs110|chr6,3207
CCDS47384.1|Hs110|chr6,1776
CCDS47385.1|Hs110|chr6,1497
CCDS47386.1|Hs110|chr6,729
CCDS47387.1|Hs110|chr6,978
CCDS47388.1|Hs110|chr6,1386
CCDS47389.1|Hs110|chr6,1137
CCDS47390.1|Hs110|chr6,1005
CCDS47393.1|Hs110|chr6,1170
CCDS47394.1|Hs110|chr6,627
CCDS47395.2|Hs110|chr6,396
CCDS47396.1|Hs110|chr6,2760
CCDS47397.1|Hs110|chr6,2508
CCDS47398.2|Hs110|chr6,573
CCDS47399.1|Hs110|chr6,1101
CCDS47400.1|Hs110|chr6,1077
CCDS47401.1|Hs110|chr6,534
CCDS47402.1|Hs110|chr6,573
CCDS47404.1|Hs110|chr6,5235
CCDS47405.1|Hs110|chr6,5235
CCDS47406.1|Hs110|chr6,1398
CCDS47408.1|Hs110|chr6,2103
CCDS47409.1|Hs110|chr6,801
CCDS47411.1|Hs110|chr6,606
CCDS47412.1|Hs110|chr6,345
CCDS47413.2|Hs110|chr6,1512
CCDS47414.1|Hs110|chr6,1308
CCDS47415.1|Hs110|chr6,1968
CCDS47416.1|Hs110|chr6,1341
CCDS47417.1|Hs110|chr6,2868
CCDS47418.1|Hs110|chr6,1839
CCDS47419.1|Hs110|chr6,816
CCDS47420.1|Hs110|chr6,789
CCDS47421.1|Hs110|chr6,969
CCDS47422.1|Hs110|chr6,885
CCDS47424.1|Hs110|chr6,225
CCDS47425.1|Hs110|chr6,663
CCDS47426.1|Hs110|chr6,636
CCDS47427.1|Hs110|chr6,291
CCDS47428.1|Hs110|chr6,3567
CCDS47429.1|Hs110|chr6,948
CCDS47430.1|Hs110|chr6,3615
CCDS47431.1|Hs110|chr6,921
CCDS47432.1|Hs110|chr6,1116
CCDS47433.1|Hs110|chr6,1170
CCDS47434.1|Hs110|chr6,984
CCDS47435.1|Hs110|chr6,1065
CCDS47436.1|Hs110|chr6,2220
CCDS47437.1|Hs110|chr6,1701
CCDS47438.1|Hs110|chr6,1233
CCDS47440.1|Hs110|chr6,867
CCDS47443.1|Hs110|chr6,15516
CCDS47445.1|Hs110|chr6,9435
CCDS47446.1|Hs110|chr6,1860
CCDS47447.1|Hs110|chr6,2037
CCDS47448.1|Hs110|chr6,3960
CCDS47449.1|Hs110|chr6,5079
CCDS47450.1|Hs110|chr6,387
CCDS47451.1|Hs110|chr6,450
CCDS47452.1|Hs110|chr6,2199
CCDS47453.1|Hs110|chr6,978
CCDS47454.1|Hs110|chr6,3339
CCDS47455.1|Hs110|chr6,2724
CCDS47457.1|Hs110|chr6,8172
CCDS47459.1|Hs110|chr6,786
CCDS47460.1|Hs110|chr6,2169
CCDS47461.1|Hs110|chr6,597
CCDS47462.1|Hs110|chr6,474
CCDS47463.1|Hs110|chr6,570
CCDS47464.1|Hs110|chr6,555
CCDS47465.1|Hs110|chr6,537
CCDS47466.2|Hs110|chr6,1014
CCDS47468.1|Hs110|chr6,546
CCDS47469.1|Hs110|chr6,615
CCDS47470.1|Hs110|chr6,1557
CCDS47471.1|Hs110|chr6,924
CCDS47472.1|Hs110|chr6,681
CCDS47473.1|Hs110|chr6,4341
CCDS47474.1|Hs110|chr6,2022
CCDS47475.1|Hs110|chr6,2334
CCDS47476.1|Hs110|chr6,1581
CCDS47477.1|Hs110|chr6,1380
CCDS47478.1|Hs110|chr6,1338
CCDS47479.1|Hs110|chr6,1929
CCDS47480.1|Hs110|chr6,1899
CCDS47481.1|Hs110|chr6,2286
CCDS47482.1|Hs110|chr6,1914
CCDS47483.1|Hs110|chr6,3591
CCDS47484.1|Hs110|chr6,3162
CCDS47485.1|Hs110|chr6,2244
CCDS47486.1|Hs110|chr6,2610
CCDS47487.1|Hs110|chr6,4821
CCDS47488.1|Hs110|chr6,2310
CCDS47489.1|Hs110|chr6,3753
CCDS47490.1|Hs110|chr6,3666
CCDS47491.1|Hs110|chr6,3582
CCDS47492.1|Hs110|chr6,1905
CCDS47493.1|Hs110|chr6,1938
CCDS47494.1|Hs110|chr6,1698
CCDS47495.1|Hs110|chr6,669
CCDS47496.1|Hs110|chr6,4980
CCDS47497.1|Hs110|chr6,2721
CCDS47499.1|Hs110|chr6,3456
CCDS47500.2|Hs110|chr6,1584
CCDS47501.1|Hs110|chr6,1206
CCDS47502.1|Hs110|chr6,816
CCDS47503.1|Hs110|chr6,1482
CCDS47504.1|Hs110|chr6,1221
CCDS47505.1|Hs110|chr6,1194
CCDS47506.1|Hs110|chr6,1212
CCDS47507.1|Hs110|chr6,1263
CCDS47508.1|Hs110|chr6,1179
CCDS47509.1|Hs110|chr6,1317
CCDS47510.1|Hs110|chr6,1422
CCDS47512.1|Hs110|chr6,5685
CCDS47515.1|Hs110|chr6,1248
CCDS47517.1|Hs110|chr6,4956
CCDS47518.1|Hs110|chr6,1446
CCDS47519.1|Hs110|chr6,2325
CCDS47520.2|Hs110|chr6,2688
CCDS47521.1|Hs110|chr6,687
CCDS47522.1|Hs110|chr7,1755
CCDS47524.1|Hs110|chr7,591
CCDS47525.1|Hs110|chr7,2358
CCDS47526.1|Hs110|chr7,6573
CCDS47527.2|Hs110|chr7,2061
CCDS47528.1|Hs110|chr7,2424
CCDS47529.1|Hs110|chr7,813
CCDS47530.1|Hs110|chr7,741
CCDS47531.1|Hs110|chr7,1332
CCDS47532.1|Hs110|chr7,1278
CCDS47533.1|Hs110|chr7,1155
CCDS47534.1|Hs110|chr7,8907
CCDS47535.1|Hs110|chr7,3951
CCDS47536.1|Hs110|chr7,1632
CCDS47537.1|Hs110|chr7,3636
CCDS47538.1|Hs110|chr7,2094
CCDS47539.1|Hs110|chr7,1980
CCDS47540.1|Hs110|chr7,816
CCDS47542.1|Hs110|chr7,2667
CCDS47543.1|Hs110|chr7,4974
CCDS47544.1|Hs110|chr7,4773
CCDS47545.1|Hs110|chr7,2148
CCDS47546.1|Hs110|chr7,1407
CCDS47547.1|Hs110|chr7,2415
CCDS47548.1|Hs110|chr7,2322
CCDS47551.1|Hs110|chr7,2874
CCDS47552.1|Hs110|chr7,957
CCDS47553.1|Hs110|chr7,3210
CCDS47554.1|Hs110|chr7,3201
CCDS47555.1|Hs110|chr7,3036
CCDS47557.1|Hs110|chr7,1773
CCDS47558.1|Hs110|chr7,1227
CCDS47559.1|Hs110|chr7,1263
CCDS47561.1|Hs110|chr7,789
CCDS47562.1|Hs110|chr7,615
CCDS47563.1|Hs110|chr7,999
CCDS47564.1|Hs110|chr7,2463
CCDS47566.1|Hs110|chr7,999
CCDS47567.1|Hs110|chr7,1305
CCDS47568.1|Hs110|chr7,1041
CCDS47570.1|Hs110|chr7,315
CCDS47571.1|Hs110|chr7,189
CCDS47572.1|Hs110|chr7,2559
CCDS47573.1|Hs110|chr7,1410
CCDS47574.1|Hs110|chr7,1962
CCDS47577.1|Hs110|chr7,2769
CCDS47578.1|Hs110|chr7,2796
CCDS47579.1|Hs110|chr7,1320
CCDS47580.1|Hs110|chr7,1284
CCDS47581.1|Hs110|chr7,201
CCDS47582.1|Hs110|chr7,4689
CCDS47583.1|Hs110|chr7,888
CCDS47584.1|Hs110|chr7,15177
CCDS47585.1|Hs110|chr7,1317
CCDS47586.1|Hs110|chr7,1647
CCDS47587.1|Hs110|chr7,1218
CCDS47588.1|Hs110|chr7,519
CCDS47589.2|Hs110|chr7,1020
CCDS47592.1|Hs110|chr7,1236
CCDS47594.1|Hs110|chr7,372
CCDS47595.1|Hs110|chr7,1815
CCDS47596.1|Hs110|chr7,1554
CCDS47597.1|Hs110|chr7,1335
CCDS47598.1|Hs110|chr7,1317
CCDS47599.1|Hs110|chr7,348
CCDS47600.1|Hs110|chr7,216
CCDS47601.1|Hs110|chr7,3708
CCDS47602.1|Hs110|chr7,801
CCDS47603.1|Hs110|chr7,786
CCDS47604.1|Hs110|chr7,969
CCDS47605.1|Hs110|chr7,2502
CCDS47606.1|Hs110|chr7,2553
CCDS47607.2|Hs110|chr7,750
CCDS47608.2|Hs110|chr7,900
CCDS47611.1|Hs110|chr7,2079
CCDS47612.1|Hs110|chr7,2118
CCDS47613.1|Hs110|chr7,2835
CCDS47614.1|Hs110|chr7,2874
CCDS47617.1|Hs110|chr7,2964
CCDS47618.1|Hs110|chr7,1275
CCDS47619.1|Hs110|chr7,1986
CCDS47620.1|Hs110|chr7,1953
CCDS47621.1|Hs110|chr7,2256
CCDS47622.1|Hs110|chr7,2244
CCDS47623.1|Hs110|chr7,1071
CCDS47624.1|Hs110|chr7,1059
CCDS47625.1|Hs110|chr7,1065
CCDS47626.1|Hs110|chr7,2172
CCDS47627.1|Hs110|chr7,873
CCDS47628.1|Hs110|chr7,858
CCDS47629.1|Hs110|chr7,633
CCDS47630.1|Hs110|chr7,15429
CCDS47631.1|Hs110|chr7,14808
CCDS47632.1|Hs110|chr7,3090
CCDS47633.1|Hs110|chr7,2019
CCDS47634.1|Hs110|chr7,1923
CCDS47635.1|Hs110|chr7,1371
CCDS47636.1|Hs110|chr7,1224
CCDS47637.1|Hs110|chr7,2721
CCDS47638.1|Hs110|chr7,552
CCDS47639.1|Hs110|chr7,3270
CCDS47640.1|Hs110|chr7,744
CCDS47641.1|Hs110|chr7,714
CCDS47642.1|Hs110|chr7,1356
CCDS47643.1|Hs110|chr7,1389
CCDS47644.1|Hs110|chr7,1029
CCDS47645.1|Hs110|chr7,1887
CCDS47646.1|Hs110|chr7,1827
CCDS47647.2|Hs110|chr7,882
CCDS47648.1|Hs110|chr7,3498
CCDS47649.1|Hs110|chr7,966
CCDS47650.1|Hs110|chr7,1308
CCDS47651.1|Hs110|chr7,1551
CCDS47652.1|Hs110|chr7,735
CCDS47653.1|Hs110|chr7,150
CCDS47654.1|Hs110|chr7,267
CCDS47655.1|Hs110|chr7,1581
CCDS47658.2|Hs110|chr7,1650
CCDS47660.1|Hs110|chr7,528
CCDS47661.1|Hs110|chr7,621
CCDS47662.1|Hs110|chr7,678
CCDS47663.2|Hs110|chr7,8166
CCDS47664.2|Hs110|chr7,8439
CCDS47665.1|Hs110|chr7,2619
CCDS47666.1|Hs110|chr7,2628
CCDS47667.1|Hs110|chr7,2616
CCDS47669.1|Hs110|chr7,477
CCDS47670.1|Hs110|chr7,468
CCDS47671.1|Hs110|chr7,327
CCDS47672.1|Hs110|chr7,2031
CCDS47673.1|Hs110|chr7,348
CCDS47674.1|Hs110|chr7,2274
CCDS47675.1|Hs110|chr7,792
CCDS47676.1|Hs110|chr7,1179
CCDS47677.1|Hs110|chr7,828
CCDS47679.1|Hs110|chr7,1707
CCDS47680.1|Hs110|chr7,10383
CCDS47681.1|Hs110|chr7,975
CCDS47682.1|Hs110|chr7,2586
CCDS47683.1|Hs110|chr7,2217
CCDS47684.1|Hs110|chr7,2658
CCDS47685.1|Hs110|chr7,726
CCDS47686.1|Hs110|chr7,3915
CCDS47687.1|Hs110|chr7,1188
CCDS47688.1|Hs110|chr7,5901
CCDS47689.1|Hs110|chr7,4227
CCDS47690.1|Hs110|chr7,2352
CCDS47691.1|Hs110|chr7,3768
CCDS47692.1|Hs110|chr7,918
CCDS47693.1|Hs110|chr7,1644
CCDS47694.1|Hs110|chr7,1143
CCDS47696.1|Hs110|chr7,2727
CCDS47698.2|Hs110|chr7,1290
CCDS47699.1|Hs110|chr7,1701
CCDS47700.1|Hs110|chr7,1470
CCDS47701.1|Hs110|chr7,930
CCDS47702.1|Hs110|chr7,903
CCDS47703.1|Hs110|chr7,948
CCDS47704.1|Hs110|chr7,3465
CCDS47705.1|Hs110|chr7,8079
CCDS47706.1|Hs110|chr7,1833
CCDS47707.2|Hs110|chr7,1527
CCDS47708.1|Hs110|chr7,1527
CCDS47709.1|Hs110|chr7,2277
CCDS47710.1|Hs110|chr7,459
CCDS47712.1|Hs110|chr7,1686
CCDS47713.1|Hs110|chr7,1212
CCDS47714.1|Hs110|chr7,1581
CCDS47715.2|Hs110|chr7,1035
CCDS47716.1|Hs110|chr7,1677
CCDS47717.1|Hs110|chr7,1599
CCDS47718.1|Hs110|chr7,2763
CCDS47719.1|Hs110|chr7,1719
CCDS47720.1|Hs110|chr7,3051
CCDS47721.1|Hs110|chr7,1479
CCDS47722.1|Hs110|chr7,324
CCDS47723.2|Hs110|chr7,5805
CCDS47724.1|Hs110|chr7,645
CCDS47725.1|Hs110|chr7,990
CCDS47726.1|Hs110|chr7,1368
CCDS47727.1|Hs110|chr7,5574
CCDS47728.1|Hs110|chr7,942
CCDS47729.1|Hs110|chr7,1017
CCDS47730.1|Hs110|chr7,849
CCDS47731.1|Hs110|chr7,645
CCDS47732.1|Hs110|chr7,552
CCDS47733.1|Hs110|chr7,327
CCDS47734.1|Hs110|chr7,1083
CCDS47735.2|Hs110|chr7,2448
CCDS47736.2|Hs110|chr7,2076
CCDS47738.1|Hs110|chr7,2349
CCDS47739.1|Hs110|chr7,1416
CCDS47741.1|Hs110|chr7,3510
CCDS47742.2|Hs110|chr7,495
CCDS47744.1|Hs110|chr7,633
CCDS47745.1|Hs110|chr7,1875
CCDS47746.1|Hs110|chr7,702
CCDS47748.1|Hs110|chr7,879
CCDS47749.2|Hs110|chr7,1290
CCDS47750.2|Hs110|chr7,1404
CCDS47751.3|Hs110|chr7,1806
CCDS47752.1|Hs110|chr7,987
CCDS47753.1|Hs110|chr7,3210
CCDS47755.1|Hs110|chr7,726
CCDS47757.1|Hs110|chr7,3201
CCDS47759.1|Hs110|chr8,558
CCDS47761.1|Hs110|chr8,1335
CCDS47762.1|Hs110|chr8,1488
CCDS47763.2|Hs110|chr8,2061
CCDS47773.1|Hs110|chr8,903
CCDS47774.1|Hs110|chr8,402
CCDS47778.1|Hs110|chr8,1395
CCDS47798.1|Hs110|chr8,588
CCDS47799.1|Hs110|chr8,579
CCDS47800.1|Hs110|chr8,885
CCDS47801.1|Hs110|chr8,987
CCDS47802.1|Hs110|chr8,651
CCDS47803.1|Hs110|chr8,816
CCDS47808.1|Hs110|chr8,1365
CCDS47809.1|Hs110|chr8,960
CCDS47810.1|Hs110|chr8,1104
CCDS47811.1|Hs110|chr8,1119
CCDS47812.1|Hs110|chr8,6075
CCDS47813.1|Hs110|chr8,1170
CCDS47814.1|Hs110|chr8,1482
CCDS47815.1|Hs110|chr8,1419
CCDS47816.1|Hs110|chr8,1395
CCDS47818.1|Hs110|chr8,3264
CCDS47820.1|Hs110|chr8,1152
CCDS47821.1|Hs110|chr8,1077
CCDS47822.1|Hs110|chr8,1446
CCDS47823.1|Hs110|chr8,1479
CCDS47824.1|Hs110|chr8,990
CCDS47825.1|Hs110|chr8,762
CCDS47826.2|Hs110|chr8,1323
CCDS47827.1|Hs110|chr8,1827
CCDS47828.1|Hs110|chr8,1017
CCDS47830.1|Hs110|chr8,1623
CCDS47831.1|Hs110|chr8,1623
CCDS47832.1|Hs110|chr8,1350
CCDS47833.1|Hs110|chr8,2391
CCDS47834.1|Hs110|chr8,510
CCDS47835.1|Hs110|chr8,1308
CCDS47836.1|Hs110|chr8,1269
CCDS47839.1|Hs110|chr8,1266
CCDS47840.1|Hs110|chr8,1605
CCDS47841.1|Hs110|chr8,795
CCDS47842.1|Hs110|chr8,651
CCDS47843.1|Hs110|chr8,531
CCDS47845.1|Hs110|chr8,1188
CCDS47846.1|Hs110|chr8,2364
CCDS47847.1|Hs110|chr8,1212
CCDS47848.1|Hs110|chr8,462
CCDS47849.1|Hs110|chr8,5694
CCDS47850.1|Hs110|chr8,855
CCDS47852.1|Hs110|chr8,1908
CCDS47853.1|Hs110|chr8,480
CCDS47854.1|Hs110|chr8,246
CCDS47855.1|Hs110|chr8,4392
CCDS47856.1|Hs110|chr8,4776
CCDS47857.1|Hs110|chr8,843
CCDS47858.1|Hs110|chr8,906
CCDS47859.1|Hs110|chr8,1476
CCDS47860.1|Hs110|chr8,1257
CCDS47862.1|Hs110|chr8,894
CCDS47863.1|Hs110|chr8,879
CCDS47864.1|Hs110|chr8,2847
CCDS47865.1|Hs110|chr8,8994
CCDS47866.1|Hs110|chr8,900
CCDS47867.1|Hs110|chr8,2259
CCDS47868.1|Hs110|chr8,1899
CCDS47869.1|Hs110|chr8,1773
CCDS47872.1|Hs110|chr8,4395
CCDS47873.1|Hs110|chr8,1680
CCDS47874.3|Hs110|chr8,456
CCDS47875.3|Hs110|chr8,489
CCDS47876.1|Hs110|chr8,324
CCDS47877.1|Hs110|chr8,873
CCDS47878.2|Hs110|chr8,10851
CCDS47879.1|Hs110|chr8,624
CCDS47880.1|Hs110|chr8,2616
CCDS47882.1|Hs110|chr8,423
CCDS47883.1|Hs110|chr8,1011
CCDS47884.1|Hs110|chr8,597
CCDS47885.1|Hs110|chr8,1041
CCDS47886.1|Hs110|chr8,1038
CCDS47888.1|Hs110|chr8,1650
CCDS47889.1|Hs110|chr8,1056
CCDS47891.1|Hs110|chr8,1734
CCDS47892.1|Hs110|chr8,870
CCDS47894.1|Hs110|chr8,3444
CCDS47895.1|Hs110|chr8,1980
CCDS47896.1|Hs110|chr8,1827
CCDS47897.1|Hs110|chr8,2046
CCDS47898.1|Hs110|chr8,2034
CCDS47899.1|Hs110|chr8,495
CCDS47900.1|Hs110|chr8,1476
CCDS47901.1|Hs110|chr8,939
CCDS47902.1|Hs110|chr8,831
CCDS47903.1|Hs110|chr8,1248
CCDS47904.1|Hs110|chr8,2127
CCDS47905.1|Hs110|chr8,1410
CCDS47906.1|Hs110|chr8,165
CCDS47907.1|Hs110|chr8,2523
CCDS47908.1|Hs110|chr8,3456
CCDS47909.1|Hs110|chr8,2541
CCDS47910.1|Hs110|chr8,1665
CCDS47911.1|Hs110|chr8,12732
CCDS47912.1|Hs110|chr8,1992
CCDS47913.1|Hs110|chr8,486
CCDS47914.1|Hs110|chr8,2667
CCDS47915.1|Hs110|chr8,696
CCDS47916.1|Hs110|chr8,2913
CCDS47917.1|Hs110|chr8,951
CCDS47918.1|Hs110|chr8,1725
CCDS47919.1|Hs110|chr8,1434
CCDS47921.1|Hs110|chr8,699
CCDS47922.1|Hs110|chr8,882
CCDS47923.1|Hs110|chr8,951
CCDS47924.1|Hs110|chr8,3732
CCDS47925.2|Hs110|chr8,345
CCDS47926.1|Hs110|chr8,486
CCDS47927.1|Hs110|chr8,2013
CCDS47928.1|Hs110|chr8,2160
CCDS47930.1|Hs110|chr8,774
CCDS47931.1|Hs110|chr8,1491
CCDS47932.1|Hs110|chr8,1116
CCDS47933.1|Hs110|chr8,1629
CCDS47934.1|Hs110|chr8,1680
CCDS47935.1|Hs110|chr8,1551
CCDS47936.1|Hs110|chr8,13548
CCDS47937.1|Hs110|chr8,1326
CCDS47938.1|Hs110|chr8,4926
CCDS47939.1|Hs110|chr8,1269
CCDS47942.1|Hs110|chr8,1602
CCDS47943.1|Hs110|chr8,1089
CCDS47944.1|Hs110|chr8,2016
CCDS47945.1|Hs110|chr8,1683
CCDS47947.1|Hs110|chr9,1131
CCDS47948.1|Hs110|chr9,1080
CCDS47949.2|Hs110|chr9,3498
CCDS47951.1|Hs110|chr9,6126
CCDS47952.1|Hs110|chr9,6540
CCDS47953.1|Hs110|chr9,1176
CCDS47954.1|Hs110|chr9,5289
CCDS47955.1|Hs110|chr9,1119
CCDS47956.1|Hs110|chr9,1029
CCDS47957.1|Hs110|chr9,765
CCDS47958.2|Hs110|chr9,420
CCDS47959.1|Hs110|chr9,1263
CCDS47960.3|Hs110|chr9,1149
CCDS47961.1|Hs110|chr9,3096
CCDS47962.1|Hs110|chr9,3021
CCDS47963.1|Hs110|chr9,651
CCDS47964.2|Hs110|chr9,1176
CCDS47965.1|Hs110|chr9,2262
CCDS47966.1|Hs110|chr9,2871
CCDS47967.1|Hs110|chr9,258
CCDS47968.1|Hs110|chr9,279
CCDS47970.1|Hs110|chr9,4044
CCDS47977.1|Hs110|chr9,1251
CCDS47978.1|Hs110|chr9,1209
CCDS47979.1|Hs110|chr9,3963
CCDS47980.2|Hs110|chr9,420
CCDS47981.1|Hs110|chr9,528
CCDS47982.1|Hs110|chr9,9267
CCDS47983.1|Hs110|chr9,9210
CCDS47984.1|Hs110|chr9,2169
CCDS47985.1|Hs110|chr9,2121
CCDS47986.1|Hs110|chr9,4731
CCDS47988.1|Hs110|chr9,948
CCDS47991.1|Hs110|chr9,2217
CCDS47992.1|Hs110|chr9,1839
CCDS47993.1|Hs110|chr9,3504
CCDS47994.1|Hs110|chr9,2271
CCDS47995.1|Hs110|chr9,4341
CCDS47996.1|Hs110|chr9,4146
CCDS47998.1|Hs110|chr9,1281
CCDS47999.1|Hs110|chr9,1593
CCDS48000.1|Hs110|chr9,2214
CCDS48001.1|Hs110|chr9,2349
CCDS48002.2|Hs110|chr9,1236
CCDS48003.1|Hs110|chr9,2580
CCDS48004.1|Hs110|chr9,10716
CCDS48005.1|Hs110|chr9,2610
CCDS48007.1|Hs110|chr9,3660
CCDS48008.1|Hs110|chr9,2586
CCDS48009.2|Hs110|chr9,1323
CCDS48010.2|Hs110|chr9,1809
CCDS48011.1|Hs110|chr9,2229
CCDS48012.2|Hs110|chr9,2133
CCDS48013.1|Hs110|chr9,606
CCDS48014.1|Hs110|chr9,3195
CCDS48015.1|Hs110|chr9,1044
CCDS48017.1|Hs110|chr9,1821
CCDS48018.1|Hs110|chr9,1029
CCDS48019.1|Hs110|chr9,852
CCDS48020.1|Hs110|chr9,972
CCDS48021.1|Hs110|chr9,1080
CCDS48022.1|Hs110|chr9,666
CCDS48023.2|Hs110|chr9,1515
CCDS48024.1|Hs110|chr9,729
CCDS48025.1|Hs110|chr9,219
CCDS48026.1|Hs110|chr9,2109
CCDS48027.1|Hs110|chr9,2103
CCDS48028.1|Hs110|chr9,1521
CCDS48029.1|Hs110|chr9,1977
CCDS48030.1|Hs110|chr9,1185
CCDS48031.1|Hs110|chr9,1470
CCDS48033.1|Hs110|chr9,2457
CCDS48034.1|Hs110|chr9,2529
CCDS48035.1|Hs110|chr9,441
CCDS48036.1|Hs110|chr9,7434
CCDS48037.1|Hs110|chr9,873
CCDS48038.1|Hs110|chr9,1119
CCDS48039.1|Hs110|chr9,588
CCDS48040.1|Hs110|chr9,1854
CCDS48041.1|Hs110|chr9,1803
CCDS48042.1|Hs110|chr9,1716
CCDS48044.1|Hs110|chr9,6690
CCDS48045.1|Hs110|chr9,1827
CCDS48046.1|Hs110|chr9,606
CCDS48047.1|Hs110|chr9,3234
CCDS48048.1|Hs110|chr9,3288
CCDS48049.1|Hs110|chr9,855
CCDS48050.1|Hs110|chr9,1581
CCDS48051.1|Hs110|chr9,393
CCDS48052.1|Hs110|chr9,1338
CCDS48053.1|Hs110|chr9,2637
CCDS48054.1|Hs110|chr9,1164
CCDS48055.1|Hs110|chr9,2028
CCDS48056.1|Hs110|chr9,501
CCDS48057.1|Hs110|chr9,1479
CCDS48058.1|Hs110|chr9,2190
CCDS48059.1|Hs110|chr9,2931
CCDS48060.1|Hs110|chr9,375
CCDS48061.1|Hs110|chr9,1821
CCDS48062.1|Hs110|chr9,1773
CCDS48063.1|Hs110|chr9,1566
CCDS48064.3|Hs110|chr9,435
CCDS48065.1|Hs110|chr9,927
CCDS48066.1|Hs110|chr9,2631
CCDS48067.1|Hs110|chr9,1518
CCDS48068.1|Hs110|chr9,1524
CCDS48069.1|Hs110|chr9,1593
CCDS48070.1|Hs110|chr9,4029
CCDS48071.1|Hs110|chrX,510
CCDS48071.1|Hs110|chrY,510
CCDS48073.1|Hs110|chrX,588
CCDS48074.1|Hs110|chrX,1413
CCDS48075.1|Hs110|chrX,687
CCDS48076.1|Hs110|chrX,756
CCDS48077.2|Hs110|chrX,741
CCDS48078.1|Hs110|chrX,1581
CCDS48080.1|Hs110|chrX,1068
CCDS48081.1|Hs110|chrX,1146
CCDS48082.1|Hs110|chrX,423
CCDS48083.2|Hs110|chrX,525
CCDS48084.1|Hs110|chrX,741
CCDS48085.1|Hs110|chrX,1359
CCDS48086.2|Hs110|chrX,753
CCDS48087.1|Hs110|chrX,4425
CCDS48088.1|Hs110|chrX,1248
CCDS48090.1|Hs110|chrX,1662
CCDS48091.1|Hs110|chrX,3678
CCDS48092.1|Hs110|chrX,5112
CCDS48093.1|Hs110|chrX,5268
CCDS48094.1|Hs110|chrX,2694
CCDS48095.1|Hs110|chrX,2697
CCDS48096.1|Hs110|chrX,1302
CCDS48097.1|Hs110|chrX,516
CCDS48098.1|Hs110|chrX,297
CCDS48099.1|Hs110|chrX,1746
CCDS48100.1|Hs110|chrX,462
CCDS48101.1|Hs110|chrX,1509
CCDS48104.1|Hs110|chrX,1701
CCDS48105.1|Hs110|chrX,1050
CCDS48106.1|Hs110|chrX,1005
CCDS48107.1|Hs110|chrX,777
CCDS48109.1|Hs110|chrX,1191
CCDS48110.1|Hs110|chrX,354
CCDS48113.1|Hs110|chrX,354
CCDS48114.1|Hs110|chrX,351
CCDS48115.1|Hs110|chrX,2451
CCDS48116.1|Hs110|chrX,2220
CCDS48126.2|Hs110|chrX,246
CCDS48128.1|Hs110|chrX,210
CCDS48129.1|Hs110|chrX,567
CCDS48130.1|Hs110|chrX,4467
CCDS48131.2|Hs110|chrX,2511
CCDS48132.1|Hs110|chrX,918
CCDS48133.2|Hs110|chrX,3474
CCDS48134.1|Hs110|chrX,3312
CCDS48135.1|Hs110|chrX,1248
CCDS48136.1|Hs110|chrX,660
CCDS48137.1|Hs110|chrX,3633
CCDS48138.1|Hs110|chrX,807
CCDS48139.1|Hs110|chrX,333
CCDS48140.1|Hs110|chrX,1716
CCDS48141.1|Hs110|chrX,3303
CCDS48145.1|Hs110|chrX,456
CCDS48146.1|Hs110|chrX,2703
CCDS48148.2|Hs110|chrX,1137
CCDS48149.1|Hs110|chrX,1377
CCDS48150.1|Hs110|chrX,1374
CCDS48151.1|Hs110|chrX,1743
CCDS48152.1|Hs110|chrX,1698
CCDS48153.1|Hs110|chrX,1680
CCDS48154.1|Hs110|chrX,3255
CCDS48155.1|Hs110|chrX,2298
CCDS48156.1|Hs110|chrX,5130
CCDS48157.1|Hs110|chrX,726
CCDS48158.1|Hs110|chrX,1074
CCDS48159.1|Hs110|chrX,1236
CCDS48160.1|Hs110|chrX,549
CCDS48161.1|Hs110|chrX,900
CCDS48162.1|Hs110|chrX,378
CCDS48163.1|Hs110|chrX,897
CCDS48165.1|Hs110|chrX,234
CCDS48166.2|Hs110|chrX,825
CCDS48167.1|Hs110|chrX,975
CCDS48168.1|Hs110|chrX,1020
CCDS48169.1|Hs110|chrX,1818
CCDS48170.1|Hs110|chrX,1938
CCDS48171.1|Hs110|chrX,978
CCDS48174.1|Hs110|chrX,570
CCDS48175.1|Hs110|chrX,2958
CCDS48178.1|Hs110|chrX,300
CCDS48179.1|Hs110|chrX,1272
CCDS48180.1|Hs110|chrX,1290
CCDS48184.1|Hs110|chrX,2070
CCDS48188.2|Hs110|chrX,990
CCDS48189.1|Hs110|chrX,1083
CCDS48190.1|Hs110|chrX,1563
CCDS48191.1|Hs110|chrX,942
CCDS48192.1|Hs110|chrX,3747
CCDS48193.1|Hs110|chrX,1497
CCDS48194.1|Hs110|chrX,7944
CCDS48195.1|Hs110|chrX,1347
CCDS48196.1|Hs110|chrX,1464
CCDS48197.1|Hs110|chrX,963
CCDS48198.1|Hs110|chrX,1764
CCDS48199.1|Hs110|chrX,540
CCDS48199.1|Hs110|chrY,540
CCDS48200.1|Hs110|chrY,1833
CCDS48201.1|Hs110|chrY,2175
CCDS48202.1|Hs110|chrY,945
CCDS48204.1|Hs110|chrY,927
CCDS48205.1|Hs110|chrY,927
CCDS48209.1|Hs110|chrY,2235
CCDS53256.1,1731
CCDS53257.1,750
CCDS53259.1,1761
CCDS53260.1,1524
CCDS53261.2,2856
CCDS53262.2,2673
CCDS53264.1,2262
CCDS53267.1,2472
CCDS53268.2,1437
CCDS53269.1,885
CCDS53270.1,357
CCDS53272.1,1512
CCDS53274.1,1344
CCDS53275.1,1410
CCDS53276.1,2046
CCDS53277.1,2184
CCDS53278.1,2631
CCDS53279.1,765
CCDS53280.1,498
CCDS53281.1,549
CCDS53282.1,786
CCDS53283.1,522
CCDS53284.1,1671
CCDS53285.1,966
CCDS53286.1,1689
CCDS53287.1,1590
CCDS53288.1,2595
CCDS53289.1,2163
CCDS53290.1,4302
CCDS53292.1,411
CCDS53293.1,1641
CCDS53294.1,1431
CCDS53295.1,279
CCDS53296.1,465
CCDS53297.1,3828
CCDS53299.1,945
CCDS53300.1,1185
CCDS53301.1,1734
CCDS53302.1,1800
CCDS53303.1,1443
CCDS53304.1,1947
CCDS53306.1,657
CCDS53307.1,2094
CCDS53308.1,1086
CCDS53309.1,834
CCDS53310.1,420
CCDS53311.1,1323
CCDS53312.1,3441
CCDS53313.1,1239
CCDS53314.1,1842
CCDS53315.1,1110
CCDS53317.1,1512
CCDS53318.1,1572
CCDS53319.1,1401
CCDS53320.1,558
CCDS53321.1,1506
CCDS53322.1,1665
CCDS53323.1,1743
CCDS53324.1,1098
CCDS53325.1,1461
CCDS53326.1,1698
CCDS53327.1,1353
CCDS53328.1,1413
CCDS53329.1,1590
CCDS53330.1,1113
CCDS53331.1,1353
CCDS53332.1,1452
CCDS53333.1,1122
CCDS53334.1,681
CCDS53335.1,1836
CCDS53337.1,1764
CCDS53338.1,1296
CCDS53339.1,1776
CCDS53340.1,1611
CCDS53341.1,1476
CCDS53342.1,582
CCDS53343.1,1818
CCDS53344.1,1656
CCDS53345.1,717
CCDS53346.1,522
CCDS53347.2,1974
CCDS53348.1,5304
CCDS53349.2,2232
CCDS53350.1,1569
CCDS53351.1,3072
CCDS53352.1,2979
CCDS53353.1,1401
CCDS53354.1,405
CCDS53359.1,405
CCDS53362.1,828
CCDS53363.1,2769
CCDS53364.1,2889
CCDS53365.1,4047
CCDS53366.1,4206
CCDS53367.1,1248
CCDS53368.1,279
CCDS53370.1,5211
CCDS53371.1,1341
CCDS53372.1,885
CCDS53373.1,1350
CCDS53374.1,1464
CCDS53375.1,2958
CCDS53376.1,2961
CCDS53377.1,1563
CCDS53378.1,1890
CCDS53379.1,1749
CCDS53380.1,1116
CCDS53381.1,1200
CCDS53382.1,1101
CCDS53383.1,1287
CCDS53384.1,696
CCDS53385.1,897
CCDS53386.1,861
CCDS53387.1,870
CCDS53388.1,435
CCDS53389.1,399
CCDS53390.1,600
CCDS53391.1,954
CCDS53392.1,597
CCDS53393.1,666
CCDS53394.1,999
CCDS53395.1,645
CCDS53396.1,1038
CCDS53397.1,819
CCDS53398.1,822
CCDS53399.1,1113
CCDS53400.1,348
CCDS53401.1,732
CCDS53402.1,939
CCDS53403.1,876
CCDS53404.1,1374
CCDS53405.1,891
CCDS53406.1,804
CCDS53407.1,843
CCDS53408.1,921
CCDS53409.1,960
CCDS53410.1,936
CCDS53411.1,948
CCDS53412.1,207
CCDS53414.1,912
CCDS53415.2,1098
CCDS53416.2,678
CCDS53417.2,813
CCDS53419.2,660
CCDS53421.1,1506
CCDS53422.1,819
CCDS53423.1,1038
CCDS53424.1,1035
CCDS53425.1,360
CCDS53426.1,4374
CCDS53427.2,1119
CCDS53428.2,666
CCDS53429.1,2586
CCDS53430.1,423
CCDS53431.1,2592
CCDS53433.1,639
CCDS53434.1,648
CCDS53435.1,3132
CCDS53436.1,3486
CCDS53437.1,3177
CCDS53438.1,3240
CCDS53439.1,396
CCDS53440.1,750
CCDS53441.1,645
CCDS53442.1,891
CCDS53443.1,6813
CCDS53444.1,3276
CCDS53445.1,3438
CCDS53446.1,1338
CCDS53447.1,1446
CCDS53448.1,1365
CCDS53449.1,1296
CCDS53450.1,1269
CCDS53451.1,1557
CCDS53452.1,1350
CCDS53453.1,810
CCDS53454.1,3885
CCDS53455.1,11127
CCDS53456.1,4452
CCDS53457.1,1803
CCDS53458.1,1548
CCDS53459.1,1161
CCDS53460.1,3723
CCDS53461.1,1860
CCDS53462.1,3525
CCDS53463.1,1503
CCDS53464.1,1896
CCDS53465.1,624
CCDS53466.1,465
CCDS53467.1,921
CCDS53468.1,1734
CCDS53470.1,1725
CCDS53471.1,1485
CCDS53472.1,1287
CCDS53473.1,1071
CCDS53474.1,642
CCDS53475.1,846
CCDS53476.1,723
CCDS53477.1,762
CCDS53478.1,1869
CCDS53479.1,999
CCDS53481.1,657
CCDS53482.1,2268
CCDS53483.1,2088
CCDS53484.1,1740
CCDS53485.1,1680
CCDS53486.1,1287
CCDS53487.1,1425
CCDS53490.10,714
CCDS53491.10,1221
CCDS53492.10,2487
CCDS53493.10,693
CCDS53494.10,1233
CCDS53497.10,990
CCDS53498.10,1341
CCDS53499.10,1356
CCDS53500.10,1443
CCDS53501.10,1491
CCDS53502.10,2640
CCDS53503.10,2523
CCDS53504.10,2340
CCDS53505.10,3378
CCDS53506.10,3315
CCDS53507.10,3174
CCDS53509.10,3735
CCDS53510.10,3801
CCDS53511.10,4023
CCDS53512.10,3933
CCDS53513.10,2967
CCDS53514.10,3960
CCDS53515.10,4062
CCDS53516.10,3096
CCDS53517.10,366
CCDS53518.10,327
CCDS53519.10,330
CCDS53520.10,342
CCDS53521.10,309
CCDS53522.10,288
CCDS53523.10,291
CCDS53525.10,3219
CCDS53527.10,423
CCDS53528.10,3840
CCDS53529.10,3738
CCDS53536.10,852
CCDS53538.10,1506
CCDS53539.10,1293
CCDS53540.10,3345
CCDS53542.10,567
CCDS53543.10,1248
CCDS53544.10,930
CCDS53545.10,3660
CCDS53546.10,465
CCDS53547.10,1500
CCDS53548.10,2238
CCDS53549.10,1197
CCDS53550.10,2199
CCDS53551.10,939
CCDS53552.10,861
CCDS53553.10,2055
CCDS53554.10,1395
CCDS53555.10,5985
CCDS53556.10,1569
CCDS53557.10,1209
CCDS53560.10,1206
CCDS53561.10,1221
CCDS53562.10,1119
CCDS53563.10,957
CCDS53564.10,861
CCDS53565.10,936
CCDS53566.10,1443
CCDS53567.10,1605
CCDS53568.10,1647
CCDS53569.10,1254
CCDS53570.10,1749
CCDS53571.10,1302
CCDS53572.10,627
CCDS53573.10,642
CCDS53574.10,630
CCDS53575.10,648
CCDS53576.10,1929
CCDS53577.10,1809
CCDS53578.10,1470
CCDS53579.10,1605
CCDS53580.10,1398
CCDS53581.10,1101
CCDS53583.10,510
CCDS53584.10,2124
CCDS53585.10,324
CCDS53586.10,906
CCDS53587.10,633
CCDS53588.10,8691
CCDS53589.10,456
CCDS53590.11,774
CCDS53591.11,807
CCDS53593.21,687
CCDS53594.11,549
CCDS53596.11,981
CCDS53597.11,942
CCDS53598.11,972
CCDS53599.11,2424
CCDS53600.11,384
CCDS53601.11,1827
CCDS53603.11,510
CCDS53604.11,2406
CCDS53606.11,912
CCDS53609.11,1086
CCDS53610.11,825
CCDS53611.11,726
CCDS53612.11,7098
CCDS53613.11,402
CCDS53615.11,582
CCDS53616.11,825
CCDS53617.11,618
CCDS53619.11,2187
CCDS53620.11,1560
CCDS53621.11,3825
CCDS53622.11,1458
CCDS53623.11,1539
CCDS53627.11,2115
CCDS53628.11,2208
CCDS53629.11,918
CCDS53630.11,948
CCDS53631.11,948
CCDS53632.11,2517
CCDS53633.11,2586
CCDS53634.11,2523
CCDS53635.11,1176
CCDS53636.11,936
CCDS53637.11,834
CCDS53638.11,666
CCDS53639.11,780
CCDS53640.11,438
CCDS53641.11,1218
CCDS53643.11,1260
CCDS53644.11,1356
CCDS53646.11,810
CCDS53647.11,762
CCDS53648.21,918
CCDS53649.11,2367
CCDS53650.11,2160
CCDS53651.11,2130
CCDS53652.11,768
CCDS53653.11,651
CCDS53654.11,3504
CCDS53656.11,1191
CCDS53657.11,963
CCDS53658.11,1041
CCDS53659.11,2265
CCDS53660.11,1842
CCDS53661.11,2022
CCDS53662.11,570
CCDS53663.11,2706
CCDS53666.11,648
CCDS53667.11,2853
CCDS53669.11,1368
CCDS53670.11,1845
CCDS53671.11,2640
CCDS53672.11,2622
CCDS53673.11,2604
CCDS53674.11,2535
CCDS53675.11,2376
CCDS53676.11,1905
CCDS53677.11,510
CCDS53678.11,2799
CCDS53679.11,1698
CCDS53681.11,1155
CCDS53682.11,492
CCDS53683.11,6648
CCDS53684.11,6528
CCDS53686.11,603
CCDS53687.11,1011
CCDS53688.11,2805
CCDS53689.11,2808
CCDS53691.11,1959
CCDS53692.11,1311
CCDS53693.11,1350
CCDS53694.11,1359
CCDS53696.11,3303
CCDS53697.11,3081
CCDS53698.11,300
CCDS53699.11,1467
CCDS53700.11,981
CCDS53701.11,12924
CCDS53704.11,936
CCDS53705.11,273
CCDS53706.11,1812
CCDS53707.11,1425
CCDS53708.11,1671
CCDS53709.11,1323
CCDS53710.11,1392
CCDS53711.11,1245
CCDS53712.11,1458
CCDS53713.11,399
CCDS53714.11,609
CCDS53715.11,468
CCDS53716.11,1308
CCDS53717.11,1194
CCDS53718.11,915
CCDS53719.11,1518
CCDS53720.11,2217
CCDS53721.11,1041
CCDS53722.11,1833
CCDS53723.11,2337
CCDS53724.11,678
CCDS53725.11,1260
CCDS53728.12,3549
CCDS53729.12,1533
CCDS53731.12,6405
CCDS53732.12,3267
CCDS53733.12,6522
CCDS53734.12,6417
CCDS53735.12,6474
CCDS53736.12,6522
CCDS53737.12,1506
CCDS53738.12,2187
CCDS53739.12,2079
CCDS53740.12,861
CCDS53741.12,900
CCDS53742.12,3366
CCDS53743.12,624
CCDS53744.12,432
CCDS53745.12,546
CCDS53746.12,570
CCDS53747.12,930
CCDS53748.12,930
CCDS53749.12,930
CCDS53750.12,960
CCDS53752.12,387
CCDS53753.12,543
CCDS53754.12,1134
CCDS53757.12,2193
CCDS53758.12,1992
CCDS53759.12,1839
CCDS53760.12,1158
CCDS53761.12,1197
CCDS53762.12,978
CCDS53763.12,1050
CCDS53764.12,273
CCDS53765.12,1260
CCDS53766.12,519
CCDS53767.12,648
CCDS53769.12,585
CCDS53770.12,1023
CCDS53772.12,2649
CCDS53773.12,2499
CCDS53774.12,4866
CCDS53775.12,4914
CCDS53776.12,5025
CCDS53777.12,3111
CCDS53778.12,417
CCDS53779.12,615
CCDS53780.12,354
CCDS53781.12,2520
CCDS53782.12,1521
CCDS53783.12,1896
CCDS53784.12,1044
CCDS53785.12,1233
CCDS53786.12,2556
CCDS53787.12,1248
CCDS53788.12,1275
CCDS53789.12,1338
CCDS53790.12,1962
CCDS53791.12,1674
CCDS53792.12,1707
CCDS53793.12,1773
CCDS53794.12,5820
CCDS53795.12,1410
CCDS53796.12,1674
CCDS53797.12,1542
CCDS53798.12,1437
CCDS53799.12,3234
CCDS53800.12,1551
CCDS53801.12,3345
CCDS53802.12,3606
CCDS53803.12,312
CCDS53804.12,2214
CCDS53805.12,1452
CCDS53806.12,3198
CCDS53807.12,2937
CCDS53808.12,1122
CCDS53809.12,1041
CCDS53810.12,648
CCDS53811.12,504
CCDS53813.12,2286
CCDS53814.12,2025
CCDS53815.12,294
CCDS53816.12,1872
CCDS53817.12,1737
CCDS53818.12,522
CCDS53819.12,1572
CCDS53820.12,1950
CCDS53821.12,1656
CCDS53822.12,1002
CCDS53823.12,1500
CCDS53824.12,3228
CCDS53825.12,2112
CCDS53826.22,3117
CCDS53827.12,2295
CCDS53828.12,2475
CCDS53829.12,2514
CCDS53830.12,885
CCDS53831.12,972
CCDS53832.12,561
CCDS53833.12,789
CCDS53834.12,1674
CCDS53835.12,564
CCDS53836.12,459
CCDS53837.12,1473
CCDS53839.12,1065
CCDS53840.12,2826
CCDS53841.12,633
CCDS53842.12,1164
CCDS53843.32,657
CCDS53844.12,4182
CCDS53845.12,870
CCDS53846.12,3405
CCDS53847.12,1719
CCDS53848.12,1959
CCDS53849.12,1995
CCDS53850.12,2019
CCDS53851.12,504
CCDS53852.12,381
CCDS53853.12,303
CCDS53854.12,207
CCDS53855.12,1140
CCDS53856.13,1167
CCDS53857.13,3834
CCDS53858.13,3138
CCDS53859.13,2016
CCDS53860.13,2202
CCDS53861.13,1626
CCDS53862.13,2193
CCDS53863.13,426
CCDS53864.13,2346
CCDS53865.13,2292
CCDS53866.13,2091
CCDS53867.23,927
CCDS53868.13,2124
CCDS53869.13,483
CCDS53870.13,1275
CCDS53872.13,2235
CCDS53876.13,4158
CCDS53877.13,1941
CCDS53878.13,2046
CCDS53879.13,846
CCDS53880.13,249
CCDS53882.14,1602
CCDS53883.14,633
CCDS53884.14,654
CCDS53885.14,7746
CCDS53886.14,957
CCDS53887.14,1752
CCDS53888.14,1845
CCDS53889.14,3906
CCDS53890.14,1017
CCDS53891.14,2802
CCDS53892.14,2763
CCDS53894.14,2442
CCDS53895.14,2703
CCDS53896.14,2640
CCDS53897.14,2529
CCDS53898.14,2382
CCDS53899.14,804
CCDS53900.14,1566
CCDS53902.14,1866
CCDS53903.14,1521
CCDS53904.14,2775
CCDS53905.14,1335
CCDS53908.14,549
CCDS53910.14,4077
CCDS53911.14,1623
CCDS53912.14,1668
CCDS53915.14,357
CCDS53916.14,453
CCDS53920.15,1167
CCDS53921.15,1209
CCDS53924.15,1596
CCDS53927.15,432
CCDS53929.15,1143
CCDS53930.25,1182
CCDS53931.15,1023
CCDS53932.15,843
CCDS53935.15,14103
CCDS53936.15,987
CCDS53937.15,4221
CCDS53938.15,1689
CCDS53939.15,6993
CCDS53940.15,3300
CCDS53941.15,564
CCDS53942.15,3306
CCDS53943.15,1704
CCDS53944.15,1005
CCDS53945.15,7203
CCDS53946.15,9114
CCDS53947.15,711
CCDS53948.15,1146
CCDS53950.15,963
CCDS53951.15,693
CCDS53952.15,1428
CCDS53953.15,2193
CCDS53954.15,2214
CCDS53955.15,1035
CCDS53956.15,1365
CCDS53957.15,4227
CCDS53958.15,1506
CCDS53959.15,1959
CCDS53961.15,3465
CCDS53962.15,4203
CCDS53963.15,570
CCDS53964.15,1470
CCDS53965.15,1608
CCDS53966.15,3996
CCDS53968.15,450
CCDS53969.15,504
CCDS53970.15,7593
CCDS53971.15,7296
CCDS53972.15,1599
CCDS53973.15,1305
CCDS53974.15,1377
CCDS53975.15,2472
CCDS53976.15,921
CCDS53977.15,591
CCDS53978.15,1494
CCDS53979.15,570
CCDS53980.16,549
CCDS53982.16,1932
CCDS53983.16,1416
CCDS53984.16,1785
CCDS53986.16,3426
CCDS53987.16,939
CCDS53990.16,5229
CCDS53992.16,1842
CCDS53993.16,540
CCDS53994.16,3183
CCDS53995.16,1371
CCDS53996.16,2271
CCDS53997.16,2052
CCDS53998.16,1674
CCDS53999.16,810
CCDS54000.16,504
CCDS54001.16,1224
CCDS54002.16,1125
CCDS54003.16,1929
CCDS54004.16,3462
CCDS54006.16,2097
CCDS54007.16,1959
CCDS54008.16,1716
CCDS54009.16,1731
CCDS54010.16,747
CCDS54011.16,1887
CCDS54012.16,1815
CCDS54013.16,1422
CCDS54015.16,780
CCDS54016.16,723
CCDS54017.16,744
CCDS54018.16,705
CCDS54019.16,345
CCDS54020.16,186
CCDS54021.16,87
CCDS54022.16,1707
CCDS54023.16,633
CCDS54024.16,1392
CCDS54025.16,1125
CCDS54026.16,3720
CCDS54027.16,3702
CCDS54028.16,3672
CCDS54029.16,1200
CCDS54030.16,3240
CCDS54031.16,3165
CCDS54033.16,1929
CCDS54035.16,8370
CCDS54037.16,2607
CCDS54038.16,2667
CCDS54039.16,2169
CCDS54040.16,2751
CCDS54041.16,2613
CCDS54042.16,2667
CCDS54043.16,2667
CCDS54044.16,2322
CCDS54045.16,2040
CCDS54046.16,828
CCDS54047.16,1152
CCDS54048.16,1152
CCDS54049.16,477
CCDS54050.16,1392
CCDS54051.16,1470
CCDS54052.16,1527
CCDS54053.16,1401
CCDS54054.16,1560
CCDS54055.16,1494
CCDS54056.16,387
CCDS54057.16,471
CCDS54058.16,7566
CCDS54059.17,861
CCDS54060.17,2442
CCDS54061.17,2217
CCDS54062.17,5826
CCDS54063.17,2145
CCDS54064.17,1284
CCDS54066.17,963
CCDS54067.17,810
CCDS54068.17,1959
CCDS54069.17,792
CCDS54070.17,1176
CCDS54071.17,3606
CCDS54072.17,3726
CCDS54073.17,3594
CCDS54074.17,711
CCDS54075.17,696
CCDS54076.17,519
CCDS54077.17,447
CCDS54079.17,321
CCDS54080.17,2817
CCDS54081.17,438
CCDS54082.17,882
CCDS54083.17,864
CCDS54085.17,693
CCDS54086.17,441
CCDS54087.17,498
CCDS54088.17,729
CCDS54089.17,1599
CCDS54090.17,1503
CCDS54091.17,2961
CCDS54093.17,2361
CCDS54094.17,2745
CCDS54095.17,7014
CCDS54096.17,846
CCDS54098.17,1926
CCDS54101.17,807
CCDS54102.17,603
CCDS54103.17,2571
CCDS54104.17,861
CCDS54105.17,1458
CCDS54106.17,1482
CCDS54108.17,351
CCDS54109.17,786
CCDS54110.17,501
CCDS54111.17,756
CCDS54112.17,2913
CCDS54113.17,3327
CCDS54114.17,3780
CCDS54116.17,1215
CCDS54117.17,1338
CCDS54118.17,1284
CCDS54119.17,1224
CCDS54120.17,1251
CCDS54121.17,828
CCDS54122.17,372
CCDS54123.17,387
CCDS54124.17,633
CCDS54125.17,618
CCDS54127.17,510
CCDS54131.17,924
CCDS54132.17,822
CCDS54133.17,702
CCDS54134.17,966
CCDS54136.17,387
CCDS54137.17,378
CCDS54138.17,1317
CCDS54139.17,1521
CCDS54140.17,1443
CCDS54141.17,1752
CCDS54142.17,6966
CCDS54143.17,6822
CCDS54144.17,6786
CCDS54145.17,6732
CCDS54146.17,6897
CCDS54149.17,1890
CCDS54150.17,2109
CCDS54151.17,714
CCDS54152.17,1056
CCDS54153.17,1197
CCDS54154.17,1191
CCDS54155.17,2076
CCDS54156.17,900
CCDS54157.17,711
CCDS54158.17,570
CCDS54159.17,297
CCDS54160.17,1029
CCDS54162.17,561
CCDS54163.27,1107
CCDS54164.17,1956
CCDS54165.17,234
CCDS54166.17,189
CCDS54169.17,759
CCDS54171.17,798
CCDS54172.17,849
CCDS54173.17,714
CCDS54174.17,795
CCDS54175.17,3534
CCDS54177.17,1434
CCDS54178.17,1224
CCDS54179.18,210
CCDS54180.18,600
CCDS54183.18,1164
CCDS54184.18,1374
CCDS54186.18,636
CCDS54187.18,1440
CCDS54188.18,375
CCDS54189.18,2058
CCDS54190.18,1176
CCDS54191.18,4983
CCDS54192.18,399
CCDS54193.18,762
CCDS54194.18,729
CCDS54196.19,3792
CCDS54197.19,1230
CCDS54198.19,1224
CCDS54199.19,987
CCDS54200.19,1356
CCDS54201.19,1167
CCDS54202.19,1227
CCDS54203.19,687
CCDS54205.19,627
CCDS54206.19,4128
CCDS54207.19,3903
CCDS54208.19,222
CCDS54209.19,2418
CCDS54210.19,723
CCDS54211.19,1173
CCDS54212.19,43524
CCDS54213.19,1692
CCDS54214.19,1446
CCDS54216.19,2115
CCDS54217.19,4845
CCDS54218.19,4842
CCDS54219.19,2580
CCDS54220.19,597
CCDS54221.19,2151
CCDS54223.19,1992
CCDS54224.19,3033
CCDS54225.19,1266
CCDS54226.19,1533
CCDS54230.19,876
CCDS54232.19,1989
CCDS54234.19,1515
CCDS54235.19,330
CCDS54236.19,750
CCDS54238.19,1611
CCDS54239.19,1668
CCDS54240.19,3843
CCDS54241.19,270
CCDS54243.19,1077
CCDS54244.19,1290
CCDS54245.19,1359
CCDS54246.19,1710
CCDS54247.19,2256
CCDS54248.19,2280
CCDS54249.19,2013
CCDS54250.19,1350
CCDS54251.19,1110
CCDS54252.19,1311
CCDS54253.19,1773
CCDS54254.19,3372
CCDS54255.19,309
CCDS54256.19,1692
CCDS54257.19,1692
CCDS54258.19,1887
CCDS54259.19,2088
CCDS54261.19,588
CCDS54262.19,1455
CCDS54263.19,1731
CCDS54264.19,1746
CCDS54265.19,1563
CCDS54266.19,1041
CCDS54267.19,429
CCDS54269.19,576
CCDS54270.19,792
CCDS54271.19,693
CCDS54272.19,1107
CCDS54273.19,1293
CCDS54274.19,1386
CCDS54275.19,1260
CCDS54276.19,2742
CCDS54277.19,579
CCDS54278.19,1278
CCDS54279.19,822
CCDS54280.19,2391
CCDS54281.19,327
CCDS54282.19,867
CCDS54284.19,801
CCDS54285.19,900
CCDS54286.19,1584
CCDS54287.19,213
CCDS54288.19,1179
CCDS54289.19,1614
CCDS54290.19,903
CCDS54291.19,1752
CCDS54292.19,2022
CCDS54293.19,1149
CCDS54294.19,1848
CCDS54295.19,6111
CCDS54296.19,597
CCDS54297.19,828
CCDS54299.19,933
CCDS54300.19,2604
CCDS54301.19,1365
CCDS54302.19,1635
CCDS54303.19,1920
CCDS54304.19,1665
CCDS54305.19,1809
CCDS54307.19,1206
CCDS54308.19,1170
CCDS54309.19,1260
CCDS54310.19,1773
CCDS54311.19,1596
CCDS54312.19,1911
CCDS54313.19,1668
CCDS54314.19,2523
CCDS54315.19,1200
CCDS54316.19,1035
CCDS54318.19,3120
CCDS54319.19,3123
CCDS54320.19,996
CCDS54321.19,2814
CCDS54323.19,531
CCDS54324.19,1638
CCDS54325.19,1536
CCDS54326.19,1533
CCDS54327.19,1497
CCDS54328.19,1494
CCDS54329.19,2049
CCDS54330.19,1173
CCDS54332.1|Hs110|chr2,972
CCDS54333.1|Hs110|chr2,1488
CCDS54334.1|Hs110|chr2,1350
CCDS54335.1|Hs110|chr2,2628
CCDS54336.1|Hs110|chr2,2625
CCDS54337.1|Hs110|chr2,1995
CCDS54339.1|Hs110|chr2,399
CCDS54340.1|Hs110|chr2,4344
CCDS54341.1|Hs110|chr2,1506
CCDS54342.1|Hs110|chr2,1317
CCDS54343.1|Hs110|chr2,1299
CCDS54344.1|Hs110|chr2,4062
CCDS54345.1|Hs110|chr2,4029
CCDS54346.1|Hs110|chr2,2070
CCDS54347.1|Hs110|chr2,2037
CCDS54348.1|Hs110|chr2,1974
CCDS54349.1|Hs110|chr2,1971
CCDS54350.1|Hs110|chr2,612
CCDS54351.1|Hs110|chr2,1233
CCDS54352.1|Hs110|chr2,798
CCDS54353.1|Hs110|chr2,1917
CCDS54354.1|Hs110|chr2,285
CCDS54355.1|Hs110|chr2,384
CCDS54356.1|Hs110|chr2,747
CCDS54357.1|Hs110|chr2,2784
CCDS54358.1|Hs110|chr2,2217
CCDS54359.1|Hs110|chr2,1335
CCDS54360.1|Hs110|chr2,4434
CCDS54362.1|Hs110|chr2,705
CCDS54363.1|Hs110|chr2,1821
CCDS54364.1|Hs110|chr2,1920
CCDS54365.1|Hs110|chr2,1728
CCDS54366.1|Hs110|chr2,1371
CCDS54367.1|Hs110|chr2,1500
CCDS54368.1|Hs110|chr2,3711
CCDS54369.1|Hs110|chr2,3816
CCDS54370.1|Hs110|chr2,2196
CCDS54371.1|Hs110|chr2,2583
CCDS54372.1|Hs110|chr2,525
CCDS54373.1|Hs110|chr2,432
CCDS54374.1|Hs110|chr2,627
CCDS54375.1|Hs110|chr2,549
CCDS54376.1|Hs110|chr2,597
CCDS54378.1|Hs110|chr2,1644
CCDS54380.1|Hs110|chr2,1272
CCDS54382.1|Hs110|chr2,1014
CCDS54383.1|Hs110|chr2,990
CCDS54384.1|Hs110|chr2,1089
CCDS54385.1|Hs110|chr2,1164
CCDS54387.1|Hs110|chr2,354
CCDS54388.1|Hs110|chr2,2403
CCDS54389.1|Hs110|chr2,2241
CCDS54390.1|Hs110|chr2,390
CCDS54391.1|Hs110|chr2,447
CCDS54392.1|Hs110|chr2,1518
CCDS54393.1|Hs110|chr2,2064
CCDS54394.1|Hs110|chr2,1011
CCDS54395.1|Hs110|chr2,1026
CCDS54396.1|Hs110|chr2,1092
CCDS54397.1|Hs110|chr2,3252
CCDS54398.1|Hs110|chr2,2295
CCDS54402.1|Hs110|chr2,2967
CCDS54403.1|Hs110|chr2,3573
CCDS54404.1|Hs110|chr2,1059
CCDS54405.1|Hs110|chr2,1089
CCDS54406.1|Hs110|chr2,7341
CCDS54407.1|Hs110|chr2,25578
CCDS54408.1|Hs110|chr2,25578
CCDS54409.1|Hs110|chr2,1377
CCDS54411.1|Hs110|chr2,3357
CCDS54412.1|Hs110|chr2,3300
CCDS54413.1|Hs110|chr2,6030
CCDS54414.1|Hs110|chr2,5946
CCDS54415.1|Hs110|chr2,1692
CCDS54416.1|Hs110|chr2,1437
CCDS54419.1|Hs110|chr2,1362
CCDS54420.1|Hs110|chr2,1254
CCDS54421.1|Hs110|chr2,80781
CCDS54422.1|Hs110|chr2,81357
CCDS54423.1|Hs110|chr2,81156
CCDS54424.1|Hs110|chr2,100272
CCDS54425.1|Hs110|chr2,1545
CCDS54426.2|Hs110|chr2,20724
CCDS54427.1|Hs110|chr2,1581
CCDS54428.1|Hs110|chr2,1188
CCDS54429.1|Hs110|chr2,1653
CCDS54430.1|Hs110|chr2,5463
CCDS54431.1|Hs110|chr2,1647
CCDS54432.1|Hs110|chr2,342
CCDS54433.1|Hs110|chr2,3078
CCDS54435.1|Hs110|chr2,1668
CCDS54436.1|Hs110|chr2,2769
CCDS54437.1|Hs110|chr2,285
CCDS54438.1|Hs110|chr2,1335
CCDS54439.1|Hs110|chr2,3111
CCDS54440.1|Hs110|chr2,498
CCDS54441.1|Hs110|chr2,1494
CCDS54442.1|Hs110|chr2,1455
CCDS54444.1|Hs110|chr20,459
CCDS54445.1|Hs110|chr20,2757
CCDS54446.1|Hs110|chr20,2628
CCDS54447.1|Hs110|chr20,3564
CCDS54448.1|Hs110|chr20,1623
CCDS54449.1|Hs110|chr20,294
CCDS54450.1|Hs110|chr20,246
CCDS54452.1|Hs110|chr20,1413
CCDS54453.1|Hs110|chr20,1578
CCDS54455.1|Hs110|chr20,1518
CCDS54456.1|Hs110|chr20,1515
CCDS54457.1|Hs110|chr20,1215
CCDS54458.1|Hs110|chr20,696
CCDS54459.1|Hs110|chr20,4986
CCDS54460.1|Hs110|chr20,324
CCDS54461.1|Hs110|chr20,243
CCDS54462.1|Hs110|chr20,1578
CCDS54463.1|Hs110|chr20,2019
CCDS54464.1|Hs110|chr20,1569
CCDS54465.1|Hs110|chr20,1536
CCDS54466.1|Hs110|chr20,1431
CCDS54468.1|Hs110|chr20,1701
CCDS54469.1|Hs110|chr20,1563
CCDS54470.1|Hs110|chr20,1659
CCDS54471.1|Hs110|chr20,1380
CCDS54472.1|Hs110|chr20,4248
CCDS54473.1|Hs110|chr20,804
CCDS54474.1|Hs110|chr20,3096
CCDS54475.1|Hs110|chr20,1050
CCDS54477.1|Hs110|chr20,1065
CCDS54478.1|Hs110|chr20,747
CCDS54479.1|Hs110|chr20,1602
CCDS54481.1|Hs110|chr21,177
CCDS54482.1|Hs110|chr21,3399
CCDS54483.1|Hs110|chr21,3888
CCDS54484.1|Hs110|chr21,4581
CCDS54485.1|Hs110|chr21,423
CCDS54486.1|Hs110|chr21,1590
CCDS54489.1|Hs110|chr21,1959
CCDS54490.1|Hs110|chr21,4704
CCDS54491.1|Hs110|chr21,2397
CCDS54494.1|Hs110|chr22,672
CCDS54495.1|Hs110|chr22,1152
CCDS54496.1|Hs110|chr22,1530
CCDS54497.2|Hs110|chr22,4752
CCDS54498.2|Hs110|chr22,243
CCDS54499.1|Hs110|chr22,1797
CCDS54500.1|Hs110|chr22,1563
CCDS54501.1|Hs110|chr22,2223
CCDS54502.1|Hs110|chr22,2337
CCDS54503.1|Hs110|chr22,1815
CCDS54504.1|Hs110|chr22,1248
CCDS54506.1|Hs110|chr22,645
CCDS54507.1|Hs110|chr22,7704
CCDS54508.1|Hs110|chr22,3072
CCDS54509.1|Hs110|chr22,3042
CCDS54510.1|Hs110|chr22,2847
CCDS54511.1|Hs110|chr22,2850
CCDS54512.1|Hs110|chr22,1065
CCDS54513.1|Hs110|chr22,1968
CCDS54514.1|Hs110|chr22,1803
CCDS54515.1|Hs110|chr22,2760
CCDS54516.1|Hs110|chr22,498
CCDS54517.1|Hs110|chr22,1083
CCDS54518.1|Hs110|chr22,1194
CCDS54519.1|Hs110|chr22,1203
CCDS54520.1|Hs110|chr22,2436
CCDS54523.1|Hs110|chr22,561
CCDS54524.1|Hs110|chr22,843
CCDS54525.1|Hs110|chr22,924
CCDS54526.1|Hs110|chr22,1701
CCDS54527.1|Hs110|chr22,1338
CCDS54528.1|Hs110|chr22,408
CCDS54530.1|Hs110|chr22,603
CCDS54531.1|Hs110|chr22,549
CCDS54532.1|Hs110|chr22,465
CCDS54533.1|Hs110|chr22,5502
CCDS54534.1|Hs110|chr22,303
CCDS54535.1|Hs110|chr22,1005
CCDS54536.1|Hs110|chr22,1338
CCDS54537.1|Hs110|chr22,948
CCDS54539.1|Hs110|chr22,501
CCDS54540.1|Hs110|chr22,1236
CCDS54541.1|Hs110|chr22,3498
CCDS54542.1|Hs110|chr22,3498
CCDS54543.1|Hs110|chr22,1017
CCDS54544.1|Hs110|chr22,1932
CCDS54545.1|Hs110|chr22,1950
CCDS54546.1|Hs110|chr22,1821
CCDS54547.1|Hs110|chr3,1326
CCDS54548.1|Hs110|chr3,1050
CCDS54549.1|Hs110|chr3,1065
CCDS54550.1|Hs110|chr3,8088
CCDS54551.1|Hs110|chr3,8232
CCDS54552.1|Hs110|chr3,1602
CCDS54553.1|Hs110|chr3,228
CCDS54554.1|Hs110|chr3,3711
CCDS54555.1|Hs110|chr3,2349
CCDS54556.1|Hs110|chr3,948
CCDS54557.1|Hs110|chr3,1302
CCDS54558.1|Hs110|chr3,1266
CCDS54559.1|Hs110|chr3,2103
CCDS54561.1|Hs110|chr3,2622
CCDS54562.1|Hs110|chr3,1977
CCDS54563.1|Hs110|chr3,1548
CCDS54564.1|Hs110|chr3,6732
CCDS54565.2|Hs110|chr3,915
CCDS54566.2|Hs110|chr3,576
CCDS54567.2|Hs110|chr3,756
CCDS54568.2|Hs110|chr3,441
CCDS54569.1|Hs110|chr3,5889
CCDS54570.1|Hs110|chr3,5952
CCDS54571.1|Hs110|chr3,1164
CCDS54572.1|Hs110|chr3,387
CCDS54573.1|Hs110|chr3,903
CCDS54574.1|Hs110|chr3,1131
CCDS54575.1|Hs110|chr3,519
CCDS54577.1|Hs110|chr3,1338
CCDS54578.1|Hs110|chr3,1185
CCDS54579.1|Hs110|chr3,264
CCDS54580.1|Hs110|chr3,558
CCDS54581.1|Hs110|chr3,567
CCDS54582.1|Hs110|chr3,297
CCDS54583.1|Hs110|chr3,1044
CCDS54584.1|Hs110|chr3,1080
CCDS54585.1|Hs110|chr3,1161
CCDS54586.1|Hs110|chr3,1806
CCDS54587.1|Hs110|chr3,957
CCDS54588.1|Hs110|chr3,3453
CCDS54589.1|Hs110|chr3,429
CCDS54590.1|Hs110|chr3,324
CCDS54591.1|Hs110|chr3,1110
CCDS54592.1|Hs110|chr3,1080
CCDS54593.1|Hs110|chr3,2259
CCDS54595.1|Hs110|chr3,1872
CCDS54596.1|Hs110|chr3,2703
CCDS54597.1|Hs110|chr3,285
CCDS54598.1|Hs110|chr3,3276
CCDS54599.1|Hs110|chr3,7902
CCDS54600.1|Hs110|chr3,7776
CCDS54601.1|Hs110|chr3,7737
CCDS54602.1|Hs110|chr3,1026
CCDS54603.1|Hs110|chr3,2838
CCDS54604.1|Hs110|chr3,561
CCDS54605.1|Hs110|chr3,1323
CCDS54606.1|Hs110|chr3,402
CCDS54607.1|Hs110|chr3,1407
CCDS54608.1|Hs110|chr3,819
CCDS54609.1|Hs110|chr3,4185
CCDS54610.1|Hs110|chr3,4656
CCDS54611.1|Hs110|chr3,4956
CCDS54612.1|Hs110|chr3,2109
CCDS54613.1|Hs110|chr3,1215
CCDS54614.1|Hs110|chr3,1308
CCDS54615.1|Hs110|chr3,978
CCDS54616.1|Hs110|chr3,1005
CCDS54617.1|Hs110|chr3,1404
CCDS54618.1|Hs110|chr3,786
CCDS54619.1|Hs110|chr3,918
CCDS54620.1|Hs110|chr3,753
CCDS54621.1|Hs110|chr3,492
CCDS54622.1|Hs110|chr3,543
CCDS54623.1|Hs110|chr3,498
CCDS54624.1|Hs110|chr3,5565
CCDS54625.1|Hs110|chr3,1374
CCDS54626.1|Hs110|chr3,2226
CCDS54627.1|Hs110|chr3,1194
CCDS54628.1|Hs110|chr3,1263
CCDS54629.1|Hs110|chr3,2433
CCDS54630.1|Hs110|chr3,363
CCDS54631.1|Hs110|chr3,2097
CCDS54632.1|Hs110|chr3,3267
CCDS54633.1|Hs110|chr3,2133
CCDS54634.1|Hs110|chr3,2460
CCDS54635.1|Hs110|chr3,1113
CCDS54636.1|Hs110|chr3,2211
CCDS54637.1|Hs110|chr3,513
CCDS54638.1|Hs110|chr3,1719
CCDS54639.1|Hs110|chr3,1800
CCDS54640.1|Hs110|chr3,684
CCDS54641.1|Hs110|chr3,480
CCDS54642.1|Hs110|chr3,1245
CCDS54643.1|Hs110|chr3,1680
CCDS54644.1|Hs110|chr3,942
CCDS54645.1|Hs110|chr3,1620
CCDS54646.1|Hs110|chr3,1980
CCDS54647.1|Hs110|chr3,933
CCDS54648.1|Hs110|chr3,1257
CCDS54649.1|Hs110|chr3,1050
CCDS54650.1|Hs110|chr3,1341
CCDS54651.1|Hs110|chr3,675
CCDS54652.1|Hs110|chr3,1155
CCDS54653.1|Hs110|chr3,1119
CCDS54654.1|Hs110|chr3,1002
CCDS54655.1|Hs110|chr3,840
CCDS54656.1|Hs110|chr3,909
CCDS54657.1|Hs110|chr3,2985
CCDS54659.1|Hs110|chr3,756
CCDS54660.1|Hs110|chr3,399
CCDS54661.1|Hs110|chr3,642
CCDS54662.1|Hs110|chr3,2367
CCDS54663.1|Hs110|chr3,534
CCDS54664.1|Hs110|chr3,960
CCDS54665.1|Hs110|chr3,687
CCDS54666.2|Hs110|chr3,1281
CCDS54667.1|Hs110|chr3,744
CCDS54668.1|Hs110|chr3,1923
CCDS54669.1|Hs110|chr3,3129
CCDS54670.1|Hs110|chr3,3351
CCDS54671.1|Hs110|chr3,1746
CCDS54672.1|Hs110|chr3,1395
CCDS54673.1|Hs110|chr3,3807
CCDS54674.1|Hs110|chr3,3831
CCDS54675.1|Hs110|chr3,3972
CCDS54676.1|Hs110|chr3,3996
CCDS54677.1|Hs110|chr3,3894
CCDS54678.1|Hs110|chr3,3918
CCDS54679.1|Hs110|chr3,4059
CCDS54680.1|Hs110|chr3,306
CCDS54681.1|Hs110|chr3,828
CCDS54683.1|Hs110|chr3,522
CCDS54684.1|Hs110|chr3,276
CCDS54685.1|Hs110|chr3,1365
CCDS54686.1|Hs110|chr3,3729
CCDS54687.1|Hs110|chr3,4821
CCDS54688.1|Hs110|chr3,4803
CCDS54689.1|Hs110|chr3,846
CCDS54690.1|Hs110|chr3,2565
CCDS54691.1|Hs110|chr3,2646
CCDS54692.1|Hs110|chr3,2610
CCDS54693.1|Hs110|chr3,1050
CCDS54694.1|Hs110|chr3,1884
CCDS54695.1|Hs110|chr3,1176
CCDS54696.1|Hs110|chr3,2064
CCDS54697.1|Hs110|chr3,1005
CCDS54698.1|Hs110|chr3,1191
CCDS54699.1|Hs110|chr3,1428
CCDS54700.1|Hs110|chr3,16239
CCDS54701.1|Hs110|chr3,831
CCDS54703.1|Hs110|chr4,2562
CCDS54704.1|Hs110|chr4,822
CCDS54706.1|Hs110|chr4,2427
CCDS54708.1|Hs110|chr4,2454
CCDS54709.1|Hs110|chr4,492
CCDS54710.1|Hs110|chr4,519
CCDS54711.1|Hs110|chr4,2574
CCDS54712.1|Hs110|chr4,864
CCDS54713.1|Hs110|chr4,342
CCDS54714.1|Hs110|chr4,969
CCDS54715.1|Hs110|chr4,1770
CCDS54716.1|Hs110|chr4,1857
CCDS54717.1|Hs110|chr4,768
CCDS54718.1|Hs110|chr4,3687
CCDS54719.1|Hs110|chr4,1566
CCDS54739.1|Hs110|chr4,1401
CCDS54740.1|Hs110|chr4,1821
CCDS54741.1|Hs110|chr4,615
CCDS54744.1|Hs110|chr4,336
CCDS54745.1|Hs110|chr4,2025
CCDS54746.1|Hs110|chr4,2571
CCDS54747.1|Hs110|chr4,2505
CCDS54748.1|Hs110|chr4,2529
CCDS54749.1|Hs110|chr4,1809
CCDS54750.1|Hs110|chr4,2070
CCDS54751.1|Hs110|chr4,2265
CCDS54752.1|Hs110|chr4,1800
CCDS54754.2|Hs110|chr4,2721
CCDS54755.1|Hs110|chr4,576
CCDS54756.1|Hs110|chr4,1707
CCDS54757.1|Hs110|chr4,1194
CCDS54758.1|Hs110|chr4,1284
CCDS54759.1|Hs110|chr4,1803
CCDS54760.1|Hs110|chr4,633
CCDS54761.1|Hs110|chr4,2277
CCDS54762.1|Hs110|chr4,2280
CCDS54763.1|Hs110|chr4,3174
CCDS54764.1|Hs110|chr4,3171
CCDS54765.1|Hs110|chr4,2673
CCDS54766.2|Hs110|chr4,771
CCDS54767.1|Hs110|chr4,339
CCDS54768.1|Hs110|chr4,4410
CCDS54769.1|Hs110|chr4,531
CCDS54771.1|Hs110|chr4,12039
CCDS54772.1|Hs110|chr4,5931
CCDS54773.1|Hs110|chr4,3603
CCDS54774.1|Hs110|chr4,1410
CCDS54775.1|Hs110|chr4,3657
CCDS54777.1|Hs110|chr4,2961
CCDS54778.1|Hs110|chr4,216
CCDS54779.1|Hs110|chr4,747
CCDS54780.1|Hs110|chr4,1128
CCDS54781.1|Hs110|chr4,1185
CCDS54782.1|Hs110|chr4,747
CCDS54783.1|Hs110|chr4,2907
CCDS54784.1|Hs110|chr4,1749
CCDS54785.1|Hs110|chr4,1788
CCDS54786.1|Hs110|chr4,1701
CCDS54787.1|Hs110|chr4,1611
CCDS54788.1|Hs110|chr4,2682
CCDS54789.1|Hs110|chr4,2565
CCDS54790.1|Hs110|chr4,996
CCDS54791.1|Hs110|chr4,912
CCDS54792.1|Hs110|chr4,1326
CCDS54793.1|Hs110|chr4,1482
CCDS54794.1|Hs110|chr4,3501
CCDS54795.1|Hs110|chr4,3498
CCDS54796.1|Hs110|chr4,5592
CCDS54797.1|Hs110|chr4,1470
CCDS54798.1|Hs110|chr4,600
CCDS54799.1|Hs110|chr4,2019
CCDS54800.1|Hs110|chr4,1698
CCDS54801.1|Hs110|chr4,1677
CCDS54802.1|Hs110|chr4,3753
CCDS54803.1|Hs110|chr4,2817
CCDS54804.1|Hs110|chr4,2790
CCDS54805.1|Hs110|chr4,3417
CCDS54806.2|Hs110|chr4,249
CCDS54807.2|Hs110|chr4,165
CCDS54808.1|Hs110|chr4,6420
CCDS54809.1|Hs110|chr4,276
CCDS54810.1|Hs110|chr4,957
CCDS54811.1|Hs110|chr4,2604
CCDS54812.1|Hs110|chr4,1875
CCDS54813.1|Hs110|chr4,912
CCDS54814.1|Hs110|chr4,870
CCDS54815.1|Hs110|chr4,1794
CCDS54816.1|Hs110|chr4,1518
CCDS54817.1|Hs110|chr4,1311
CCDS54818.1|Hs110|chr4,3372
CCDS54819.1|Hs110|chr4,2334
CCDS54820.1|Hs110|chr4,2019
CCDS54821.1|Hs110|chr4,537
CCDS54822.1|Hs110|chr4,804
CCDS54823.1|Hs110|chr4,543
CCDS54824.1|Hs110|chr4,663
CCDS54825.1|Hs110|chr4,1986
CCDS54830.1|Hs110|chr5,2238
CCDS54831.1|Hs110|chr5,3210
CCDS54832.1|Hs110|chr5,2199
CCDS54833.1|Hs110|chr5,1476
CCDS54834.1|Hs110|chr5,6177
CCDS54835.1|Hs110|chr5,1725
CCDS54836.1|Hs110|chr5,1185
CCDS54837.1|Hs110|chr5,2856
CCDS54838.1|Hs110|chr5,2919
CCDS54839.1|Hs110|chr5,2952
CCDS54840.1|Hs110|chr5,1086
CCDS54841.1|Hs110|chr5,759
CCDS54842.1|Hs110|chr5,1470
CCDS54843.1|Hs110|chr5,1473
CCDS54844.1|Hs110|chr5,1494
CCDS54845.1|Hs110|chr5,687
CCDS54846.1|Hs110|chr5,609
CCDS54847.1|Hs110|chr5,1029
CCDS54848.1|Hs110|chr5,2490
CCDS54849.1|Hs110|chr5,2439
CCDS54850.1|Hs110|chr5,615
CCDS54851.1|Hs110|chr5,1776
CCDS54852.1|Hs110|chr5,1560
CCDS54853.1|Hs110|chr5,1158
CCDS54854.1|Hs110|chr5,2115
CCDS54855.1|Hs110|chr5,1728
CCDS54856.1|Hs110|chr5,2574
CCDS54858.1|Hs110|chr5,2022
CCDS54859.1|Hs110|chr5,2247
CCDS54861.1|Hs110|chr5,7872
CCDS54864.1|Hs110|chr5,816
CCDS54866.1|Hs110|chr5,189
CCDS54867.1|Hs110|chr5,849
CCDS54868.1|Hs110|chr5,2334
CCDS54869.1|Hs110|chr5,972
CCDS54870.1|Hs110|chr5,5118
CCDS54871.1|Hs110|chr5,900
CCDS54872.1|Hs110|chr5,756
CCDS54874.1|Hs110|chr5,1386
CCDS54875.1|Hs110|chr5,4929
CCDS54876.1|Hs110|chr5,7230
CCDS54877.1|Hs110|chr5,1254
CCDS54878.1|Hs110|chr5,1452
CCDS54879.1|Hs110|chr5,921
CCDS54880.1|Hs110|chr5,1113
CCDS54881.1|Hs110|chr5,2121
CCDS54882.1|Hs110|chr5,2253
CCDS54883.1|Hs110|chr5,2088
CCDS54884.1|Hs110|chr5,1425
CCDS54885.1|Hs110|chr5,2922
CCDS54886.1|Hs110|chr5,2106
CCDS54889.1|Hs110|chr5,849
CCDS54890.1|Hs110|chr5,2883
CCDS54891.1|Hs110|chr5,1344
CCDS54892.1|Hs110|chr5,1323
CCDS54893.1|Hs110|chr5,1251
CCDS54894.1|Hs110|chr5,987
CCDS54895.1|Hs110|chr5,417
CCDS54896.1|Hs110|chr5,348
CCDS54897.1|Hs110|chr5,2484
CCDS54898.1|Hs110|chr5,4176
CCDS54899.1|Hs110|chr5,4515
CCDS54900.1|Hs110|chr5,4830
CCDS54901.1|Hs110|chr5,4530
CCDS54902.1|Hs110|chr5,2559
CCDS54905.1|Hs110|chr5,2241
CCDS54906.1|Hs110|chr5,2406
CCDS54907.1|Hs110|chr5,2601
CCDS54908.1|Hs110|chr5,1680
CCDS54909.1|Hs110|chr5,3048
CCDS54910.1|Hs110|chr5,2355
CCDS54911.1|Hs110|chr5,231
CCDS54912.1|Hs110|chr5,2061
CCDS54913.1|Hs110|chr5,2853
CCDS54914.1|Hs110|chr5,2847
CCDS54915.1|Hs110|chr5,2853
CCDS54916.1|Hs110|chr5,2844
CCDS54917.1|Hs110|chr5,2811
CCDS54918.1|Hs110|chr5,2814
CCDS54919.1|Hs110|chr5,2853
CCDS54920.1|Hs110|chr5,2853
CCDS54921.1|Hs110|chr5,2847
CCDS54922.1|Hs110|chr5,2796
CCDS54923.1|Hs110|chr5,2784
CCDS54924.1|Hs110|chr5,2796
CCDS54925.1|Hs110|chr5,2796
CCDS54926.1|Hs110|chr5,2799
CCDS54927.1|Hs110|chr5,2799
CCDS54928.1|Hs110|chr5,2772
CCDS54929.1|Hs110|chr5,2793
CCDS54930.1|Hs110|chr5,2253
CCDS54931.1|Hs110|chr5,501
CCDS54932.1|Hs110|chr5,2178
CCDS54933.1|Hs110|chr5,2955
CCDS54934.1|Hs110|chr5,2880
CCDS54935.1|Hs110|chr5,3879
CCDS54936.1|Hs110|chr5,4467
CCDS54937.1|Hs110|chr5,2790
CCDS54938.1|Hs110|chr5,2058
CCDS54939.1|Hs110|chr5,1707
CCDS54940.1|Hs110|chr5,1863
CCDS54941.1|Hs110|chr5,1926
CCDS54942.1|Hs110|chr5,1374
CCDS54943.1|Hs110|chr5,1053
CCDS54945.1|Hs110|chr5,3360
CCDS54946.1|Hs110|chr5,594
CCDS54948.1|Hs110|chr5,1254
CCDS54949.1|Hs110|chr5,456
CCDS54950.1|Hs110|chr5,339
CCDS54951.1|Hs110|chr5,390
CCDS54952.1|Hs110|chr5,990
CCDS54953.1|Hs110|chr5,1023
CCDS54954.1|Hs110|chr5,2469
CCDS54955.1|Hs110|chr5,2703
CCDS54956.1|Hs110|chr5,1023
CCDS54957.1|Hs110|chr5,1155
CCDS54958.1|Hs110|chr5,1128
CCDS54959.1|Hs110|chr5,951
CCDS54961.1|Hs110|chr6,291
CCDS54962.1|Hs110|chr6,393
CCDS54963.1|Hs110|chr6,4431
CCDS54964.1|Hs110|chr6,2475
CCDS54965.1|Hs110|chr6,2520
CCDS54966.1|Hs110|chr6,879
CCDS54967.1|Hs110|chr6,5274
CCDS54968.1|Hs110|chr6,5313
CCDS54969.1|Hs110|chr6,3084
CCDS54970.1|Hs110|chr6,3192
CCDS54971.1|Hs110|chr6,3036
CCDS54972.1|Hs110|chr6,354
CCDS54973.1|Hs110|chr6,4116
CCDS54974.1|Hs110|chr6,1005
CCDS54975.1|Hs110|chr6,741
CCDS54977.1|Hs110|chr6,327
CCDS54978.1|Hs110|chr6,1230
CCDS54979.1|Hs110|chr6,1491
CCDS54981.1|Hs110|chr6,2772
CCDS54984.1|Hs110|chr6,315
CCDS54985.1|Hs110|chr6,201
CCDS54986.1|Hs110|chr6,180
CCDS54987.1|Hs110|chr6,222
CCDS54988.1|Hs110|chr6,1578
CCDS54989.1|Hs110|chr6,1905
CCDS54990.1|Hs110|chr6,2007
CCDS54991.1|Hs110|chr6,1863
CCDS54992.1|Hs110|chr6,873
CCDS54993.1|Hs110|chr6,327
CCDS54994.1|Hs110|chr6,1209
CCDS54995.1|Hs110|chr6,1032
CCDS54996.1|Hs110|chr6,807
CCDS54997.1|Hs110|chr6,1599
CCDS54998.1|Hs110|chr6,1749
CCDS54999.1|Hs110|chr6,3204
CCDS55000.1|Hs110|chr6,948
CCDS55001.1|Hs110|chr6,1320
CCDS55002.1|Hs110|chr6,1713
CCDS55003.2|Hs110|chr6,5193
CCDS55004.1|Hs110|chr6,1674
CCDS55005.1|Hs110|chr6,921
CCDS55006.1|Hs110|chr6,384
CCDS55007.1|Hs110|chr6,954
CCDS55008.1|Hs110|chr6,630
CCDS55009.1|Hs110|chr6,648
CCDS55010.1|Hs110|chr6,699
CCDS55011.1|Hs110|chr6,525
CCDS55012.1|Hs110|chr6,576
CCDS55013.1|Hs110|chr6,576
CCDS55014.1|Hs110|chr6,444
CCDS55015.1|Hs110|chr6,414
CCDS55017.1|Hs110|chr6,6201
CCDS55018.1|Hs110|chr6,735
CCDS55019.1|Hs110|chr6,807
CCDS55021.1|Hs110|chr6,1866
CCDS55022.1|Hs110|chr6,1314
CCDS55023.1|Hs110|chr6,1344
CCDS55024.1|Hs110|chr6,1212
CCDS55025.1|Hs110|chr6,2874
CCDS55027.1|Hs110|chr6,627
CCDS55028.1|Hs110|chr6,4548
CCDS55029.1|Hs110|chr6,2454
CCDS55030.1|Hs110|chr6,3039
CCDS55031.1|Hs110|chr6,2481
CCDS55032.1|Hs110|chr6,2283
CCDS55033.1|Hs110|chr6,660
CCDS55034.1|Hs110|chr6,2856
CCDS55035.1|Hs110|chr6,2469
CCDS55037.1|Hs110|chr6,2772
CCDS55038.1|Hs110|chr6,4287
CCDS55039.1|Hs110|chr6,4107
CCDS55040.1|Hs110|chr6,2571
CCDS55041.1|Hs110|chr6,1689
CCDS55042.1|Hs110|chr6,990
CCDS55043.1|Hs110|chr6,837
CCDS55045.1|Hs110|chr6,2679
CCDS55047.1|Hs110|chr6,2946
CCDS55048.1|Hs110|chr6,5736
CCDS55049.1|Hs110|chr6,330
CCDS55050.1|Hs110|chr6,1695
CCDS55051.1|Hs110|chr6,1803
CCDS55052.1|Hs110|chr6,2427
CCDS55053.1|Hs110|chr6,2190
CCDS55054.1|Hs110|chr6,213
CCDS55055.1|Hs110|chr6,1821
CCDS55056.1|Hs110|chr6,2043
CCDS55057.1|Hs110|chr6,1314
CCDS55058.1|Hs110|chr6,2277
CCDS55059.1|Hs110|chr6,2238
CCDS55060.1|Hs110|chr6,1812
CCDS55061.1|Hs110|chr6,1668
CCDS55062.1|Hs110|chr6,1818
CCDS55063.1|Hs110|chr6,4833
CCDS55064.1|Hs110|chr6,3669
CCDS55066.1|Hs110|chr6,744
CCDS55067.1|Hs110|chr6,882
CCDS55068.1|Hs110|chr6,960
CCDS55069.1|Hs110|chr6,1170
CCDS55070.1|Hs110|chr6,1203
CCDS55071.1|Hs110|chr6,903
CCDS55072.2|Hs110|chr6,6999
CCDS55074.1|Hs110|chr6,411
CCDS55076.1|Hs110|chr6,1341
CCDS55077.1|Hs110|chr6,960
CCDS55078.1|Hs110|chr7,837
CCDS55079.1|Hs110|chr7,774
CCDS55080.1|Hs110|chr7,2049
CCDS55081.1|Hs110|chr7,927
CCDS55082.1|Hs110|chr7,753
CCDS55083.1|Hs110|chr7,1260
CCDS55084.1|Hs110|chr7,1125
CCDS55085.1|Hs110|chr7,1314
CCDS55086.1|Hs110|chr7,1380
CCDS55087.1|Hs110|chr7,1365
CCDS55088.1|Hs110|chr7,1434
CCDS55090.1|Hs110|chr7,3774
CCDS55091.1|Hs110|chr7,396
CCDS55092.1|Hs110|chr7,381
CCDS55093.2|Hs110|chr7,2652
CCDS55094.1|Hs110|chr7,738
CCDS55095.1|Hs110|chr7,501
CCDS55099.1|Hs110|chr7,2130
CCDS55100.1|Hs110|chr7,2310
CCDS55101.1|Hs110|chr7,858
CCDS55102.1|Hs110|chr7,1632
CCDS55104.2|Hs110|chr7,1395
CCDS55105.2|Hs110|chr7,1317
CCDS55106.2|Hs110|chr7,1173
CCDS55107.1|Hs110|chr7,3060
CCDS55108.1|Hs110|chr7,1062
CCDS55109.1|Hs110|chr7,1161
CCDS55110.1|Hs110|chr7,1053
CCDS55111.1|Hs110|chr7,642
CCDS55112.1|Hs110|chr7,1488
CCDS55113.1|Hs110|chr7,1500
CCDS55114.1|Hs110|chr7,1284
CCDS55115.1|Hs110|chr7,381
CCDS55116.1|Hs110|chr7,426
CCDS55117.1|Hs110|chr7,867
CCDS55118.1|Hs110|chr7,1176
CCDS55119.1|Hs110|chr7,1413
CCDS55120.1|Hs110|chr7,756
CCDS55122.1|Hs110|chr7,2772
CCDS55123.1|Hs110|chr7,1215
CCDS55124.1|Hs110|chr7,2583
CCDS55125.2|Hs110|chr7,1473
CCDS55126.1|Hs110|chr7,978
CCDS55127.1|Hs110|chr7,4125
CCDS55128.1|Hs110|chr7,3762
CCDS55129.1|Hs110|chr7,3891
CCDS55130.1|Hs110|chr7,2031
CCDS55131.1|Hs110|chr7,1437
CCDS55132.1|Hs110|chr7,1623
CCDS55133.1|Hs110|chr7,297
CCDS55134.1|Hs110|chr7,423
CCDS55135.1|Hs110|chr7,2145
CCDS55136.1|Hs110|chr7,663
CCDS55137.1|Hs110|chr7,600
CCDS55138.1|Hs110|chr7,1707
CCDS55139.1|Hs110|chr7,16008
CCDS55145.1|Hs110|chr7,855
CCDS55146.1|Hs110|chr7,927
CCDS55147.1|Hs110|chr7,855
CCDS55148.1|Hs110|chr7,750
CCDS55149.1|Hs110|chr7,678
CCDS55150.1|Hs110|chr7,2139
CCDS55151.1|Hs110|chr7,708
CCDS55152.2|Hs110|chr7,2379
CCDS55153.1|Hs110|chr7,3579
CCDS55154.1|Hs110|chr7,2199
CCDS55155.1|Hs110|chr7,741
CCDS55156.1|Hs110|chr7,444
CCDS55157.1|Hs110|chr7,1278
CCDS55158.1|Hs110|chr7,3891
CCDS55159.1|Hs110|chr7,1857
CCDS55160.1|Hs110|chr7,2700
CCDS55161.1|Hs110|chr7,1530
CCDS55162.1|Hs110|chr7,2580
CCDS55163.1|Hs110|chr7,1167
CCDS55164.1|Hs110|chr7,1929
CCDS55165.1|Hs110|chr7,2142
CCDS55166.1|Hs110|chr7,1728
CCDS55167.1|Hs110|chr7,2133
CCDS55168.1|Hs110|chr7,144
CCDS55169.1|Hs110|chr7,873
CCDS55170.1|Hs110|chr7,858
CCDS55171.1|Hs110|chr7,2100
CCDS55172.1|Hs110|chr7,1464
CCDS55173.1|Hs110|chr7,1572
CCDS55174.2|Hs110|chr7,1740
CCDS55175.1|Hs110|chr7,1401
CCDS55176.1|Hs110|chr7,2334
CCDS55177.1|Hs110|chr7,933
CCDS55178.1|Hs110|chr7,585
CCDS55180.1|Hs110|chr7,1938
CCDS55181.2|Hs110|chr7,246
CCDS55182.1|Hs110|chr7,1890
CCDS55183.1|Hs110|chr7,1845
CCDS55184.1|Hs110|chr7,783
CCDS55185.1|Hs110|chr7,1191
CCDS55187.1|Hs110|chr7,570
CCDS55189.1|Hs110|chr8,10695
CCDS55190.1|Hs110|chr8,1833
CCDS55191.1|Hs110|chr8,1689
CCDS55193.1|Hs110|chr8,195
CCDS55194.1|Hs110|chr8,903
CCDS55195.1|Hs110|chr8,879
CCDS55201.1|Hs110|chr8,3054
CCDS55202.1|Hs110|chr8,735
CCDS55203.1|Hs110|chr8,2097
CCDS55204.1|Hs110|chr8,1248
CCDS55205.1|Hs110|chr8,1059
CCDS55206.1|Hs110|chr8,1230
CCDS55207.1|Hs110|chr8,996
CCDS55208.1|Hs110|chr8,1080
CCDS55209.1|Hs110|chr8,576
CCDS55210.1|Hs110|chr8,2250
CCDS55211.1|Hs110|chr8,2205
CCDS55212.1|Hs110|chr8,1176
CCDS55213.1|Hs110|chr8,1374
CCDS55215.1|Hs110|chr8,1905
CCDS55216.1|Hs110|chr8,1914
CCDS55217.1|Hs110|chr8,5481
CCDS55218.1|Hs110|chr8,1773
CCDS55219.1|Hs110|chr8,1263
CCDS55220.1|Hs110|chr8,3450
CCDS55221.1|Hs110|chr8,2439
CCDS55222.1|Hs110|chr8,2463
CCDS55224.1|Hs110|chr8,1833
CCDS55225.1|Hs110|chr8,549
CCDS55226.1|Hs110|chr8,405
CCDS55227.1|Hs110|chr8,471
CCDS55228.2|Hs110|chr8,2079
CCDS55229.1|Hs110|chr8,525
CCDS55230.1|Hs110|chr8,603
CCDS55231.1|Hs110|chr8,429
CCDS55232.1|Hs110|chr8,207
CCDS55233.1|Hs110|chr8,171
CCDS55234.1|Hs110|chr8,2190
CCDS55235.1|Hs110|chr8,771
CCDS55236.1|Hs110|chr8,897
CCDS55237.1|Hs110|chr8,813
CCDS55238.1|Hs110|chr8,612
CCDS55240.1|Hs110|chr8,903
CCDS55241.1|Hs110|chr8,2079
CCDS55242.1|Hs110|chr8,2382
CCDS55243.1|Hs110|chr8,2064
CCDS55244.1|Hs110|chr8,1197
CCDS55245.1|Hs110|chr8,1515
CCDS55246.1|Hs110|chr8,1422
CCDS55247.1|Hs110|chr8,1713
CCDS55248.1|Hs110|chr8,1617
CCDS55249.1|Hs110|chr8,555
CCDS55250.1|Hs110|chr8,684
CCDS55251.1|Hs110|chr8,786
CCDS55252.1|Hs110|chr8,915
CCDS55253.1|Hs110|chr8,876
CCDS55254.1|Hs110|chr8,558
CCDS55255.1|Hs110|chr8,303
CCDS55259.1|Hs110|chr8,1311
CCDS55260.1|Hs110|chr8,987
CCDS55261.1|Hs110|chr8,261
CCDS55262.1|Hs110|chr8,1689
CCDS55264.1|Hs110|chr8,2871
CCDS55265.1|Hs110|chr8,2814
CCDS55266.1|Hs110|chr8,171
CCDS55267.1|Hs110|chr8,900
CCDS55268.1|Hs110|chr8,2025
CCDS55269.1|Hs110|chr8,4050
CCDS55270.1|Hs110|chr8,291
CCDS55271.1|Hs110|chr8,1635
CCDS55272.1|Hs110|chr8,963
CCDS55273.1|Hs110|chr8,753
CCDS55274.1|Hs110|chr8,1080
CCDS55275.1|Hs110|chr8,3438
CCDS55276.1|Hs110|chr8,3546
CCDS55278.1|Hs110|chr8,3447
CCDS55279.1|Hs110|chr8,2478
CCDS55280.1|Hs110|chr8,1320
CCDS55282.1|Hs110|chr8,1668
CCDS55283.1|Hs110|chr9,6096
CCDS55284.1|Hs110|chr9,6000
CCDS55285.1|Hs110|chr9,2508
CCDS55286.1|Hs110|chr9,2442
CCDS55288.1|Hs110|chr9,4509
CCDS55289.1|Hs110|chr9,4518
CCDS55290.1|Hs110|chr9,4521
CCDS55291.1|Hs110|chr9,1485
CCDS55292.1|Hs110|chr9,1341
CCDS55293.1|Hs110|chr9,2148
CCDS55294.1|Hs110|chr9,1554
CCDS55295.2|Hs110|chr9,1644
CCDS55296.2|Hs110|chr9,1812
CCDS55297.1|Hs110|chr9,1935
CCDS55298.1|Hs110|chr9,1041
CCDS55299.1|Hs110|chr9,651
CCDS55300.1|Hs110|chr9,798
CCDS55301.1|Hs110|chr9,693
CCDS55303.1|Hs110|chr9,1701
CCDS55304.1|Hs110|chr9,558
CCDS55305.1|Hs110|chr9,4008
CCDS55306.1|Hs110|chr9,693
CCDS55307.1|Hs110|chr9,501
CCDS55308.1|Hs110|chr9,1839
CCDS55309.1|Hs110|chr9,1947
CCDS55310.2|Hs110|chr9,1992
CCDS55311.1|Hs110|chr9,2979
CCDS55315.1|Hs110|chr9,3474
CCDS55316.1|Hs110|chr9,3666
CCDS55318.1|Hs110|chr9,6054
CCDS55319.1|Hs110|chr9,6054
CCDS55320.1|Hs110|chr9,5583
CCDS55321.1|Hs110|chr9,9408
CCDS55323.1|Hs110|chr9,3780
CCDS55324.1|Hs110|chr9,732
CCDS55325.1|Hs110|chr9,471
CCDS55327.1|Hs110|chr9,1701
CCDS55328.1|Hs110|chr9,2460
CCDS55329.1|Hs110|chr9,2226
CCDS55330.1|Hs110|chr9,2742
CCDS55331.1|Hs110|chr9,906
CCDS55332.1|Hs110|chr9,1575
CCDS55333.1|Hs110|chr9,1668
CCDS55334.1|Hs110|chr9,585
CCDS55335.1|Hs110|chr9,885
CCDS55336.1|Hs110|chr9,633
CCDS55337.1|Hs110|chr9,1977
CCDS55338.1|Hs110|chr9,996
CCDS55339.1|Hs110|chr9,1017
CCDS55340.1|Hs110|chr9,1428
CCDS55341.1|Hs110|chr9,966
CCDS55342.1|Hs110|chr9,1209
CCDS55343.1|Hs110|chr9,1221
CCDS55344.1|Hs110|chr9,918
CCDS55345.1|Hs110|chr9,1614
CCDS55346.1|Hs110|chr9,1590
CCDS55347.1|Hs110|chr9,2091
CCDS55348.1|Hs110|chr9,531
CCDS55349.1|Hs110|chr9,309
CCDS55350.1|Hs110|chr9,3342
CCDS55351.1|Hs110|chr9,7074
CCDS55352.1|Hs110|chr9,2193
CCDS55353.1|Hs110|chr9,945
CCDS55354.1|Hs110|chr9,2832
CCDS55355.1|Hs110|chr9,2721
CCDS55356.1|Hs110|chr9,471
CCDS55357.1|Hs110|chr9,1503
CCDS55359.1|Hs110|chrX,1305
CCDS55359.1|Hs110|chrY,1305
CCDS55360.1|Hs110|chrX,1233
CCDS55360.1|Hs110|chrY,1233
CCDS55362.1|Hs110|chrX,1692
CCDS55362.1|Hs110|chrY,1692
CCDS55363.1|Hs110|chrX,1818
CCDS55363.1|Hs110|chrY,1818
CCDS55364.1|Hs110|chrX,897
CCDS55364.1|Hs110|chrY,897
CCDS55365.1|Hs110|chrX,1293
CCDS55366.1|Hs110|chrX,627
CCDS55367.1|Hs110|chrX,558
CCDS55368.1|Hs110|chrX,501
CCDS55369.1|Hs110|chrX,1530
CCDS55370.1|Hs110|chrX,1665
CCDS55371.1|Hs110|chrX,1092
CCDS55372.1|Hs110|chrX,759
CCDS55373.1|Hs110|chrX,1191
CCDS55374.1|Hs110|chrX,1443
CCDS55375.1|Hs110|chrX,1938
CCDS55376.1|Hs110|chrX,2982
CCDS55377.1|Hs110|chrX,2964
CCDS55378.1|Hs110|chrX,3006
CCDS55379.1|Hs110|chrX,2901
CCDS55380.1|Hs110|chrX,1287
CCDS55381.1|Hs110|chrX,1194
CCDS55382.1|Hs110|chrX,1080
CCDS55383.1|Hs110|chrX,1284
CCDS55384.1|Hs110|chrX,2043
CCDS55385.1|Hs110|chrX,2064
CCDS55386.1|Hs110|chrX,2322
CCDS55387.1|Hs110|chrX,2697
CCDS55388.1|Hs110|chrX,3015
CCDS55389.1|Hs110|chrX,2550
CCDS55390.1|Hs110|chrX,1731
CCDS55391.1|Hs110|chrX,993
CCDS55392.1|Hs110|chrX,1056
CCDS55394.1|Hs110|chrX,3348
CCDS55395.1|Hs110|chrX,11046
CCDS55397.1|Hs110|chrX,249
CCDS55398.1|Hs110|chrX,1263
CCDS55399.1|Hs110|chrX,2259
CCDS55400.1|Hs110|chrX,1335
CCDS55401.1|Hs110|chrX,1218
CCDS55402.1|Hs110|chrX,1140
CCDS55403.1|Hs110|chrX,7665
CCDS55404.1|Hs110|chrX,1941
CCDS55405.1|Hs110|chrX,2250
CCDS55406.1|Hs110|chrX,1728
CCDS55408.1|Hs110|chrX,1713
CCDS55410.1|Hs110|chrX,483
CCDS55411.1|Hs110|chrX,669
CCDS55412.1|Hs110|chrX,513
CCDS55413.1|Hs110|chrX,1857
CCDS55414.2|Hs110|chrX,2091
CCDS55415.1|Hs110|chrX,1362
CCDS55417.1|Hs110|chrX,4140
CCDS55419.1|Hs110|chrX,2637
CCDS55420.1|Hs110|chrX,3183
CCDS55421.1|Hs110|chrX,717
CCDS55422.1|Hs110|chrX,345
CCDS55423.1|Hs110|chrX,339
CCDS55424.1|Hs110|chrX,141
CCDS55425.1|Hs110|chrX,351
CCDS55426.1|Hs110|chrX,351
CCDS55428.1|Hs110|chrX,774
CCDS55429.1|Hs110|chrX,1245
CCDS55430.1|Hs110|chrX,1392
CCDS55431.1|Hs110|chrX,606
CCDS55432.1|Hs110|chrX,531
CCDS55433.1|Hs110|chrX,2028
CCDS55434.1|Hs110|chrX,2154
CCDS55435.1|Hs110|chrX,966
CCDS55436.1|Hs110|chrX,447
CCDS55437.1|Hs110|chrX,1773
CCDS55438.1|Hs110|chrX,1383
CCDS55439.1|Hs110|chrX,1101
CCDS55440.1|Hs110|chrX,1353
CCDS55441.1|Hs110|chrX,2547
CCDS55442.1|Hs110|chrX,2427
CCDS55443.1|Hs110|chrX,1488
CCDS55444.1|Hs110|chrX,4077
CCDS55445.1|Hs110|chrX,1149
CCDS55446.1|Hs110|chrX,1710
CCDS55447.1|Hs110|chrX,402
CCDS55448.1|Hs110|chrX,420
CCDS55449.1|Hs110|chrX,861
CCDS55450.1|Hs110|chrX,441
CCDS55451.1|Hs110|chrX,771
CCDS55452.1|Hs110|chrX,477
CCDS55453.1|Hs110|chrX,3456
CCDS55454.1|Hs110|chrX,987
CCDS55455.1|Hs110|chrX,660
CCDS55456.1|Hs110|chrX,1899
CCDS55457.1|Hs110|chrX,1299
CCDS55458.1|Hs110|chrX,3198
CCDS55459.1|Hs110|chrX,4020
CCDS55460.1|Hs110|chrX,3990
CCDS55461.1|Hs110|chrX,3933
CCDS55462.1|Hs110|chrX,3447
CCDS55463.1|Hs110|chrX,771
CCDS55464.1|Hs110|chrX,1380
CCDS55465.1|Hs110|chrX,2640
CCDS55466.1|Hs110|chrX,1131
CCDS55467.1|Hs110|chrX,483
CCDS55468.2|Hs110|chrX,447
CCDS55469.1|Hs110|chrX,2091
CCDS55470.1|Hs110|chrX,2277
CCDS55471.1|Hs110|chrX,315
CCDS55472.1|Hs110|chrX,1218
CCDS55474.1|Hs110|chrX,1272
CCDS55475.1|Hs110|chrX,447
CCDS55476.1|Hs110|chrX,633
CCDS55477.1|Hs110|chrX,3414
CCDS55478.1|Hs110|chrX,3204
CCDS55480.1|Hs110|chrX,1977
CCDS55481.1|Hs110|chrX,1920
CCDS55482.1|Hs110|chrX,2718
CCDS55483.1|Hs110|chrX,2475
CCDS55484.1|Hs110|chrX,522
CCDS55485.1|Hs110|chrX,627
CCDS55489.1|Hs110|chrX,2160
CCDS55490.1|Hs110|chrX,3984
CCDS55491.1|Hs110|chrX,4026
CCDS55492.1|Hs110|chrX,777
CCDS55495.1|Hs110|chrX,1581
CCDS55496.1|Hs110|chrX,1812
CCDS55497.1|Hs110|chrX,744
CCDS55498.1|Hs110|chrX,726
CCDS55499.1|Hs110|chrX,801
CCDS55500.1|Hs110|chrX,348
CCDS55501.1|Hs110|chrX,588
CCDS55502.1|Hs110|chrX,252
CCDS55503.1|Hs110|chrX,1248
CCDS55504.1|Hs110|chrX,1950
CCDS55505.1|Hs110|chrX,930
CCDS55506.1|Hs110|chrX,891
CCDS55507.1|Hs110|chrX,972
CCDS55508.1|Hs110|chrX,2526
CCDS55509.1|Hs110|chrX,2577
CCDS55510.1|Hs110|chrX,591
CCDS55511.1|Hs110|chrX,681
CCDS55512.1|Hs110|chrX,600
CCDS55513.1|Hs110|chrX,768
CCDS55514.1|Hs110|chrX,2466
CCDS55515.1|Hs110|chrX,2583
CCDS55516.1|Hs110|chrX,2826
CCDS55517.1|Hs110|chrX,3006
CCDS55518.1|Hs110|chrX,1614
CCDS55519.1|Hs110|chrX,1836
CCDS55521.1|Hs110|chrX,2859
CCDS55522.1|Hs110|chrX,441
CCDS55523.1|Hs110|chrX,876
CCDS55525.1|Hs110|chrX,2250
CCDS55526.1|Hs110|chrX,2997
CCDS55527.1|Hs110|chrX,570
CCDS55528.1|Hs110|chrX,2073
CCDS55529.1|Hs110|chrX,2166
CCDS55530.1|Hs110|chrX,2079
CCDS55531.1|Hs110|chrX,1893
CCDS55532.1|Hs110|chrX,1407
CCDS55536.1|Hs110|chrX,5799
CCDS55537.1|Hs110|chrX,1602
CCDS55538.1|Hs110|chrX,1701
CCDS55539.1|Hs110|chrX,930
CCDS55540.1|Hs110|chrX,2961
CCDS55541.1|Hs110|chrX,1623
CCDS55542.1|Hs110|chrX,579
CCDS55543.1|Hs110|chrX,642
CCDS55544.1|Hs110|chrX,1311
CCDS55545.1|Hs110|chrX,1341
CCDS55546.1|Hs110|chrX,300
CCDS55547.1|Hs110|chrX,1131
CCDS55548.1|Hs110|chrX,783
CCDS55548.1|Hs110|chrY,783
CCDS55554.1|Hs110|chrY,4449
CCDS55555.1|Hs110|chrY,4713
CCDS55557.1|Hs110|chrY,1173
CCDS55558.1,1200
CCDS55559.1,681
CCDS55561.1,1245
CCDS55562.1,1776
CCDS55563.1,1467
CCDS55564.2,486
CCDS55565.2,3240
CCDS55566.1,1500
CCDS55567.1,1668
CCDS55568.1,1623
CCDS55569.1,1698
CCDS55570.1,1248
CCDS55571.1,903
CCDS55572.1,720
CCDS55573.1,717
CCDS55574.1,243
CCDS55575.1,306
CCDS55576.1,2166
CCDS55579.1,834
CCDS55580.1,4776
CCDS55581.1,1005
CCDS55582.1,846
CCDS55583.1,1395
CCDS55584.1,1380
CCDS55585.1,1380
CCDS55586.1,1311
CCDS55588.1,3108
CCDS55589.1,432
CCDS55590.1,603
CCDS55591.1,711
CCDS55592.1,1200
CCDS55593.1,1050
CCDS55594.1,1767
CCDS55595.1,948
CCDS55596.1,1206
CCDS55597.1,2175
CCDS55598.1,2172
CCDS55599.1,3264
CCDS55600.1,879
CCDS55603.1,651
CCDS55604.1,2721
CCDS55605.1,396
CCDS55606.1,1023
CCDS55607.1,510
CCDS55609.1,1077
CCDS55610.1,1068
CCDS55611.1,966
CCDS55612.1,1161
CCDS55613.1,798
CCDS55614.1,2553
CCDS55615.1,2706
CCDS55616.1,2625
CCDS55617.1,2034
CCDS55618.1,2085
CCDS55619.1,552
CCDS55620.1,1452
CCDS55621.1,1149
CCDS55622.1,1278
CCDS55623.1,1320
CCDS55624.1,960
CCDS55625.1,1071
CCDS55626.1,2535
CCDS55632.1,1704
CCDS55633.1,1164
CCDS55634.1,846
CCDS55635.1,1125
CCDS55637.1,1455
CCDS55638.1,2406
CCDS55639.1,351
CCDS55640.2,1428
CCDS55641.1,693
CCDS55642.1,597
CCDS55643.1,2193
CCDS55644.1,2607
CCDS55645.1,2667
CCDS55646.1,1095
CCDS55647.1,1074
CCDS55648.1,624
CCDS55649.1,543
CCDS55652.1,222
CCDS55653.1,1263
CCDS55654.1,1044
CCDS55655.1,2112
CCDS55656.1,2268
CCDS55657.1,2856
CCDS55658.1,2763
CCDS55659.1,2145
CCDS55660.1,2259
CCDS55661.1,2247
CCDS55662.1,762
CCDS55663.1,3108
CCDS55664.1,6942
CCDS55665.1,6756
CCDS55666.1,723
CCDS55667.1,906
CCDS55668.1,987
CCDS55669.1,951
CCDS55670.1,981
CCDS55671.1,1734
CCDS55672.1,5679
CCDS55673.1,2940
CCDS55674.1,1323
CCDS55675.1,495
CCDS55676.1,1896
CCDS55677.1,204
CCDS55678.1,423
CCDS55679.1,546
CCDS55680.1,1383
CCDS55681.1,1119
CCDS55682.1,1155
CCDS55683.1,2742
CCDS55684.1,2829
CCDS55685.1,2847
CCDS55686.1,1290
CCDS55687.1,1236
CCDS55688.1,321
CCDS55689.1,726
CCDS55690.1,240
CCDS55691.1,14904
CCDS55692.1,1425
CCDS55693.1,2403
CCDS55694.1,519
CCDS55695.1,948
CCDS55696.10,1707
CCDS55697.10,1554
CCDS55699.10,3117
CCDS55700.10,2820
CCDS55701.10,1932
CCDS55702.10,978
CCDS55703.10,966
CCDS55706.10,381
CCDS55707.10,540
CCDS55708.10,3207
CCDS55709.10,2295
CCDS55711.10,5607
CCDS55712.10,5586
CCDS55713.10,1203
CCDS55714.10,837
CCDS55715.10,1431
CCDS55716.10,918
CCDS55717.10,984
CCDS55718.10,1227
CCDS55719.10,1098
CCDS55720.10,1086
CCDS55721.10,1167
CCDS55723.10,1938
CCDS55724.10,2109
CCDS55725.10,774
CCDS55726.10,204
CCDS55727.10,279
CCDS55728.10,312
CCDS55729.10,1380
CCDS55730.10,1005
CCDS55731.10,1521
CCDS55733.10,3717
CCDS55736.11,1686
CCDS55737.11,1833
CCDS55738.11,942
CCDS55739.11,771
CCDS55740.11,912
CCDS55741.11,867
CCDS55742.11,1110
CCDS55743.11,552
CCDS55744.11,552
CCDS55745.11,2121
CCDS55746.11,2739
CCDS55748.11,1365
CCDS55750.11,867
CCDS55751.11,909
CCDS55752.11,969
CCDS55753.11,834
CCDS55754.11,1290
CCDS55755.11,1023
CCDS55756.11,1698
CCDS55757.11,2805
CCDS55758.11,2721
CCDS55759.11,2787
CCDS55760.11,1653
CCDS55761.11,1206
CCDS55762.11,1359
CCDS55763.11,2745
CCDS55764.11,2658
CCDS55765.11,2727
CCDS55766.11,2640
CCDS55767.11,2664
CCDS55768.11,909
CCDS55769.11,864
CCDS55770.11,474
CCDS55771.11,1485
CCDS55772.11,471
CCDS55773.11,360
CCDS55776.11,432
CCDS55777.11,522
CCDS55778.11,525
CCDS55779.11,291
CCDS55781.11,267
CCDS55782.11,2730
CCDS55783.11,1656
CCDS55784.11,1938
CCDS55786.11,1131
CCDS55787.11,1206
CCDS55788.11,1599
CCDS55789.11,1476
CCDS55790.11,3201
CCDS55791.11,11919
CCDS55792.11,804
CCDS55793.11,738
CCDS55794.11,4578
CCDS55795.11,1467
CCDS55796.11,1803
CCDS55797.11,261
CCDS55798.11,363
CCDS55799.11,780
CCDS55800.12,399
CCDS55801.12,465
CCDS55802.12,288
CCDS55803.12,828
CCDS55804.12,198
CCDS55806.12,828
CCDS55807.12,897
CCDS55808.12,1020
CCDS55809.12,231
CCDS55810.12,2031
CCDS55811.12,1974
CCDS55812.12,3036
CCDS55813.12,2943
CCDS55814.12,2577
CCDS55816.12,2718
CCDS55817.12,960
CCDS55818.12,1074
CCDS55819.12,2796
CCDS55820.12,1434
CCDS55821.12,1416
CCDS55822.12,1452
CCDS55823.12,1332
CCDS55824.12,900
CCDS55825.12,1023
CCDS55826.12,1803
CCDS55827.12,1353
CCDS55828.12,1836
CCDS55829.12,1437
CCDS55830.12,1086
CCDS55831.12,2679
CCDS55832.12,3426
CCDS55833.12,1728
CCDS55834.12,2007
CCDS55835.12,3459
CCDS55836.12,2544
CCDS55837.12,1485
CCDS55838.12,579
CCDS55839.12,1212
CCDS55841.12,2040
CCDS55842.12,210
CCDS55843.12,1467
CCDS55845.12,5724
CCDS55846.12,5724
CCDS55847.12,1356
CCDS55848.12,1638
CCDS55850.12,1332
CCDS55851.12,2352
CCDS55852.12,3459
CCDS55853.12,3471
CCDS55854.12,3699
CCDS55855.12,3711
CCDS55856.12,3756
CCDS55857.12,3774
CCDS55858.12,7440
CCDS55859.12,1311
CCDS55862.12,3714
CCDS55863.12,3585
CCDS55864.12,765
CCDS55865.12,1074
CCDS55866.12,1245
CCDS55867.12,1281
CCDS55868.12,1353
CCDS55869.12,1383
CCDS55870.12,1533
CCDS55871.12,1185
CCDS55872.12,3747
CCDS55873.12,1431
CCDS55874.12,1278
CCDS55875.12,1449
CCDS55876.12,1461
CCDS55877.12,3372
CCDS55878.12,1044
CCDS55879.12,192
CCDS55880.12,2235
CCDS55881.12,1287
CCDS55882.12,2079
CCDS55883.12,474
CCDS55884.12,2046
CCDS55885.12,1413
CCDS55886.12,909
CCDS55887.12,1014
CCDS55888.12,2331
CCDS55889.12,2421
CCDS55890.12,4407
CCDS55891.12,6210
CCDS55892.12,7515
CCDS55893.13,858
CCDS55894.13,2220
CCDS55895.13,1302
CCDS55897.13,726
CCDS55898.13,3303
CCDS55899.13,3255
CCDS55900.13,1641
CCDS55901.13,576
CCDS55902.13,1599
CCDS55903.13,714
CCDS55904.14,633
CCDS55905.14,3987
CCDS55907.14,7719
CCDS55908.14,369
CCDS55909.14,2574
CCDS55910.14,2385
CCDS55911.14,2499
CCDS55912.14,2712
CCDS55913.14,897
CCDS55914.14,1506
CCDS55915.14,1509
CCDS55916.14,1089
CCDS55917.24,1893
CCDS55918.14,1038
CCDS55920.14,1446
CCDS55921.24,339
CCDS55922.24,237
CCDS55924.14,1473
CCDS55926.14,1470
CCDS55927.14,1779
CCDS55928.14,456
CCDS55929.14,1551
CCDS55930.14,1296
CCDS55931.14,1218
CCDS55932.14,450
CCDS55933.14,966
CCDS55935.14,825
CCDS55936.14,1989
CCDS55937.14,1980
CCDS55938.14,2193
CCDS55939.14,879
CCDS55940.14,1908
CCDS55941.14,5490
CCDS55942.14,261
CCDS55943.14,1803
CCDS55944.14,588
CCDS55945.14,1563
CCDS55946.14,1458
CCDS55947.14,2142
CCDS55948.14,759
CCDS55949.14,1320
CCDS55950.14,1689
CCDS55951.14,1755
CCDS55952.14,1953
CCDS55953.14,627
CCDS55954.14,1293
CCDS55955.14,1065
CCDS55959.15,9198
CCDS55960.15,8571
CCDS55962.15,2607
CCDS55963.15,513
CCDS55964.15,402
CCDS55965.15,138
CCDS55966.15,2424
CCDS55967.15,1275
CCDS55968.15,1494
CCDS55970.15,1239
CCDS55971.15,1929
CCDS55973.15,2121
CCDS55974.15,2115
CCDS55978.16,3459
CCDS55979.16,3351
CCDS55980.16,1680
CCDS55981.16,1338
CCDS55982.16,2523
CCDS55983.16,1194
CCDS55984.16,1113
CCDS55991.16,5220
CCDS55992.16,3039
CCDS55993.16,534
CCDS55994.16,2706
CCDS55996.16,2091
CCDS55997.16,561
CCDS55998.16,744
CCDS55999.16,1110
CCDS56001.16,588
CCDS56002.16,2424
CCDS56003.16,402
CCDS56004.16,2853
CCDS56005.16,2823
CCDS56006.16,1239
CCDS56009.16,528
CCDS56010.16,573
CCDS56011.16,954
CCDS56012.16,1137
CCDS56013.17,984
CCDS56014.17,1197
CCDS56015.17,1266
CCDS56016.17,747
CCDS56017.17,759
CCDS56018.17,669
CCDS56019.17,618
CCDS56020.17,939
CCDS56022.17,1212
CCDS56023.17,840
CCDS56024.17,2562
CCDS56025.17,3402
CCDS56026.27,1713
CCDS56027.17,4476
CCDS56028.17,1668
CCDS56029.17,753
CCDS56032.17,1554
CCDS56033.17,1233
CCDS56034.17,2355
CCDS56035.17,1746
CCDS56036.17,1506
CCDS56037.17,1419
CCDS56038.17,1329
CCDS56039.17,1032
CCDS56041.17,1413
CCDS56042.17,4494
CCDS56043.17,1197
CCDS56044.17,669
CCDS56045.17,1194
CCDS56046.17,672
CCDS56047.17,591
CCDS56048.17,453
CCDS56049.18,1884
CCDS56050.18,2058
CCDS56051.18,2052
CCDS56052.18,1986
CCDS56053.18,2790
CCDS56054.18,1002
CCDS56056.18,1707
CCDS56057.18,2631
CCDS56058.18,1062
CCDS56059.18,1695
CCDS56060.18,1116
CCDS56061.18,2073
CCDS56062.18,1359
CCDS56063.18,1188
CCDS56064.18,399
CCDS56065.18,2676
CCDS56066.18,2466
CCDS56067.18,2403
CCDS56068.18,2271
CCDS56069.18,2271
CCDS56070.18,441
CCDS56071.18,1611
CCDS56072.18,1653
CCDS56073.18,1893
CCDS56074.19,1923
CCDS56076.19,963
CCDS56077.19,2547
CCDS56080.19,450
CCDS56083.19,2049
CCDS56084.19,2079
CCDS56085.19,2460
CCDS56087.19,1137
CCDS56088.19,1545
CCDS56089.19,1506
CCDS56090.19,1806
CCDS56091.19,528
CCDS56092.19,1743
CCDS56093.19,1716
CCDS56094.19,1404
CCDS56095.19,1440
CCDS56096.19,2076
CCDS56097.19,2259
CCDS56098.19,3210
CCDS56099.19,903
CCDS56100.19,1440
CCDS56102.19,1356
CCDS56103.19,630
CCDS56105.19,1614
CCDS56106.19,1923
CCDS56107.19,633
CCDS56108.19,1080
CCDS56109.19,1209
CCDS56110.19,1725
CCDS56112.1|Hs110|chr2,747
CCDS56113.1|Hs110|chr2,885
CCDS56114.1|Hs110|chr2,1440
CCDS56115.1|Hs110|chr2,681
CCDS56117.1|Hs110|chr2,659
CCDS56120.1|Hs110|chr2,2151
CCDS56121.1|Hs110|chr2,1059
CCDS56123.1|Hs110|chr2,636
CCDS56124.1|Hs110|chr2,1002
CCDS56125.1|Hs110|chr2,1029
CCDS56126.1|Hs110|chr2,1362
CCDS56127.1|Hs110|chr2,1140
CCDS56129.1|Hs110|chr2,1353
CCDS56130.1|Hs110|chr2,3720
CCDS56131.1|Hs110|chr2,243
CCDS56132.1|Hs110|chr2,258
CCDS56133.1|Hs110|chr2,249
CCDS56134.1|Hs110|chr2,408
CCDS56135.1|Hs110|chr2,519
CCDS56136.1|Hs110|chr2,423
CCDS56139.1|Hs110|chr2,525
CCDS56142.1|Hs110|chr2,1221
CCDS56143.1|Hs110|chr2,2916
CCDS56144.1|Hs110|chr2,9984
CCDS56145.1|Hs110|chr2,2151
CCDS56147.1|Hs110|chr2,1005
CCDS56148.1|Hs110|chr2,870
CCDS56149.1|Hs110|chr2,321
CCDS56150.1|Hs110|chr2,2880
CCDS56151.1|Hs110|chr2,2697
CCDS56152.1|Hs110|chr2,2712
CCDS56153.1|Hs110|chr2,1242
CCDS56154.1|Hs110|chr2,1272
CCDS56155.1|Hs110|chr2,1356
CCDS56156.1|Hs110|chr2,1260
CCDS56157.1|Hs110|chr2,1338
CCDS56158.1|Hs110|chr2,1155
CCDS56159.1|Hs110|chr2,1368
CCDS56160.1|Hs110|chr2,1437
CCDS56161.1|Hs110|chr2,1134
CCDS56162.1|Hs110|chr2,2013
CCDS56163.1|Hs110|chr2,1851
CCDS56164.1|Hs110|chr2,2076
CCDS56165.1|Hs110|chr2,2226
CCDS56166.1|Hs110|chr2,783
CCDS56167.1|Hs110|chr2,2670
CCDS56168.1|Hs110|chr2,2853
CCDS56169.1|Hs110|chr2,1842
CCDS56170.1|Hs110|chr2,2067
CCDS56171.1|Hs110|chr2,1443
CCDS56172.1|Hs110|chr2,1359
CCDS56173.1|Hs110|chr2,1338
CCDS56174.1|Hs110|chr2,1023
CCDS56175.1|Hs110|chr20,1119
CCDS56176.1|Hs110|chr20,1200
CCDS56177.1|Hs110|chr20,711
CCDS56178.1|Hs110|chr20,4179
CCDS56179.1|Hs110|chr20,1812
CCDS56180.1|Hs110|chr20,1860
CCDS56183.1|Hs110|chr20,2187
CCDS56184.1|Hs110|chr20,2085
CCDS56185.1|Hs110|chr20,1221
CCDS56186.1|Hs110|chr20,1527
CCDS56189.1|Hs110|chr20,1272
CCDS56190.1|Hs110|chr20,414
CCDS56191.1|Hs110|chr20,813
CCDS56192.1|Hs110|chr20,231
CCDS56193.1|Hs110|chr20,780
CCDS56196.1|Hs110|chr20,1218
CCDS56197.1|Hs110|chr20,1197
CCDS56198.1|Hs110|chr20,300
CCDS56199.1|Hs110|chr20,819
CCDS56200.1|Hs110|chr20,1488
CCDS56201.1|Hs110|chr20,1428
CCDS56202.1|Hs110|chr20,1671
CCDS56203.1|Hs110|chr20,1509
CCDS56204.1|Hs110|chr21,1059
CCDS56205.1|Hs110|chr21,759
CCDS56206.1|Hs110|chr21,603
CCDS56207.1|Hs110|chr21,270
CCDS56208.1|Hs110|chr21,765
CCDS56209.1|Hs110|chr21,699
CCDS56210.1|Hs110|chr21,711
CCDS56211.1|Hs110|chr21,1983
CCDS56212.1|Hs110|chr21,2241
CCDS56213.1|Hs110|chr21,2259
CCDS56214.1|Hs110|chr21,3741
CCDS56215.1|Hs110|chr21,4125
CCDS56217.1|Hs110|chr21,1656
CCDS56218.1|Hs110|chr21,1470
CCDS56219.1|Hs110|chr21,855
CCDS56220.1|Hs110|chr21,996
CCDS56221.1|Hs110|chr22,771
CCDS56223.1|Hs110|chr22,1479
CCDS56224.1|Hs110|chr22,1041
CCDS56225.1|Hs110|chr22,2811
CCDS56226.1|Hs110|chr22,2046
CCDS56227.1|Hs110|chr22,1548
CCDS56228.1|Hs110|chr22,963
CCDS56229.1|Hs110|chr22,4512
CCDS56230.1|Hs110|chr22,1551
CCDS56231.1|Hs110|chr22,2217
CCDS56232.1|Hs110|chr22,1236
CCDS56233.1|Hs110|chr22,918
CCDS56234.1|Hs110|chr22,1434
CCDS56235.1|Hs110|chr22,2802
CCDS56236.1|Hs110|chr22,2784
CCDS56238.1|Hs110|chr3,564
CCDS56239.1|Hs110|chr3,747
CCDS56240.1|Hs110|chr3,2124
CCDS56241.1|Hs110|chr3,2067
CCDS56242.1|Hs110|chr3,2388
CCDS56243.1|Hs110|chr3,648
CCDS56244.1|Hs110|chr3,483
CCDS56245.1|Hs110|chr3,3366
CCDS56246.1|Hs110|chr3,687
CCDS56247.1|Hs110|chr3,1650
CCDS56248.1|Hs110|chr3,1785
CCDS56249.1|Hs110|chr3,1413
CCDS56250.1|Hs110|chr3,1884
CCDS56251.1|Hs110|chr3,2001
CCDS56252.1|Hs110|chr3,1206
CCDS56253.1|Hs110|chr3,1701
CCDS56254.1|Hs110|chr3,4260
CCDS56255.1|Hs110|chr3,4155
CCDS56256.1|Hs110|chr3,4119
CCDS56257.1|Hs110|chr3,1164
CCDS56258.1|Hs110|chr3,861
CCDS56259.1|Hs110|chr3,417
CCDS56260.1|Hs110|chr3,507
CCDS56261.1|Hs110|chr3,1011
CCDS56262.1|Hs110|chr3,1032
CCDS56263.1|Hs110|chr3,1122
CCDS56265.1|Hs110|chr3,2100
CCDS56266.1|Hs110|chr3,1191
CCDS56267.1|Hs110|chr3,753
CCDS56268.1|Hs110|chr3,1323
CCDS56269.1|Hs110|chr3,852
CCDS56270.1|Hs110|chr3,1374
CCDS56271.1|Hs110|chr3,1641
CCDS56272.1|Hs110|chr3,654
CCDS56273.1|Hs110|chr3,744
CCDS56274.1|Hs110|chr3,2736
CCDS56275.1|Hs110|chr3,468
CCDS56277.1|Hs110|chr3,924
CCDS56278.1|Hs110|chr3,2922
CCDS56279.1|Hs110|chr3,2835
CCDS56280.1|Hs110|chr3,2772
CCDS56281.1|Hs110|chr3,2712
CCDS56282.1|Hs110|chr3,492
CCDS56283.1|Hs110|chr3,294
CCDS56284.1|Hs110|chr3,894
CCDS56285.1|Hs110|chr3,738
CCDS56287.1|Hs110|chr3,777
CCDS56288.1|Hs110|chr3,603
CCDS56290.1|Hs110|chr3,399
CCDS56292.1|Hs110|chr3,1425
CCDS56293.1|Hs110|chr3,768
CCDS56294.1|Hs110|chr3,735
CCDS56295.1|Hs110|chr3,2316
CCDS56296.1|Hs110|chr3,2520
CCDS56297.1|Hs110|chr3,414
CCDS56298.1|Hs110|chr3,2280
CCDS56299.1|Hs110|chr3,552
CCDS56300.1|Hs110|chr3,2367
CCDS56301.1|Hs110|chr3,2403
CCDS56304.1|Hs110|chr4,1293
CCDS56305.1|Hs110|chr4,1323
CCDS56325.1|Hs110|chr4,3105
CCDS56326.1|Hs110|chr4,3024
CCDS56329.1|Hs110|chr4,3447
CCDS56330.1|Hs110|chr4,1008
CCDS56331.1|Hs110|chr4,1611
CCDS56332.1|Hs110|chr4,1482
CCDS56334.1|Hs110|chr4,531
CCDS56335.1|Hs110|chr4,1008
CCDS56336.1|Hs110|chr4,753
CCDS56337.1|Hs110|chr4,1458
CCDS56338.1|Hs110|chr4,2334
CCDS56339.1|Hs110|chr4,234
CCDS56341.1|Hs110|chr4,1518
CCDS56342.1|Hs110|chr4,1179
CCDS56343.1|Hs110|chr4,951
CCDS56344.1|Hs110|chr4,1158
CCDS56346.1|Hs110|chr4,1182
CCDS56347.1|Hs110|chr4,942
CCDS56348.1|Hs110|chr4,3570
CCDS56349.1|Hs110|chr4,3645
CCDS56350.1|Hs110|chr4,3729
CCDS56351.1|Hs110|chr4,3861
CCDS56356.1|Hs110|chr5,975
CCDS56357.1|Hs110|chr5,1626
CCDS56358.1|Hs110|chr5,1566
CCDS56359.1|Hs110|chr5,807
CCDS56360.1|Hs110|chr5,867
CCDS56361.1|Hs110|chr5,1131
CCDS56362.1|Hs110|chr5,1050
CCDS56363.1|Hs110|chr5,3054
CCDS56364.1|Hs110|chr5,1851
CCDS56365.1|Hs110|chr5,2046
CCDS56366.1|Hs110|chr5,1989
CCDS56367.1|Hs110|chr5,1869
CCDS56368.1|Hs110|chr5,909
CCDS56369.1|Hs110|chr5,1557
CCDS56370.1|Hs110|chr5,1524
CCDS56371.1|Hs110|chr5,2040
CCDS56372.1|Hs110|chr5,2064
CCDS56373.1|Hs110|chr5,2238
CCDS56374.1|Hs110|chr5,1086
CCDS56375.1|Hs110|chr5,333
CCDS56376.1|Hs110|chr5,237
CCDS56377.1|Hs110|chr5,1158
CCDS56378.1|Hs110|chr5,2157
CCDS56379.1|Hs110|chr5,2286
CCDS56380.2|Hs110|chr5,1428
CCDS56381.1|Hs110|chr5,2094
CCDS56382.1|Hs110|chr5,1869
CCDS56383.1|Hs110|chr5,2127
CCDS56387.1|Hs110|chr5,2055
CCDS56388.1|Hs110|chr5,1878
CCDS56389.1|Hs110|chr5,1932
CCDS56390.1|Hs110|chr5,1992
CCDS56391.1|Hs110|chr5,2034
CCDS56392.1|Hs110|chr5,2043
CCDS56393.1|Hs110|chr5,2082
CCDS56396.1|Hs110|chr6,276
CCDS56397.1|Hs110|chr6,864
CCDS56399.1|Hs110|chr6,936
CCDS56400.1|Hs110|chr6,879
CCDS56401.1|Hs110|chr6,1011
CCDS56402.1|Hs110|chr6,771
CCDS56403.1|Hs110|chr6,942
CCDS56404.1|Hs110|chr6,993
CCDS56405.1|Hs110|chr6,1401
CCDS56407.1|Hs110|chr6,1338
CCDS56408.1|Hs110|chr6,1173
CCDS56409.1|Hs110|chr6,489
CCDS56410.1|Hs110|chr6,435
CCDS56412.1|Hs110|chr6,999
CCDS56413.1|Hs110|chr6,237
CCDS56414.1|Hs110|chr6,2712
CCDS56415.1|Hs110|chr6,3234
CCDS56416.1|Hs110|chr6,1617
CCDS56417.1|Hs110|chr6,1092
CCDS56418.1|Hs110|chr6,1044
CCDS56419.1|Hs110|chr6,684
CCDS56420.1|Hs110|chr6,2511
CCDS56422.1|Hs110|chr6,573
CCDS56423.1|Hs110|chr6,861
CCDS56424.1|Hs110|chr6,795
CCDS56425.1|Hs110|chr6,954
CCDS56426.1|Hs110|chr6,3207
CCDS56427.1|Hs110|chr6,453
CCDS56428.1|Hs110|chr6,813
CCDS56429.1|Hs110|chr6,777
CCDS56430.1|Hs110|chr6,4479
CCDS56431.1|Hs110|chr6,738
CCDS56433.1|Hs110|chr6,981
CCDS56434.1|Hs110|chr6,267
CCDS56435.1|Hs110|chr6,1701
CCDS56436.1|Hs110|chr6,1713
CCDS56437.1|Hs110|chr6,1803
CCDS56438.1|Hs110|chr6,2634
CCDS56439.1|Hs110|chr6,1575
CCDS56440.1|Hs110|chr6,1707
CCDS56441.1|Hs110|chr6,2184
CCDS56442.1|Hs110|chr6,2079
CCDS56443.1|Hs110|chr6,1992
CCDS56444.1|Hs110|chr6,1281
CCDS56445.1|Hs110|chr6,1479
CCDS56447.1|Hs110|chr6,3432
CCDS56448.1|Hs110|chr6,2484
CCDS56449.1|Hs110|chr6,1080
CCDS56450.1|Hs110|chr6,2559
CCDS56451.1|Hs110|chr6,900
CCDS56452.1|Hs110|chr6,1812
CCDS56453.1|Hs110|chr6,2205
CCDS56454.1|Hs110|chr6,2205
CCDS56455.1|Hs110|chr6,2316
CCDS56456.1|Hs110|chr6,936
CCDS56457.1|Hs110|chr6,828
CCDS56458.1|Hs110|chr6,1833
CCDS56459.1|Hs110|chr6,2193
CCDS56460.1|Hs110|chr6,588
CCDS56461.1|Hs110|chr6,936
CCDS56462.1|Hs110|chr6,567
CCDS56464.1|Hs110|chr7,864
CCDS56465.1|Hs110|chr7,1767
CCDS56466.1|Hs110|chr7,1641
CCDS56467.1|Hs110|chr7,1689
CCDS56468.1|Hs110|chr7,1542
CCDS56469.1|Hs110|chr7,1029
CCDS56470.1|Hs110|chr7,354
CCDS56471.1|Hs110|chr7,1773
CCDS56472.1|Hs110|chr7,1452
CCDS56473.1|Hs110|chr7,1560
CCDS56474.1|Hs110|chr7,285
CCDS56475.1|Hs110|chr7,345
CCDS56476.1|Hs110|chr7,501
CCDS56477.1|Hs110|chr7,1194
CCDS56478.1|Hs110|chr7,1317
CCDS56479.1|Hs110|chr7,789
CCDS56480.1|Hs110|chr7,1491
CCDS56481.1|Hs110|chr7,1344
CCDS56482.1|Hs110|chr7,1254
CCDS56483.1|Hs110|chr7,1524
CCDS56484.1|Hs110|chr7,1554
CCDS56485.1|Hs110|chr7,1209
CCDS56486.1|Hs110|chr7,1164
CCDS56487.1|Hs110|chr7,1017
CCDS56488.1|Hs110|chr7,744
CCDS56489.1|Hs110|chr7,438
CCDS56490.1|Hs110|chr7,897
CCDS56491.1|Hs110|chr7,1842
CCDS56492.1|Hs110|chr7,2931
CCDS56494.1|Hs110|chr7,852
CCDS56498.1|Hs110|chr7,4551
CCDS56499.1|Hs110|chr7,1899
CCDS56500.1|Hs110|chr7,1989
CCDS56504.1|Hs110|chr7,1206
CCDS56505.1|Hs110|chr7,4347
CCDS56506.1|Hs110|chr7,972
CCDS56507.1|Hs110|chr7,972
CCDS56508.1|Hs110|chr7,675
CCDS56510.1|Hs110|chr7,1305
CCDS56511.1|Hs110|chr7,444
CCDS56512.1|Hs110|chr7,1239
CCDS56513.1|Hs110|chr7,5853
CCDS56514.1|Hs110|chr7,2760
CCDS56515.1|Hs110|chr7,933
CCDS56516.1|Hs110|chr7,2241
CCDS56517.1|Hs110|chr7,2088
CCDS56518.1|Hs110|chr7,2214
CCDS56519.1|Hs110|chr7,1641
CCDS56520.1|Hs110|chr7,3699
CCDS56521.1|Hs110|chr7,3684
CCDS56522.1|Hs110|chr8,510
CCDS56523.1|Hs110|chr8,831
CCDS56524.1|Hs110|chr8,240
CCDS56527.1|Hs110|chr8,1074
CCDS56528.1|Hs110|chr8,1050
CCDS56529.1|Hs110|chr8,288
CCDS56530.1|Hs110|chr8,1323
CCDS56531.1|Hs110|chr8,1482
CCDS56532.1|Hs110|chr8,1410
CCDS56533.1|Hs110|chr8,1266
CCDS56534.1|Hs110|chr8,1335
CCDS56536.1|Hs110|chr8,1440
CCDS56537.1|Hs110|chr8,567
CCDS56538.1|Hs110|chr8,1449
CCDS56539.1|Hs110|chr8,291
CCDS56540.1|Hs110|chr8,393
CCDS56541.1|Hs110|chr8,402
CCDS56542.1|Hs110|chr8,564
CCDS56544.1|Hs110|chr8,1848
CCDS56546.1|Hs110|chr8,354
CCDS56547.1|Hs110|chr8,2622
CCDS56548.1|Hs110|chr8,2625
CCDS56549.1|Hs110|chr8,732
CCDS56550.1|Hs110|chr8,651
CCDS56551.1|Hs110|chr8,1494
CCDS56553.1|Hs110|chr8,789
CCDS56554.1|Hs110|chr8,2259
CCDS56555.1|Hs110|chr8,468
CCDS56556.1|Hs110|chr8,369
CCDS56557.1|Hs110|chr8,3198
CCDS56559.1|Hs110|chr8,789
CCDS56561.1|Hs110|chr9,474
CCDS56562.1|Hs110|chr9,564
CCDS56563.1|Hs110|chr9,687
CCDS56564.1|Hs110|chr9,435
CCDS56565.1|Hs110|chr9,504
CCDS56566.1|Hs110|chr9,2943
CCDS56569.1|Hs110|chr9,516
CCDS56570.1|Hs110|chr9,723
CCDS56572.1|Hs110|chr9,828
CCDS56573.1|Hs110|chr9,771
CCDS56574.1|Hs110|chr9,468
CCDS56575.1|Hs110|chr9,420
CCDS56576.1|Hs110|chr9,1416
CCDS56577.1|Hs110|chr9,1143
CCDS56578.1|Hs110|chr9,1932
CCDS56579.1|Hs110|chr9,480
CCDS56581.1|Hs110|chr9,2886
CCDS56582.1|Hs110|chr9,1038
CCDS56583.1|Hs110|chr9,1092
CCDS56584.1|Hs110|chr9,1101
CCDS56585.1|Hs110|chr9,1974
CCDS56586.1|Hs110|chr9,2106
CCDS56587.1|Hs110|chr9,1917
CCDS56588.1|Hs110|chr9,2490
CCDS56589.1|Hs110|chr9,1731
CCDS56590.1|Hs110|chr9,2475
CCDS56591.1|Hs110|chr9,702
CCDS56592.1|Hs110|chr9,576
CCDS56594.1|Hs110|chr9,2136
CCDS56595.1|Hs110|chr9,2427
CCDS56596.1|Hs110|chrX,921
CCDS56598.1|Hs110|chrX,1410
CCDS56600.1|Hs110|chrX,2562
CCDS56602.1|Hs110|chrX,2274
CCDS56603.1|Hs110|chrX,957
CCDS56604.1|Hs110|chrX,582
CCDS56605.1|Hs110|chrX,429
CCDS56606.1|Hs110|chrX,345
CCDS56607.1|Hs110|chrX,867
CCDS56610.1|Hs110|chrX,879
CCDS56611.1|Hs110|chrX,951
CCDS56612.1|Hs110|chrX,876
CCDS56617.1|Hs110|chrY,378
CCDS56618.1|Hs110|chrY,378
CCDS56619.1|Hs110|chrY,1947
CCDS57959.1,1716
CCDS57960.1,1821
CCDS57961.1,1500
CCDS57962.1,525
CCDS57963.1,198
CCDS57964.1,492
CCDS57965.1,339
CCDS57966.1,237
CCDS57967.1,2793
CCDS57968.1,3228
CCDS57970.1,942
CCDS57971.1,747
CCDS57972.1,2544
CCDS57973.1,1935
CCDS57974.1,1554
CCDS57976.1,1866
CCDS57977.1,1692
CCDS57978.1,366
CCDS57979.1,696
CCDS57980.1,522
CCDS57981.1,552
CCDS57982.1,348
CCDS57983.1,900
CCDS57984.1,885
CCDS57985.1,384
CCDS57986.1,2415
CCDS57987.1,759
CCDS57988.1,1038
CCDS57989.1,1035
CCDS57990.1,786
CCDS57991.1,561
CCDS57992.1,306
CCDS57993.1,606
CCDS57994.1,558
CCDS57995.1,2247
CCDS57996.1,1008
CCDS57998.1,723
CCDS57999.1,621
CCDS58000.1,1554
CCDS58001.1,237
CCDS58003.1,1392
CCDS58004.1,2913
CCDS58005.1,2703
CCDS58006.1,1980
CCDS58007.1,2331
CCDS58008.1,1041
CCDS58009.1,1494
CCDS58010.1,2205
CCDS58011.1,1863
CCDS58012.1,1758
CCDS58013.1,1854
CCDS58014.1,1020
CCDS58015.1,2781
CCDS58016.1,2286
CCDS58017.1,948
CCDS58018.1,2787
CCDS58019.1,564
CCDS58020.1,501
CCDS58021.1,2082
CCDS58025.1,588
CCDS58026.1,1194
CCDS58027.1,1233
CCDS58028.1,573
CCDS58029.1,1128
CCDS58030.1,1722
CCDS58031.1,2475
CCDS58032.1,2391
CCDS58033.1,2211
CCDS58034.1,2511
CCDS58035.1,1953
CCDS58036.1,552
CCDS58037.1,711
CCDS58038.1,1725
CCDS58039.1,2190
CCDS58041.1,558
CCDS58042.1,1194
CCDS58043.1,1650
CCDS58044.1,1356
CCDS58045.1,1248
CCDS58046.1,1113
CCDS58047.1,1479
CCDS58048.1,1458
CCDS58049.1,3231
CCDS58050.1,465
CCDS58052.1,2613
CCDS58053.1,4149
CCDS58054.1,4833
CCDS58055.1,4872
CCDS58056.1,4914
CCDS58057.1,1344
CCDS58058.1,1554
CCDS58059.1,375
CCDS58060.1,1191
CCDS58061.1,1413
CCDS58062.1,2004
CCDS58063.1,2298
CCDS58065.1,23907
CCDS58066.1,624
CCDS58067.1,222
CCDS58068.1,939
CCDS58069.10,696
CCDS58070.10,909
CCDS58071.10,1455
CCDS58072.10,2052
CCDS58073.10,429
CCDS58074.10,849
CCDS58075.10,417
CCDS58076.10,378
CCDS58077.10,360
CCDS58078.10,1854
CCDS58079.10,1827
CCDS58080.10,2145
CCDS58081.10,2115
CCDS58082.10,2838
CCDS58083.10,2805
CCDS58084.10,5346
CCDS58085.10,5673
CCDS58086.10,312
CCDS58087.10,255
CCDS58088.10,576
CCDS58089.10,657
CCDS58090.10,531
CCDS58091.10,1215
CCDS58092.10,1458
CCDS58093.10,555
CCDS58094.10,213
CCDS58095.10,1611
CCDS58096.10,837
CCDS58097.10,1497
CCDS58098.10,1569
CCDS58099.10,1923
CCDS58101.10,8148
CCDS58102.10,2202
CCDS58103.10,2229
CCDS58104.10,2319
CCDS58105.10,2793
CCDS58106.11,2025
CCDS58107.11,2211
CCDS58108.11,2301
CCDS58110.11,1404
CCDS58111.11,273
CCDS58112.11,765
CCDS58113.11,699
CCDS58114.11,1467
CCDS58115.11,1878
CCDS58116.11,2295
CCDS58117.11,2202
CCDS58118.11,468
CCDS58119.11,3726
CCDS58122.11,1026
CCDS58123.11,1074
CCDS58124.11,1350
CCDS58125.11,600
CCDS58126.11,7467
CCDS58127.11,207
CCDS58128.11,783
CCDS58129.11,483
CCDS58130.11,1434
CCDS58132.11,3540
CCDS58133.11,636
CCDS58134.11,762
CCDS58135.11,561
CCDS58136.11,2139
CCDS58137.11,1779
CCDS58138.11,1806
CCDS58139.11,1437
CCDS58140.11,966
CCDS58141.11,3099
CCDS58142.11,2763
CCDS58143.11,645
CCDS58144.11,567
CCDS58146.11,2637
CCDS58147.11,2124
CCDS58148.11,2172
CCDS58149.11,240
CCDS58150.11,933
CCDS58151.11,711
CCDS58153.11,1947
CCDS58154.11,2034
CCDS58155.11,528
CCDS58156.11,315
CCDS58157.11,1128
CCDS58158.11,834
CCDS58159.11,1554
CCDS58160.11,1797
CCDS58161.11,780
CCDS58162.11,1038
CCDS58164.11,753
CCDS58165.11,378
CCDS58166.11,1425
CCDS58167.11,1476
CCDS58168.11,2736
CCDS58169.11,1710
CCDS58170.11,2292
CCDS58171.11,774
CCDS58172.11,1344
CCDS58173.11,603
CCDS58174.11,1815
CCDS58175.11,3468
CCDS58176.11,3498
CCDS58177.11,3507
CCDS58178.11,1149
CCDS58179.11,690
CCDS58180.11,570
CCDS58181.11,1521
CCDS58182.11,1620
CCDS58183.11,1425
CCDS58185.11,1692
CCDS58186.11,966
CCDS58187.11,915
CCDS58188.11,1260
CCDS58189.11,1089
CCDS58190.11,1317
CCDS58191.11,1329
CCDS58192.11,3864
CCDS58193.11,1002
CCDS58194.11,999
CCDS58195.11,327
CCDS58196.11,2286
CCDS58198.12,294
CCDS58199.12,675
CCDS58200.12,1158
CCDS58201.12,882
CCDS58202.12,1887
CCDS58203.12,2439
CCDS58204.12,2538
CCDS58205.12,831
CCDS58206.12,504
CCDS58207.12,786
CCDS58208.12,537
CCDS58209.12,264
CCDS58210.12,504
CCDS58211.12,471
CCDS58212.12,492
CCDS58213.12,3849
CCDS58214.12,3297
CCDS58215.12,906
CCDS58216.12,1929
CCDS58217.12,2262
CCDS58218.12,876
CCDS58219.12,1869
CCDS58220.12,1767
CCDS58221.12,1800
CCDS58222.12,1623
CCDS58224.12,2643
CCDS58225.12,1884
CCDS58226.12,1251
CCDS58227.12,1356
CCDS58228.12,1689
CCDS58229.12,981
CCDS58230.12,1374
CCDS58231.12,1122
CCDS58232.12,2244
CCDS58233.12,1917
CCDS58234.12,1536
CCDS58235.12,1482
CCDS58236.12,1149
CCDS58237.12,1299
CCDS58238.12,354
CCDS58239.12,534
CCDS58240.12,1152
CCDS58241.12,930
CCDS58242.12,471
CCDS58243.12,648
CCDS58244.12,525
CCDS58245.12,1206
CCDS58246.12,1683
CCDS58247.12,1842
CCDS58248.12,1743
CCDS58249.12,1617
CCDS58250.12,708
CCDS58251.12,2946
CCDS58252.12,414
CCDS58253.12,498
CCDS58254.12,429
CCDS58255.12,1752
CCDS58256.12,1890
CCDS58257.12,1857
CCDS58258.12,1035
CCDS58259.12,2925
CCDS58260.12,2988
CCDS58263.12,192
CCDS58264.12,1350
CCDS58265.12,1776
CCDS58266.12,1527
CCDS58267.12,1764
CCDS58268.12,3522
CCDS58269.12,3441
CCDS58270.12,3384
CCDS58271.12,3405
CCDS58272.12,3420
CCDS58273.12,3363
CCDS58274.12,1386
CCDS58275.12,1866
CCDS58276.12,2013
CCDS58277.12,735
CCDS58278.12,762
CCDS58279.12,1014
CCDS58280.12,1383
CCDS58281.12,1818
CCDS58282.12,1215
CCDS58283.12,1671
CCDS58284.12,357
CCDS58285.12,4317
CCDS58286.12,2112
CCDS58287.12,2046
CCDS58288.12,2052
CCDS58289.12,264
CCDS58290.12,3012
CCDS58291.13,1713
CCDS58292.13,954
CCDS58293.13,4065
CCDS58294.13,3372
CCDS58295.13,3444
CCDS58296.13,3549
CCDS58297.13,3339
CCDS58299.13,1446
CCDS58300.13,1269
CCDS58301.13,1194
CCDS58302.13,1362
CCDS58303.14,258
CCDS58304.14,936
CCDS58305.14,1293
CCDS58306.14,423
CCDS58307.14,318
CCDS58308.14,1653
CCDS58309.14,450
CCDS58310.14,408
CCDS58311.14,450
CCDS58312.14,1704
CCDS58313.14,1467
CCDS58314.14,636
CCDS58316.14,2430
CCDS58317.14,2190
CCDS58318.14,1869
CCDS58319.14,795
CCDS58320.14,4935
CCDS58321.14,4602
CCDS58322.14,4515
CCDS58323.14,3207
CCDS58325.14,1926
CCDS58326.14,747
CCDS58327.14,699
CCDS58328.14,855
CCDS58330.14,342
CCDS58331.14,324
CCDS58332.14,2763
CCDS58333.14,906
CCDS58334.14,858
CCDS58335.14,717
CCDS58336.14,2436
CCDS58337.14,3804
CCDS58338.14,597
CCDS58339.14,2445
CCDS58344.15,1602
CCDS58345.15,411
CCDS58346.15,4878
CCDS58347.15,4929
CCDS58349.15,1506
CCDS58351.15,14598
CCDS58352.15,3453
CCDS58353.15,1386
CCDS58354.15,1212
CCDS58355.15,891
CCDS58356.15,1320
CCDS58357.15,1281
CCDS58358.15,1137
CCDS58359.15,3696
CCDS58360.15,1557
CCDS58361.15,5133
CCDS58362.15,3189
CCDS58363.15,366
CCDS58364.15,477
CCDS58365.15,2988
CCDS58366.15,2985
CCDS58367.15,10758
CCDS58368.15,855
CCDS58369.15,855
CCDS58370.15,1431
CCDS58371.15,1674
CCDS58372.15,570
CCDS58373.15,468
CCDS58375.15,2283
CCDS58376.15,2076
CCDS58377.15,1044
CCDS58378.15,4353
CCDS58379.15,837
CCDS58380.15,1185
CCDS58381.15,933
CCDS58382.15,1068
CCDS58383.15,1044
CCDS58384.15,1047
CCDS58385.15,984
CCDS58386.15,1758
CCDS58387.15,2049
CCDS58388.15,2082
CCDS58389.15,2826
CCDS58390.15,3054
CCDS58391.15,3174
CCDS58392.15,696
CCDS58393.15,708
CCDS58395.15,591
CCDS58397.15,2274
CCDS58398.25,3339
CCDS58399.15,2454
CCDS58400.15,429
CCDS58401.15,1290
CCDS58402.16,3390
CCDS58403.16,3375
CCDS58404.16,1140
CCDS58405.16,738
CCDS58406.16,1128
CCDS58407.16,681
CCDS58408.16,5223
CCDS58409.16,978
CCDS58410.16,858
CCDS58411.16,1365
CCDS58412.16,1272
CCDS58413.16,1146
CCDS58414.16,1473
CCDS58415.16,1293
CCDS58417.16,2724
CCDS58419.16,510
CCDS58420.16,390
CCDS58422.16,1632
CCDS58423.16,2721
CCDS58425.16,1782
CCDS58430.16,300
CCDS58431.16,504
CCDS58432.16,2064
CCDS58433.16,2001
CCDS58434.16,2019
CCDS58435.16,255
CCDS58436.16,459
CCDS58437.16,1923
CCDS58438.16,1818
CCDS58439.16,1836
CCDS58440.16,1560
CCDS58441.16,2433
CCDS58442.16,3294
CCDS58443.16,3189
CCDS58444.16,1794
CCDS58445.16,1185
CCDS58446.16,900
CCDS58447.16,2640
CCDS58448.16,3369
CCDS58449.16,528
CCDS58450.16,1257
CCDS58452.16,2259
CCDS58453.16,2553
CCDS58454.16,1578
CCDS58456.16,375
CCDS58458.16,375
CCDS58460.16,1557
CCDS58462.16,1449
CCDS58463.16,1539
CCDS58464.16,3066
CCDS58465.16,1074
CCDS58466.16,1059
CCDS58467.16,1020
CCDS58468.16,7116
CCDS58469.16,453
CCDS58471.16,2373
CCDS58472.16,2199
CCDS58473.16,660
CCDS58474.16,1902
CCDS58475.16,1008
CCDS58476.16,2265
CCDS58477.16,1296
CCDS58478.16,1362
CCDS58479.16,513
CCDS58480.16,558
CCDS58482.16,918
CCDS58483.16,960
CCDS58485.16,2283
CCDS58486.16,2142
CCDS58487.16,2025
CCDS58488.16,1614
CCDS58489.16,2532
CCDS58490.16,1149
CCDS58491.16,720
CCDS58492.16,495
CCDS58493.16,1356
CCDS58494.16,1305
CCDS58495.16,1326
CCDS58496.16,1176
CCDS58497.17,933
CCDS58498.17,1536
CCDS58499.17,939
CCDS58500.17,2376
CCDS58501.17,459
CCDS58502.17,3636
CCDS58503.37,3393
CCDS58504.17,1293
CCDS58505.17,1221
CCDS58506.17,2253
CCDS58507.17,2769
CCDS58508.17,4200
CCDS58509.17,2037
CCDS58510.17,2001
CCDS58511.17,1044
CCDS58512.17,984
CCDS58513.17,1155
CCDS58514.17,912
CCDS58515.17,6024
CCDS58516.17,3357
CCDS58517.17,936
CCDS58518.17,1239
CCDS58519.17,369
CCDS58520.17,699
CCDS58521.17,3777
CCDS58522.17,3645
CCDS58524.17,3000
CCDS58525.17,963
CCDS58526.17,990
CCDS58527.17,852
CCDS58529.17,1896
CCDS58530.17,1743
CCDS58531.17,2112
CCDS58532.17,2289
CCDS58533.17,345
CCDS58534.17,399
CCDS58535.17,477
CCDS58536.17,714
CCDS58537.17,1191
CCDS58538.17,1596
CCDS58539.17,1311
CCDS58540.17,1428
CCDS58541.17,867
CCDS58542.17,984
CCDS58543.17,1101
CCDS58544.17,1269
CCDS58545.17,1128
CCDS58546.17,1356
CCDS58547.17,885
CCDS58548.17,366
CCDS58551.17,750
CCDS58552.17,1239
CCDS58553.17,1338
CCDS58554.17,297
CCDS58555.17,2502
CCDS58557.17,534
CCDS58558.17,1404
CCDS58559.17,1413
CCDS58560.17,1215
CCDS58561.17,1125
CCDS58562.17,1254
CCDS58563.17,2361
CCDS58564.17,2229
CCDS58565.17,6834
CCDS58566.17,6618
CCDS58567.17,6780
CCDS58568.17,6945
CCDS58569.17,6876
CCDS58570.17,7101
CCDS58571.17,6585
CCDS58572.17,6753
CCDS58573.17,6699
CCDS58574.17,6864
CCDS58575.17,6720
CCDS58576.17,6684
CCDS58577.17,3534
CCDS58578.17,3936
CCDS58579.17,696
CCDS58580.17,606
CCDS58581.17,996
CCDS58582.17,1482
CCDS58583.17,870
CCDS58584.17,873
CCDS58585.17,945
CCDS58586.17,549
CCDS58587.17,807
CCDS58588.17,999
CCDS58589.17,1782
CCDS58590.17,561
CCDS58591.17,1320
CCDS58592.17,1452
CCDS58593.17,1476
CCDS58594.17,1356
CCDS58595.17,1605
CCDS58596.17,1569
CCDS58597.17,1779
CCDS58598.17,792
CCDS58599.17,5259
CCDS58600.17,867
CCDS58601.17,1770
CCDS58603.17,1866
CCDS58604.17,3093
CCDS58605.17,2223
CCDS58606.17,15624
CCDS58607.17,3816
CCDS58608.17,1068
CCDS58609.17,483
CCDS58610.17,936
CCDS58611.17,1944
CCDS58613.18,4398
CCDS58614.18,525
CCDS58615.18,921
CCDS58616.18,231
CCDS58617.18,906
CCDS58618.18,225
CCDS58619.18,825
CCDS58620.18,1512
CCDS58621.18,465
CCDS58623.18,1524
CCDS58624.18,1536
CCDS58625.18,1524
CCDS58626.18,1614
CCDS58627.18,1803
CCDS58628.18,1878
CCDS58629.18,1944
CCDS58630.18,2034
CCDS58631.18,2322
CCDS58632.18,2736
CCDS58633.18,1092
CCDS58634.18,5448
CCDS58635.19,531
CCDS58636.19,2157
CCDS58637.19,3459
CCDS58638.19,3648
CCDS58639.19,687
CCDS58640.19,1293
CCDS58641.19,705
CCDS58642.19,459
CCDS58643.19,2130
CCDS58644.19,2466
CCDS58645.19,2604
CCDS58646.19,2238
CCDS58648.19,951
CCDS58649.19,2595
CCDS58651.19,2577
CCDS58653.19,2265
CCDS58654.19,2733
CCDS58655.19,474
CCDS58656.19,1131
CCDS58657.19,264
CCDS58658.19,1428
CCDS58659.19,1650
CCDS58660.19,363
CCDS58661.19,801
CCDS58662.19,1269
CCDS58663.19,3075
CCDS58664.19,3081
CCDS58665.19,1203
CCDS58667.19,351
CCDS58668.19,1650
CCDS58669.19,480
CCDS58670.19,960
CCDS58671.19,1353
CCDS58672.19,1557
CCDS58673.19,1092
CCDS58674.19,516
CCDS58675.19,480
CCDS58676.19,561
CCDS58677.19,1317
CCDS58678.19,966
CCDS58679.19,1464
CCDS58680.19,1827
CCDS58681.19,3180
CCDS58683.19,357
CCDS58684.19,4395
CCDS58685.19,4389
CCDS58686.19,1890
CCDS58687.19,1668
CCDS58688.19,1512
CCDS58689.1|Hs110|chr2,858
CCDS58690.1|Hs110|chr2,744
CCDS58691.1|Hs110|chr2,738
CCDS58692.1|Hs110|chr2,666
CCDS58693.1|Hs110|chr2,666
CCDS58694.1|Hs110|chr2,594
CCDS58695.1|Hs110|chr2,1101
CCDS58696.1|Hs110|chr2,1230
CCDS58697.1|Hs110|chr2,1989
CCDS58698.1|Hs110|chr2,1917
CCDS58699.1|Hs110|chr2,2928
CCDS58701.1|Hs110|chr2,2691
CCDS58703.1|Hs110|chr2,114
CCDS58704.1|Hs110|chr2,1338
CCDS58705.1|Hs110|chr2,1599
CCDS58706.1|Hs110|chr2,1674
CCDS58707.1|Hs110|chr2,2622
CCDS58709.1|Hs110|chr2,2607
CCDS58710.1|Hs110|chr2,5391
CCDS58711.1|Hs110|chr2,1530
CCDS58712.1|Hs110|chr2,867
CCDS58713.1|Hs110|chr2,2100
CCDS58714.1|Hs110|chr2,390
CCDS58715.1|Hs110|chr2,1002
CCDS58716.1|Hs110|chr2,1389
CCDS58717.1|Hs110|chr2,1467
CCDS58718.1|Hs110|chr2,1218
CCDS58719.1|Hs110|chr2,891
CCDS58720.1|Hs110|chr2,759
CCDS58721.1|Hs110|chr2,1278
CCDS58722.1|Hs110|chr2,1053
CCDS58723.1|Hs110|chr2,447
CCDS58724.1|Hs110|chr2,324
CCDS58725.1|Hs110|chr2,570
CCDS58726.1|Hs110|chr2,945
CCDS58729.1|Hs110|chr2,537
CCDS58730.1|Hs110|chr2,693
CCDS58731.1|Hs110|chr2,513
CCDS58732.1|Hs110|chr2,939
CCDS58733.1|Hs110|chr2,708
CCDS58734.1|Hs110|chr2,1179
CCDS58736.1|Hs110|chr2,687
CCDS58737.1|Hs110|chr2,1344
CCDS58738.1|Hs110|chr2,1464
CCDS58739.1|Hs110|chr2,630
CCDS58740.1|Hs110|chr2,351
CCDS58741.1|Hs110|chr2,1560
CCDS58742.1|Hs110|chr2,876
CCDS58743.1|Hs110|chr2,606
CCDS58744.1|Hs110|chr2,1797
CCDS58745.1|Hs110|chr2,375
CCDS58746.1|Hs110|chr2,1203
CCDS58747.1|Hs110|chr2,1290
CCDS58749.1|Hs110|chr2,306
CCDS58750.1|Hs110|chr2,3885
CCDS58751.1|Hs110|chr2,2109
CCDS58752.1|Hs110|chr2,1812
CCDS58753.1|Hs110|chr2,750
CCDS58754.1|Hs110|chr2,1509
CCDS58755.1|Hs110|chr2,432
CCDS58756.1|Hs110|chr2,1218
CCDS58757.1|Hs110|chr2,5376
CCDS58758.1|Hs110|chr2,3432
CCDS58759.1|Hs110|chr2,3993
CCDS58760.1|Hs110|chr2,3708
CCDS58761.1|Hs110|chr20,1878
CCDS58762.1|Hs110|chr20,462
CCDS58763.1|Hs110|chr20,525
CCDS58764.1|Hs110|chr20,1707
CCDS58765.1|Hs110|chr20,1728
CCDS58766.1|Hs110|chr20,711
CCDS58767.1|Hs110|chr20,906
CCDS58768.1|Hs110|chr20,2712
CCDS58769.1|Hs110|chr20,2259
CCDS58770.1|Hs110|chr20,2106
CCDS58771.1|Hs110|chr20,2643
CCDS58773.1|Hs110|chr20,2748
CCDS58774.1|Hs110|chr20,1794
CCDS58775.1|Hs110|chr20,318
CCDS58776.1|Hs110|chr20,1212
CCDS58777.1|Hs110|chr20,1269
CCDS58778.1|Hs110|chr20,1452
CCDS58779.1|Hs110|chr20,1842
CCDS58780.1|Hs110|chr20,2103
CCDS58781.1|Hs110|chr20,1998
CCDS58782.1|Hs110|chr20,1722
CCDS58783.1|Hs110|chr20,495
CCDS58784.1|Hs110|chr20,2529
CCDS58785.1|Hs110|chr20,492
CCDS58786.1|Hs110|chr21,1326
CCDS58787.1|Hs110|chr21,939
CCDS58788.1|Hs110|chr21,789
CCDS58789.1|Hs110|chr21,1092
CCDS58790.1|Hs110|chr21,1362
CCDS58791.1|Hs110|chr21,1581
CCDS58793.1|Hs110|chr22,1689
CCDS58794.1|Hs110|chr22,537
CCDS58795.1|Hs110|chr22,639
CCDS58796.1|Hs110|chr22,369
CCDS58797.1|Hs110|chr22,3237
CCDS58799.1|Hs110|chr22,267
CCDS58800.1|Hs110|chr22,972
CCDS58801.1|Hs110|chr22,1026
CCDS58802.1|Hs110|chr22,1752
CCDS58803.1|Hs110|chr22,3564
CCDS58804.1|Hs110|chr22,3483
CCDS58805.1|Hs110|chr22,1614
CCDS58806.1|Hs110|chr22,1227
CCDS58807.1|Hs110|chr22,1074
CCDS58808.1|Hs110|chr22,984
CCDS58811.1|Hs110|chr22,1464
CCDS58812.1|Hs110|chr3,3627
CCDS58813.1|Hs110|chr3,1137
CCDS58814.1|Hs110|chr3,1638
CCDS58815.1|Hs110|chr3,1128
CCDS58816.1|Hs110|chr3,672
CCDS58817.1|Hs110|chr3,1893
CCDS58818.1|Hs110|chr3,438
CCDS58819.1|Hs110|chr3,3273
CCDS58820.1|Hs110|chr3,3396
CCDS58821.1|Hs110|chr3,2154
CCDS58822.1|Hs110|chr3,2415
CCDS58823.1|Hs110|chr3,2442
CCDS58824.1|Hs110|chr3,2382
CCDS58825.1|Hs110|chr3,927
CCDS58826.1|Hs110|chr3,1671
CCDS58827.1|Hs110|chr3,1230
CCDS58828.1|Hs110|chr3,1251
CCDS58829.1|Hs110|chr3,744
CCDS58830.1|Hs110|chr3,909
CCDS58831.1|Hs110|chr3,615
CCDS58832.1|Hs110|chr3,942
CCDS58833.1|Hs110|chr3,4056
CCDS58834.1|Hs110|chr3,1896
CCDS58835.1|Hs110|chr3,1098
CCDS58836.1|Hs110|chr3,828
CCDS58838.1|Hs110|chr3,1806
CCDS58839.1|Hs110|chr3,2031
CCDS58840.1|Hs110|chr3,519
CCDS58841.1|Hs110|chr3,1713
CCDS58842.1|Hs110|chr3,1101
CCDS58843.1|Hs110|chr3,1464
CCDS58844.1|Hs110|chr3,1284
CCDS58845.1|Hs110|chr3,930
CCDS58846.1|Hs110|chr3,879
CCDS58847.1|Hs110|chr3,9810
CCDS58848.1|Hs110|chr3,3618
CCDS58849.1|Hs110|chr3,462
CCDS58850.1|Hs110|chr3,2406
CCDS58851.1|Hs110|chr3,2739
CCDS58852.1|Hs110|chr3,852
CCDS58853.1|Hs110|chr3,1821
CCDS58854.1|Hs110|chr3,1929
CCDS58855.1|Hs110|chr3,399
CCDS58856.1|Hs110|chr3,2382
CCDS58857.1|Hs110|chr3,387
CCDS58858.1|Hs110|chr3,2376
CCDS58860.1|Hs110|chr3,2745
CCDS58861.1|Hs110|chr3,1305
CCDS58862.1|Hs110|chr3,1557
CCDS58863.1|Hs110|chr3,1752
CCDS58864.1|Hs110|chr3,1704
CCDS58865.1|Hs110|chr3,1809
CCDS58866.1|Hs110|chr3,1875
CCDS58867.1|Hs110|chr3,1776
CCDS58868.1|Hs110|chr3,1371
CCDS58869.1|Hs110|chr3,1326
CCDS58870.1|Hs110|chr3,1371
CCDS58871.1|Hs110|chr3,1449
CCDS58872.1|Hs110|chr3,567
CCDS58874.1|Hs110|chr4,3741
CCDS58875.1|Hs110|chr4,3798
CCDS58876.1|Hs110|chr4,3636
CCDS58895.1|Hs110|chr4,747
CCDS58896.1|Hs110|chr4,603
CCDS58897.1|Hs110|chr4,3480
CCDS58898.1|Hs110|chr4,1833
CCDS58899.1|Hs110|chr4,1398
CCDS58900.1|Hs110|chr4,840
CCDS58901.1|Hs110|chr4,1584
CCDS58902.1|Hs110|chr4,2082
CCDS58903.1|Hs110|chr4,666
CCDS58904.1|Hs110|chr4,912
CCDS58905.1|Hs110|chr4,978
CCDS58907.1|Hs110|chr4,888
CCDS58909.1|Hs110|chr4,1059
CCDS58910.1|Hs110|chr4,1836
CCDS58911.1|Hs110|chr4,2010
CCDS58912.1|Hs110|chr4,2052
CCDS58913.1|Hs110|chr4,2010
CCDS58914.1|Hs110|chr4,1791
CCDS58915.1|Hs110|chr4,411
CCDS58916.1|Hs110|chr4,1878
CCDS58917.1|Hs110|chr4,1452
CCDS58919.1|Hs110|chr4,1599
CCDS58920.1|Hs110|chr4,354
CCDS58921.1|Hs110|chr4,516
CCDS58922.1|Hs110|chr4,1938
CCDS58923.1|Hs110|chr4,3501
CCDS58925.1|Hs110|chr4,1110
CCDS58926.1|Hs110|chr4,1131
CCDS58928.1|Hs110|chr4,8556
CCDS58929.1|Hs110|chr4,2130
CCDS58930.1|Hs110|chr4,2175
CCDS58931.1|Hs110|chr4,1017
CCDS58932.1|Hs110|chr4,2376
CCDS58933.1|Hs110|chr4,438
CCDS58934.1|Hs110|chr4,597
CCDS58935.1|Hs110|chr4,432
CCDS58936.1|Hs110|chr4,816
CCDS58940.1|Hs110|chr5,570
CCDS58941.1|Hs110|chr5,210
CCDS58942.1|Hs110|chr5,651
CCDS58943.1|Hs110|chr5,2271
CCDS58945.1|Hs110|chr5,2520
CCDS58946.1|Hs110|chr5,2250
CCDS58947.1|Hs110|chr5,1497
CCDS58948.1|Hs110|chr5,1497
CCDS58949.2|Hs110|chr5,2040
CCDS58950.1|Hs110|chr5,1239
CCDS58951.1|Hs110|chr5,4104
CCDS58952.1|Hs110|chr5,4260
CCDS58953.1|Hs110|chr5,4239
CCDS58954.1|Hs110|chr5,4041
CCDS58955.1|Hs110|chr5,234
CCDS58956.1|Hs110|chr5,1641
CCDS58957.1|Hs110|chr5,4179
CCDS58958.1|Hs110|chr5,1551
CCDS58959.1|Hs110|chr5,1059
CCDS58960.1|Hs110|chr5,897
CCDS58961.1|Hs110|chr5,996
CCDS58962.1|Hs110|chr5,1020
CCDS58963.1|Hs110|chr5,1026
CCDS58965.1|Hs110|chr5,3591
CCDS58966.1|Hs110|chr5,573
CCDS58967.1|Hs110|chr5,1842
CCDS58969.1|Hs110|chr5,1518
CCDS58970.1|Hs110|chr5,1668
CCDS58971.1|Hs110|chr5,1572
CCDS58972.1|Hs110|chr5,1809
CCDS58973.1|Hs110|chr5,2952
CCDS58974.1|Hs110|chr5,2691
CCDS58975.1|Hs110|chr5,2838
CCDS58976.1|Hs110|chr5,1410
CCDS58977.1|Hs110|chr5,1350
CCDS58978.1|Hs110|chr5,1470
CCDS58979.2|Hs110|chr5,2889
CCDS58980.1|Hs110|chr5,2790
CCDS58981.1|Hs110|chr5,2799
CCDS58982.1|Hs110|chr5,1752
CCDS58983.1|Hs110|chr5,1671
CCDS58984.1|Hs110|chr5,1719
CCDS58985.1|Hs110|chr5,1908
CCDS58986.1|Hs110|chr5,2481
CCDS58987.1|Hs110|chr5,2751
CCDS58988.1|Hs110|chr5,2751
CCDS58989.1|Hs110|chr5,2514
CCDS58990.1|Hs110|chr5,1563
CCDS58991.2|Hs110|chr5,696
CCDS58992.1|Hs110|chr5,948
CCDS58994.1|Hs110|chr6,1029
CCDS58995.1|Hs110|chr6,744
CCDS58996.1|Hs110|chr6,3225
CCDS58997.1|Hs110|chr6,831
CCDS58998.1|Hs110|chr6,213
CCDS58999.1|Hs110|chr6,1005
CCDS59001.1|Hs110|chr6,744
CCDS59002.1|Hs110|chr6,933
CCDS59003.1|Hs110|chr6,5322
CCDS59004.1|Hs110|chr6,351
CCDS59005.1|Hs110|chr6,5097
CCDS59006.1|Hs110|chr6,810
CCDS59007.1|Hs110|chr6,1614
CCDS59008.1|Hs110|chr6,1998
CCDS59010.1|Hs110|chr6,2340
CCDS59011.1|Hs110|chr6,2232
CCDS59012.1|Hs110|chr6,2391
CCDS59013.1|Hs110|chr6,960
CCDS59014.1|Hs110|chr6,465
CCDS59015.1|Hs110|chr6,1323
CCDS59016.1|Hs110|chr6,1398
CCDS59017.1|Hs110|chr6,1413
CCDS59018.2|Hs110|chr6,1497
CCDS59019.1|Hs110|chr6,771
CCDS59020.1|Hs110|chr6,525
CCDS59021.1|Hs110|chr6,3237
CCDS59022.1|Hs110|chr6,618
CCDS59023.1|Hs110|chr6,732
CCDS59024.2|Hs110|chr6,591
CCDS59026.1|Hs110|chr6,1680
CCDS59027.1|Hs110|chr6,714
CCDS59028.1|Hs110|chr6,1179
CCDS59029.1|Hs110|chr6,1389
CCDS59031.1|Hs110|chr6,513
CCDS59032.1|Hs110|chr6,516
CCDS59033.1|Hs110|chr6,258
CCDS59034.1|Hs110|chr6,894
CCDS59035.1|Hs110|chr6,504
CCDS59036.1|Hs110|chr6,324
CCDS59037.1|Hs110|chr6,2244
CCDS59038.1|Hs110|chr6,993
CCDS59039.1|Hs110|chr6,4095
CCDS59040.1|Hs110|chr6,2073
CCDS59041.2|Hs110|chr6,687
CCDS59042.1|Hs110|chr6,630
CCDS59043.1|Hs110|chr6,639
CCDS59044.1|Hs110|chr6,684
CCDS59045.1|Hs110|chr6,1134
CCDS59046.1|Hs110|chr7,2487
CCDS59047.1|Hs110|chr7,582
CCDS59048.1|Hs110|chr7,1980
CCDS59049.1|Hs110|chr7,2991
CCDS59051.1|Hs110|chr7,273
CCDS59052.1|Hs110|chr7,492
CCDS59053.1|Hs110|chr7,1524
CCDS59054.1|Hs110|chr7,462
CCDS59055.1|Hs110|chr7,1434
CCDS59057.1|Hs110|chr7,1260
CCDS59058.1|Hs110|chr7,294
CCDS59059.1|Hs110|chr7,3000
CCDS59060.1|Hs110|chr7,2961
CCDS59061.1|Hs110|chr7,909
CCDS59062.1|Hs110|chr7,264
CCDS59063.1|Hs110|chr7,543
CCDS59064.1|Hs110|chr7,1260
CCDS59065.1|Hs110|chr7,2805
CCDS59066.1|Hs110|chr7,11580
CCDS59067.1|Hs110|chr7,1575
CCDS59068.1|Hs110|chr7,1896
CCDS59069.1|Hs110|chr7,1617
CCDS59071.1|Hs110|chr7,1920
CCDS59075.1|Hs110|chr7,2049
CCDS59076.1|Hs110|chr7,843
CCDS59077.1|Hs110|chr7,198
CCDS59078.1|Hs110|chr7,858
CCDS59079.1|Hs110|chr7,906
CCDS59080.1|Hs110|chr7,165
CCDS59081.1|Hs110|chr7,879
CCDS59082.1|Hs110|chr7,309
CCDS59083.1|Hs110|chr7,747
CCDS59085.1|Hs110|chr7,1170
CCDS59086.1|Hs110|chr7,885
CCDS59087.1|Hs110|chr7,189
CCDS59088.1|Hs110|chr7,1569
CCDS59090.1|Hs110|chr8,597
CCDS59092.1|Hs110|chr8,993
CCDS59093.1|Hs110|chr8,1566
CCDS59094.1|Hs110|chr8,1509
CCDS59095.1|Hs110|chr8,480
CCDS59096.1|Hs110|chr8,1611
CCDS59097.1|Hs110|chr8,1509
CCDS59098.1|Hs110|chr8,1470
CCDS59099.1|Hs110|chr8,843
CCDS59100.1|Hs110|chr8,1506
CCDS59101.1|Hs110|chr8,255
CCDS59102.1|Hs110|chr8,255
CCDS59103.1|Hs110|chr8,504
CCDS59105.1|Hs110|chr8,354
CCDS59106.1|Hs110|chr8,900
CCDS59107.1|Hs110|chr8,423
CCDS59108.1|Hs110|chr8,1560
CCDS59109.1|Hs110|chr8,699
CCDS59110.1|Hs110|chr8,690
CCDS59111.1|Hs110|chr8,852
CCDS59113.1|Hs110|chr8,987
CCDS59114.1|Hs110|chr8,318
CCDS59115.1|Hs110|chr8,1512
CCDS59117.1|Hs110|chr8,708
CCDS59118.1|Hs110|chr9,531
CCDS59119.1|Hs110|chr9,6027
CCDS59120.1|Hs110|chr9,6114
CCDS59121.1|Hs110|chr9,495
CCDS59122.1|Hs110|chr9,813
CCDS59123.1|Hs110|chr9,1833
CCDS59124.1|Hs110|chr9,1812
CCDS59125.1|Hs110|chr9,1743
CCDS59126.1|Hs110|chr9,1860
CCDS59127.1|Hs110|chr9,1743
CCDS59128.1|Hs110|chr9,1563
CCDS59131.1|Hs110|chr9,642
CCDS59132.1|Hs110|chr9,1089
CCDS59133.1|Hs110|chr9,1671
CCDS59134.1|Hs110|chr9,426
CCDS59135.1|Hs110|chr9,3300
CCDS59136.1|Hs110|chr9,2565
CCDS59137.1|Hs110|chr9,1407
CCDS59138.1|Hs110|chr9,1014
CCDS59139.1|Hs110|chr9,258
CCDS59140.1|Hs110|chr9,1374
CCDS59141.1|Hs110|chr9,1677
CCDS59142.1|Hs110|chr9,1566
CCDS59143.1|Hs110|chr9,1386
CCDS59144.1|Hs110|chr9,531
CCDS59145.1|Hs110|chr9,2379
CCDS59146.1|Hs110|chr9,1506
CCDS59147.1|Hs110|chr9,2394
CCDS59148.1|Hs110|chr9,192
CCDS59149.1|Hs110|chr9,807
CCDS59150.1|Hs110|chr9,801
CCDS59151.1|Hs110|chr9,807
CCDS59152.1|Hs110|chr9,849
CCDS59153.1|Hs110|chr9,828
CCDS59155.1|Hs110|chr9,420
CCDS59156.1|Hs110|chr9,1161
CCDS59157.1|Hs110|chr9,1284
CCDS59158.1|Hs110|chrX,903
CCDS59158.1|Hs110|chrY,903
CCDS59159.1|Hs110|chrX,2001
CCDS59161.1|Hs110|chrX,942
CCDS59162.1|Hs110|chrX,1896
CCDS59163.1|Hs110|chrX,1185
CCDS59164.1|Hs110|chrX,561
CCDS59165.1|Hs110|chrX,288
CCDS59166.1|Hs110|chrX,5739
CCDS59167.1|Hs110|chrX,5901
CCDS59168.1|Hs110|chrX,717
CCDS59169.1|Hs110|chrX,477
CCDS59170.1|Hs110|chrX,6873
CCDS59172.1|Hs110|chrX,138
CCDS59173.1|Hs110|chrX,2865
CCDS59174.1|Hs110|chrX,747
CCDS59175.1|Hs110|chrX,2247
CCDS59177.1|Hs110|chrX,1251
CCDS59179.1|Hs110|chrX,663
CCDS59180.1|Hs110|chrX,1029
CCDS59180.1|Hs110|chrY,1029
CCDS59184.1|Hs110|chrY,4179
CCDS59185.1|Hs110|chrY,3636
CCDS59190.1,2916
CCDS59191.1,2979
CCDS59192.1,1548
CCDS59193.1,429
CCDS59194.1,405
CCDS59195.1,579
CCDS59196.1,576
CCDS59197.1,2229
CCDS59198.1,2910
CCDS59199.1,495
CCDS59201.1,1128
CCDS59202.1,621
CCDS59203.2,1206
CCDS59204.1,26772
CCDS59205.1,1989
CCDS59206.1,1071
CCDS59207.1,606
CCDS59208.10,3114
CCDS59209.10,792
CCDS59210.10,669
CCDS59214.10,2385
CCDS59215.10,2451
CCDS59216.10,2526
CCDS59217.10,645
CCDS59218.10,993
CCDS59219.10,909
CCDS59220.10,1344
CCDS59221.10,933
CCDS59223.11,975
CCDS59224.11,1176
CCDS59225.21,8742
CCDS59226.11,264
CCDS59227.11,441
CCDS59229.11,1020
CCDS59230.11,780
CCDS59231.11,1161
CCDS59233.12,1251
CCDS59236.12,3744
CCDS59238.12,1635
CCDS59239.12,582
CCDS59240.12,408
CCDS59241.13,675
CCDS59242.13,378
CCDS59243.14,483
CCDS59245.14,2124
CCDS59246.14,849
CCDS59248.15,1635
CCDS59250.15,1635
CCDS59251.15,762
CCDS59252.15,1899
CCDS59254.16,657
CCDS59256.16,1665
CCDS59257.16,579
CCDS59258.16,252
CCDS59259.16,267
CCDS59262.16,1053
CCDS59263.16,1053
CCDS59264.16,1053
CCDS59266.16,3336
CCDS59268.16,339
CCDS59269.16,15366
CCDS59270.16,447
CCDS59271.16,1140
CCDS59272.16,1101
CCDS59273.16,1008
CCDS59274.16,657
CCDS59276.17,993
CCDS59277.17,1683
CCDS59278.17,1710
CCDS59279.17,1770
CCDS59280.17,432
CCDS59281.17,687
CCDS59282.17,363
CCDS59283.17,954
CCDS59284.17,3708
CCDS59285.17,3540
CCDS59286.17,483
CCDS59287.17,510
CCDS59288.17,2169
CCDS59289.17,465
CCDS59290.17,798
CCDS59291.17,531
CCDS59292.17,624
CCDS59293.17,1941
CCDS59294.17,1203
CCDS59295.17,2889
CCDS59296.17,1317
CCDS59297.17,1197
CCDS59298.17,372
CCDS59299.17,2379
CCDS59301.17,891
CCDS59302.17,177
CCDS59303.17,246
CCDS59306.18,1233
CCDS59307.18,5007
CCDS59308.18,1611
CCDS59309.18,1542
CCDS59310.18,1533
CCDS59311.18,2052
CCDS59312.18,2175
CCDS59313.18,963
CCDS59314.18,579
CCDS59315.18,1596
CCDS59317.18,1278
CCDS59318.18,1704
CCDS59319.18,1608
CCDS59320.18,1968
CCDS59321.18,1995
CCDS59322.18,519
CCDS59323.18,2844
CCDS59324.18,900
CCDS59325.18,1473
CCDS59326.18,2151
CCDS59327.18,2439
CCDS59328.19,1011
CCDS59329.19,1884
CCDS59330.19,1527
CCDS59331.19,1320
CCDS59332.19,2787
CCDS59334.19,837
CCDS59335.19,915
CCDS59336.19,2013
CCDS59337.19,1269
CCDS59338.19,1302
CCDS59339.19,2754
CCDS59340.19,2751
CCDS59341.19,2472
CCDS59342.19,2442
CCDS59343.19,4098
CCDS59344.19,807
CCDS59345.19,732
CCDS59348.19,891
CCDS59349.19,255
CCDS59351.19,2610
CCDS59352.19,1284
CCDS59353.19,891
CCDS59354.19,984
CCDS59356.19,618
CCDS59357.19,927
CCDS59358.19,1089
CCDS59359.19,1302
CCDS59360.19,1077
CCDS59361.19,2298
CCDS59362.19,1563
CCDS59363.19,1806
CCDS59364.19,1416
CCDS59365.19,2676
CCDS59366.19,2520
CCDS59367.19,2412
CCDS59368.19,3759
CCDS59369.19,2595
CCDS59370.19,1869
CCDS59371.19,1512
CCDS59372.19,1851
CCDS59373.19,324
CCDS59375.19,1293
CCDS59376.29,1746
CCDS59377.19,258
CCDS59378.19,306
CCDS59379.19,3273
CCDS59380.19,1542
CCDS59381.19,1998
CCDS59382.19,1980
CCDS59383.19,1920
CCDS59384.19,1815
CCDS59385.19,2502
CCDS59386.19,1701
CCDS59387.19,1458
CCDS59389.19,477
CCDS59390.19,558
CCDS59391.19,966
CCDS59392.19,1254
CCDS59393.19,750
CCDS59394.19,1659
CCDS59395.19,384
CCDS59396.19,342
CCDS59397.19,480
CCDS59399.19,2553
CCDS59400.19,1908
CCDS59401.19,2166
CCDS59402.19,264
CCDS59403.19,1656
CCDS59404.19,1788
CCDS59405.19,1857
CCDS59406.19,1356
CCDS59407.19,465
CCDS59408.19,846
CCDS59409.19,1359
CCDS59410.19,831
CCDS59411.19,5988
CCDS59412.19,534
CCDS59413.19,441
CCDS59414.19,546
CCDS59415.19,522
CCDS59416.19,1434
CCDS59417.19,1029
CCDS59418.19,2229
CCDS59419.19,1434
CCDS59420.19,1608
CCDS59421.19,789
CCDS59422.19,1626
CCDS59423.19,363
CCDS59424.19,2856
CCDS59425.19,864
CCDS59426.19,981
CCDS59427.19,873
CCDS59428.1|Hs110|chr2,1617
CCDS59429.1|Hs110|chr2,1473
CCDS59430.1|Hs110|chr2,2898
CCDS59431.1|Hs110|chr2,3228
CCDS59432.1|Hs110|chr2,3117
CCDS59435.1|Hs110|chr2,107976
CCDS59436.1|Hs110|chr2,1101
CCDS59438.1|Hs110|chr2,825
CCDS59439.1|Hs110|chr2,693
CCDS59440.1|Hs110|chr2,810
CCDS59441.1|Hs110|chr2,2346
CCDS59442.1|Hs110|chr20,1212
CCDS59443.1|Hs110|chr20,1728
CCDS59444.1|Hs110|chr21,1128
CCDS59445.1|Hs110|chr21,768
CCDS59447.1|Hs110|chr22,516
CCDS59448.1|Hs110|chr22,972
CCDS59449.1|Hs110|chr3,2097
CCDS59451.1|Hs110|chr3,915
CCDS59454.1|Hs110|chr4,1593
CCDS59455.1|Hs110|chr4,1593
CCDS59456.1|Hs110|chr4,1593
CCDS59457.1|Hs110|chr4,1593
CCDS59458.1|Hs110|chr4,1593
CCDS59459.1|Hs110|chr4,1593
CCDS59460.1|Hs110|chr4,1593
CCDS59461.1|Hs110|chr4,1593
CCDS59462.1|Hs110|chr4,1593
CCDS59463.1|Hs110|chr4,1593
CCDS59464.1|Hs110|chr4,1593
CCDS59465.1|Hs110|chr4,1593
CCDS59466.1|Hs110|chr4,1593
CCDS59467.1|Hs110|chr4,1593
CCDS59468.1|Hs110|chr4,1593
CCDS59469.1|Hs110|chr4,1593
CCDS59470.1|Hs110|chr4,1593
CCDS59471.1|Hs110|chr4,1593
CCDS59472.1|Hs110|chr4,621
CCDS59473.1|Hs110|chr4,729
CCDS59474.1|Hs110|chr4,372
CCDS59475.1|Hs110|chr4,312
CCDS59476.1|Hs110|chr4,285
CCDS59477.1|Hs110|chr4,339
CCDS59478.1|Hs110|chr4,465
CCDS59479.1|Hs110|chr4,312
CCDS59482.1|Hs110|chr4,3603
CCDS59486.1|Hs110|chr5,936
CCDS59487.1|Hs110|chr5,2589
CCDS59488.1|Hs110|chr5,2418
CCDS59489.1|Hs110|chr5,987
CCDS59490.1|Hs110|chr5,459
CCDS59491.1|Hs110|chr5,1275
CCDS59492.1|Hs110|chr5,1047
CCDS59493.1|Hs110|chr5,936
CCDS59495.1|Hs110|chr5,2400
CCDS59497.1|Hs110|chr6,3108
CCDS59498.1|Hs110|chr6,612
CCDS59499.1|Hs110|chr6,678
CCDS59506.1|Hs110|chr7,2274
CCDS59507.1|Hs110|chr7,1209
CCDS59508.1|Hs110|chr7,2163
CCDS59510.1|Hs110|chr7,1176
CCDS59512.1|Hs110|chr8,891
CCDS59514.1|Hs110|chr8,1500
CCDS59515.1|Hs110|chr8,1542
CCDS59516.1|Hs110|chr8,1593
CCDS59520.1|Hs110|chr9,1614
CCDS59521.1|Hs110|chr9,1473
CCDS59522.1|Hs110|chr9,7020
CCDS59523.1|Hs110|chr9,6714
CCDS59524.1|Hs110|chrX,1011
CCDS59525.1|Hs110|chrX,336
CCDS59527.1|Hs110|chrX,930
CCDS59528.1|Hs110|chrX,3105
CCDS59529.1|Hs110|chrX,2889
CCDS59533.1|Hs110|chrY,927
CCDS59950.1,1026
CCDS59951.1,1353
CCDS59952.1,1302
CCDS59959.1,4251
CCDS59965.1,1212
CCDS59989.1,1452
CCDS59995.1,801
CCDS60000.1,456
CCDS60020.1,1608
CCDS60027.1,1296
CCDS60028.1,1482
CCDS60029.1,1392
CCDS60030.1,1191
CCDS60031.1,1137
CCDS60034.1,1314
CCDS60038.1,2136
CCDS60044.1,2034
CCDS60050.1,1563
CCDS60051.1,1584
CCDS60052.1,1611
CCDS60061.1,702
CCDS60062.1,732
CCDS60066.1,3612
CCDS60067.1,1215
CCDS60080.1,1023
CCDS60082.1,10896
CCDS60089.1,1323
CCDS60108.1,540
CCDS60145.1,351
CCDS60146.1,489
CCDS60147.1,501
CCDS60155.1,759
CCDS60156.1,6390
CCDS60157.1,1899
CCDS60163.1,246
CCDS60192.1,1644
CCDS60204.1,1104
CCDS60205.1,663
CCDS60214.1,1101
CCDS60215.1,1293
CCDS60219.1,1407
CCDS60244.1,1617
CCDS60245.1,498
CCDS60251.1,1911
CCDS60252.1,1767
CCDS60266.1,1545
CCDS60274.1,477
CCDS60275.1,747
CCDS60282.1,1902
CCDS60285.1,1656
CCDS60296.1,6726
CCDS60301.1,1026
CCDS60304.1,1545
CCDS60312.1,1242
CCDS60314.1,663
CCDS60321.1,891
CCDS60322.1,615
CCDS60323.1,498
CCDS60324.1,687
CCDS60325.1,567
CCDS60330.1,351
CCDS60351.1,1410
CCDS60356.1,1668
CCDS60383.1,1410
CCDS60384.1,2580
CCDS60390.1,768
CCDS60396.1,423
CCDS60402.1,915
CCDS60429.1,414
CCDS60430.1,279
CCDS60432.1,723
CCDS60453.1,981
CCDS60455.1,2685
CCDS60457.1,1275
CCDS60458.1,1410
CCDS60459.1,1434
CCDS60465.1,348
CCDS60470.1,348
CCDS60479.10,1605
CCDS60482.10,1746
CCDS60484.10,438
CCDS60486.10,396
CCDS60493.10,2073
CCDS60494.10,1674
CCDS60497.10,1443
CCDS60498.10,1101
CCDS60499.10,2067
CCDS60500.10,2598
CCDS60501.10,4050
CCDS60502.10,4125
CCDS60504.10,2799
CCDS60505.10,2601
CCDS60506.10,573
CCDS60511.10,2442
CCDS60513.10,951
CCDS60514.10,2454
CCDS60517.10,1470
CCDS60518.10,312
CCDS60519.10,1722
CCDS60520.10,1962
CCDS60524.10,1896
CCDS60527.10,927
CCDS60529.10,3186
CCDS60537.10,834
CCDS60538.10,7077
CCDS60541.10,2940
CCDS60542.10,333
CCDS60544.10,1140
CCDS60547.10,3408
CCDS60551.10,708
CCDS60552.10,792
CCDS60553.10,681
CCDS60558.10,1431
CCDS60560.10,5514
CCDS60569.10,3711
CCDS60571.10,507
CCDS60572.10,387
CCDS60574.10,2637
CCDS60576.10,1419
CCDS60581.10,1683
CCDS60582.10,3144
CCDS60583.10,786
CCDS60590.10,5463
CCDS60591.10,2343
CCDS60602.10,393
CCDS60605.10,3594
CCDS60680.11,2676
CCDS60696.11,1845
CCDS60706.11,1623
CCDS60712.11,1176
CCDS60713.11,957
CCDS60720.11,1914
CCDS60721.11,1824
CCDS60725.11,4068
CCDS60726.11,3312
CCDS60727.11,2805
CCDS60735.11,1563
CCDS60736.11,1473
CCDS60746.11,1626
CCDS60759.11,2043
CCDS60760.11,1830
CCDS60762.11,444
CCDS60784.11,1515
CCDS60801.11,282
CCDS60802.11,600
CCDS60807.11,1269
CCDS60808.11,1242
CCDS60809.11,1071
CCDS60817.11,2544
CCDS60818.11,2559
CCDS60827.11,1773
CCDS60828.11,1560
CCDS60830.11,1269
CCDS60835.11,1560
CCDS60836.11,1338
CCDS60845.11,351
CCDS60846.11,1176
CCDS60850.11,795
CCDS60880.11,378
CCDS60891.11,1203
CCDS60893.11,1290
CCDS60895.11,1149
CCDS60908.11,678
CCDS60929.11,1353
CCDS60930.11,1359
CCDS60938.11,1062
CCDS60944.11,1479
CCDS60945.11,1365
CCDS60957.11,657
CCDS60958.11,432
CCDS60959.11,258
CCDS60960.11,363
CCDS60974.11,3786
CCDS60976.11,1647
CCDS60998.11,1842
CCDS61010.11,4314
CCDS61027.12,2211
CCDS61084.12,1257
CCDS61089.12,723
CCDS61095.12,2250
CCDS61096.12,2217
CCDS61098.12,2178
CCDS61104.12,1167
CCDS61106.12,1512
CCDS61109.12,555
CCDS61117.12,381
CCDS61118.12,816
CCDS61120.12,1005
CCDS61124.12,759
CCDS61137.12,483
CCDS61138.12,465
CCDS61139.12,558
CCDS61146.12,918
CCDS61158.12,384
CCDS61159.12,393
CCDS61160.12,420
CCDS61170.12,1437
CCDS61171.12,987
CCDS61175.12,5067
CCDS61177.12,5028
CCDS61178.12,5136
CCDS61182.12,1869
CCDS61187.12,858
CCDS61189.12,966
CCDS61192.12,1689
CCDS61193.12,1197
CCDS61194.12,2652
CCDS61195.12,2508
CCDS61236.12,1584
CCDS61250.22,2853
CCDS61251.12,585
CCDS61252.12,1266
CCDS61273.12,681
CCDS61275.12,804
CCDS61286.12,1113
CCDS61307.13,2214
CCDS61309.13,678
CCDS61311.13,2436
CCDS61320.13,258
CCDS61325.13,1764
CCDS61334.13,405
CCDS61361.13,1206
CCDS61362.13,1062
CCDS61384.14,1083
CCDS61386.14,1104
CCDS61394.14,1731
CCDS61395.14,1401
CCDS61396.14,1782
CCDS61399.14,1077
CCDS61400.14,1497
CCDS61401.14,903
CCDS61403.14,840
CCDS61404.14,1179
CCDS61408.14,567
CCDS61409.14,579
CCDS61410.14,735
CCDS61411.14,600
CCDS61412.14,477
CCDS61413.14,1839
CCDS61415.14,702
CCDS61419.14,963
CCDS61437.14,684
CCDS61438.14,504
CCDS61439.14,6150
CCDS61440.14,6252
CCDS61454.14,891
CCDS61458.14,888
CCDS61459.14,1011
CCDS61462.14,978
CCDS61463.14,960
CCDS61467.14,1176
CCDS61468.14,1389
CCDS61469.14,1320
CCDS61470.14,1425
CCDS61480.14,2583
CCDS61481.14,2826
CCDS61483.14,546
CCDS61484.14,762
CCDS61485.14,2514
CCDS61488.14,3315
CCDS61490.14,5352
CCDS61491.14,5349
CCDS61495.14,1104
CCDS61496.14,1239
CCDS61497.14,1137
CCDS61498.14,2292
CCDS61501.14,1569
CCDS61504.14,183
CCDS61515.14,1914
CCDS61522.14,348
CCDS61523.14,420
CCDS61524.14,357
CCDS61525.14,429
CCDS61532.14,1785
CCDS61542.14,861
CCDS61552.14,1170
CCDS61567.14,1116
CCDS61572.15,1899
CCDS61574.15,1899
CCDS61575.15,1896
CCDS61576.15,1899
CCDS61577.15,1893
CCDS61578.15,1899
CCDS61581.15,4260
CCDS61582.15,1989
CCDS61584.15,3453
CCDS61585.15,3483
CCDS61588.15,1413
CCDS61589.15,1545
CCDS61590.15,1911
CCDS61591.15,3513
CCDS61592.15,3546
CCDS61599.15,11025
CCDS61602.15,3207
CCDS61603.15,3336
CCDS61612.15,615
CCDS61613.15,630
CCDS61619.15,897
CCDS61620.15,1317
CCDS61621.15,1032
CCDS61632.15,3039
CCDS61641.15,1665
CCDS61643.15,3912
CCDS61644.15,3960
CCDS61657.15,1152
CCDS61678.15,1185
CCDS61679.15,621
CCDS61680.15,1866
CCDS61681.15,2055
CCDS61689.15,2289
CCDS61691.15,2304
CCDS61692.15,2295
CCDS61694.15,2031
CCDS61719.15,1008
CCDS61722.15,435
CCDS61723.15,417
CCDS61736.15,3153
CCDS61737.15,3306
CCDS61738.15,2115
CCDS61742.15,462
CCDS61743.15,558
CCDS61744.15,495
CCDS61751.15,651
CCDS61779.16,1122
CCDS61787.16,690
CCDS61789.16,399
CCDS61813.16,1161
CCDS61814.16,1932
CCDS61824.16,1956
CCDS61839.16,930
CCDS61864.16,1110
CCDS61865.16,1110
CCDS61876.16,2022
CCDS61892.16,1278
CCDS61902.16,1365
CCDS61903.16,519
CCDS61916.16,888
CCDS61917.16,1008
CCDS61930.16,3675
CCDS61931.16,378
CCDS61955.16,507
CCDS61960.16,813
CCDS61970.16,1377
CCDS61999.16,921
CCDS62004.16,2409
CCDS62007.16,3435
CCDS62012.16,423
CCDS62038.17,2721
CCDS62044.17,417
CCDS62095.17,1233
CCDS62112.17,1038
CCDS62156.17,447
CCDS62164.17,618
CCDS62182.17,858
CCDS62183.17,1026
CCDS62198.17,663
CCDS62206.17,1242
CCDS62207.17,1626
CCDS62208.17,1710
CCDS62209.17,1731
CCDS62210.17,1794
CCDS62228.17,2196
CCDS62232.17,1596
CCDS62244.17,468
CCDS62263.17,462
CCDS62271.17,1356
CCDS62272.17,1509
CCDS62273.17,1419
CCDS62283.17,2319
CCDS62290.17,2877
CCDS62302.17,849
CCDS62307.17,1014
CCDS62330.17,2622
CCDS62351.17,1218
CCDS62352.17,837
CCDS62353.17,1179
CCDS62364.17,1074
CCDS62365.17,867
CCDS62366.17,1041
CCDS62381.18,2598
CCDS62382.18,2652
CCDS62390.18,1755
CCDS62392.18,690
CCDS62418.18,4869
CCDS62419.18,4269
CCDS62421.18,774
CCDS62422.18,798
CCDS62423.18,684
CCDS62424.18,915
CCDS62431.18,462
CCDS62441.18,891
CCDS62460.18,579
CCDS62467.18,2832
CCDS62468.18,2142
CCDS62469.18,2103
CCDS62470.18,2112
CCDS62471.18,1416
CCDS62481.19,780
CCDS62498.19,1014
CCDS62499.19,1380
CCDS62500.19,1383
CCDS62507.19,2292
CCDS62508.19,2688
CCDS62521.19,363
CCDS62522.19,1815
CCDS62529.19,1773
CCDS62531.19,1809
CCDS62532.19,339
CCDS62549.19,735
CCDS62550.19,660
CCDS62569.19,741
CCDS62570.19,663
CCDS62571.19,603
CCDS62578.19,939
CCDS62601.19,378
CCDS62603.19,1293
CCDS62611.19,717
CCDS62622.19,276
CCDS62623.19,1725
CCDS62634.19,2028
CCDS62640.19,822
CCDS62642.19,741
CCDS62677.19,1881
CCDS62685.19,639
CCDS62693.19,8538
CCDS62695.19,981
CCDS62700.19,1314
CCDS62706.19,2460
CCDS62707.19,1998
CCDS62708.19,2004
CCDS62710.19,1839
CCDS62753.19,462
CCDS62766.19,768
CCDS62771.19,438
CCDS62781.19,384
CCDS62784.19,3015
CCDS62785.19,3189
CCDS62789.19,816
CCDS62791.19,1449
CCDS62792.19,1533
CCDS62802.19,870
CCDS62803.19,1905
CCDS62841.1|Hs110|chr2,684
CCDS62842.1|Hs110|chr2,741
CCDS62852.1|Hs110|chr2,1314
CCDS62853.1|Hs110|chr2,1338
CCDS62854.1|Hs110|chr2,1479
CCDS62855.1|Hs110|chr2,1467
CCDS62856.1|Hs110|chr2,567
CCDS62857.1|Hs110|chr2,363
CCDS62858.1|Hs110|chr2,621
CCDS62859.1|Hs110|chr2,750
CCDS62864.1|Hs110|chr2,588
CCDS62865.1|Hs110|chr2,834
CCDS62871.1|Hs110|chr2,1380
CCDS62872.1|Hs110|chr2,1359
CCDS62877.1|Hs110|chr2,690
CCDS62885.1|Hs110|chr2,1239
CCDS62886.1|Hs110|chr2,840
CCDS62900.1|Hs110|chr2,1614
CCDS62901.1|Hs110|chr2,2685
CCDS62902.1|Hs110|chr2,2814
CCDS62903.1|Hs110|chr2,1059
CCDS62906.1|Hs110|chr2,3693
CCDS62911.1|Hs110|chr2,1104
CCDS62913.1|Hs110|chr2,2454
CCDS62934.1|Hs110|chr2,1314
CCDS62938.1|Hs110|chr2,597
CCDS62941.1|Hs110|chr2,1581
CCDS62942.1|Hs110|chr2,1848
CCDS62943.1|Hs110|chr2,648
CCDS62944.1|Hs110|chr2,2862
CCDS62945.1|Hs110|chr2,1755
CCDS62946.1|Hs110|chr2,1518
CCDS62957.1|Hs110|chr2,1164
CCDS62960.1|Hs110|chr2,1818
CCDS62984.1|Hs110|chr2,3198
CCDS62985.1|Hs110|chr2,3087
CCDS62988.1|Hs110|chr2,3522
CCDS62989.1|Hs110|chr2,2859
CCDS62990.1|Hs110|chr2,2775
CCDS62992.1|Hs110|chr2,405
CCDS63000.1|Hs110|chr2,1104
CCDS63020.1|Hs110|chr2,3648
CCDS63021.1|Hs110|chr2,1383
CCDS63022.1|Hs110|chr2,1389
CCDS63024.1|Hs110|chr2,3135
CCDS63025.1|Hs110|chr2,3303
CCDS63026.1|Hs110|chr2,2916
CCDS63029.1|Hs110|chr2,1131
CCDS63030.1|Hs110|chr2,1218
CCDS63038.1|Hs110|chr2,1908
CCDS63039.1|Hs110|chr2,2001
CCDS63040.1|Hs110|chr2,2046
CCDS63045.1|Hs110|chr2,3387
CCDS63046.1|Hs110|chr2,3702
CCDS63051.1|Hs110|chr2,2415
CCDS63054.1|Hs110|chr2,1893
CCDS63056.1|Hs110|chr2,1839
CCDS63057.1|Hs110|chr2,1836
CCDS63059.1|Hs110|chr2,1371
CCDS63060.1|Hs110|chr2,2577
CCDS63061.1|Hs110|chr2,2523
CCDS63081.1|Hs110|chr2,525
CCDS63091.1|Hs110|chr2,1950
CCDS63093.1|Hs110|chr2,1542
CCDS63094.1|Hs110|chr2,1524
CCDS63102.1|Hs110|chr2,1554
CCDS63107.1|Hs110|chr2,600
CCDS63108.1|Hs110|chr2,483
CCDS63122.1|Hs110|chr2,996
CCDS63123.1|Hs110|chr2,777
CCDS63125.1|Hs110|chr2,2193
CCDS63126.1|Hs110|chr2,2355
CCDS63129.1|Hs110|chr2,1551
CCDS63131.1|Hs110|chr2,1302
CCDS63134.1|Hs110|chr2,4632
CCDS63139.1|Hs110|chr2,732
CCDS63140.1|Hs110|chr2,876
CCDS63141.1|Hs110|chr2,717
CCDS63142.1|Hs110|chr2,657
CCDS63145.1|Hs110|chr2,5169
CCDS63146.1|Hs110|chr2,6123
CCDS63149.1|Hs110|chr2,2262
CCDS63150.1|Hs110|chr2,2523
CCDS63151.1|Hs110|chr2,2424
CCDS63152.1|Hs110|chr2,693
CCDS63153.1|Hs110|chr2,822
CCDS63154.1|Hs110|chr2,474
CCDS63158.1|Hs110|chr2,711
CCDS63159.1|Hs110|chr2,705
CCDS63166.1|Hs110|chr2,1992
CCDS63167.1|Hs110|chr2,2085
CCDS63169.1|Hs110|chr2,606
CCDS63172.1|Hs110|chr2,1374
CCDS63173.1|Hs110|chr2,1443
CCDS63175.1|Hs110|chr2,486
CCDS63176.1|Hs110|chr2,495
CCDS63177.1|Hs110|chr2,462
CCDS63180.1|Hs110|chr2,339
CCDS63183.1|Hs110|chr2,174
CCDS63184.1|Hs110|chr2,2163
CCDS63185.1|Hs110|chr2,3093
CCDS63187.1|Hs110|chr2,897
CCDS63190.1|Hs110|chr2,666
CCDS63192.1|Hs110|chr2,843
CCDS63193.1|Hs110|chr2,714
CCDS63194.1|Hs110|chr2,954
CCDS63195.1|Hs110|chr2,1116
CCDS63197.1|Hs110|chr2,1944
CCDS63198.1|Hs110|chr2,1917
CCDS63199.1|Hs110|chr2,999
CCDS63200.1|Hs110|chr2,1050
CCDS63218.1|Hs110|chr20,1884
CCDS63219.1|Hs110|chr20,2439
CCDS63225.1|Hs110|chr20,984
CCDS63226.1|Hs110|chr20,2382
CCDS63227.1|Hs110|chr20,2643
CCDS63229.1|Hs110|chr20,1581
CCDS63233.1|Hs110|chr20,1974
CCDS63234.1|Hs110|chr20,1965
CCDS63238.1|Hs110|chr20,2064
CCDS63239.1|Hs110|chr20,2511
CCDS63241.1|Hs110|chr20,615
CCDS63242.1|Hs110|chr20,780
CCDS63255.1|Hs110|chr20,1533
CCDS63269.1|Hs110|chr20,1611
CCDS63272.1|Hs110|chr20,4476
CCDS63276.1|Hs110|chr20,2031
CCDS63283.1|Hs110|chr20,1551
CCDS63284.1|Hs110|chr20,1416
CCDS63292.1|Hs110|chr20,1185
CCDS63300.1|Hs110|chr20,3645
CCDS63301.1|Hs110|chr20,3507
CCDS63303.1|Hs110|chr20,3405
CCDS63304.1|Hs110|chr20,3165
CCDS63305.1|Hs110|chr20,3411
CCDS63306.1|Hs110|chr20,3705
CCDS63309.1|Hs110|chr20,1089
CCDS63316.1|Hs110|chr20,1011
CCDS63317.1|Hs110|chr20,693
CCDS63323.1|Hs110|chr20,1113
CCDS63326.1|Hs110|chr20,1212
CCDS63327.1|Hs110|chr20,1086
CCDS63328.1|Hs110|chr20,882
CCDS63330.1|Hs110|chr20,510
CCDS63331.1|Hs110|chr20,3903
CCDS63336.1|Hs110|chr21,3378
CCDS63337.1|Hs110|chr21,3264
CCDS63357.1|Hs110|chr21,756
CCDS63370.2|Hs110|chr21,3486
CCDS63377.1|Hs110|chr21,558
CCDS63379.1|Hs110|chr21,930
CCDS63395.1|Hs110|chr22,1410
CCDS63402.1|Hs110|chr22,1017
CCDS63404.1|Hs110|chr22,645
CCDS63405.1|Hs110|chr22,954
CCDS63406.1|Hs110|chr22,597
CCDS63407.1|Hs110|chr22,537
CCDS63408.1|Hs110|chr22,603
CCDS63426.1|Hs110|chr22,720
CCDS63427.1|Hs110|chr22,888
CCDS63432.1|Hs110|chr22,822
CCDS63433.1|Hs110|chr22,819
CCDS63435.1|Hs110|chr22,615
CCDS63436.1|Hs110|chr22,786
CCDS63438.1|Hs110|chr22,1365
CCDS63446.1|Hs110|chr22,2253
CCDS63448.1|Hs110|chr22,2748
CCDS63449.1|Hs110|chr22,1980
CCDS63450.1|Hs110|chr22,1650
CCDS63451.1|Hs110|chr22,1383
CCDS63453.1|Hs110|chr22,3021
CCDS63454.1|Hs110|chr22,2820
CCDS63455.1|Hs110|chr22,1920
CCDS63477.1|Hs110|chr22,858
CCDS63498.1|Hs110|chr22,753
CCDS63504.1|Hs110|chr22,984
CCDS63510.1|Hs110|chr22,1131
CCDS63511.1|Hs110|chr22,1320
CCDS63512.1|Hs110|chr22,1413
CCDS63515.1|Hs110|chr22,966
CCDS63516.1|Hs110|chr22,978
CCDS63528.1|Hs110|chr3,1098
CCDS63532.1|Hs110|chr3,744
CCDS63533.1|Hs110|chr3,762
CCDS63534.1|Hs110|chr3,879
CCDS63540.1|Hs110|chr3,1107
CCDS63545.1|Hs110|chr3,1122
CCDS63565.1|Hs110|chr3,1572
CCDS63584.1|Hs110|chr3,1233
CCDS63585.1|Hs110|chr3,2118
CCDS63592.1|Hs110|chr3,1512
CCDS63596.1|Hs110|chr3,858
CCDS63597.1|Hs110|chr3,1038
CCDS63598.1|Hs110|chr3,621
CCDS63608.1|Hs110|chr3,849
CCDS63609.1|Hs110|chr3,771
CCDS63612.1|Hs110|chr3,540
CCDS63621.1|Hs110|chr3,414
CCDS63622.1|Hs110|chr3,630
CCDS63623.1|Hs110|chr3,702
CCDS63627.1|Hs110|chr3,1956
CCDS63628.1|Hs110|chr3,2172
CCDS63632.1|Hs110|chr3,1551
CCDS63633.1|Hs110|chr3,2295
CCDS63642.1|Hs110|chr3,1020
CCDS63644.1|Hs110|chr3,912
CCDS63647.1|Hs110|chr3,3438
CCDS63651.1|Hs110|chr3,1548
CCDS63652.1|Hs110|chr3,1752
CCDS63672.1|Hs110|chr3,519
CCDS63673.1|Hs110|chr3,528
CCDS63677.1|Hs110|chr3,1329
CCDS63678.1|Hs110|chr3,1053
CCDS63679.1|Hs110|chr3,1056
CCDS63684.1|Hs110|chr3,1584
CCDS63697.1|Hs110|chr3,1197
CCDS63700.1|Hs110|chr3,2688
CCDS63704.1|Hs110|chr3,2661
CCDS63705.1|Hs110|chr3,3054
CCDS63706.1|Hs110|chr3,2955
CCDS63712.1|Hs110|chr3,1887
CCDS63713.1|Hs110|chr3,1053
CCDS63718.1|Hs110|chr3,618
CCDS63721.1|Hs110|chr3,936
CCDS63766.1|Hs110|chr3,1719
CCDS63767.1|Hs110|chr3,1623
CCDS63768.1|Hs110|chr3,1725
CCDS63769.1|Hs110|chr3,789
CCDS63770.1|Hs110|chr3,3705
CCDS63783.1|Hs110|chr3,2334
CCDS63784.1|Hs110|chr3,2514
CCDS63797.1|Hs110|chr3,1329
CCDS63801.1|Hs110|chr3,5085
CCDS63822.1|Hs110|chr3,831
CCDS63832.1|Hs110|chr3,1491
CCDS63833.1|Hs110|chr3,1332
CCDS63853.1|Hs110|chr3,2337
CCDS63854.1|Hs110|chr3,2250
CCDS63859.1|Hs110|chr3,528
CCDS63860.1|Hs110|chr3,369
CCDS63861.1|Hs110|chr3,345
CCDS63862.1|Hs110|chr3,261
CCDS63877.1|Hs110|chr3,2130
CCDS63950.1|Hs110|chr4,990
CCDS63958.1|Hs110|chr4,2205
CCDS63971.1|Hs110|chr4,405
CCDS63972.1|Hs110|chr4,360
CCDS63990.1|Hs110|chr4,639
CCDS63991.1|Hs110|chr4,666
CCDS63992.1|Hs110|chr4,720
CCDS63998.1|Hs110|chr4,1380
CCDS64005.1|Hs110|chr4,2202
CCDS64057.1|Hs110|chr4,1008
CCDS64062.1|Hs110|chr4,1566
CCDS64063.1|Hs110|chr4,1515
CCDS64066.1|Hs110|chr4,1125
CCDS64082.1|Hs110|chr4,531
CCDS64085.1|Hs110|chr4,1458
CCDS64086.1|Hs110|chr4,1413
CCDS64090.1|Hs110|chr4,1713
CCDS64116.1|Hs110|chr5,2478
CCDS64129.1|Hs110|chr5,1335
CCDS64142.1|Hs110|chr5,3984
CCDS64161.1|Hs110|chr5,1851
CCDS64162.1|Hs110|chr5,1473
CCDS64180.1|Hs110|chr5,1587
CCDS64186.1|Hs110|chr5,3138
CCDS64188.1|Hs110|chr5,675
CCDS64189.1|Hs110|chr5,534
CCDS64195.1|Hs110|chr5,1413
CCDS64212.1|Hs110|chr5,3732
CCDS64222.1|Hs110|chr5,225
CCDS64234.1|Hs110|chr5,1209
CCDS64259.1|Hs110|chr5,765
CCDS64267.1|Hs110|chr5,1446
CCDS64269.1|Hs110|chr5,2427
CCDS64277.1|Hs110|chr5,612
CCDS64281.1|Hs110|chr5,1506
CCDS64282.1|Hs110|chr5,1350
CCDS64284.1|Hs110|chr5,2337
CCDS64285.1|Hs110|chr5,2832
CCDS64291.1|Hs110|chr5,978
CCDS64311.1|Hs110|chr5,4593
CCDS64312.1|Hs110|chr5,726
CCDS64313.1|Hs110|chr5,567
CCDS64328.1|Hs110|chr5,627
CCDS64340.1|Hs110|chr5,1155
CCDS64351.1|Hs110|chr6,447
CCDS64359.1|Hs110|chr6,4521
CCDS64366.1|Hs110|chr6,693
CCDS64411.1|Hs110|chr6,1170
CCDS64420.1|Hs110|chr6,603
CCDS64421.1|Hs110|chr6,600
CCDS64422.1|Hs110|chr6,660
CCDS64424.1|Hs110|chr6,1176
CCDS64425.1|Hs110|chr6,1473
CCDS64443.1|Hs110|chr6,1458
CCDS64448.1|Hs110|chr6,2748
CCDS64449.1|Hs110|chr6,2982
CCDS64459.1|Hs110|chr6,1311
CCDS64463.1|Hs110|chr6,1158
CCDS64467.1|Hs110|chr6,7431
CCDS64491.1|Hs110|chr6,1176
CCDS64506.1|Hs110|chr6,432
CCDS64525.1|Hs110|chr6,1635
CCDS64535.1|Hs110|chr6,1329
CCDS64536.1|Hs110|chr6,1515
CCDS64548.1|Hs110|chr6,2727
CCDS64561.1|Hs110|chr6,1563
CCDS64572.1|Hs110|chr6,1896
CCDS64573.1|Hs110|chr6,1818
CCDS64574.1|Hs110|chr6,1659
CCDS64576.1|Hs110|chr7,909
CCDS64577.1|Hs110|chr7,1158
CCDS64582.1|Hs110|chr7,894
CCDS64583.1|Hs110|chr7,918
CCDS64584.1|Hs110|chr7,969
CCDS64590.1|Hs110|chr7,1257
CCDS64595.1|Hs110|chr7,1449
CCDS64602.1|Hs110|chr7,13551
CCDS64609.1|Hs110|chr7,546
CCDS64622.1|Hs110|chr7,1872
CCDS64623.1|Hs110|chr7,1017
CCDS64628.1|Hs110|chr7,3264
CCDS64630.1|Hs110|chr7,621
CCDS64633.1|Hs110|chr7,1011
CCDS64634.1|Hs110|chr7,984
CCDS64635.1|Hs110|chr7,1374
CCDS64636.1|Hs110|chr7,1527
CCDS64647.1|Hs110|chr7,1038
CCDS64654.1|Hs110|chr7,492
CCDS64655.1|Hs110|chr7,510
CCDS64656.1|Hs110|chr7,468
CCDS64659.1|Hs110|chr7,189
CCDS64660.1|Hs110|chr7,960
CCDS64661.1|Hs110|chr7,864
CCDS64663.1|Hs110|chr7,534
CCDS64665.1|Hs110|chr7,1518
CCDS64670.1|Hs110|chr7,894
CCDS64673.1|Hs110|chr7,2193
CCDS64674.1|Hs110|chr7,2121
CCDS64675.1|Hs110|chr7,1977
CCDS64676.1|Hs110|chr7,1932
CCDS64677.1|Hs110|chr7,2103
CCDS64678.1|Hs110|chr7,2145
CCDS64680.1|Hs110|chr7,825
CCDS64682.1|Hs110|chr7,327
CCDS64683.1|Hs110|chr7,1365
CCDS64684.1|Hs110|chr7,1077
CCDS64688.1|Hs110|chr7,1032
CCDS64691.1|Hs110|chr7,891
CCDS64710.1|Hs110|chr7,3681
CCDS64718.1|Hs110|chr7,1878
CCDS64719.1|Hs110|chr7,1809
CCDS64723.1|Hs110|chr7,1182
CCDS64730.1|Hs110|chr7,3504
CCDS64736.1|Hs110|chr7,1581
CCDS64739.1|Hs110|chr7,1326
CCDS64754.1|Hs110|chr7,1473
CCDS64760.1|Hs110|chr7,351
CCDS64763.1|Hs110|chr7,732
CCDS64767.1|Hs110|chr7,1446
CCDS64788.1|Hs110|chr7,2334
CCDS64790.1|Hs110|chr7,2334
CCDS64791.1|Hs110|chr7,2334
CCDS64797.1|Hs110|chr7,2313
CCDS64798.1|Hs110|chr7,1893
CCDS64799.1|Hs110|chr7,2208
CCDS64800.1|Hs110|chr7,2082
CCDS64802.1|Hs110|chr7,1743
CCDS64803.1|Hs110|chr7,2295
CCDS64805.1|Hs110|chr7,834
CCDS64806.1|Hs110|chr7,1449
CCDS64816.1|Hs110|chr7,3471
CCDS64820.1|Hs110|chr8,840
CCDS64821.1|Hs110|chr8,840
CCDS64825.1|Hs110|chr8,525
CCDS64851.1|Hs110|chr8,504
CCDS64852.1|Hs110|chr8,570
CCDS64854.1|Hs110|chr8,612
CCDS64856.1|Hs110|chr8,1545
CCDS64858.1|Hs110|chr8,1002
CCDS64860.1|Hs110|chr8,1368
CCDS64861.1|Hs110|chr8,1287
CCDS64862.1|Hs110|chr8,339
CCDS64866.1|Hs110|chr8,504
CCDS64872.1|Hs110|chr8,1470
CCDS64882.1|Hs110|chr8,2151
CCDS64883.1|Hs110|chr8,2019
CCDS64890.1|Hs110|chr8,2631
CCDS64891.1|Hs110|chr8,2538
CCDS64895.1|Hs110|chr8,876
CCDS64899.1|Hs110|chr8,645
CCDS64920.1|Hs110|chr8,1740
CCDS64933.1|Hs110|chr8,756
CCDS64946.1|Hs110|chr8,8397
CCDS64948.1|Hs110|chr8,3567
CCDS64949.1|Hs110|chr8,858
CCDS64953.1|Hs110|chr8,540
CCDS64957.1|Hs110|chr8,3858
CCDS64959.1|Hs110|chr8,432
CCDS64960.1|Hs110|chr8,927
CCDS64965.1|Hs110|chr8,438
CCDS64968.1|Hs110|chr8,2193
CCDS64969.1|Hs110|chr8,2280
CCDS64971.1|Hs110|chr8,621
CCDS64977.1|Hs110|chr8,507
CCDS64978.1|Hs110|chr8,750
CCDS64985.1|Hs110|chr8,4755
CCDS64996.1|Hs110|chr8,2094
CCDS64998.1|Hs110|chr8,447
CCDS64999.1|Hs110|chr8,1773
CCDS65007.1|Hs110|chr9,930
CCDS65020.1|Hs110|chr9,702
CCDS65028.1|Hs110|chr9,477
CCDS65029.1|Hs110|chr9,531
CCDS65039.1|Hs110|chr9,663
CCDS65040.1|Hs110|chr9,852
CCDS65041.1|Hs110|chr9,876
CCDS65042.1|Hs110|chr9,960
CCDS65043.1|Hs110|chr9,1047
CCDS65044.1|Hs110|chr9,888
CCDS65045.1|Hs110|chr9,975
CCDS65046.1|Hs110|chr9,987
CCDS65047.1|Hs110|chr9,1074
CCDS65048.1|Hs110|chr9,1089
CCDS65063.1|Hs110|chr9,1509
CCDS65064.1|Hs110|chr9,4671
CCDS65069.1|Hs110|chr9,2418
CCDS65070.1|Hs110|chr9,2247
CCDS65071.1|Hs110|chr9,4008
CCDS65072.1|Hs110|chr9,3915
CCDS65075.1|Hs110|chr9,828
CCDS65076.1|Hs110|chr9,2346
CCDS65077.1|Hs110|chr9,2361
CCDS65096.1|Hs110|chr9,1839
CCDS65105.1|Hs110|chr9,2169
CCDS65106.1|Hs110|chr9,2274
CCDS65109.1|Hs110|chr9,1896
CCDS65110.1|Hs110|chr9,1938
CCDS65111.1|Hs110|chr9,1776
CCDS65118.1|Hs110|chr9,2220
CCDS65127.1|Hs110|chr9,1431
CCDS65129.1|Hs110|chr9,1317
CCDS65130.1|Hs110|chr9,4320
CCDS65131.1|Hs110|chr9,4383
CCDS65132.1|Hs110|chr9,4437
CCDS65138.1|Hs110|chr9,1236
CCDS65156.1|Hs110|chr9,885
CCDS65160.1|Hs110|chr9,804
CCDS65161.1|Hs110|chr9,792
CCDS65167.1|Hs110|chr9,855
CCDS65172.1|Hs110|chr9,2709
CCDS65173.1|Hs110|chr9,2742
CCDS65174.1|Hs110|chr9,2658
CCDS65175.1|Hs110|chr9,993
CCDS65176.1|Hs110|chr9,885
CCDS65177.1|Hs110|chr9,387
CCDS65178.1|Hs110|chr9,480
CCDS65179.1|Hs110|chr9,753
CCDS65183.1|Hs110|chr9,1377
CCDS65184.1|Hs110|chr9,1458
CCDS65188.1|Hs110|chr9,3636
CCDS65193.1|Hs110|chr9,426
CCDS65197.1|Hs110|chr9,444
CCDS65213.1|Hs110|chrX,1119
CCDS65233.1|Hs110|chrX,828
CCDS65252.1|Hs110|chrX,1272
CCDS65253.1|Hs110|chrX,999
CCDS65254.1|Hs110|chrX,1266
CCDS65260.1|Hs110|chrX,1317
CCDS65261.1|Hs110|chrX,2274
CCDS65267.1|Hs110|chrX,672
CCDS65269.1|Hs110|chrX,4680
CCDS65273.1|Hs110|chrX,1221
CCDS65274.1|Hs110|chrX,474
CCDS65277.2|Hs110|chrX,2901
CCDS65290.1|Hs110|chrX,2139
CCDS65291.1|Hs110|chrX,2259
CCDS65298.1|Hs110|chrX,1584
CCDS65304.1|Hs110|chrX,1212
CCDS65305.1|Hs110|chrX,4749
CCDS65313.1|Hs110|chrX,432
CCDS65320.1|Hs110|chrX,1608
CCDS65344.1|Hs110|chrX,1368
CCDS65357.1|Hs110|chrX,1647
CCDS65365.1|Hs110|chrY,927
CCDS65368.1|Hs110|chrY,384
CCDS65461.1,1545
CCDS65483.1,462
CCDS65492.1,2427
CCDS65493.1,2412
CCDS65535.1,1419
CCDS65554.1,624
CCDS65592.1,867
CCDS65593.1,852
CCDS65615.1,2844
CCDS65618.1,1161
CCDS65641.1,2328
CCDS65642.1,2364
CCDS65695.1,1926
CCDS65696.1,1698
CCDS65700.1,825
CCDS65712.1,1212
CCDS65726.1,4218
CCDS65727.1,2652
CCDS65732.1,3687
CCDS65733.1,1674
CCDS65737.1,1755
CCDS65738.1,465
CCDS65778.1,2067
CCDS65787.1,762
CCDS65788.1,819
CCDS65789.1,2277
CCDS65896.10,1128
CCDS65916.10,468
CCDS65917.10,519
CCDS65918.10,192
CCDS65925.10,2103
CCDS65926.10,2130
CCDS65929.10,687
CCDS65981.11,624
CCDS65982.11,1596
CCDS65987.11,4938
CCDS65988.11,4950
CCDS65989.11,4944
CCDS65995.11,1200
CCDS66015.11,1356
CCDS66016.11,1428
CCDS66017.11,1473
CCDS66018.11,2133
CCDS66021.11,375
CCDS66105.11,894
CCDS66113.11,363
CCDS66138.11,1671
CCDS66144.11,432
CCDS66156.11,6306
CCDS66165.11,390
CCDS66167.11,7062
CCDS66190.11,462
CCDS66196.11,1242
CCDS66202.11,1110
CCDS66204.11,948
CCDS66233.11,804
CCDS66240.11,1068
CCDS66241.11,672
CCDS66253.11,2238
CCDS66254.11,2097
CCDS66256.21,936
CCDS66281.12,774
CCDS66300.12,1236
CCDS66301.12,1494
CCDS66302.12,1608
CCDS66314.12,552
CCDS66326.12,3837
CCDS66327.12,3810
CCDS66332.12,615
CCDS66337.12,3156
CCDS66338.12,3129
CCDS66339.12,3165
CCDS66340.12,3162
CCDS66405.12,537
CCDS66406.12,978
CCDS66410.12,1053
CCDS66432.12,7158
CCDS66445.12,2868
CCDS66456.12,801
CCDS66469.12,1026
CCDS66470.12,1572
CCDS66473.12,882
CCDS66486.12,666
CCDS66487.12,759
CCDS66501.12,1773
CCDS66517.13,1725
CCDS66518.13,1791
CCDS66525.13,2445
CCDS66526.13,2583
CCDS66530.13,2250
CCDS66531.13,2430
CCDS66533.13,312
CCDS66538.13,417
CCDS66539.13,723
CCDS66540.13,1239
CCDS66542.13,1584
CCDS66543.13,1908
CCDS66544.13,1518
CCDS66545.13,1788
CCDS66557.13,1905
CCDS66560.13,1470
CCDS66562.13,1101
CCDS66563.13,3708
CCDS66564.13,3873
CCDS66566.13,2952
CCDS66572.13,3231
CCDS66573.13,1239
CCDS66575.13,1893
CCDS66577.13,561
CCDS66578.13,342
CCDS66580.13,663
CCDS66584.13,2475
CCDS66591.13,1035
CCDS66616.14,1608
CCDS66693.14,1746
CCDS66722.14,534
CCDS66723.14,702
CCDS66730.15,2505
CCDS66732.15,450
CCDS66737.15,1455
CCDS66738.15,1719
CCDS66745.15,2004
CCDS66767.15,1821
CCDS66773.15,3252
CCDS66776.15,951
CCDS66797.15,2124
CCDS66808.15,363
CCDS66817.15,1977
CCDS66822.15,903
CCDS66834.15,423
CCDS66835.15,342
CCDS66839.15,1023
CCDS66862.15,1977
CCDS66866.15,540
CCDS66873.15,939
CCDS66876.15,513
CCDS66877.15,891
CCDS66884.16,1371
CCDS66886.16,354
CCDS66894.16,3510
CCDS66898.16,636
CCDS66900.16,711
CCDS66907.16,849
CCDS66911.16,705
CCDS66912.16,600
CCDS66920.16,1227
CCDS66921.16,2094
CCDS66930.16,903
CCDS66931.16,864
CCDS66941.16,3261
CCDS66943.16,1641
CCDS66944.16,423
CCDS66954.16,2286
CCDS66955.16,2283
CCDS66957.16,2094
CCDS66988.16,6255
CCDS66993.16,2712
CCDS66997.16,2610
CCDS67002.16,507
CCDS67012.16,729
CCDS67014.16,3510
CCDS67032.16,1302
CCDS67042.16,3738
CCDS67045.16,1164
CCDS67049.16,1248
CCDS67050.16,1614
CCDS67067.16,609
CCDS67082.16,1206
CCDS67083.16,1317
CCDS67088.16,2928
CCDS67091.16,1206
CCDS67099.16,4275
CCDS67101.16,1362
CCDS67107.17,1299
CCDS67108.17,1722
CCDS67130.17,1089
CCDS67131.17,1119
CCDS67132.17,789
CCDS67133.17,1083
CCDS67136.17,1578
CCDS67137.17,1656
CCDS67143.17,1200
CCDS67144.17,1011
CCDS67162.17,1038
CCDS67439.18,2754
CCDS67440.18,702
CCDS67611.19,1632
CCDS67963.1|Hs110|chr2,3234
CCDS68127.1|Hs110|chr20,4383
CCDS68131.1|Hs110|chr20,1188
CCDS68156.1|Hs110|chr20,2109
CCDS68157.1|Hs110|chr20,2718
CCDS68161.1|Hs110|chr20,900
CCDS68162.1|Hs110|chr20,1383
CCDS68163.1|Hs110|chr20,1215
CCDS68164.1|Hs110|chr20,1884
CCDS68172.1|Hs110|chr20,465
CCDS68173.1|Hs110|chr20,366
CCDS68180.1|Hs110|chr21,1428
CCDS68181.1|Hs110|chr21,1590
CCDS68182.1|Hs110|chr21,429
CCDS68186.1|Hs110|chr21,1317
CCDS68202.1|Hs110|chr21,522
CCDS68210.1|Hs110|chr21,816
CCDS68211.1|Hs110|chr21,960
CCDS68220.1|Hs110|chr21,426
CCDS68221.1|Hs110|chr21,429
CCDS68229.1|Hs110|chr21,651
CCDS68230.1|Hs110|chr21,870
CCDS68231.1|Hs110|chr21,906
CCDS68342.1|Hs110|chr3,696
CCDS68343.1|Hs110|chr3,888
CCDS68345.1|Hs110|chr3,1014
CCDS68347.1|Hs110|chr3,474
CCDS68348.1|Hs110|chr3,612
CCDS68360.1|Hs110|chr3,1656
CCDS68361.1|Hs110|chr3,1491
CCDS68362.1|Hs110|chr3,1557
CCDS68390.1|Hs110|chr3,2385
CCDS68391.1|Hs110|chr3,2313
CCDS68392.1|Hs110|chr3,2019
CCDS68656.1|Hs110|chr4,1503
CCDS68669.1|Hs110|chr4,1041
CCDS68684.1|Hs110|chr4,2430
CCDS68697.1|Hs110|chr4,2019
CCDS68705.1|Hs110|chr4,2997
CCDS68706.1|Hs110|chr4,2574
CCDS68716.1|Hs110|chr4,627
CCDS68721.1|Hs110|chr4,7473
CCDS68733.1|Hs110|chr4,1236
CCDS68758.1|Hs110|chr4,2739
CCDS68761.1|Hs110|chr4,1008
CCDS68768.1|Hs110|chr4,7743
CCDS68825.1|Hs110|chr4,1995
CCDS68826.1|Hs110|chr4,2097
CCDS68834.1|Hs110|chr4,840
CCDS68861.1|Hs110|chr5,5199
CCDS68890.1|Hs110|chr5,1287
CCDS68891.1|Hs110|chr5,840
CCDS68892.1|Hs110|chr5,651
CCDS68893.1|Hs110|chr5,1500
CCDS68894.1|Hs110|chr5,987
CCDS68897.1|Hs110|chr5,3216
CCDS68898.1|Hs110|chr5,3216
CCDS68911.1|Hs110|chr5,384
CCDS68933.1|Hs110|chr5,633
CCDS68943.1|Hs110|chr5,1389
CCDS69035.1|Hs110|chr6,618
CCDS69040.1|Hs110|chr6,1023
CCDS69055.1|Hs110|chr6,1341
CCDS69056.1|Hs110|chr6,1182
CCDS69057.1|Hs110|chr6,1842
CCDS69058.1|Hs110|chr6,3144
CCDS69060.1|Hs110|chr6,1437
CCDS69069.1|Hs110|chr6,777
CCDS69082.1|Hs110|chr6,1686
CCDS69093.1|Hs110|chr6,1023
CCDS69094.1|Hs110|chr6,993
CCDS69095.1|Hs110|chr6,462
CCDS69096.1|Hs110|chr6,762
CCDS69097.1|Hs110|chr6,825
CCDS69100.1|Hs110|chr6,1044
CCDS69102.1|Hs110|chr6,636
CCDS69111.1|Hs110|chr6,2067
CCDS69124.1|Hs110|chr6,1545
CCDS69125.1|Hs110|chr6,492
CCDS69127.1|Hs110|chr6,1020
CCDS69138.1|Hs110|chr6,2283
CCDS69149.1|Hs110|chr6,3984
CCDS69153.1|Hs110|chr6,1725
CCDS69154.1|Hs110|chr6,1755
CCDS69155.1|Hs110|chr6,1656
CCDS69159.1|Hs110|chr6,594
CCDS69163.1|Hs110|chr6,1071
CCDS69165.1|Hs110|chr6,1269
CCDS69168.1|Hs110|chr6,2109
CCDS69169.1|Hs110|chr6,840
CCDS69170.1|Hs110|chr6,3261
CCDS69172.1|Hs110|chr6,1134
CCDS69177.1|Hs110|chr6,9159
CCDS69184.1|Hs110|chr6,2568
CCDS69185.1|Hs110|chr6,2256
CCDS69190.1|Hs110|chr6,969
CCDS69191.1|Hs110|chr6,1629
CCDS69196.1|Hs110|chr6,312
CCDS69212.1|Hs110|chr6,2118
CCDS69213.1|Hs110|chr6,2391
CCDS69214.1|Hs110|chr6,669
CCDS69215.1|Hs110|chr6,405
CCDS69216.1|Hs110|chr6,414
CCDS69219.1|Hs110|chr6,435
CCDS69224.1|Hs110|chr6,969
CCDS69226.1|Hs110|chr6,4014
CCDS69241.1|Hs110|chr6,843
CCDS69243.1|Hs110|chr6,729
CCDS69286.1|Hs110|chr7,4719
CCDS69299.1|Hs110|chr7,1131
CCDS69309.1|Hs110|chr7,2007
CCDS69349.1|Hs110|chr7,1584
CCDS69466.1|Hs110|chr8,1476
CCDS69480.1|Hs110|chr8,846
CCDS69482.1|Hs110|chr8,822
CCDS69490.1|Hs110|chr8,543
CCDS69497.1|Hs110|chr8,945
CCDS69509.1|Hs110|chr8,816
CCDS69510.1|Hs110|chr8,855
CCDS69513.1|Hs110|chr8,579
CCDS69520.1|Hs110|chr8,1302
CCDS69521.1|Hs110|chr8,3759
CCDS69550.1|Hs110|chr8,2154
CCDS69555.1|Hs110|chr8,1578
CCDS69562.1|Hs110|chr8,1620
CCDS69565.1|Hs110|chr9,564
CCDS69579.1|Hs110|chr9,1698
CCDS69588.1|Hs110|chr9,936
CCDS69595.1|Hs110|chr9,387
CCDS69598.1|Hs110|chr9,771
CCDS69600.1|Hs110|chr9,690
CCDS69601.1|Hs110|chr9,666
CCDS69615.1|Hs110|chr9,3717
CCDS69618.1|Hs110|chr9,348
CCDS69619.1|Hs110|chr9,2175
CCDS69620.1|Hs110|chr9,729
CCDS69625.1|Hs110|chr9,750
CCDS69638.1|Hs110|chr9,2157
CCDS69639.1|Hs110|chr9,327
CCDS69642.1|Hs110|chr9,2235
CCDS69648.1|Hs110|chr9,1116
CCDS69663.1|Hs110|chr9,2976
CCDS69664.1|Hs110|chr9,1425
CCDS69668.1|Hs110|chr9,900
CCDS69669.1|Hs110|chr9,1125
CCDS69675.1|Hs110|chr9,1554
CCDS69677.1|Hs110|chr9,828
CCDS69680.1|Hs110|chr9,1215
CCDS69682.1|Hs110|chr9,438
CCDS69689.1|Hs110|chr9,393
CCDS69763.1|Hs110|chrX,195
CCDS69832.1|Hs110|chrX,984
CCDS72675.1,939
CCDS72678.1,1509
CCDS72682.1,2247
CCDS72683.1,2388
CCDS72684.1,2349
CCDS72685.1,723
CCDS72686.1,570
CCDS72687.1,513
CCDS72688.1,1053
CCDS72693.1,1089
CCDS72695.1,3633
CCDS72697.1,2409
CCDS72698.1,483
CCDS72704.1,1437
CCDS72705.1,882
CCDS72708.1,1431
CCDS72709.1,1425
CCDS72710.1,1413
CCDS72712.1,2433
CCDS72715.1,2085
CCDS72717.1,783
CCDS72718.1,906
CCDS72719.1,189
CCDS72720.1,648
CCDS72721.1,189
CCDS72722.1,2790
CCDS72723.1,4866
CCDS72726.1,1485
CCDS72727.1,1788
CCDS72728.1,519
CCDS72730.1,351
CCDS72731.1,1116
CCDS72732.1,2163
CCDS72738.1,3843
CCDS72740.1,837
CCDS72741.1,792
CCDS72742.1,441
CCDS72743.1,483
CCDS72744.1,540
CCDS72745.1,1089
CCDS72746.1,4656
CCDS72747.1,4755
CCDS72748.1,2091
CCDS72749.1,726
CCDS72752.1,1425
CCDS72754.1,2196
CCDS72755.1,255
CCDS72756.1,1917
CCDS72757.1,345
CCDS72758.1,567
CCDS72760.1,2250
CCDS72761.1,360
CCDS72762.1,1125
CCDS72763.1,1275
CCDS72766.1,1047
CCDS72768.1,3852
CCDS72771.1,819
CCDS72772.1,786
CCDS72773.1,744
CCDS72774.1,2016
CCDS72775.1,1206
CCDS72776.1,1599
CCDS72777.1,1611
CCDS72780.1,459
CCDS72781.1,393
CCDS72785.1,3813
CCDS72786.1,3726
CCDS72787.1,1425
CCDS72788.1,1116
CCDS72789.1,1653
CCDS72790.1,1842
CCDS72794.1,735
CCDS72796.1,1419
CCDS72797.1,1860
CCDS72798.1,477
CCDS72801.1,423
CCDS72802.1,1512
CCDS72804.1,654
CCDS72805.1,1908
CCDS72806.1,183
CCDS72807.1,1365
CCDS72809.1,1902
CCDS72811.1,3534
CCDS72812.1,738
CCDS72813.1,1020
CCDS72814.1,795
CCDS72815.1,1074
CCDS72816.1,1017
CCDS72818.1,2559
CCDS72819.1,1185
CCDS72821.2,879
CCDS72822.1,1212
CCDS72823.1,1152
CCDS72824.1,1110
CCDS72825.1,489
CCDS72827.1,1722
CCDS72828.1,1614
CCDS72829.1,1611
CCDS72830.1,1599
CCDS72831.1,444
CCDS72832.1,1437
CCDS72836.1,477
CCDS72837.1,393
CCDS72839.1,1038
CCDS72840.1,2856
CCDS72848.1,450
CCDS72850.1,450
CCDS72852.1,2013
CCDS72854.2,1380
CCDS72855.1,450
CCDS72857.1,1368
CCDS72858.1,1293
CCDS72859.1,1227
CCDS72860.1,1560
CCDS72861.1,546
CCDS72863.1,915
CCDS72864.1,1605
CCDS72865.1,987
CCDS72866.1,1887
CCDS72867.1,3006
CCDS72868.1,2736
CCDS72869.1,3504
CCDS72870.1,738
CCDS72871.1,780
CCDS72872.1,525
CCDS72873.1,1014
CCDS72874.1,1491
CCDS72875.1,657
CCDS72876.1,1176
CCDS72877.1,603
CCDS72878.1,942
CCDS72879.1,1281
CCDS72880.1,711
CCDS72881.1,4374
CCDS72887.1,933
CCDS72888.1,6723
CCDS72890.1,2910
CCDS72891.1,7041
CCDS72892.1,7089
CCDS72893.1,522
CCDS72894.1,3399
CCDS72895.1,2829
CCDS72896.1,3336
CCDS72898.1,495
CCDS72900.1,1275
CCDS72901.1,1923
CCDS72902.1,2130
CCDS72903.1,2532
CCDS72905.1,366
CCDS72906.1,894
CCDS72907.1,4308
CCDS72908.1,3294
CCDS72909.1,594
CCDS72916.1,702
CCDS72917.1,750
CCDS72918.1,231
CCDS72919.1,1059
CCDS72920.1,351
CCDS72921.1,369
CCDS72922.1,684
CCDS72924.1,708
CCDS72925.1,2931
CCDS72927.1,1059
CCDS72928.1,2241
CCDS72929.1,471
CCDS72930.1,528
CCDS72931.1,2241
CCDS72932.1,1902
CCDS72934.1,726
CCDS72935.1,720
CCDS72936.1,570
CCDS72937.1,2844
CCDS72939.1,1500
CCDS72940.1,747
CCDS72941.1,1845
CCDS72942.1,1476
CCDS72943.1,969
CCDS72945.1,636
CCDS72946.1,852
CCDS72947.1,978
CCDS72948.1,963
CCDS72949.1,996
CCDS72952.1,1974
CCDS72954.1,456
CCDS72955.1,759
CCDS72956.1,450
CCDS72957.1,726
CCDS72958.1,2775
CCDS72962.1,828
CCDS72963.1,957
CCDS72964.1,807
CCDS72965.1,936
CCDS72966.1,2256
CCDS72970.1,1023
CCDS72975.1,1137
CCDS72977.1,4557
CCDS72978.1,1641
CCDS72979.1,1530
CCDS72983.1,522
CCDS72984.1,2076
CCDS72985.1,402
CCDS72987.1,3378
CCDS72988.1,948
CCDS72990.1,693
CCDS72992.1,2307
CCDS72993.1,405
CCDS72994.1,3207
CCDS72995.1,3336
CCDS72996.1,1191
CCDS72997.1,2328
CCDS72998.1,4470
CCDS72999.1,4389
CCDS73001.1,561
CCDS73002.1,849
CCDS73003.1,897
CCDS73004.1,444
CCDS73005.1,561
CCDS73006.1,1185
CCDS73007.1,351
CCDS73008.1,804
CCDS73009.1,1179
CCDS73010.1,1410
CCDS73011.1,600
CCDS73012.1,1092
CCDS73013.1,1191
CCDS73014.1,519
CCDS73015.1,1275
CCDS73016.1,450
CCDS73017.1,3216
CCDS73019.1,1974
CCDS73021.1,192
CCDS73022.1,1335
CCDS73023.1,549
CCDS73024.1,1167
CCDS73025.1,519
CCDS73026.1,1068
CCDS73027.1,1128
CCDS73028.1,2658
CCDS73029.1,2565
CCDS73030.1,1806
CCDS73031.1,1131
CCDS73032.1,666
CCDS73033.1,2391
CCDS73034.1,2343
CCDS73035.1,2358
CCDS73036.1,1017
CCDS73037.1,1140
CCDS73038.1,2112
CCDS73039.1,741
CCDS73046.1,342
CCDS73048.1,2166
CCDS73049.1,879
CCDS73050.1,1266
CCDS73052.1,1737
CCDS73054.1,3645
CCDS73055.1,486
CCDS73057.1,1056
CCDS73058.1,312
CCDS73059.1,714
CCDS73060.10,1647
CCDS73062.10,972
CCDS73064.10,2961
CCDS73065.10,1062
CCDS73070.10,603
CCDS73071.10,6471
CCDS73072.10,1455
CCDS73073.10,1830
CCDS73075.10,585
CCDS73077.10,1182
CCDS73078.10,1269
CCDS73079.10,1572
CCDS73081.10,708
CCDS73082.10,2400
CCDS73083.10,2292
CCDS73086.10,2277
CCDS73087.10,369
CCDS73088.10,2490
CCDS73089.10,2100
CCDS73091.10,630
CCDS73092.10,1845
CCDS73093.10,1893
CCDS73094.10,1953
CCDS73095.10,234
CCDS73096.10,345
CCDS73097.10,831
CCDS73098.10,984
CCDS73099.10,813
CCDS73100.10,1128
CCDS73101.10,1377
CCDS73103.10,1266
CCDS73104.10,1173
CCDS73105.10,1236
CCDS73106.10,654
CCDS73107.10,810
CCDS73108.10,411
CCDS73109.10,687
CCDS73110.10,1263
CCDS73111.10,681
CCDS73114.10,1020
CCDS73115.10,438
CCDS73116.10,195
CCDS73117.10,1437
CCDS73118.10,1290
CCDS73119.10,3744
CCDS73120.10,1023
CCDS73121.10,798
CCDS73122.10,984
CCDS73123.10,1098
CCDS73124.10,270
CCDS73125.10,1977
CCDS73128.10,390
CCDS73130.10,2931
CCDS73131.10,567
CCDS73133.10,1809
CCDS73134.10,5661
CCDS73135.10,5034
CCDS73136.10,5049
CCDS73137.10,5889
CCDS73138.10,5373
CCDS73139.10,330
CCDS73140.10,492
CCDS73144.10,2148
CCDS73145.10,348
CCDS73146.10,3240
CCDS73147.10,258
CCDS73148.10,468
CCDS73153.10,1620
CCDS73156.10,642
CCDS73157.10,306
CCDS73159.10,1704
CCDS73160.10,852
CCDS73162.10,2655
CCDS73163.10,2223
CCDS73166.10,1263
CCDS73169.10,3801
CCDS73170.10,4452
CCDS73171.10,900
CCDS73172.10,240
CCDS73173.10,390
CCDS73175.10,1398
CCDS73176.10,924
CCDS73177.10,2964
CCDS73178.10,2379
CCDS73179.10,288
CCDS73182.10,3102
CCDS73183.10,1740
CCDS73185.10,423
CCDS73186.10,4203
CCDS73187.10,1938
CCDS73196.10,1431
CCDS73197.10,1740
CCDS73198.10,1227
CCDS73199.10,5196
CCDS73200.10,1167
CCDS73204.10,1404
CCDS73206.10,1878
CCDS73207.10,1716
CCDS73208.10,1677
CCDS73210.10,2199
CCDS73213.10,1536
CCDS73222.10,5598
CCDS73224.10,1362
CCDS73231.21,171
CCDS73234.11,2823
CCDS73240.11,498
CCDS73241.11,798
CCDS73242.11,720
CCDS73244.11,936
CCDS73245.11,819
CCDS73247.11,2376
CCDS73248.11,942
CCDS73250.11,1125
CCDS73251.11,1698
CCDS73253.11,984
CCDS73254.11,1422
CCDS73257.11,1584
CCDS73259.11,1881
CCDS73261.11,1452
CCDS73262.11,2424
CCDS73264.11,4749
CCDS73265.11,1602
CCDS73266.11,648
CCDS73267.11,2517
CCDS73268.11,2262
CCDS73269.11,840
CCDS73270.11,2673
CCDS73271.11,1431
CCDS73272.11,1608
CCDS73273.11,564
CCDS73275.11,369
CCDS73277.11,3534
CCDS73281.11,3717
CCDS73283.11,1482
CCDS73284.11,717
CCDS73285.11,1362
CCDS73287.11,1353
CCDS73288.11,930
CCDS73289.11,948
CCDS73290.11,2820
CCDS73292.11,600
CCDS73295.11,2088
CCDS73296.11,792
CCDS73298.11,1344
CCDS73306.11,372
CCDS73307.11,717
CCDS73308.11,1659
CCDS73309.11,1572
CCDS73311.11,651
CCDS73313.11,2298
CCDS73315.11,1647
CCDS73316.11,531
CCDS73317.11,570
CCDS73320.11,1293
CCDS73322.11,1347
CCDS73324.11,708
CCDS73325.11,726
CCDS73326.11,1086
CCDS73328.11,1221
CCDS73330.11,435
CCDS73333.11,513
CCDS73334.11,1794
CCDS73335.11,1407
CCDS73336.11,1296
CCDS73338.11,345
CCDS73340.11,768
CCDS73343.11,618
CCDS73344.11,738
CCDS73345.11,2763
CCDS73346.11,735
CCDS73347.11,1815
CCDS73348.11,765
CCDS73349.11,4014
CCDS73350.11,3972
CCDS73351.11,3972
CCDS73352.11,519
CCDS73355.11,597
CCDS73356.11,693
CCDS73357.11,2559
CCDS73361.11,1545
CCDS73362.11,1662
CCDS73363.11,1350
CCDS73364.11,2124
CCDS73365.11,771
CCDS73366.11,891
CCDS73368.11,2721
CCDS73369.11,690
CCDS73370.11,849
CCDS73373.11,1527
CCDS73374.11,1413
CCDS73375.11,1413
CCDS73378.11,756
CCDS73379.11,1836
CCDS73380.11,1857
CCDS73381.11,2052
CCDS73382.11,1419
CCDS73383.11,795
CCDS73384.11,2655
CCDS73385.11,2577
CCDS73386.11,2286
CCDS73387.11,2181
CCDS73388.11,2547
CCDS73390.11,1035
CCDS73391.11,1242
CCDS73392.11,1347
CCDS73393.11,1167
CCDS73394.11,2763
CCDS73395.11,441
CCDS73397.11,1332
CCDS73398.11,1362
CCDS73399.11,1416
CCDS73401.11,1659
CCDS73402.11,1752
CCDS73404.11,2826
CCDS73407.11,936
CCDS73408.11,990
CCDS73409.11,2589
CCDS73410.11,1023
CCDS73411.11,822
CCDS73413.11,2301
CCDS73414.11,1713
CCDS73415.11,1425
CCDS73416.11,1119
CCDS73418.12,408
CCDS73419.12,7905
CCDS73422.12,351
CCDS73425.12,1716
CCDS73427.12,1020
CCDS73428.12,549
CCDS73430.12,735
CCDS73431.12,945
CCDS73434.12,4392
CCDS73436.12,870
CCDS73437.12,492
CCDS73439.12,2892
CCDS73440.12,576
CCDS73442.12,642
CCDS73443.12,744
CCDS73448.12,534
CCDS73449.12,3318
CCDS73450.12,519
CCDS73451.12,828
CCDS73452.12,4461
CCDS73462.12,807
CCDS73466.12,1410
CCDS73469.12,711
CCDS73470.12,3123
CCDS73471.12,1959
CCDS73472.12,888
CCDS73473.12,1233
CCDS73474.12,1851
CCDS73475.12,1242
CCDS73477.12,1488
CCDS73478.12,366
CCDS73482.12,1014
CCDS73483.12,5712
CCDS73485.12,495
CCDS73489.12,1212
CCDS73490.12,1407
CCDS73491.12,444
CCDS73492.12,357
CCDS73494.12,1767
CCDS73495.12,522
CCDS73496.12,219
CCDS73501.12,6900
CCDS73503.12,3315
CCDS73504.12,390
CCDS73506.12,1341
CCDS73510.12,408
CCDS73512.12,582
CCDS73514.12,3525
CCDS73518.12,471
CCDS73520.12,1647
CCDS73522.12,1035
CCDS73525.12,645
CCDS73526.12,1254
CCDS73527.12,1038
CCDS73528.12,1455
CCDS73529.12,2418
CCDS73536.12,1155
CCDS73538.12,543
CCDS73540.12,2760
CCDS73541.12,501
CCDS73543.12,4032
CCDS73544.12,489
CCDS73546.12,387
CCDS73547.12,480
CCDS73548.12,1050
CCDS73550.12,1065
CCDS73551.13,879
CCDS73553.13,1539
CCDS73555.13,285
CCDS73556.13,2064
CCDS73558.13,657
CCDS73559.13,2349
CCDS73561.13,1269
CCDS73565.13,261
CCDS73566.13,594
CCDS73568.13,1161
CCDS73569.13,1344
CCDS73570.13,834
CCDS73571.13,1584
CCDS73572.13,1671
CCDS73576.13,1521
CCDS73577.13,987
CCDS73578.13,1485
CCDS73579.13,2076
CCDS73580.13,2550
CCDS73582.13,2064
CCDS73586.13,585
CCDS73588.13,1773
CCDS73589.13,915
CCDS73591.13,3030
CCDS73594.13,1338
CCDS73596.13,21246
CCDS73598.13,5643
CCDS73599.13,1320
CCDS73602.13,1149
CCDS73604.13,2004
CCDS73606.13,711
CCDS73609.14,1527
CCDS73610.14,1527
CCDS73613.14,1026
CCDS73617.14,672
CCDS73618.14,318
CCDS73619.14,225
CCDS73621.14,273
CCDS73623.14,1560
CCDS73624.14,1284
CCDS73625.14,2670
CCDS73626.14,558
CCDS73628.14,1002
CCDS73637.14,831
CCDS73639.14,4392
CCDS73643.14,393
CCDS73646.14,981
CCDS73649.14,774
CCDS73655.14,1314
CCDS73660.14,1926
CCDS73663.14,1779
CCDS73664.14,510
CCDS73668.14,279
CCDS73674.14,1596
CCDS73677.14,480
CCDS73679.14,1281
CCDS73680.14,876
CCDS73684.14,2346
CCDS73688.14,636
CCDS73690.15,1746
CCDS73691.15,990
CCDS73692.15,765
CCDS73693.15,1083
CCDS73694.15,1026
CCDS73695.15,2469
CCDS73696.15,3762
CCDS73697.15,3075
CCDS73698.15,3075
CCDS73699.15,2007
CCDS73700.15,3750
CCDS73701.15,2445
CCDS73702.15,5079
CCDS73704.15,600
CCDS73705.15,2340
CCDS73706.15,405
CCDS73708.15,1323
CCDS73710.15,2661
CCDS73714.15,1605
CCDS73715.15,1011
CCDS73716.15,1245
CCDS73719.15,891
CCDS73721.15,720
CCDS73722.15,1731
CCDS73724.15,1305
CCDS73725.15,5595
CCDS73730.15,267
CCDS73739.15,1323
CCDS73742.15,3210
CCDS73743.15,3246
CCDS73744.15,3039
CCDS73746.15,1434
CCDS73750.15,1233
CCDS73751.15,1104
CCDS73752.15,1374
CCDS73753.15,1002
CCDS73756.15,864
CCDS73757.15,1089
CCDS73758.15,1122
CCDS73759.15,486
CCDS73760.15,519
CCDS73761.15,390
CCDS73764.15,441
CCDS73766.15,1845
CCDS73768.15,468
CCDS73771.15,2964
CCDS73772.15,1068
CCDS73773.15,5049
CCDS73774.15,1725
CCDS73776.15,390
CCDS73777.15,1452
CCDS73778.15,4305
CCDS73779.15,522
CCDS73780.15,393
CCDS73781.15,696
CCDS73782.15,3861
CCDS73783.15,1773
CCDS73785.15,4101
CCDS73786.15,3762
CCDS73787.15,4698
CCDS73788.15,708
CCDS73789.15,2871
CCDS73790.15,2910
CCDS73791.15,1872
CCDS73792.15,1995
CCDS73793.15,1959
CCDS73794.16,1635
CCDS73795.16,1710
CCDS73797.16,462
CCDS73798.16,555
CCDS73805.16,678
CCDS73809.16,1824
CCDS73810.16,1965
CCDS73811.16,774
CCDS73814.16,621
CCDS73815.16,411
CCDS73817.16,3198
CCDS73818.16,1113
CCDS73820.16,1650
CCDS73822.16,3315
CCDS73823.16,810
CCDS73825.16,672
CCDS73826.16,3396
CCDS73830.16,1497
CCDS73831.16,1290
CCDS73832.16,618
CCDS73833.16,1866
CCDS73837.16,2277
CCDS73845.16,2019
CCDS73853.16,1083
CCDS73854.16,1155
CCDS73855.16,1245
CCDS73858.16,1290
CCDS73865.16,2772
CCDS73868.16,1488
CCDS73870.16,327
CCDS73873.16,1149
CCDS73874.16,3093
CCDS73880.16,2427
CCDS73882.16,2205
CCDS73893.16,2079
CCDS73894.16,2430
CCDS73903.16,2139
CCDS73904.16,1932
CCDS73909.26,2295
CCDS73910.16,3771
CCDS73911.16,420
CCDS73912.16,5199
CCDS73915.16,3927
CCDS73916.16,672
CCDS73917.16,2004
CCDS73919.16,906
CCDS73921.16,432
CCDS73922.16,1104
CCDS73924.16,2934
CCDS73925.16,768
CCDS73926.16,936
CCDS73927.16,1017
CCDS73928.16,2274
CCDS73929.16,330
CCDS73931.26,231
CCDS73932.16,1188
CCDS73933.17,288
CCDS73934.17,1239
CCDS73936.17,1926
CCDS73940.17,297
CCDS73942.17,1500
CCDS73944.17,642
CCDS73952.17,357
CCDS73957.17,672
CCDS73958.17,1725
CCDS73961.17,1035
CCDS73962.17,708
CCDS73963.17,705
CCDS73964.17,564
CCDS73965.17,549
CCDS73966.17,786
CCDS73967.17,645
CCDS73968.17,630
CCDS73969.17,1065
CCDS73970.17,924
CCDS73971.17,909
CCDS73984.17,5958
CCDS73985.17,2265
CCDS73986.17,1485
CCDS73995.17,459
CCDS73996.17,2145
CCDS73997.17,1536
CCDS74000.17,1167
CCDS74001.17,1170
CCDS74002.17,1389
CCDS74003.17,1452
CCDS74008.17,1701
CCDS74015.17,1302
CCDS74017.17,225
CCDS74018.17,1107
CCDS74019.17,1296
CCDS74020.17,1380
CCDS74024.17,4353
CCDS74025.17,1515
CCDS74030.17,1953
CCDS74031.17,1794
CCDS74036.17,1563
CCDS74039.17,1650
CCDS74040.17,1650
CCDS74042.17,1650
CCDS74043.17,1650
CCDS74044.17,1650
CCDS74045.17,1650
CCDS74047.17,771
CCDS74052.17,3723
CCDS74055.17,789
CCDS74063.17,2019
CCDS74066.17,2292
CCDS74067.17,2295
CCDS74071.17,1905
CCDS74073.17,645
CCDS74077.17,2370
CCDS74079.17,2844
CCDS74082.17,2670
CCDS74084.17,3315
CCDS74086.17,267
CCDS74087.17,426
CCDS74090.17,2472
CCDS74092.17,633
CCDS74099.17,423
CCDS74100.17,273
CCDS74102.17,2454
CCDS74103.17,1923
CCDS74104.17,1809
CCDS74105.17,1719
CCDS74107.17,249
CCDS74115.17,5040
CCDS74122.17,2400
CCDS74123.17,2541
CCDS74127.17,1029
CCDS74131.17,3384
CCDS74132.17,2217
CCDS74133.17,1032
CCDS74138.17,4851
CCDS74139.17,4866
CCDS74143.17,312
CCDS74144.17,330
CCDS74145.17,1644
CCDS74148.17,585
CCDS74149.17,882
CCDS74150.17,720
CCDS74151.17,735
CCDS74152.17,918
CCDS74164.17,480
CCDS74166.17,1089
CCDS74173.27,7827
CCDS74176.17,1221
CCDS74178.17,192
CCDS74179.17,357
CCDS74191.18,2100
CCDS74199.18,1686
CCDS74207.18,924
CCDS74212.18,393
CCDS74214.18,393
CCDS74215.18,699
CCDS74222.18,3048
CCDS74223.18,1602
CCDS74234.18,3492
CCDS74240.19,657
CCDS74241.19,498
CCDS74242.19,3060
CCDS74243.19,2316
CCDS74244.19,507
CCDS74245.19,894
CCDS74251.19,834
CCDS74252.19,1779
CCDS74253.19,1536
CCDS74254.19,1368
CCDS74255.19,2235
CCDS74256.19,1416
CCDS74257.19,2124
CCDS74259.19,708
CCDS74261.19,1506
CCDS74262.19,2421
CCDS74263.19,2382
CCDS74266.19,1002
CCDS74268.19,1485
CCDS74271.19,1806
CCDS74272.19,1782
CCDS74276.19,4041
CCDS74277.19,1308
CCDS74278.19,1281
CCDS74279.19,1551
CCDS74280.19,1278
CCDS74286.19,1608
CCDS74289.19,2238
CCDS74295.19,723
CCDS74296.19,1581
CCDS74297.19,1803
CCDS74298.19,912
CCDS74299.19,2007
CCDS74303.19,1563
CCDS74304.19,1059
CCDS74305.19,417
CCDS74306.19,1878
CCDS74307.19,312
CCDS74308.19,3393
CCDS74310.19,765
CCDS74314.19,336
CCDS74315.19,3390
CCDS74316.19,504
CCDS74318.19,2835
CCDS74321.19,2457
CCDS74322.19,3480
CCDS74323.19,1857
CCDS74324.19,1761
CCDS74325.19,234
CCDS74327.19,363
CCDS74330.19,1332
CCDS74331.19,399
CCDS74332.19,1203
CCDS74333.19,396
CCDS74341.19,750
CCDS74342.19,717
CCDS74344.19,582
CCDS74346.19,945
CCDS74348.19,1623
CCDS74349.19,1944
CCDS74350.19,3177
CCDS74351.19,1908
CCDS74353.19,2310
CCDS74355.19,1779
CCDS74356.19,8739
CCDS74360.19,579
CCDS74361.19,705
CCDS74362.19,813
CCDS74364.19,306
CCDS74368.19,4764
CCDS74369.19,4875
CCDS74370.19,4674
CCDS74373.19,498
CCDS74380.19,1287
CCDS74385.29,615
CCDS74386.19,861
CCDS74388.19,2247
CCDS74389.19,1794
CCDS74390.19,1476
CCDS74391.19,1512
CCDS74392.19,1755
CCDS74393.19,1791
CCDS74394.19,1968
CCDS74395.19,1704
CCDS74397.19,1539
CCDS74400.19,1593
CCDS74402.19,1215
CCDS74406.19,1128
CCDS74409.19,2667
CCDS74410.19,2556
CCDS74411.19,2763
CCDS74414.19,1347
CCDS74415.19,744
CCDS74416.19,1059
CCDS74417.19,1287
CCDS74421.19,429
CCDS74423.29,558
CCDS74425.19,858
CCDS74433.19,420
CCDS74436.19,1734
CCDS74437.19,1377
CCDS74441.19,351
CCDS74442.19,618
CCDS74444.19,849
CCDS74446.29,939
CCDS74448.19,810
CCDS74449.19,861
CCDS74450.19,810
CCDS74453.19,1365
CCDS74455.19,1149
CCDS74457.19,1080
CCDS74458.19,2805
CCDS74462.19,1854
CCDS74468.19,1851
CCDS74469.19,1725
CCDS74471.19,1977
CCDS74472.19,1851
CCDS74473.19,1962
CCDS74474.19,1866
CCDS74475.19,1836
CCDS74476.19,1647
CCDS74477.19,990
CCDS74481.1|Hs110|chr2,1095
CCDS74488.1|Hs110|chr2,852
CCDS74489.1|Hs110|chr2,501
CCDS74491.1|Hs110|chr2,975
CCDS74493.1|Hs110|chr2,534
CCDS74496.1|Hs110|chr2,1863
CCDS74497.1|Hs110|chr2,5994
CCDS74502.1|Hs110|chr2,1800
CCDS74503.1|Hs110|chr2,765
CCDS74510.1|Hs110|chr2,2475
CCDS74511.1|Hs110|chr2,2649
CCDS74515.1|Hs110|chr2,1764
CCDS74520.1|Hs110|chr2,987
CCDS74527.1|Hs110|chr2,1827
CCDS74529.1|Hs110|chr2,2214
CCDS74530.1|Hs110|chr2,1560
CCDS74531.1|Hs110|chr2,1614
CCDS74534.1|Hs110|chr2,1464
CCDS74539.1|Hs110|chr2,681
CCDS74541.1|Hs110|chr2,387
CCDS74542.1|Hs110|chr2,789
CCDS74543.1|Hs110|chr2,4062
CCDS74546.1|Hs110|chr2,3822
CCDS74547.1|Hs110|chr2,1617
CCDS74548.1|Hs110|chr2,636
CCDS74550.1|Hs110|chr2,573
CCDS74557.1|Hs110|chr2,2649
CCDS74559.1|Hs110|chr2,297
CCDS74560.1|Hs110|chr2,510
CCDS74561.1|Hs110|chr2,408
CCDS74568.1|Hs110|chr2,294
CCDS74573.1|Hs110|chr2,447
CCDS74574.1|Hs110|chr2,576
CCDS74576.1|Hs110|chr2,711
CCDS74577.1|Hs110|chr2,516
CCDS74578.1|Hs110|chr2,819
CCDS74580.1|Hs110|chr2,1878
CCDS74582.1|Hs110|chr2,990
CCDS74583.1|Hs110|chr2,1281
CCDS74586.1|Hs110|chr2,2874
CCDS74594.1|Hs110|chr2,6399
CCDS74595.1|Hs110|chr2,588
CCDS74596.1|Hs110|chr2,2241
CCDS74597.1|Hs110|chr2,2082
CCDS74600.1|Hs110|chr2,1140
CCDS74604.1|Hs110|chr2,2376
CCDS74605.1|Hs110|chr2,2529
CCDS74611.1|Hs110|chr2,3714
CCDS74612.1|Hs110|chr2,1506
CCDS74613.1|Hs110|chr2,2244
CCDS74614.1|Hs110|chr2,930
CCDS74615.1|Hs110|chr2,2271
CCDS74619.1|Hs110|chr2,2982
CCDS74621.1|Hs110|chr2,1767
CCDS74622.1|Hs110|chr2,1497
CCDS74631.2|Hs110|chr2,3546
CCDS74632.1|Hs110|chr2,564
CCDS74645.1|Hs110|chr2,924
CCDS74646.1|Hs110|chr2,2277
CCDS74647.1|Hs110|chr2,981
CCDS74648.1|Hs110|chr2,795
CCDS74656.1|Hs110|chr2,642
CCDS74657.1|Hs110|chr2,1695
CCDS74661.1|Hs110|chr2,6543
CCDS74662.1|Hs110|chr2,666
CCDS74665.1|Hs110|chr2,618
CCDS74666.1|Hs110|chr2,2457
CCDS74668.1|Hs110|chr2,630
CCDS74669.1|Hs110|chr2,1812
CCDS74671.1|Hs110|chr2,570
CCDS74672.1|Hs110|chr2,3570
CCDS74677.1|Hs110|chr2,2493
CCDS74681.1|Hs110|chr2,2109
CCDS74682.1|Hs110|chr2,1191
CCDS74684.1|Hs110|chr2,1164
CCDS74685.1|Hs110|chr20,1089
CCDS74688.1|Hs110|chr20,294
CCDS74692.1|Hs110|chr20,1530
CCDS74693.1|Hs110|chr20,1923
CCDS74694.1|Hs110|chr20,357
CCDS74696.1|Hs110|chr20,1131
CCDS74700.1|Hs110|chr20,1551
CCDS74701.1|Hs110|chr20,1470
CCDS74702.1|Hs110|chr20,1758
CCDS74703.2|Hs110|chr20,1680
CCDS74705.1|Hs110|chr20,1875
CCDS74706.1|Hs110|chr20,2022
CCDS74707.1|Hs110|chr20,1713
CCDS74708.1|Hs110|chr20,1623
CCDS74709.1|Hs110|chr20,1374
CCDS74710.1|Hs110|chr20,909
CCDS74718.1|Hs110|chr20,2043
CCDS74719.1|Hs110|chr20,2565
CCDS74720.1|Hs110|chr20,3213
CCDS74725.1|Hs110|chr20,1161
CCDS74726.1|Hs110|chr20,891
CCDS74727.1|Hs110|chr20,837
CCDS74733.1|Hs110|chr20,240
CCDS74734.1|Hs110|chr20,399
CCDS74736.1|Hs110|chr20,2040
CCDS74738.1|Hs110|chr20,3561
CCDS74740.1|Hs110|chr20,318
CCDS74747.1|Hs110|chr20,1107
CCDS74750.1|Hs110|chr20,405
CCDS74751.1|Hs110|chr20,2991
CCDS74752.1|Hs110|chr20,669
CCDS74753.1|Hs110|chr20,459
CCDS74771.1|Hs110|chr21,1656
CCDS74772.1|Hs110|chr21,1602
CCDS74773.1|Hs110|chr21,1542
CCDS74774.1|Hs110|chr21,915
CCDS74775.1|Hs110|chr21,411
CCDS74780.1|Hs110|chr21,264
CCDS74782.1|Hs110|chr21,720
CCDS74784.1|Hs110|chr21,6327
CCDS74788.1|Hs110|chr21,834
CCDS74790.1|Hs110|chr21,516
CCDS74791.1|Hs110|chr21,852
CCDS74792.1|Hs110|chr21,1251
CCDS74796.1|Hs110|chr21,1527
CCDS74803.1|Hs110|chr21,1113
CCDS74806.1|Hs110|chr21,687
CCDS74807.2|Hs110|chr22,948
CCDS74808.1|Hs110|chr22,1638
CCDS74809.1|Hs110|chr22,1176
CCDS74810.1|Hs110|chr22,1530
CCDS74811.1|Hs110|chr22,1386
CCDS74812.1|Hs110|chr22,387
CCDS74813.1|Hs110|chr22,243
CCDS74814.1|Hs110|chr22,279
CCDS74816.1|Hs110|chr22,1041
CCDS74817.1|Hs110|chr22,627
CCDS74821.1|Hs110|chr22,606
CCDS74822.1|Hs110|chr22,324
CCDS74823.1|Hs110|chr22,837
CCDS74824.1|Hs110|chr22,2034
CCDS74828.1|Hs110|chr22,1608
CCDS74830.1|Hs110|chr22,6513
CCDS74831.1|Hs110|chr22,411
CCDS74832.1|Hs110|chr22,414
CCDS74833.1|Hs110|chr22,891
CCDS74834.1|Hs110|chr22,3264
CCDS74837.1|Hs110|chr22,3036
CCDS74840.1|Hs110|chr22,2046
CCDS74842.1|Hs110|chr22,1350
CCDS74845.1|Hs110|chr22,3009
CCDS74846.1|Hs110|chr22,2916
CCDS74847.1|Hs110|chr22,1716
CCDS74849.1|Hs110|chr22,4812
CCDS74851.1|Hs110|chr22,1047
CCDS74852.1|Hs110|chr22,1056
CCDS74854.2|Hs110|chr22,945
CCDS74855.2|Hs110|chr22,642
CCDS74856.1|Hs110|chr22,2409
CCDS74857.1|Hs110|chr22,2475
CCDS74860.1|Hs110|chr22,591
CCDS74865.2|Hs110|chr22,2946
CCDS74866.2|Hs110|chr22,2697
CCDS74868.1|Hs110|chr22,705
CCDS74869.1|Hs110|chr22,168
CCDS74870.1|Hs110|chr22,1707
CCDS74871.1|Hs110|chr22,1680
CCDS74872.1|Hs110|chr22,1194
CCDS74873.1|Hs110|chr22,1317
CCDS74874.1|Hs110|chr22,870
CCDS74875.1|Hs110|chr22,882
CCDS74876.1|Hs110|chr22,3486
CCDS74877.1|Hs110|chr22,1464
CCDS74881.1|Hs110|chr22,2880
CCDS74886.1|Hs110|chr22,2475
CCDS74887.1|Hs110|chr3,3516
CCDS74897.1|Hs110|chr3,756
CCDS74898.1|Hs110|chr3,2073
CCDS74900.1|Hs110|chr3,1749
CCDS74901.1|Hs110|chr3,1437
CCDS74902.1|Hs110|chr3,3345
CCDS74905.1|Hs110|chr3,1791
CCDS74908.1|Hs110|chr3,2700
CCDS74911.1|Hs110|chr3,3384
CCDS74919.1|Hs110|chr3,1359
CCDS74920.1|Hs110|chr3,474
CCDS74922.1|Hs110|chr3,2013
CCDS74924.1|Hs110|chr3,1122
CCDS74930.1|Hs110|chr3,1434
CCDS74940.1|Hs110|chr3,1515
CCDS74941.1|Hs110|chr3,2250
CCDS74943.1|Hs110|chr3,4524
CCDS74944.1|Hs110|chr3,4521
CCDS74945.1|Hs110|chr3,720
CCDS74946.1|Hs110|chr3,1635
CCDS74948.1|Hs110|chr3,1599
CCDS74952.1|Hs110|chr3,1548
CCDS74954.1|Hs110|chr3,1692
CCDS74955.1|Hs110|chr3,1449
CCDS74957.1|Hs110|chr3,459
CCDS74962.1|Hs110|chr3,276
CCDS74963.1|Hs110|chr3,1734
CCDS74964.1|Hs110|chr3,2082
CCDS74969.1|Hs110|chr3,2136
CCDS74975.1|Hs110|chr3,1194
CCDS74991.1|Hs110|chr3,828
CCDS74995.1|Hs110|chr3,3174
CCDS75006.1|Hs110|chr3,2862
CCDS75007.1|Hs110|chr3,2115
CCDS75010.1|Hs110|chr3,1728
CCDS75012.1|Hs110|chr3,318
CCDS75013.1|Hs110|chr3,471
CCDS75014.1|Hs110|chr3,327
CCDS75015.1|Hs110|chr3,327
CCDS75016.1|Hs110|chr3,1833
CCDS75020.1|Hs110|chr3,1803
CCDS75022.1|Hs110|chr3,1740
CCDS75023.1|Hs110|chr3,1665
CCDS75024.1|Hs110|chr3,1338
CCDS75028.1|Hs110|chr3,1380
CCDS75029.1|Hs110|chr3,882
CCDS75046.1|Hs110|chr3,3792
CCDS75054.1|Hs110|chr3,408
CCDS75055.1|Hs110|chr3,1962
CCDS75061.1|Hs110|chr3,1386
CCDS75072.1|Hs110|chr3,2679
CCDS75075.1|Hs110|chr4,1947
CCDS75076.1|Hs110|chr4,1851
CCDS75077.1|Hs110|chr4,1398
CCDS75078.1|Hs110|chr4,1437
CCDS75079.1|Hs110|chr4,1341
CCDS75080.1|Hs110|chr4,2553
CCDS75081.1|Hs110|chr4,2685
CCDS75082.1|Hs110|chr4,1443
CCDS75083.1|Hs110|chr4,900
CCDS75086.1|Hs110|chr4,1683
CCDS75087.1|Hs110|chr4,1269
CCDS75088.1|Hs110|chr4,1167
CCDS75090.1|Hs110|chr4,1188
CCDS75091.1|Hs110|chr4,1083
CCDS75093.1|Hs110|chr4,1041
CCDS75094.1|Hs110|chr4,1989
CCDS75098.1|Hs110|chr4,1989
CCDS75099.1|Hs110|chr4,498
CCDS75102.1|Hs110|chr4,1713
CCDS75104.1|Hs110|chr4,1062
CCDS75105.1|Hs110|chr4,1074
CCDS75110.1|Hs110|chr4,4578
CCDS75111.1|Hs110|chr4,4566
CCDS75113.1|Hs110|chr4,3294
CCDS75115.1|Hs110|chr4,1386
CCDS75119.1|Hs110|chr4,3210
CCDS75121.1|Hs110|chr4,2733
CCDS75122.1|Hs110|chr4,2817
CCDS75123.1|Hs110|chr4,1011
CCDS75124.1|Hs110|chr4,1521
CCDS75125.1|Hs110|chr4,477
CCDS75126.1|Hs110|chr4,2838
CCDS75127.1|Hs110|chr4,2526
CCDS75128.1|Hs110|chr4,405
CCDS75131.1|Hs110|chr4,3051
CCDS75132.1|Hs110|chr4,3015
CCDS75133.1|Hs110|chr4,3117
CCDS75135.1|Hs110|chr4,1335
CCDS75136.1|Hs110|chr4,1587
CCDS75137.1|Hs110|chr4,1110
CCDS75138.1|Hs110|chr4,1704
CCDS75139.1|Hs110|chr4,1005
CCDS75142.1|Hs110|chr4,258
CCDS75144.1|Hs110|chr4,2889
CCDS75147.1|Hs110|chr4,1953
CCDS75150.1|Hs110|chr4,1029
CCDS75151.1|Hs110|chr4,1296
CCDS75152.1|Hs110|chr4,1419
CCDS75153.1|Hs110|chr4,1092
CCDS75154.1|Hs110|chr4,522
CCDS75155.1|Hs110|chr4,3204
CCDS75156.1|Hs110|chr4,3501
CCDS75157.1|Hs110|chr4,1983
CCDS75158.1|Hs110|chr4,3105
CCDS75159.1|Hs110|chr4,345
CCDS75163.1|Hs110|chr4,1314
CCDS75166.1|Hs110|chr4,816
CCDS75169.2|Hs110|chr4,2436
CCDS75171.1|Hs110|chr4,330
CCDS75172.1|Hs110|chr4,357
CCDS75173.1|Hs110|chr4,1254
CCDS75174.1|Hs110|chr4,1443
CCDS75177.1|Hs110|chr4,252
CCDS75179.1|Hs110|chr4,3897
CCDS75185.1|Hs110|chr4,3693
CCDS75186.1|Hs110|chr4,372
CCDS75187.1|Hs110|chr4,1506
CCDS75188.1|Hs110|chr4,1800
CCDS75189.1|Hs110|chr4,462
CCDS75191.1|Hs110|chr4,2493
CCDS75192.1|Hs110|chr4,2691
CCDS75193.1|Hs110|chr4,3405
CCDS75198.1|Hs110|chr4,1077
CCDS75200.1|Hs110|chr4,1506
CCDS75202.1|Hs110|chr4,369
CCDS75203.1|Hs110|chr4,1785
CCDS75204.1|Hs110|chr4,2355
CCDS75205.1|Hs110|chr4,1881
CCDS75206.1|Hs110|chr4,1806
CCDS75207.1|Hs110|chr4,1035
CCDS75208.1|Hs110|chr4,2376
CCDS75209.1|Hs110|chr4,1290
CCDS75211.1|Hs110|chr4,1680
CCDS75212.1|Hs110|chr4,1296
CCDS75214.1|Hs110|chr4,729
CCDS75215.1|Hs110|chr4,726
CCDS75216.1|Hs110|chr4,1362
CCDS75218.1|Hs110|chr4,594
CCDS75219.1|Hs110|chr4,831
CCDS75222.1|Hs110|chr5,372
CCDS75223.1|Hs110|chr5,366
CCDS75225.1|Hs110|chr5,1638
CCDS75227.1|Hs110|chr5,2667
CCDS75228.1|Hs110|chr5,3405
CCDS75229.1|Hs110|chr5,1728
CCDS75230.1|Hs110|chr5,1914
CCDS75232.1|Hs110|chr5,732
CCDS75235.1|Hs110|chr5,906
CCDS75237.1|Hs110|chr5,480
CCDS75238.1|Hs110|chr5,918
CCDS75239.1|Hs110|chr5,1938
CCDS75240.1|Hs110|chr5,888
CCDS75243.1|Hs110|chr5,1314
CCDS75244.1|Hs110|chr5,1749
CCDS75245.1|Hs110|chr5,2238
CCDS75248.1|Hs110|chr5,1653
CCDS75250.1|Hs110|chr5,2016
CCDS75252.1|Hs110|chr5,1146
CCDS75254.1|Hs110|chr5,7290
CCDS75255.1|Hs110|chr5,1161
CCDS75256.1|Hs110|chr5,849
CCDS75257.1|Hs110|chr5,1077
CCDS75258.1|Hs110|chr5,597
CCDS75259.1|Hs110|chr5,1398
CCDS75260.1|Hs110|chr5,570
CCDS75261.1|Hs110|chr5,2031
CCDS75262.1|Hs110|chr5,4578
CCDS75263.1|Hs110|chr5,390
CCDS75264.1|Hs110|chr5,1017
CCDS75265.1|Hs110|chr5,1326
CCDS75266.1|Hs110|chr5,1443
CCDS75268.1|Hs110|chr5,1110
CCDS75269.1|Hs110|chr5,1431
CCDS75270.1|Hs110|chr5,1509
CCDS75274.1|Hs110|chr5,576
CCDS75275.1|Hs110|chr5,2079
CCDS75279.1|Hs110|chr5,1911
CCDS75282.1|Hs110|chr5,1974
CCDS75283.1|Hs110|chr5,3837
CCDS75284.1|Hs110|chr5,1335
CCDS75286.1|Hs110|chr5,363
CCDS75287.1|Hs110|chr5,2151
CCDS75288.1|Hs110|chr5,3144
CCDS75289.1|Hs110|chr5,9147
CCDS75290.1|Hs110|chr5,915
CCDS75292.2|Hs110|chr5,1122
CCDS75295.1|Hs110|chr5,2109
CCDS75296.1|Hs110|chr5,2181
CCDS75297.1|Hs110|chr5,1158
CCDS75298.1|Hs110|chr5,1323
CCDS75299.1|Hs110|chr5,1101
CCDS75300.1|Hs110|chr5,471
CCDS75301.1|Hs110|chr5,579
CCDS75302.1|Hs110|chr5,345
CCDS75303.1|Hs110|chr5,1206
CCDS75305.1|Hs110|chr5,2376
CCDS75306.1|Hs110|chr5,3099
CCDS75307.1|Hs110|chr5,468
CCDS75308.1|Hs110|chr5,1398
CCDS75309.1|Hs110|chr5,1152
CCDS75311.1|Hs110|chr5,1110
CCDS75313.1|Hs110|chr5,1215
CCDS75314.1|Hs110|chr5,1272
CCDS75315.1|Hs110|chr5,1611
CCDS75317.1|Hs110|chr5,618
CCDS75319.1|Hs110|chr5,1746
CCDS75320.1|Hs110|chr5,1500
CCDS75323.1|Hs110|chr5,1188
CCDS75324.1|Hs110|chr5,1308
CCDS75325.1|Hs110|chr5,2535
CCDS75326.1|Hs110|chr5,2433
CCDS75327.1|Hs110|chr5,2379
CCDS75328.1|Hs110|chr5,2394
CCDS75329.1|Hs110|chr5,2490
CCDS75330.1|Hs110|chr5,2433
CCDS75331.1|Hs110|chr5,2556
CCDS75332.1|Hs110|chr5,2436
CCDS75333.1|Hs110|chr5,2442
CCDS75334.1|Hs110|chr5,2445
CCDS75335.1|Hs110|chr5,2457
CCDS75336.1|Hs110|chr5,2454
CCDS75337.1|Hs110|chr5,2412
CCDS75338.1|Hs110|chr5,2463
CCDS75339.1|Hs110|chr5,2772
CCDS75340.1|Hs110|chr5,2457
CCDS75341.1|Hs110|chr5,2487
CCDS75342.1|Hs110|chr5,2463
CCDS75343.1|Hs110|chr5,2553
CCDS75344.1|Hs110|chr5,2427
CCDS75345.1|Hs110|chr5,2514
CCDS75346.1|Hs110|chr5,2463
CCDS75347.1|Hs110|chr5,405
CCDS75348.1|Hs110|chr5,2592
CCDS75349.1|Hs110|chr5,2616
CCDS75350.1|Hs110|chr5,2637
CCDS75351.1|Hs110|chr5,1224
CCDS75352.1|Hs110|chr5,2463
CCDS75353.1|Hs110|chr5,1236
CCDS75358.1|Hs110|chr5,2478
CCDS75359.1|Hs110|chr5,1860
CCDS75361.1|Hs110|chr5,717
CCDS75364.1|Hs110|chr5,3762
CCDS75368.1|Hs110|chr5,870
CCDS75373.1|Hs110|chr5,675
CCDS75382.1|Hs110|chr5,1143
CCDS75386.1|Hs110|chr6,1143
CCDS75387.1|Hs110|chr6,1188
CCDS75388.1|Hs110|chr6,582
CCDS75389.1|Hs110|chr6,1086
CCDS75391.1|Hs110|chr6,966
CCDS75393.1|Hs110|chr6,507
CCDS75394.1|Hs110|chr6,273
CCDS75395.1|Hs110|chr6,312
CCDS75396.1|Hs110|chr6,456
CCDS75397.1|Hs110|chr6,354
CCDS75398.1|Hs110|chr6,1752
CCDS75399.1|Hs110|chr6,1947
CCDS75400.1|Hs110|chr6,2058
CCDS75401.1|Hs110|chr6,1743
CCDS75403.1|Hs110|chr6,441
CCDS75404.1|Hs110|chr6,951
CCDS75405.1|Hs110|chr6,1005
CCDS75407.1|Hs110|chr6,4302
CCDS75408.1|Hs110|chr6,1227
CCDS75409.1|Hs110|chr6,1452
CCDS75410.1|Hs110|chr6,1944
CCDS75411.1|Hs110|chr6,1332
CCDS75412.1|Hs110|chr6,1014
CCDS75414.1|Hs110|chr6,1035
CCDS75415.1|Hs110|chr6,813
CCDS75419.1|Hs110|chr6,2304
CCDS75420.1|Hs110|chr6,495
CCDS75421.1|Hs110|chr6,708
CCDS75422.1|Hs110|chr6,1023
CCDS75423.1|Hs110|chr6,1056
CCDS75425.1|Hs110|chr6,3702
CCDS75427.1|Hs110|chr6,987
CCDS75428.1|Hs110|chr6,1521
CCDS75429.1|Hs110|chr6,1263
CCDS75430.1|Hs110|chr6,1644
CCDS75432.1|Hs110|chr6,2598
CCDS75435.1|Hs110|chr6,1548
CCDS75436.1|Hs110|chr6,1470
CCDS75437.1|Hs110|chr6,297
CCDS75438.1|Hs110|chr6,216
CCDS75440.1|Hs110|chr6,849
CCDS75441.1|Hs110|chr6,783
CCDS75442.1|Hs110|chr6,3066
CCDS75444.1|Hs110|chr6,726
CCDS75447.1|Hs110|chr6,14124
CCDS75449.1|Hs110|chr6,798
CCDS75451.1|Hs110|chr6,558
CCDS75452.1|Hs110|chr6,729
CCDS75455.1|Hs110|chr6,3663
CCDS75457.1|Hs110|chr6,891
CCDS75458.1|Hs110|chr6,678
CCDS75459.1|Hs110|chr6,1629
CCDS75461.1|Hs110|chr6,1134
CCDS75462.1|Hs110|chr6,900
CCDS75463.1|Hs110|chr6,1152
CCDS75465.1|Hs110|chr6,894
CCDS75468.2|Hs110|chr6,2289
CCDS75470.1|Hs110|chr6,789
CCDS75471.1|Hs110|chr6,1800
CCDS75472.1|Hs110|chr6,714
CCDS75473.1|Hs110|chr6,927
CCDS75474.1|Hs110|chr6,16614
CCDS75476.1|Hs110|chr6,1530
CCDS75477.1|Hs110|chr6,477
CCDS75478.1|Hs110|chr6,1374
CCDS75480.1|Hs110|chr6,3534
CCDS75481.1|Hs110|chr6,3789
CCDS75483.1|Hs110|chr6,2160
CCDS75485.1|Hs110|chr6,393
CCDS75486.1|Hs110|chr6,4017
CCDS75487.1|Hs110|chr6,1326
CCDS75490.1|Hs110|chr6,2814
CCDS75491.1|Hs110|chr6,1395
CCDS75492.1|Hs110|chr6,444
CCDS75493.1|Hs110|chr6,231
CCDS75494.1|Hs110|chr6,840
CCDS75495.1|Hs110|chr6,471
CCDS75497.1|Hs110|chr6,2196
CCDS75498.1|Hs110|chr6,276
CCDS75499.1|Hs110|chr6,243
CCDS75500.1|Hs110|chr6,519
CCDS75501.1|Hs110|chr6,423
CCDS75503.1|Hs110|chr6,1329
CCDS75504.1|Hs110|chr6,645
CCDS75505.1|Hs110|chr6,798
CCDS75508.1|Hs110|chr6,2811
CCDS75511.1|Hs110|chr6,861
CCDS75513.1|Hs110|chr6,576
CCDS75514.1|Hs110|chr6,309
CCDS75516.1|Hs110|chr6,204
CCDS75517.1|Hs110|chr6,4320
CCDS75520.1|Hs110|chr6,1047
CCDS75521.1|Hs110|chr6,1938
CCDS75523.1|Hs110|chr6,1758
CCDS75525.1|Hs110|chr6,2757
CCDS75527.1|Hs110|chr6,2340
CCDS75528.1|Hs110|chr6,1968
CCDS75529.1|Hs110|chr6,2139
CCDS75530.1|Hs110|chr6,828
CCDS75531.1|Hs110|chr6,843
CCDS75533.1|Hs110|chr6,753
CCDS75534.1|Hs110|chr6,753
CCDS75535.1|Hs110|chr6,2940
CCDS75536.1|Hs110|chr6,2742
CCDS75539.1|Hs110|chr6,840
CCDS75540.1|Hs110|chr6,708
CCDS75541.1|Hs110|chr6,4050
CCDS75542.1|Hs110|chr6,513
CCDS75544.1|Hs110|chr6,4815
CCDS75546.1|Hs110|chr6,1002
CCDS75547.1|Hs110|chr6,201
CCDS75550.1|Hs110|chr6,1056
CCDS75553.1|Hs110|chr6,5232
CCDS75554.1|Hs110|chr6,1815
CCDS75555.1|Hs110|chr6,2802
CCDS75557.1|Hs110|chr6,666
CCDS75558.1|Hs110|chr7,840
CCDS75559.1|Hs110|chr7,2109
CCDS75560.1|Hs110|chr7,1893
CCDS75561.1|Hs110|chr7,1551
CCDS75563.1|Hs110|chr7,3015
CCDS75565.1|Hs110|chr7,1650
CCDS75569.1|Hs110|chr7,543
CCDS75570.1|Hs110|chr7,723
CCDS75573.1|Hs110|chr7,2436
CCDS75574.1|Hs110|chr7,1380
CCDS75576.1|Hs110|chr7,1164
CCDS75579.1|Hs110|chr7,1173
CCDS75580.1|Hs110|chr7,1101
CCDS75581.1|Hs110|chr7,918
CCDS75582.1|Hs110|chr7,1206
CCDS75583.1|Hs110|chr7,828
CCDS75584.1|Hs110|chr7,2067
CCDS75587.1|Hs110|chr7,2175
CCDS75591.1|Hs110|chr7,2589
CCDS75592.1|Hs110|chr7,318
CCDS75593.1|Hs110|chr7,1017
CCDS75594.1|Hs110|chr7,474
CCDS75596.1|Hs110|chr7,1560
CCDS75598.1|Hs110|chr7,1329
CCDS75599.1|Hs110|chr7,1299
CCDS75601.1|Hs110|chr7,1140
CCDS75602.1|Hs110|chr7,3816
CCDS75604.1|Hs110|chr7,723
CCDS75605.1|Hs110|chr7,2559
CCDS75606.1|Hs110|chr7,2463
CCDS75607.1|Hs110|chr7,303
CCDS75608.1|Hs110|chr7,1665
CCDS75609.1|Hs110|chr7,1533
CCDS75613.1|Hs110|chr7,642
CCDS75615.2|Hs110|chr7,453
CCDS75616.1|Hs110|chr7,2361
CCDS75617.1|Hs110|chr7,1854
CCDS75618.1|Hs110|chr7,756
CCDS75620.1|Hs110|chr7,990
CCDS75622.1|Hs110|chr7,696
CCDS75623.1|Hs110|chr7,4326
CCDS75626.1|Hs110|chr7,1410
CCDS75627.1|Hs110|chr7,1272
CCDS75628.1|Hs110|chr7,1023
CCDS75629.1|Hs110|chr7,1140
CCDS75631.1|Hs110|chr7,1368
CCDS75632.1|Hs110|chr7,1458
CCDS75634.1|Hs110|chr7,1191
CCDS75636.1|Hs110|chr7,1206
CCDS75637.1|Hs110|chr7,1080
CCDS75640.1|Hs110|chr7,1053
CCDS75642.1|Hs110|chr7,3681
CCDS75643.1|Hs110|chr7,846
CCDS75651.1|Hs110|chr7,2394
CCDS75652.1|Hs110|chr7,3636
CCDS75655.1|Hs110|chr7,306
CCDS75656.1|Hs110|chr7,234
CCDS75659.1|Hs110|chr7,1296
CCDS75661.1|Hs110|chr7,1560
CCDS75662.1|Hs110|chr7,2616
CCDS75663.1|Hs110|chr7,210
CCDS75665.1|Hs110|chr7,1272
CCDS75666.1|Hs110|chr7,3516
CCDS75667.1|Hs110|chr7,3597
CCDS75669.1|Hs110|chr7,1437
CCDS75670.1|Hs110|chr7,498
CCDS75672.1|Hs110|chr7,2190
CCDS75674.1|Hs110|chr7,3093
CCDS75676.1|Hs110|chr7,1089
CCDS75680.1|Hs110|chr7,747
CCDS75682.1|Hs110|chr7,2406
CCDS75683.1|Hs110|chr7,2598
CCDS75684.1|Hs110|chr7,2412
CCDS75696.1|Hs110|chr8,1062
CCDS75697.1|Hs110|chr8,999
CCDS75703.1|Hs110|chr8,411
CCDS75706.1|Hs110|chr8,972
CCDS75708.1|Hs110|chr8,903
CCDS75712.1|Hs110|chr8,1632
CCDS75717.1|Hs110|chr8,1602
CCDS75718.1|Hs110|chr8,1428
CCDS75723.1|Hs110|chr8,813
CCDS75724.1|Hs110|chr8,690
CCDS75725.1|Hs110|chr8,702
CCDS75727.1|Hs110|chr8,927
CCDS75731.1|Hs110|chr8,522
CCDS75732.1|Hs110|chr8,1278
CCDS75734.1|Hs110|chr8,12294
CCDS75735.1|Hs110|chr8,12387
CCDS75737.1|Hs110|chr8,1443
CCDS75738.1|Hs110|chr8,501
CCDS75739.1|Hs110|chr8,591
CCDS75740.1|Hs110|chr8,435
CCDS75741.1|Hs110|chr8,408
CCDS75742.1|Hs110|chr8,975
CCDS75746.1|Hs110|chr8,885
CCDS75747.1|Hs110|chr8,1758
CCDS75748.1|Hs110|chr8,1767
CCDS75749.1|Hs110|chr8,1605
CCDS75750.1|Hs110|chr8,1761
CCDS75752.1|Hs110|chr8,486
CCDS75754.1|Hs110|chr8,939
CCDS75755.1|Hs110|chr8,348
CCDS75756.1|Hs110|chr8,480
CCDS75757.1|Hs110|chr8,717
CCDS75758.1|Hs110|chr8,702
CCDS75759.1|Hs110|chr8,744
CCDS75760.1|Hs110|chr8,843
CCDS75761.1|Hs110|chr8,657
CCDS75765.1|Hs110|chr8,1068
CCDS75766.1|Hs110|chr8,1992
CCDS75767.1|Hs110|chr8,1755
CCDS75772.1|Hs110|chr8,1086
CCDS75774.1|Hs110|chr8,1143
CCDS75775.1|Hs110|chr8,3252
CCDS75780.1|Hs110|chr8,531
CCDS75784.1|Hs110|chr8,885
CCDS75788.1|Hs110|chr8,3369
CCDS75791.1|Hs110|chr8,2976
CCDS75795.1|Hs110|chr8,2427
CCDS75796.1|Hs110|chr8,1707
CCDS75797.1|Hs110|chr8,1671
CCDS75800.1|Hs110|chr8,15267
CCDS75802.1|Hs110|chr8,3867
CCDS75803.1|Hs110|chr8,4899
CCDS75804.1|Hs110|chr8,3627
CCDS75807.1|Hs110|chr9,747
CCDS75808.1|Hs110|chr9,837
CCDS75809.1|Hs110|chr9,1242
CCDS75810.1|Hs110|chr9,648
CCDS75811.1|Hs110|chr9,4161
CCDS75813.1|Hs110|chr9,4491
CCDS75819.1|Hs110|chr9,1230
CCDS75820.1|Hs110|chr9,222
CCDS75825.1|Hs110|chr9,3246
CCDS75826.1|Hs110|chr9,294
CCDS75827.1|Hs110|chr9,867
CCDS75829.1|Hs110|chr9,2112
CCDS75830.1|Hs110|chr9,933
CCDS75832.1|Hs110|chr9,189
CCDS75833.1|Hs110|chr9,219
CCDS75835.1|Hs110|chr9,1161
CCDS75836.1|Hs110|chr9,3867
CCDS75837.1|Hs110|chr9,4032
CCDS75838.1|Hs110|chr9,4044
CCDS75841.1|Hs110|chr9,1044
CCDS75843.1|Hs110|chr9,342
CCDS75844.1|Hs110|chr9,531
CCDS75845.1|Hs110|chr9,1251
CCDS75846.1|Hs110|chr9,3180
CCDS75851.1|Hs110|chr9,2115
CCDS75852.1|Hs110|chr9,1662
CCDS75854.1|Hs110|chr9,3837
CCDS75857.1|Hs110|chr9,636
CCDS75858.1|Hs110|chr9,6894
CCDS75859.1|Hs110|chr9,1887
CCDS75860.1|Hs110|chr9,2427
CCDS75861.1|Hs110|chr9,1479
CCDS75865.1|Hs110|chr9,2787
CCDS75867.1|Hs110|chr9,258
CCDS75868.1|Hs110|chr9,1959
CCDS75872.1|Hs110|chr9,288
CCDS75874.1|Hs110|chr9,2352
CCDS75884.1|Hs110|chr9,495
CCDS75888.1|Hs110|chr9,4992
CCDS75889.1|Hs110|chr9,1800
CCDS75890.1|Hs110|chr9,2304
CCDS75891.1|Hs110|chr9,2247
CCDS75892.1|Hs110|chr9,507
CCDS75894.1|Hs110|chr9,291
CCDS75895.1|Hs110|chr9,1656
CCDS75898.1|Hs110|chr9,948
CCDS75899.1|Hs110|chr9,801
CCDS75903.1|Hs110|chr9,945
CCDS75904.1|Hs110|chr9,1095
CCDS75905.1|Hs110|chr9,1686
CCDS75906.1|Hs110|chr9,1431
CCDS75908.1|Hs110|chr9,261
CCDS75910.1|Hs110|chr9,2865
CCDS75911.1|Hs110|chr9,2556
CCDS75912.1|Hs110|chr9,2595
CCDS75914.1|Hs110|chr9,7359
CCDS75915.1|Hs110|chr9,1551
CCDS75917.1|Hs110|chr9,867
CCDS75918.1|Hs110|chr9,408
CCDS75919.1|Hs110|chr9,1179
CCDS75925.1|Hs110|chr9,1173
CCDS75927.1|Hs110|chr9,1038
CCDS75928.1|Hs110|chr9,576
CCDS75929.1|Hs110|chr9,681
CCDS75932.1|Hs110|chr9,5517
CCDS75936.1|Hs110|chr9,7005
CCDS75940.1|Hs110|chr9,996
CCDS75941.1|Hs110|chr9,762
CCDS75942.1|Hs110|chr9,741
CCDS75943.1|Hs110|chrX,1551
CCDS75943.1|Hs110|chrY,1551
CCDS75944.1|Hs110|chrX,780
CCDS75944.1|Hs110|chrY,780
CCDS75945.1|Hs110|chrX,1116
CCDS75945.1|Hs110|chrY,1116
CCDS75947.1|Hs110|chrX,483
CCDS75947.1|Hs110|chrY,483
CCDS75948.1|Hs110|chrX,1845
CCDS75949.2|Hs110|chrX,1608
CCDS75951.1|Hs110|chrX,645
CCDS75952.1|Hs110|chrX,1623
CCDS75954.1|Hs110|chrX,1056
CCDS75958.1|Hs110|chrX,483
CCDS75963.1|Hs110|chrX,1680
CCDS75967.1|Hs110|chrX,2181
CCDS75968.1|Hs110|chrX,684
CCDS75969.1|Hs110|chrX,2988
CCDS75972.1|Hs110|chrX,579
CCDS75973.1|Hs110|chrX,1221
CCDS75974.1|Hs110|chrX,675
CCDS75975.1|Hs110|chrX,657
CCDS75976.1|Hs110|chrX,762
CCDS75980.1|Hs110|chrX,3816
CCDS75982.1|Hs110|chrX,246
CCDS75983.1|Hs110|chrX,210
CCDS75985.1|Hs110|chrX,3636
CCDS75987.1|Hs110|chrX,2688
CCDS75991.1|Hs110|chrX,1545
CCDS75992.1|Hs110|chrX,1545
CCDS75993.1|Hs110|chrX,615
CCDS75994.1|Hs110|chrX,2142
CCDS75995.1|Hs110|chrX,699
CCDS75996.1|Hs110|chrX,624
CCDS75997.1|Hs110|chrX,4269
CCDS75998.1|Hs110|chrX,207
CCDS76001.1|Hs110|chrX,390
CCDS76002.1|Hs110|chrX,1452
CCDS76003.1|Hs110|chrX,2082
CCDS76004.1|Hs110|chrX,1077
CCDS76005.1|Hs110|chrX,1230
CCDS76008.1|Hs110|chrX,4902
CCDS76009.1|Hs110|chrX,5001
CCDS76010.1|Hs110|chrX,5124
CCDS76011.1|Hs110|chrX,402
CCDS76013.1|Hs110|chrX,186
CCDS76014.1|Hs110|chrX,1512
CCDS76017.1|Hs110|chrX,435
CCDS76018.1|Hs110|chrX,3177
CCDS76019.1|Hs110|chrX,3213
CCDS76020.1|Hs110|chrX,1062
CCDS76021.1|Hs110|chrX,873
CCDS76024.1|Hs110|chrX,354
CCDS76028.1|Hs110|chrX,240
CCDS76030.1|Hs110|chrX,570
CCDS76031.1|Hs110|chrX,570
CCDS76032.1|Hs110|chrX,570
CCDS76033.1|Hs110|chrX,570
CCDS76034.1|Hs110|chrX,570
CCDS76035.1|Hs110|chrX,570
CCDS76036.1|Hs110|chrX,585
CCDS76039.1|Hs110|chrX,1761
CCDS76040.1|Hs110|chrX,3831
CCDS76041.1|Hs110|chrX,522
CCDS76044.1|Hs110|chrX,819
CCDS76045.1|Hs110|chrX,945
CCDS76046.1|Hs110|chrX,945
CCDS76047.1|Hs110|chrX,237
CCDS76048.1|Hs110|chrX,945
CCDS76049.1|Hs110|chrX,945
CCDS76050.1|Hs110|chrX,945
CCDS76051.1|Hs110|chrX,930
CCDS76054.1|Hs110|chrX,687
CCDS76060.1|Hs110|chrX,735
CCDS76066.1|Hs110|chrY,4023
CCDS76071.1|Hs110|chrY,885
CCDS76073.1|Hs110|chrY,3795
CCDS76074.1|Hs110|chrY,4170
CCDS76075.1|Hs110|chrY,4092
CCDS76076.1|Hs110|chrY,4200
CCDS76077.1|Hs110|chrY,4104
CCDS76078.1|Hs110|chrY,4008
CCDS76079.1|Hs110|chrY,4335
CCDS76083.1,2373
CCDS76097.1,3576
CCDS76105.1,882
CCDS76106.1,1437
CCDS76107.1,882
CCDS76108.1,1437
CCDS76109.1,1425
CCDS76112.1,276
CCDS76124.1,1368
CCDS76126.1,1575
CCDS76133.1,1023
CCDS76134.1,333
CCDS76138.1,1443
CCDS76154.1,1209
CCDS76160.1,1074
CCDS76162.1,666
CCDS76163.1,1281
CCDS76166.1,1254
CCDS76171.1,1896
CCDS76172.1,1230
CCDS76174.1,3372
CCDS76177.1,375
CCDS76178.1,498
CCDS76179.1,2466
CCDS76180.1,4365
CCDS76181.1,1506
CCDS76188.1,900
CCDS76189.1,1179
CCDS76191.1,2352
CCDS76192.1,1716
CCDS76193.1,591
CCDS76196.1,1095
CCDS76197.1,495
CCDS76201.1,495
CCDS76202.1,495
CCDS76204.1,3075
CCDS76206.1,11388
CCDS76210.1,681
CCDS76211.1,816
CCDS76216.1,612
CCDS76219.1,468
CCDS76220.1,570
CCDS76223.1,303
CCDS76227.1,327
CCDS76243.1,384
CCDS76257.1,1455
CCDS76258.1,474
CCDS76261.1,2370
CCDS76262.1,3213
CCDS76271.1,708
CCDS76275.1,468
CCDS76278.1,234
CCDS76281.10,603
CCDS76284.10,1458
CCDS76290.10,1251
CCDS76299.10,270
CCDS76301.10,423
CCDS76303.10,3963
CCDS76319.10,681
CCDS76325.10,876
CCDS76326.10,2436
CCDS76327.10,3015
CCDS76331.10,495
CCDS76332.10,903
CCDS76334.10,3615
CCDS76335.10,1230
CCDS76348.10,8481
CCDS76349.10,8628
CCDS76351.10,3027
CCDS76352.10,1728
CCDS76359.10,5661
CCDS76362.10,1392
CCDS76364.10,330
CCDS76369.11,16965
CCDS76388.11,1284
CCDS76390.11,8778
CCDS76392.11,729
CCDS76394.11,891
CCDS76395.11,558
CCDS76396.11,2871
CCDS76399.11,2073
CCDS76402.11,1188
CCDS76403.11,1176
CCDS76404.11,1083
CCDS76407.11,1101
CCDS76408.11,1542
CCDS76415.11,2754
CCDS76417.11,960
CCDS76418.11,948
CCDS76421.11,1101
CCDS76422.11,969
CCDS76424.11,750
CCDS76425.11,1329
CCDS76429.11,753
CCDS76431.11,681
CCDS76432.11,1227
CCDS76434.11,489
CCDS76436.11,510
CCDS76437.11,408
CCDS76439.11,2835
CCDS76440.11,1536
CCDS76443.11,1056
CCDS76444.11,1113
CCDS76450.11,213
CCDS76454.11,693
CCDS76457.11,1554
CCDS76458.11,1509
CCDS76459.11,1584
CCDS76461.11,2709
CCDS76463.11,1401
CCDS76472.11,987
CCDS76473.11,5949
CCDS76479.11,372
CCDS76482.11,873
CCDS76485.11,2796
CCDS76487.11,4326
CCDS76489.11,585
CCDS76491.11,1680
CCDS76493.11,981
CCDS76499.12,321
CCDS76500.12,906
CCDS76501.12,681
CCDS76504.12,3261
CCDS76506.12,2247
CCDS76510.12,5718
CCDS76512.12,732
CCDS76513.12,660
CCDS76515.12,294
CCDS76516.12,276
CCDS76517.12,564
CCDS76522.12,456
CCDS76523.12,447
CCDS76524.12,330
CCDS76526.12,546
CCDS76527.12,195
CCDS76528.12,567
CCDS76531.12,687
CCDS76532.12,309
CCDS76533.12,564
CCDS76542.12,3930
CCDS76544.12,2556
CCDS76548.12,381
CCDS76551.12,1221
CCDS76556.12,1560
CCDS76561.12,1620
CCDS76563.12,858
CCDS76567.12,717
CCDS76574.12,1179
CCDS76577.12,2733
CCDS76578.12,729
CCDS76581.12,1152
CCDS76582.12,1260
CCDS76584.12,387
CCDS76588.12,9291
CCDS76589.12,1245
CCDS76590.12,1773
CCDS76597.12,465
CCDS76599.12,1461
CCDS76602.12,1122
CCDS76605.12,2247
CCDS76609.12,654
CCDS76610.12,1227
CCDS76611.12,1917
CCDS76613.12,882
CCDS76617.12,1053
CCDS76618.12,561
CCDS76619.12,945
CCDS76626.13,1500
CCDS76635.13,666
CCDS76636.13,2130
CCDS76643.13,2355
CCDS76644.13,1122
CCDS76645.13,3765
CCDS76649.13,1560
CCDS76655.24,948
CCDS76656.14,2721
CCDS76658.14,810
CCDS76660.14,1521
CCDS76662.14,759
CCDS76665.14,636
CCDS76666.14,411
CCDS76669.14,1983
CCDS76671.14,438
CCDS76672.14,849
CCDS76675.14,1758
CCDS76676.14,5322
CCDS76677.14,6069
CCDS76684.14,1458
CCDS76685.14,201
CCDS76689.14,261
CCDS76690.14,3660
CCDS76691.14,639
CCDS76695.14,6693
CCDS76706.14,390
CCDS76718.14,921
CCDS76725.14,1542
CCDS76728.15,2730
CCDS76733.15,1794
CCDS76737.15,849
CCDS76738.15,1074
CCDS76745.15,792
CCDS76746.15,840
CCDS76749.15,873
CCDS76750.15,1104
CCDS76754.15,1890
CCDS76756.15,726
CCDS76757.15,396
CCDS76760.15,1611
CCDS76761.15,1341
CCDS76767.15,852
CCDS76769.15,744
CCDS76772.15,918
CCDS76777.15,1686
CCDS76779.15,1413
CCDS76781.15,246
CCDS76785.15,639
CCDS76786.15,483
CCDS76790.15,1269
CCDS76791.15,5730
CCDS76792.15,1203
CCDS76794.15,1218
CCDS76795.15,552
CCDS76796.15,630
CCDS76797.16,696
CCDS76798.16,1125
CCDS76806.16,573
CCDS76809.16,2151
CCDS76810.16,297
CCDS76811.16,705
CCDS76813.16,1584
CCDS76814.16,1326
CCDS76818.16,1278
CCDS76819.16,429
CCDS76820.16,534
CCDS76821.16,312
CCDS76822.16,2958
CCDS76823.16,3300
CCDS76829.16,327
CCDS76830.16,303
CCDS76831.16,315
CCDS76832.16,387
CCDS76833.16,597
CCDS76835.16,1413
CCDS76837.16,2865
CCDS76838.16,1497
CCDS76841.16,558
CCDS76842.16,273
CCDS76844.16,1605
CCDS76845.16,2625
CCDS76850.16,3207
CCDS76851.16,1008
CCDS76853.16,618
CCDS76855.16,573
CCDS76856.16,993
CCDS76861.16,1437
CCDS76862.16,1395
CCDS76865.16,8694
CCDS76866.16,882
CCDS76868.16,3810
CCDS76869.16,1755
CCDS76872.16,135
CCDS76873.16,189
CCDS76876.16,900
CCDS76877.16,801
CCDS76879.16,1290
CCDS76882.16,891
CCDS76883.16,1065
CCDS76892.16,342
CCDS76895.16,1758
CCDS76897.16,1332
CCDS76899.16,231
CCDS76900.16,321
CCDS76901.16,366
CCDS76904.16,378
CCDS76909.16,1662
CCDS76920.17,258
CCDS76927.17,225
CCDS76937.17,2619
CCDS76951.17,1233
CCDS76957.17,1647
CCDS76978.17,1053
CCDS76981.17,2550
CCDS76985.17,1608
CCDS76991.17,2886
CCDS76992.17,1311
CCDS76993.17,2553
CCDS76996.17,1182
CCDS76999.17,195
CCDS77000.17,312
CCDS77001.17,312
CCDS77002.17,291
CCDS77003.17,261
CCDS77004.17,195
CCDS77005.17,207
CCDS77007.17,1374
CCDS77009.17,1650
CCDS77013.17,810
CCDS77014.17,447
CCDS77015.17,900
CCDS77016.17,3168
CCDS77017.17,1812
CCDS77022.17,1536
CCDS77023.17,1518
CCDS77026.17,1119
CCDS77037.17,2814
CCDS77038.17,2514
CCDS77039.17,648
CCDS77040.17,3546
CCDS77076.17,543
CCDS77087.17,747
CCDS77088.17,762
CCDS77091.17,2259
CCDS77093.17,2742
CCDS77101.17,420
CCDS77102.17,621
CCDS77103.17,423
CCDS77104.17,408
CCDS77107.17,312
CCDS77108.17,249
CCDS77109.17,306
CCDS77115.17,879
CCDS77122.17,1704
CCDS77132.17,279
CCDS77133.17,708
CCDS77144.18,1260
CCDS77145.18,534
CCDS77146.18,2082
CCDS77153.18,315
CCDS77154.18,456
CCDS77155.18,1161
CCDS77156.18,1515
CCDS77159.18,645
CCDS77160.18,1071
CCDS77164.18,807
CCDS77165.18,831
CCDS77166.18,1188
CCDS77167.18,3276
CCDS77168.18,1188
CCDS77169.18,675
CCDS77170.18,2604
CCDS77172.18,2628
CCDS77173.18,2103
CCDS77174.18,2676
CCDS77175.18,582
CCDS77177.18,414
CCDS77178.18,831
CCDS77180.18,2475
CCDS77181.18,774
CCDS77182.18,3036
CCDS77183.18,1038
CCDS77184.18,1239
CCDS77187.18,1281
CCDS77188.18,702
CCDS77189.18,1131
CCDS77190.18,477
CCDS77191.18,1791
CCDS77192.18,1932
CCDS77193.18,486
CCDS77194.18,1278
CCDS77195.18,1203
CCDS77196.18,918
CCDS77197.18,546
CCDS77198.18,765
CCDS77199.18,3234
CCDS77200.18,264
CCDS77201.18,5544
CCDS77202.18,3411
CCDS77203.19,849
CCDS77204.19,897
CCDS77205.19,993
CCDS77210.19,459
CCDS77214.19,681
CCDS77217.19,489
CCDS77221.19,423
CCDS77225.19,2274
CCDS77227.19,516
CCDS77228.19,1173
CCDS77230.19,1131
CCDS77231.19,768
CCDS77234.19,1278
CCDS77237.19,1608
CCDS77238.19,744
CCDS77240.19,1917
CCDS77246.19,660
CCDS77249.19,1758
CCDS77254.19,2163
CCDS77256.19,1920
CCDS77262.19,3102
CCDS77264.19,516
CCDS77266.19,1239
CCDS77267.19,720
CCDS77270.19,1905
CCDS77271.19,951
CCDS77278.19,519
CCDS77279.19,612
CCDS77281.19,468
CCDS77285.19,876
CCDS77293.19,396
CCDS77295.19,2079
CCDS77297.19,2433
CCDS77298.19,1707
CCDS77302.19,2106
CCDS77303.19,636
CCDS77305.19,2946
CCDS77308.19,1422
CCDS77310.19,894
CCDS77311.19,723
CCDS77312.19,1002
CCDS77314.19,1002
CCDS77321.19,477
CCDS77322.19,435
CCDS77323.19,471
CCDS77325.19,1080
CCDS77326.19,1275
CCDS77327.19,423
CCDS77328.19,414
CCDS77334.19,1239
CCDS77335.19,2580
CCDS77337.19,744
CCDS77341.19,312
CCDS77346.19,1479
CCDS77347.19,582
CCDS77348.19,453
CCDS77353.19,213
CCDS77358.19,1437
CCDS77363.19,1050
CCDS77365.19,2121
CCDS77368.19,1326
CCDS77369.19,306
CCDS77378.1|Hs110|chr2,3561
CCDS77380.1|Hs110|chr2,522
CCDS77385.1|Hs110|chr2,5805
CCDS77387.1|Hs110|chr2,564
CCDS77396.1|Hs110|chr2,6489
CCDS77397.1|Hs110|chr2,315
CCDS77400.1|Hs110|chr2,1080
CCDS77402.1|Hs110|chr2,1698
CCDS77419.1|Hs110|chr2,498
CCDS77420.1|Hs110|chr2,501
CCDS77428.1|Hs110|chr2,1002
CCDS77430.1|Hs110|chr2,519
CCDS77433.1|Hs110|chr2,1263
CCDS77434.1|Hs110|chr2,1317
CCDS77435.1|Hs110|chr2,1038
CCDS77438.1|Hs110|chr2,6174
CCDS77447.1|Hs110|chr2,1734
CCDS77454.1|Hs110|chr2,690
CCDS77455.1|Hs110|chr2,717
CCDS77456.1|Hs110|chr2,498
CCDS77464.1|Hs110|chr2,837
CCDS77472.1|Hs110|chr2,1686
CCDS77475.1|Hs110|chr2,795
CCDS77476.1|Hs110|chr2,768
CCDS77477.1|Hs110|chr2,1155
CCDS77480.1|Hs110|chr2,2208
CCDS77486.1|Hs110|chr2,471
CCDS77488.1|Hs110|chr2,918
CCDS77489.1|Hs110|chr2,1380
CCDS77503.1|Hs110|chr2,753
CCDS77505.1|Hs110|chr2,1389
CCDS77506.1|Hs110|chr2,744
CCDS77511.1|Hs110|chr2,3618
CCDS77514.1|Hs110|chr2,384
CCDS77519.1|Hs110|chr2,2838
CCDS77522.1|Hs110|chr2,6723
CCDS77523.1|Hs110|chr2,6798
CCDS77525.1|Hs110|chr2,6804
CCDS77526.1|Hs110|chr2,7341
CCDS77528.1|Hs110|chr2,5145
CCDS77529.1|Hs110|chr2,5166
CCDS77530.1|Hs110|chr2,1308
CCDS77536.1|Hs110|chr2,1668
CCDS77537.1|Hs110|chr2,1563
CCDS77538.1|Hs110|chr2,282
CCDS77539.1|Hs110|chr2,837
CCDS77540.1|Hs110|chr2,2322
CCDS77543.1|Hs110|chr2,3567
CCDS77545.1|Hs110|chr2,669
CCDS77546.1|Hs110|chr2,381
CCDS77547.1|Hs110|chr2,1914
CCDS77548.1|Hs110|chr2,1065
CCDS77551.1|Hs110|chr2,2532
CCDS77554.1|Hs110|chr20,1158
CCDS77565.1|Hs110|chr20,189
CCDS77575.1|Hs110|chr20,303
CCDS77596.1|Hs110|chr20,1038
CCDS77597.1|Hs110|chr20,579
CCDS77600.1|Hs110|chr20,1293
CCDS77617.1|Hs110|chr21,1242
CCDS77622.1|Hs110|chr21,333
CCDS77624.1|Hs110|chr21,1365
CCDS77643.1|Hs110|chr21,5265
CCDS77645.1|Hs110|chr22,2499
CCDS77646.1|Hs110|chr22,3903
CCDS77653.1|Hs110|chr22,2169
CCDS77654.1|Hs110|chr22,1179
CCDS77657.1|Hs110|chr22,435
CCDS77659.1|Hs110|chr22,450
CCDS77667.1|Hs110|chr22,354
CCDS77668.1|Hs110|chr22,3099
CCDS77673.1|Hs110|chr22,477
CCDS77675.1|Hs110|chr22,1185
CCDS77678.1|Hs110|chr22,1437
CCDS77680.1|Hs110|chr22,351
CCDS77681.1|Hs110|chr22,222
CCDS77682.1|Hs110|chr22,441
CCDS77683.1|Hs110|chr22,378
CCDS77686.1|Hs110|chr22,3570
CCDS77688.1|Hs110|chr22,1074
CCDS77691.1|Hs110|chr3,1245
CCDS77695.1|Hs110|chr3,1512
CCDS77704.1|Hs110|chr3,2166
CCDS77706.1|Hs110|chr3,720
CCDS77710.1|Hs110|chr3,606
CCDS77713.1|Hs110|chr3,1455
CCDS77722.1|Hs110|chr3,1026
CCDS77723.1|Hs110|chr3,903
CCDS77730.1|Hs110|chr3,483
CCDS77733.1|Hs110|chr3,492
CCDS77734.1|Hs110|chr3,561
CCDS77743.1|Hs110|chr3,2265
CCDS77744.1|Hs110|chr3,2247
CCDS77745.1|Hs110|chr3,1221
CCDS77746.2|Hs110|chr3,1329
CCDS77747.1|Hs110|chr3,1308
CCDS77748.1|Hs110|chr3,3231
CCDS77753.1|Hs110|chr3,810
CCDS77757.1|Hs110|chr3,2487
CCDS77758.1|Hs110|chr3,2373
CCDS77770.1|Hs110|chr3,2172
CCDS77771.1|Hs110|chr3,2352
CCDS77773.1|Hs110|chr3,2595
CCDS77774.1|Hs110|chr3,345
CCDS77778.1|Hs110|chr3,1509
CCDS77780.1|Hs110|chr3,2421
CCDS77788.1|Hs110|chr3,3348
CCDS77789.1|Hs110|chr3,474
CCDS77790.1|Hs110|chr3,2499
CCDS77791.1|Hs110|chr3,507
CCDS77795.1|Hs110|chr3,1323
CCDS77797.1|Hs110|chr3,1083
CCDS77799.1|Hs110|chr3,3489
CCDS77800.1|Hs110|chr3,1350
CCDS77802.1|Hs110|chr3,393
CCDS77803.1|Hs110|chr3,1452
CCDS77804.1|Hs110|chr3,1128
CCDS77806.1|Hs110|chr3,2262
CCDS77810.1|Hs110|chr3,1824
CCDS77811.1|Hs110|chr3,1932
CCDS77815.1|Hs110|chr3,624
CCDS77818.1|Hs110|chr3,1062
CCDS77820.1|Hs110|chr3,1824
CCDS77836.1|Hs110|chr3,2520
CCDS77840.1|Hs110|chr3,1554
CCDS77843.1|Hs110|chr3,885
CCDS77844.1|Hs110|chr3,1173
CCDS77845.1|Hs110|chr3,1119
CCDS77846.1|Hs110|chr3,597
CCDS77847.1|Hs110|chr3,1287
CCDS77851.1|Hs110|chr3,2313
CCDS77854.1|Hs110|chr3,2007
CCDS77858.1|Hs110|chr3,2952
CCDS77862.1|Hs110|chr3,735
CCDS77866.1|Hs110|chr3,4680
CCDS77867.1|Hs110|chr3,861
CCDS77868.1|Hs110|chr3,2865
CCDS77869.1|Hs110|chr3,1611
CCDS77870.1|Hs110|chr3,1818
CCDS77871.1|Hs110|chr3,954
CCDS77874.1|Hs110|chr3,744
CCDS77875.1|Hs110|chr3,3123
CCDS77876.1|Hs110|chr3,2130
CCDS77878.1|Hs110|chr3,417
CCDS77883.1|Hs110|chr4,1326
CCDS77887.1|Hs110|chr4,987
CCDS77888.1|Hs110|chr4,1047
CCDS77889.1|Hs110|chr4,708
CCDS77893.1|Hs110|chr4,2421
CCDS77895.1|Hs110|chr4,1104
CCDS77896.1|Hs110|chr4,1608
CCDS77897.1|Hs110|chr4,1386
CCDS77898.1|Hs110|chr4,2877
CCDS77900.1|Hs110|chr4,573
CCDS77901.2|Hs110|chr4,1662
CCDS77902.1|Hs110|chr4,942
CCDS77903.1|Hs110|chr4,1116
CCDS77904.1|Hs110|chr4,642
CCDS77907.1|Hs110|chr4,2940
CCDS77914.1|Hs110|chr4,450
CCDS77915.1|Hs110|chr4,3504
CCDS77924.1|Hs110|chr4,1479
CCDS77925.1|Hs110|chr4,1452
CCDS77929.1|Hs110|chr4,2922
CCDS77931.1|Hs110|chr4,1320
CCDS77933.1|Hs110|chr4,207
CCDS77937.1|Hs110|chr4,1635
CCDS77939.1|Hs110|chr4,1620
CCDS77940.1|Hs110|chr4,1671
CCDS77942.1|Hs110|chr4,1200
CCDS77945.1|Hs110|chr4,792
CCDS77957.1|Hs110|chr4,396
CCDS77958.1|Hs110|chr4,240
CCDS77961.1|Hs110|chr4,1089
CCDS77964.1|Hs110|chr4,3015
CCDS77965.1|Hs110|chr4,414
CCDS77968.1|Hs110|chr4,3246
CCDS77975.1|Hs110|chr4,1926
CCDS77976.1|Hs110|chr4,1761
CCDS77977.1|Hs110|chr4,1800
CCDS77978.1|Hs110|chr4,1656
CCDS77980.1|Hs110|chr4,165
CCDS77986.1|Hs110|chr4,378
CCDS77990.1|Hs110|chr4,1275
CCDS77992.1|Hs110|chr5,1851
CCDS77996.1|Hs110|chr5,1512
CCDS77997.1|Hs110|chr5,615
CCDS77998.1|Hs110|chr5,2082
CCDS78000.1|Hs110|chr5,1320
CCDS78003.1|Hs110|chr5,1293
CCDS78004.1|Hs110|chr5,1491
CCDS78005.1|Hs110|chr5,1872
CCDS78006.1|Hs110|chr5,243
CCDS78009.1|Hs110|chr5,477
CCDS78011.1|Hs110|chr5,1668
CCDS78013.1|Hs110|chr5,807
CCDS78015.1|Hs110|chr5,717
CCDS78021.1|Hs110|chr5,996
CCDS78024.1|Hs110|chr5,240
CCDS78025.1|Hs110|chr5,939
CCDS78027.1|Hs110|chr5,2613
CCDS78028.1|Hs110|chr5,408
CCDS78029.1|Hs110|chr5,390
CCDS78030.1|Hs110|chr5,1182
CCDS78034.1|Hs110|chr5,1398
CCDS78036.1|Hs110|chr5,462
CCDS78042.1|Hs110|chr5,1401
CCDS78044.1|Hs110|chr5,1362
CCDS78045.1|Hs110|chr5,1014
CCDS78046.1|Hs110|chr5,480
CCDS78047.1|Hs110|chr5,1722
CCDS78049.1|Hs110|chr5,567
CCDS78050.1|Hs110|chr5,699
CCDS78053.1|Hs110|chr5,705
CCDS78054.1|Hs110|chr5,3051
CCDS78055.1|Hs110|chr5,1704
CCDS78057.1|Hs110|chr5,192
CCDS78058.1|Hs110|chr5,1746
CCDS78059.1|Hs110|chr5,279
CCDS78060.1|Hs110|chr5,561
CCDS78061.1|Hs110|chr5,2505
CCDS78062.1|Hs110|chr5,1875
CCDS78064.1|Hs110|chr5,2526
CCDS78067.1|Hs110|chr5,1977
CCDS78069.1|Hs110|chr5,1953
CCDS78071.1|Hs110|chr5,1635
CCDS78073.1|Hs110|chr5,732
CCDS78074.1|Hs110|chr5,561
CCDS78075.1|Hs110|chr5,387
CCDS78076.1|Hs110|chr5,1206
CCDS78077.1|Hs110|chr5,3837
CCDS78078.1|Hs110|chr5,3684
CCDS78080.1|Hs110|chr5,1347
CCDS78081.1|Hs110|chr5,1683
CCDS78082.1|Hs110|chr5,1164
CCDS78084.1|Hs110|chr5,1293
CCDS78085.1|Hs110|chr5,948
CCDS78086.1|Hs110|chr5,2139
CCDS78087.1|Hs110|chr5,2115
CCDS78088.1|Hs110|chr5,2676
CCDS78089.1|Hs110|chr5,2619
CCDS78090.1|Hs110|chr5,1002
CCDS78091.1|Hs110|chr5,699
CCDS78094.1|Hs110|chr5,960
CCDS78096.1|Hs110|chr5,2205
CCDS78098.1|Hs110|chr5,1323
CCDS78103.1|Hs110|chr5,645
CCDS78104.1|Hs110|chr5,1035
CCDS78105.1|Hs110|chr6,825
CCDS78109.1|Hs110|chr6,657
CCDS78119.1|Hs110|chr6,1437
CCDS78124.1|Hs110|chr6,1119
CCDS78126.1|Hs110|chr6,1449
CCDS78128.1|Hs110|chr6,795
CCDS78129.1|Hs110|chr6,2061
CCDS78131.1|Hs110|chr6,789
CCDS78147.1|Hs110|chr6,1245
CCDS78155.1|Hs110|chr6,2211
CCDS78156.1|Hs110|chr6,9498
CCDS78158.1|Hs110|chr6,2058
CCDS78163.1|Hs110|chr6,2685
CCDS78166.1|Hs110|chr6,390
CCDS78167.1|Hs110|chr6,738
CCDS78179.1|Hs110|chr6,4389
CCDS78184.1|Hs110|chr6,1164
CCDS78199.1|Hs110|chr6,5346
CCDS78200.1|Hs110|chr6,2769
CCDS78201.1|Hs110|chr7,1881
CCDS78202.1|Hs110|chr7,1914
CCDS78206.1|Hs110|chr7,1059
CCDS78217.1|Hs110|chr7,594
CCDS78218.1|Hs110|chr7,783
CCDS78219.1|Hs110|chr7,825
CCDS78220.1|Hs110|chr7,687
CCDS78226.1|Hs110|chr7,537
CCDS78227.1|Hs110|chr7,561
CCDS78232.1|Hs110|chr7,525
CCDS78233.1|Hs110|chr7,1299
CCDS78236.1|Hs110|chr7,1239
CCDS78241.1|Hs110|chr7,1209
CCDS78249.1|Hs110|chr7,1302
CCDS78250.1|Hs110|chr7,1239
CCDS78251.1|Hs110|chr7,1191
CCDS78253.1|Hs110|chr7,930
CCDS78261.1|Hs110|chr7,936
CCDS78262.1|Hs110|chr7,9972
CCDS78264.2|Hs110|chr7,1899
CCDS78265.1|Hs110|chr7,1209
CCDS78268.1|Hs110|chr7,1386
CCDS78269.1|Hs110|chr7,1461
CCDS78273.1|Hs110|chr7,1569
CCDS78275.1|Hs110|chr7,2181
CCDS78281.1|Hs110|chr7,7548
CCDS78284.1|Hs110|chr7,1392
CCDS78285.1|Hs110|chr7,3195
CCDS78287.1|Hs110|chr7,1731
CCDS78288.1|Hs110|chr7,2457
CCDS78289.1|Hs110|chr7,378
CCDS78290.1|Hs110|chr7,1062
CCDS78291.1|Hs110|chr7,2277
CCDS78292.1|Hs110|chr7,708
CCDS78293.1|Hs110|chr7,933
CCDS78294.1|Hs110|chr7,2934
CCDS78295.1|Hs110|chr7,1269
CCDS78296.1|Hs110|chr8,4107
CCDS78297.1|Hs110|chr8,3921
CCDS78298.1|Hs110|chr8,1593
CCDS78299.1|Hs110|chr8,1593
CCDS78300.1|Hs110|chr8,1593
CCDS78301.1|Hs110|chr8,1593
CCDS78303.1|Hs110|chr8,1332
CCDS78304.1|Hs110|chr8,711
CCDS78305.1|Hs110|chr8,1593
CCDS78310.1|Hs110|chr8,618
CCDS78311.1|Hs110|chr8,1098
CCDS78317.1|Hs110|chr8,1197
CCDS78322.1|Hs110|chr8,801
CCDS78323.1|Hs110|chr8,423
CCDS78324.1|Hs110|chr8,261
CCDS78344.1|Hs110|chr8,2631
CCDS78351.1|Hs110|chr8,186
CCDS78369.1|Hs110|chr8,834
CCDS78374.1|Hs110|chr8,3252
CCDS78375.1|Hs110|chr9,1398
CCDS78378.1|Hs110|chr9,207
CCDS78379.1|Hs110|chr9,456
CCDS78389.1|Hs110|chr9,2931
CCDS78391.1|Hs110|chr9,2145
CCDS78394.1|Hs110|chr9,855
CCDS78400.1|Hs110|chr9,4044
CCDS78403.1|Hs110|chr9,480
CCDS78407.1|Hs110|chr9,9189
CCDS78409.1|Hs110|chr9,933
CCDS78413.1|Hs110|chr9,1524
CCDS78448.1|Hs110|chr9,519
CCDS78450.1|Hs110|chr9,3285
CCDS78455.1|Hs110|chr9,687
CCDS78456.1|Hs110|chr9,444
CCDS78462.1|Hs110|chr9,2898
CCDS78478.1|Hs110|chrX,2559
CCDS78481.1|Hs110|chrX,1644
CCDS78483.1|Hs110|chrX,351
CCDS78485.1|Hs110|chrX,1512
CCDS78494.1|Hs110|chrX,846
CCDS78497.1|Hs110|chrX,1788
CCDS78498.1|Hs110|chrX,1794
CCDS78499.1|Hs110|chrX,1854
CCDS78500.1|Hs110|chrX,360
CCDS78504.1|Hs110|chrX,2100
CCDS78507.1|Hs110|chrX,480
CCDS78509.1|Hs110|chrX,1869
CCDS78510.1|Hs110|chrX,3831
CCDS78512.1|Hs110|chrX,2022
CCDS78513.1|Hs110|chrX,1092
CCDS78517.1|Hs110|chrX,1983
CCDS78518.1|Hs110|chrX,2328
CCDS78525.1|Hs110|chrX,579
CCDS81250.1,1143
CCDS81252.1,2088
CCDS81253.1,2352
CCDS81254.1,2340
CCDS81255.1,495
CCDS81260.1,540
CCDS81261.1,771
CCDS81262.1,2094
CCDS81264.1,471
CCDS81265.1,1437
CCDS81266.1,408
CCDS81273.1,1539
CCDS81275.1,1734
CCDS81276.1,2247
CCDS81277.1,2952
CCDS81278.1,3384
CCDS81279.1,3168
CCDS81280.1,681
CCDS81281.1,1107
CCDS81282.1,975
CCDS81283.1,1119
CCDS81285.1,2286
CCDS81286.1,2160
CCDS81287.1,525
CCDS81292.1,396
CCDS81294.1,573
CCDS81295.1,402
CCDS81296.1,699
CCDS81297.1,1065
CCDS81298.1,2493
CCDS81299.1,3999
CCDS81300.1,2349
CCDS81301.1,1170
CCDS81302.1,1158
CCDS81303.1,1326
CCDS81304.1,1425
CCDS81305.1,1377
CCDS81306.1,1320
CCDS81313.1,909
CCDS81315.1,678
CCDS81316.1,375
CCDS81318.1,1494
CCDS81321.1,1158
CCDS81322.1,1716
CCDS81323.1,2559
CCDS81325.1,1101
CCDS81326.1,1908
CCDS81328.1,342
CCDS81329.1,579
CCDS81330.1,438
CCDS81331.1,1452
CCDS81334.1,1104
CCDS81335.1,6297
CCDS81336.1,6303
CCDS81338.1,6396
CCDS81340.1,516
CCDS81341.1,4488
CCDS81345.1,4251
CCDS81347.1,1617
CCDS81348.1,558
CCDS81350.1,2811
CCDS81351.1,1482
CCDS81352.1,759
CCDS81353.1,1698
CCDS81354.1,1383
CCDS81356.1,1611
CCDS81358.1,372
CCDS81359.1,1914
CCDS81360.1,1809
CCDS81362.1,330
CCDS81364.1,1380
CCDS81367.1,588
CCDS81368.1,1011
CCDS81373.1,1233
CCDS81374.1,1653
CCDS81375.1,1143
CCDS81376.1,2451
CCDS81377.1,1626
CCDS81378.1,708
CCDS81380.1,609
CCDS81381.1,3240
CCDS81382.1,2109
CCDS81385.1,2229
CCDS81387.1,531
CCDS81388.1,1020
CCDS81389.1,1074
CCDS81391.1,1047
CCDS81392.1,1656
CCDS81393.1,1569
CCDS81396.1,1161
CCDS81397.1,525
CCDS81398.1,891
CCDS81400.1,543
CCDS81401.1,486
CCDS81405.1,534
CCDS81407.1,927
CCDS81410.1,3513
CCDS81411.1,4086
CCDS81414.1,375
CCDS81416.1,3132
CCDS81417.1,4743
CCDS81418.1,1545
CCDS81420.1,450
CCDS81422.1,1596
CCDS81425.1,774
CCDS81429.1,1260
CCDS81430.1,1575
CCDS81431.1,1884
CCDS81433.1,1296
CCDS81434.1,393
CCDS81438.10,894
CCDS81439.10,1545
CCDS81442.10,1704
CCDS81443.10,1044
CCDS81448.10,2721
CCDS81451.10,327
CCDS81453.10,4026
CCDS81454.10,621
CCDS81456.10,594
CCDS81459.10,1128
CCDS81460.10,3855
CCDS81463.10,3840
CCDS81465.10,483
CCDS81467.10,141
CCDS81469.10,1335
CCDS81470.10,1821
CCDS81471.10,1059
CCDS81472.10,4146
CCDS81473.10,3186
CCDS81476.10,2448
CCDS81481.10,3534
CCDS81483.10,381
CCDS81484.10,2715
CCDS81487.10,2106
CCDS81488.10,600
CCDS81490.10,1530
CCDS81492.10,513
CCDS81493.10,2799
CCDS81494.10,2598
CCDS81495.10,3630
CCDS81498.10,1659
CCDS81504.10,1368
CCDS81506.10,636
CCDS81508.10,1206
CCDS81509.10,2247
CCDS81510.10,705
CCDS81511.10,2079
CCDS81512.10,1599
CCDS81513.10,660
CCDS81514.10,1782
CCDS81515.10,2460
CCDS81517.10,1152
CCDS81518.10,993
CCDS81519.10,639
CCDS81521.10,390
CCDS81522.10,420
CCDS81525.10,1110
CCDS81526.10,441
CCDS81527.10,309
CCDS81530.11,555
CCDS81532.11,618
CCDS81533.11,243
CCDS81534.11,642
CCDS81542.11,981
CCDS81547.11,1713
CCDS81550.11,1092
CCDS81553.11,3000
CCDS81554.11,4128
CCDS81555.11,1095
CCDS81557.11,2508
CCDS81564.11,978
CCDS81565.11,1545
CCDS81566.11,1632
CCDS81567.11,675
CCDS81568.11,831
CCDS81569.11,315
CCDS81570.11,255
CCDS81576.11,1488
CCDS81578.11,906
CCDS81579.11,504
CCDS81582.11,2439
CCDS81583.11,1218
CCDS81593.11,573
CCDS81594.11,366
CCDS81599.11,633
CCDS81600.11,504
CCDS81601.11,612
CCDS81602.11,540
CCDS81604.11,414
CCDS81605.11,444
CCDS81612.11,1086
CCDS81615.11,753
CCDS81616.11,1146
CCDS81617.11,2124
CCDS81618.11,381
CCDS81619.11,1017
CCDS81621.11,1602
CCDS81622.11,741
CCDS81625.11,366
CCDS81626.11,327
CCDS81627.11,2136
CCDS81630.11,1146
CCDS81632.11,531
CCDS81633.11,498
CCDS81634.11,546
CCDS81635.11,381
CCDS81637.11,984
CCDS81640.11,2085
CCDS81641.11,540
CCDS81643.11,789
CCDS81645.11,1149
CCDS81646.11,1110
CCDS81647.11,1053
CCDS81648.11,1065
CCDS81649.11,915
CCDS81651.12,462
CCDS81654.12,480
CCDS81655.12,1680
CCDS81656.12,315
CCDS81658.12,2118
CCDS81662.12,567
CCDS81667.12,207
CCDS81669.12,447
CCDS81671.12,1248
CCDS81672.12,2187
CCDS81675.12,1218
CCDS81679.12,2022
CCDS81680.12,2139
CCDS81681.12,1434
CCDS81685.12,2925
CCDS81686.12,258
CCDS81690.12,2193
CCDS81691.12,1836
CCDS81692.12,5943
CCDS81694.12,426
CCDS81698.12,3738
CCDS81699.12,3624
CCDS81701.12,1386
CCDS81703.12,3033
CCDS81704.12,2901
CCDS81705.22,2253
CCDS81708.12,1944
CCDS81709.12,273
CCDS81710.12,489
CCDS81712.12,2691
CCDS81713.12,6384
CCDS81715.12,987
CCDS81716.12,2058
CCDS81717.12,1914
CCDS81719.12,393
CCDS81720.12,348
CCDS81722.12,366
CCDS81723.12,1368
CCDS81724.12,1434
CCDS81725.12,1368
CCDS81726.12,2802
CCDS81728.12,1971
CCDS81729.12,402
CCDS81730.12,1497
CCDS81733.12,1611
CCDS81734.12,1683
CCDS81735.12,1320
CCDS81736.12,2127
CCDS81737.12,1266
CCDS81738.12,3021
CCDS81739.12,3222
CCDS81741.12,1794
CCDS81742.12,1083
CCDS81743.12,1350
CCDS81744.12,1587
CCDS81746.12,2451
CCDS81749.12,2229
CCDS81751.12,1062
CCDS81752.12,1161
CCDS81753.12,2721
CCDS81755.12,1812
CCDS81758.13,1098
CCDS81760.13,2292
CCDS81762.13,2223
CCDS81764.13,2427
CCDS81765.13,957
CCDS81766.13,5007
CCDS81767.13,906
CCDS81768.13,4164
CCDS81769.13,3099
CCDS81770.13,3588
CCDS81772.13,2391
CCDS81773.13,4896
CCDS81774.13,4197
CCDS81777.13,3789
CCDS81779.13,2535
CCDS81781.13,1644
CCDS81782.13,2955
CCDS81783.13,999
CCDS81785.13,1692
CCDS81786.13,1860
CCDS81787.13,1581
CCDS81789.14,7560
CCDS81791.14,333
CCDS81792.14,2766
CCDS81796.14,2763
CCDS81797.14,7488
CCDS81800.14,1401
CCDS81802.14,2010
CCDS81804.14,612
CCDS81809.14,3519
CCDS81810.14,870
CCDS81812.14,501
CCDS81813.14,294
CCDS81815.14,1278
CCDS81816.14,726
CCDS81825.14,1224
CCDS81827.14,561
CCDS81829.14,1170
CCDS81830.14,1716
CCDS81831.14,4716
CCDS81836.14,1737
CCDS81837.14,1104
CCDS81839.14,2172
CCDS81847.14,345
CCDS81848.14,252
CCDS81849.14,279
CCDS81851.14,1251
CCDS81852.14,933
CCDS81853.14,1839
CCDS81854.14,1257
CCDS81855.14,327
CCDS81858.15,5307
CCDS81861.15,864
CCDS81862.15,687
CCDS81866.15,2538
CCDS81867.15,375
CCDS81868.15,1068
CCDS81873.15,1065
CCDS81877.15,1863
CCDS81878.15,534
CCDS81879.15,504
CCDS81880.15,915
CCDS81881.15,615
CCDS81882.15,1284
CCDS81883.15,291
CCDS81884.15,165
CCDS81885.15,1260
CCDS81887.15,693
CCDS81888.15,3012
CCDS81891.15,738
CCDS81892.15,747
CCDS81894.15,747
CCDS81897.15,624
CCDS81902.15,1962
CCDS81905.15,1623
CCDS81906.15,1452
CCDS81908.15,1212
CCDS81909.15,534
CCDS81910.15,1194
CCDS81912.15,1032
CCDS81914.15,522
CCDS81915.15,567
CCDS81916.15,1854
CCDS81918.15,1032
CCDS81919.15,1065
CCDS81920.15,1518
CCDS81921.16,819
CCDS81923.16,552
CCDS81924.16,396
CCDS81929.16,4014
CCDS81932.16,5256
CCDS81933.16,5115
CCDS81934.16,5079
CCDS81936.16,1230
CCDS81937.16,750
CCDS81938.16,573
CCDS81939.16,540
CCDS81940.16,405
CCDS81941.16,534
CCDS81942.16,1299
CCDS81943.16,1296
CCDS81944.16,459
CCDS81945.16,1644
CCDS81946.16,1062
CCDS81947.16,978
CCDS81951.16,525
CCDS81952.16,1242
CCDS81953.16,561
CCDS81954.16,627
CCDS81959.16,5742
CCDS81960.16,843
CCDS81963.16,1299
CCDS81965.16,450
CCDS81967.16,675
CCDS81968.16,3417
CCDS81974.16,375
CCDS81976.16,375
CCDS81979.16,3504
CCDS81980.16,3846
CCDS81985.16,5514
CCDS81986.16,1098
CCDS81987.16,2055
CCDS81988.16,2175
CCDS81989.16,2547
CCDS81990.16,492
CCDS81991.16,645
CCDS81992.16,2013
CCDS81993.16,2082
CCDS81996.16,312
CCDS81998.16,4119
CCDS81999.16,1785
CCDS82001.16,372
CCDS82003.16,282
CCDS82004.16,2355
CCDS82005.16,2466
CCDS82007.16,2340
CCDS82009.16,1344
CCDS82010.16,1044
CCDS82011.16,1716
CCDS82012.16,231
CCDS82013.16,1125
CCDS82015.16,3783
CCDS82019.16,912
CCDS82020.16,420
CCDS82026.16,1761
CCDS82027.16,441
CCDS82028.16,330
CCDS82029.16,390
CCDS82031.17,678
CCDS82032.17,210
CCDS82035.17,2136
CCDS82036.17,1044
CCDS82038.17,3510
CCDS82039.17,654
CCDS82040.17,948
CCDS82043.17,1308
CCDS82046.17,372
CCDS82049.17,870
CCDS82050.17,2175
CCDS82051.17,531
CCDS82052.17,612
CCDS82054.17,579
CCDS82055.17,411
CCDS82058.17,381
CCDS82059.17,408
CCDS82060.17,378
CCDS82061.17,474
CCDS82062.17,300
CCDS82063.17,2715
CCDS82064.17,357
CCDS82065.17,939
CCDS82066.17,357
CCDS82067.17,903
CCDS82069.17,429
CCDS82070.17,810
CCDS82072.17,882
CCDS82074.17,393
CCDS82075.17,453
CCDS82076.17,2325
CCDS82077.17,2439
CCDS82078.17,357
CCDS82082.17,1032
CCDS82084.17,426
CCDS82085.17,618
CCDS82086.17,561
CCDS82087.17,564
CCDS82089.17,462
CCDS82090.17,1143
CCDS82091.17,1815
CCDS82092.17,933
CCDS82093.17,741
CCDS82094.17,438
CCDS82096.17,597
CCDS82097.17,1287
CCDS82099.17,657
CCDS82100.17,519
CCDS82101.17,2151
CCDS82102.17,2598
CCDS82103.17,1191
CCDS82105.17,339
CCDS82106.17,1170
CCDS82108.17,1593
CCDS82109.17,420
CCDS82110.17,480
CCDS82113.17,585
CCDS82115.17,351
CCDS82116.17,1344
CCDS82117.17,3027
CCDS82123.17,1206
CCDS82126.17,990
CCDS82129.17,2124
CCDS82130.17,2217
CCDS82131.17,744
CCDS82132.17,840
CCDS82133.17,582
CCDS82134.17,861
CCDS82135.17,1833
CCDS82136.17,1566
CCDS82137.17,795
CCDS82138.17,1011
CCDS82139.17,1710
CCDS82146.17,288
CCDS82147.17,990
CCDS82148.17,498
CCDS82149.17,2748
CCDS82150.17,2229
CCDS82151.17,2286
CCDS82152.17,789
CCDS82153.17,900
CCDS82154.17,1077
CCDS82156.17,774
CCDS82158.17,1470
CCDS82159.17,1452
CCDS82160.17,1041
CCDS82161.17,1200
CCDS82162.17,693
CCDS82164.17,633
CCDS82165.17,612
CCDS82166.17,660
CCDS82168.17,975
CCDS82169.17,1539
CCDS82170.17,1371
CCDS82172.17,1971
CCDS82174.17,2793
CCDS82175.17,330
CCDS82176.17,2853
CCDS82177.17,2787
CCDS82178.17,2808
CCDS82180.17,1641
CCDS82181.17,3591
CCDS82182.17,1806
CCDS82184.17,777
CCDS82186.17,1869
CCDS82187.17,1371
CCDS82188.17,1452
CCDS82189.17,483
CCDS82190.17,1845
CCDS82192.17,5832
CCDS82193.17,1095
CCDS82194.17,837
CCDS82195.17,1542
CCDS82196.17,453
CCDS82197.17,510
CCDS82198.17,591
CCDS82199.17,609
CCDS82200.17,639
CCDS82201.17,945
CCDS82202.17,1836
CCDS82204.17,4101
CCDS82206.17,651
CCDS82207.17,6168
CCDS82208.17,1974
CCDS82209.17,849
CCDS82212.17,1740
CCDS82214.17,3144
CCDS82215.17,3252
CCDS82220.17,1104
CCDS82221.17,654
CCDS82222.17,1506
CCDS82223.17,396
CCDS82225.17,1473
CCDS82226.17,1464
CCDS82227.17,1461
CCDS82228.17,1416
CCDS82231.17,1461
CCDS82232.17,552
CCDS82235.18,231
CCDS82236.18,2271
CCDS82237.18,2757
CCDS82238.18,1845
CCDS82241.18,1017
CCDS82242.18,1125
CCDS82243.18,1830
CCDS82244.18,891
CCDS82245.18,1032
CCDS82246.18,633
CCDS82247.18,1008
CCDS82248.18,747
CCDS82250.18,1455
CCDS82252.18,855
CCDS82255.18,1626
CCDS82259.18,1893
CCDS82260.18,216
CCDS82261.19,783
CCDS82263.19,3423
CCDS82274.19,1572
CCDS82275.19,531
CCDS82276.19,564
CCDS82277.19,1314
CCDS82282.19,1851
CCDS82283.19,627
CCDS82285.19,357
CCDS82286.19,1254
CCDS82287.19,822
CCDS82290.19,1413
CCDS82293.19,834
CCDS82297.19,1836
CCDS82300.19,7539
CCDS82301.19,6801
CCDS82302.19,6792
CCDS82304.19,330
CCDS82307.19,2385
CCDS82308.29,2802
CCDS82314.19,1863
CCDS82315.19,2001
CCDS82317.19,1272
CCDS82319.19,399
CCDS82321.19,996
CCDS82322.19,3291
CCDS82328.19,585
CCDS82329.19,648
CCDS82333.19,573
CCDS82335.19,1377
CCDS82337.19,1926
CCDS82338.19,1923
CCDS82339.19,1797
CCDS82341.19,1584
CCDS82344.19,258
CCDS82346.19,3360
CCDS82349.19,390
CCDS82350.19,1317
CCDS82351.19,2304
CCDS82353.19,537
CCDS82354.19,519
CCDS82356.19,2961
CCDS82360.19,981
CCDS82363.19,423
CCDS82367.19,1293
CCDS82368.19,1917
CCDS82371.19,705
CCDS82379.19,1125
CCDS82381.19,3402
CCDS82384.19,1539
CCDS82386.19,975
CCDS82387.19,2211
CCDS82388.19,2427
CCDS82391.19,2349
CCDS82392.19,444
CCDS82393.19,978
CCDS82395.19,840
CCDS82396.19,735
CCDS82397.19,240
CCDS82401.19,3111
CCDS82402.19,3090
CCDS82403.19,1488
CCDS82404.19,1566
CCDS82405.19,1995
CCDS82406.19,1134
CCDS82407.19,1425
CCDS82408.19,1299
CCDS82409.19,1776
CCDS82410.19,2094
CCDS82411.19,294
CCDS82412.19,228
CCDS82413.19,2064
CCDS82414.19,438
CCDS82415.19,1821
CCDS82416.1|Hs110|chr2,1245
CCDS82417.1|Hs110|chr2,1944
CCDS82418.1|Hs110|chr2,408
CCDS82423.1|Hs110|chr2,240
CCDS82424.1|Hs110|chr2,3438
CCDS82425.1|Hs110|chr2,2349
CCDS82428.1|Hs110|chr2,1773
CCDS82429.1|Hs110|chr2,555
CCDS82431.1|Hs110|chr2,1080
CCDS82432.1|Hs110|chr2,1635
CCDS82433.1|Hs110|chr2,1632
CCDS82434.1|Hs110|chr2,1164
CCDS82435.1|Hs110|chr2,243
CCDS82436.1|Hs110|chr2,1242
CCDS82441.1|Hs110|chr2,1785
CCDS82442.1|Hs110|chr2,948
CCDS82444.1|Hs110|chr2,429
CCDS82445.1|Hs110|chr2,420
CCDS82446.1|Hs110|chr2,1419
CCDS82447.1|Hs110|chr2,1410
CCDS82449.1|Hs110|chr2,4500
CCDS82450.1|Hs110|chr2,4491
CCDS82451.1|Hs110|chr2,4524
CCDS82452.1|Hs110|chr2,519
CCDS82456.1|Hs110|chr2,1719
CCDS82457.1|Hs110|chr2,1863
CCDS82459.1|Hs110|chr2,900
CCDS82461.1|Hs110|chr2,195
CCDS82462.1|Hs110|chr2,207
CCDS82463.1|Hs110|chr2,291
CCDS82464.1|Hs110|chr2,1704
CCDS82466.1|Hs110|chr2,882
CCDS82468.1|Hs110|chr2,2448
CCDS82469.1|Hs110|chr2,762
CCDS82471.1|Hs110|chr2,645
CCDS82473.1|Hs110|chr2,735
CCDS82474.1|Hs110|chr2,534
CCDS82475.1|Hs110|chr2,1776
CCDS82480.1|Hs110|chr2,1434
CCDS82482.1|Hs110|chr2,2175
CCDS82484.1|Hs110|chr2,1581
CCDS82485.1|Hs110|chr2,831
CCDS82486.1|Hs110|chr2,3468
CCDS82487.1|Hs110|chr2,3498
CCDS82489.1|Hs110|chr2,561
CCDS82490.1|Hs110|chr2,402
CCDS82492.1|Hs110|chr2,684
CCDS82496.1|Hs110|chr2,1353
CCDS82497.1|Hs110|chr2,1635
CCDS82502.1|Hs110|chr2,1131
CCDS82503.1|Hs110|chr2,1554
CCDS82504.1|Hs110|chr2,1374
CCDS82506.1|Hs110|chr2,2199
CCDS82507.1|Hs110|chr2,501
CCDS82508.1|Hs110|chr2,1275
CCDS82510.1|Hs110|chr2,3171
CCDS82511.1|Hs110|chr2,657
CCDS82512.1|Hs110|chr2,528
CCDS82514.1|Hs110|chr2,765
CCDS82515.1|Hs110|chr2,4821
CCDS82519.1|Hs110|chr2,552
CCDS82520.1|Hs110|chr2,1005
CCDS82521.1|Hs110|chr2,1233
CCDS82522.1|Hs110|chr2,1422
CCDS82523.1|Hs110|chr2,1272
CCDS82525.1|Hs110|chr2,1290
CCDS82527.1|Hs110|chr2,597
CCDS82531.1|Hs110|chr2,726
CCDS82532.1|Hs110|chr2,876
CCDS82533.1|Hs110|chr2,1899
CCDS82534.1|Hs110|chr2,2865
CCDS82536.1|Hs110|chr2,1071
CCDS82538.1|Hs110|chr2,1959
CCDS82540.1|Hs110|chr2,588
CCDS82543.1|Hs110|chr2,498
CCDS82544.1|Hs110|chr2,546
CCDS82545.1|Hs110|chr2,1461
CCDS82546.1|Hs110|chr2,3324
CCDS82547.1|Hs110|chr2,528
CCDS82548.1|Hs110|chr2,1041
CCDS82550.1|Hs110|chr2,465
CCDS82551.1|Hs110|chr2,567
CCDS82552.1|Hs110|chr2,633
CCDS82560.1|Hs110|chr2,546
CCDS82561.1|Hs110|chr2,1263
CCDS82562.1|Hs110|chr2,273
CCDS82563.1|Hs110|chr2,711
CCDS82564.1|Hs110|chr2,1080
CCDS82565.1|Hs110|chr2,1320
CCDS82567.1|Hs110|chr2,678
CCDS82568.1|Hs110|chr2,576
CCDS82570.1|Hs110|chr2,546
CCDS82573.1|Hs110|chr2,822
CCDS82574.1|Hs110|chr2,1482
CCDS82577.1|Hs110|chr2,753
CCDS82578.1|Hs110|chr2,507
CCDS82579.1|Hs110|chr2,603
CCDS82580.1|Hs110|chr2,384
CCDS82582.1|Hs110|chr2,705
CCDS82584.1|Hs110|chr2,582
CCDS82585.1|Hs110|chr2,765
CCDS82586.1|Hs110|chr2,681
CCDS82587.1|Hs110|chr20,318
CCDS82589.1|Hs110|chr20,792
CCDS82590.1|Hs110|chr20,1617
CCDS82591.1|Hs110|chr20,543
CCDS82593.1|Hs110|chr20,1527
CCDS82594.1|Hs110|chr20,1164
CCDS82595.1|Hs110|chr20,588
CCDS82596.1|Hs110|chr20,1803
CCDS82597.1|Hs110|chr20,384
CCDS82598.1|Hs110|chr20,3801
CCDS82600.1|Hs110|chr20,759
CCDS82603.1|Hs110|chr20,1314
CCDS82604.1|Hs110|chr20,1452
CCDS82605.1|Hs110|chr20,3102
CCDS82606.1|Hs110|chr20,888
CCDS82607.1|Hs110|chr20,699
CCDS82618.1|Hs110|chr20,1020
CCDS82619.1|Hs110|chr20,657
CCDS82623.1|Hs110|chr20,1899
CCDS82628.1|Hs110|chr20,864
CCDS82629.1|Hs110|chr20,1851
CCDS82630.1|Hs110|chr20,1281
CCDS82631.1|Hs110|chr20,1521
CCDS82633.1|Hs110|chr20,264
CCDS82638.1|Hs110|chr20,531
CCDS82656.1|Hs110|chr21,2805
CCDS82658.1|Hs110|chr21,2763
CCDS82659.1|Hs110|chr21,2850
CCDS82660.1|Hs110|chr21,1071
CCDS82661.1|Hs110|chr21,3450
CCDS82663.1|Hs110|chr21,3648
CCDS82664.1|Hs110|chr21,5151
CCDS82665.1|Hs110|chr21,3435
CCDS82666.1|Hs110|chr21,3537
CCDS82668.1|Hs110|chr21,618
CCDS82669.1|Hs110|chr21,2115
CCDS82670.1|Hs110|chr21,327
CCDS82671.1|Hs110|chr21,519
CCDS82672.1|Hs110|chr21,750
CCDS82673.1|Hs110|chr21,813
CCDS82674.1|Hs110|chr21,1368
CCDS82675.1|Hs110|chr21,294
CCDS82679.1|Hs110|chr21,819
CCDS82680.1|Hs110|chr21,654
CCDS82681.1|Hs110|chr21,4662
CCDS82682.1|Hs110|chr21,648
CCDS82684.1|Hs110|chr21,1719
CCDS82685.1|Hs110|chr21,369
CCDS82686.1|Hs110|chr21,240
CCDS82687.1|Hs110|chr21,375
CCDS82693.1|Hs110|chr22,1932
CCDS82695.2|Hs110|chr22,903
CCDS82698.1|Hs110|chr22,474
CCDS82699.1|Hs110|chr22,1185
CCDS82703.1|Hs110|chr22,7707
CCDS82704.1|Hs110|chr22,432
CCDS82706.1|Hs110|chr22,696
CCDS82707.1|Hs110|chr22,252
CCDS82708.1|Hs110|chr22,705
CCDS82720.1|Hs110|chr22,2901
CCDS82724.1|Hs110|chr22,1140
CCDS82729.1|Hs110|chr3,3360
CCDS82730.1|Hs110|chr3,3642
CCDS82731.1|Hs110|chr3,495
CCDS82732.1|Hs110|chr3,1266
CCDS82733.1|Hs110|chr3,3465
CCDS82734.1|Hs110|chr3,627
CCDS82738.1|Hs110|chr3,807
CCDS82742.1|Hs110|chr3,1854
CCDS82744.1|Hs110|chr3,2112
CCDS82746.1|Hs110|chr3,4881
CCDS82747.1|Hs110|chr3,3780
CCDS82748.1|Hs110|chr3,3633
CCDS82749.1|Hs110|chr3,3741
CCDS82750.1|Hs110|chr3,3288
CCDS82751.1|Hs110|chr3,3621
CCDS82753.1|Hs110|chr3,348
CCDS82759.1|Hs110|chr3,1680
CCDS82762.1|Hs110|chr3,1455
CCDS82763.1|Hs110|chr3,2127
CCDS82764.2|Hs110|chr3,252
CCDS82767.1|Hs110|chr3,426
CCDS82768.1|Hs110|chr3,360
CCDS82769.1|Hs110|chr3,1305
CCDS82770.1|Hs110|chr3,1389
CCDS82771.1|Hs110|chr3,1149
CCDS82772.1|Hs110|chr3,3213
CCDS82774.1|Hs110|chr3,273
CCDS82775.1|Hs110|chr3,564
CCDS82776.1|Hs110|chr3,1413
CCDS82777.1|Hs110|chr3,3885
CCDS82779.1|Hs110|chr3,2265
CCDS82780.1|Hs110|chr3,2061
CCDS82790.1|Hs110|chr3,1788
CCDS82792.1|Hs110|chr3,1419
CCDS82795.1|Hs110|chr3,1026
CCDS82801.1|Hs110|chr3,5724
CCDS82805.1|Hs110|chr3,210
CCDS82807.1|Hs110|chr3,963
CCDS82814.1|Hs110|chr3,450
CCDS82817.1|Hs110|chr3,1209
CCDS82818.1|Hs110|chr3,3390
CCDS82819.1|Hs110|chr3,588
CCDS82820.1|Hs110|chr3,1494
CCDS82829.1|Hs110|chr3,4965
CCDS82833.1|Hs110|chr3,948
CCDS82836.1|Hs110|chr3,1449
CCDS82837.1|Hs110|chr3,1623
CCDS82842.1|Hs110|chr3,639
CCDS82846.1|Hs110|chr3,759
CCDS82853.1|Hs110|chr3,780
CCDS82856.1|Hs110|chr3,3027
CCDS82857.1|Hs110|chr3,1509
CCDS82859.1|Hs110|chr3,1575
CCDS82860.1|Hs110|chr3,1743
CCDS82861.1|Hs110|chr3,1683
CCDS82864.1|Hs110|chr3,1032
CCDS82865.1|Hs110|chr3,402
CCDS82867.1|Hs110|chr3,1776
CCDS82868.1|Hs110|chr3,702
CCDS82869.1|Hs110|chr3,546
CCDS82870.1|Hs110|chr3,1590
CCDS82875.1|Hs110|chr3,366
CCDS82878.1|Hs110|chr3,888
CCDS82880.1|Hs110|chr3,1383
CCDS82881.1|Hs110|chr3,3075
CCDS82884.1|Hs110|chr3,1038
CCDS82887.1|Hs110|chr3,2031
CCDS82891.1|Hs110|chr3,2040
CCDS82898.1|Hs110|chr3,933
CCDS82902.1|Hs110|chr4,3699
CCDS82903.1|Hs110|chr4,696
CCDS82907.1|Hs110|chr4,798
CCDS82909.1|Hs110|chr4,1398
CCDS82912.1|Hs110|chr4,507
CCDS82914.2|Hs110|chr4,1608
CCDS82916.1|Hs110|chr4,1071
CCDS82917.1|Hs110|chr4,1428
CCDS82918.1|Hs110|chr4,2214
CCDS82919.1|Hs110|chr4,4404
CCDS82920.1|Hs110|chr4,2751
CCDS82921.1|Hs110|chr4,1536
CCDS82926.1|Hs110|chr4,3723
CCDS82929.1|Hs110|chr4,2208
CCDS82930.1|Hs110|chr4,1110
CCDS82932.1|Hs110|chr4,543
CCDS82933.1|Hs110|chr4,1713
CCDS82935.1|Hs110|chr4,1263
CCDS82939.1|Hs110|chr4,1107
CCDS82940.1|Hs110|chr4,738
CCDS82942.1|Hs110|chr4,654
CCDS82943.1|Hs110|chr4,957
CCDS82944.1|Hs110|chr4,1380
CCDS82945.1|Hs110|chr4,1731
CCDS82946.1|Hs110|chr4,1776
CCDS82948.1|Hs110|chr4,1539
CCDS82949.1|Hs110|chr4,1602
CCDS82950.1|Hs110|chr4,1497
CCDS82953.1|Hs110|chr4,2442
CCDS82954.1|Hs110|chr4,1782
CCDS82956.1|Hs110|chr4,408
CCDS82958.1|Hs110|chr4,2817
CCDS82959.1|Hs110|chr4,354
CCDS82962.1|Hs110|chr4,258
CCDS82963.1|Hs110|chr4,984
CCDS82964.1|Hs110|chr4,195
CCDS82965.1|Hs110|chr4,1425
CCDS82974.1|Hs110|chr4,1491
CCDS82975.1|Hs110|chr4,1284
CCDS82979.1|Hs110|chr4,381
CCDS82982.1|Hs110|chr4,1545
CCDS82985.1|Hs110|chr5,1752
CCDS82988.1|Hs110|chr5,1563
CCDS82989.1|Hs110|chr5,1461
CCDS82990.1|Hs110|chr5,1347
CCDS82991.1|Hs110|chr5,2265
CCDS82994.1|Hs110|chr5,2868
CCDS82996.1|Hs110|chr5,2502
CCDS82997.1|Hs110|chr5,273
CCDS82998.1|Hs110|chr5,1482
CCDS83002.1|Hs110|chr5,762
CCDS83009.1|Hs110|chr5,1263
CCDS83017.1|Hs110|chr5,2022
CCDS83021.1|Hs110|chr5,489
CCDS83022.2|Hs110|chr5,822
CCDS83029.1|Hs110|chr5,3369
CCDS83035.1|Hs110|chr5,1161
CCDS83036.1|Hs110|chr5,1308
CCDS83040.1|Hs110|chr5,7608
CCDS83042.1|Hs110|chr5,1122
CCDS83043.1|Hs110|chr5,1020
CCDS83044.1|Hs110|chr5,969
CCDS83048.1|Hs110|chr5,363
CCDS83050.1|Hs110|chr5,1662
CCDS83052.1|Hs110|chr5,789
CCDS83053.1|Hs110|chr5,591
CCDS83054.1|Hs110|chr5,357
CCDS83061.1|Hs110|chr6,213
CCDS83062.1|Hs110|chr6,495
CCDS83072.1|Hs110|chr6,972
CCDS83073.1|Hs110|chr6,903
CCDS83078.1|Hs110|chr6,906
CCDS83085.1|Hs110|chr6,372
CCDS83093.1|Hs110|chr6,255
CCDS83099.1|Hs110|chr6,2865
CCDS83102.1|Hs110|chr6,321
CCDS83104.1|Hs110|chr6,3288
CCDS83109.1|Hs110|chr6,294
CCDS83121.1|Hs110|chr6,501
CCDS83122.1|Hs110|chr6,630
CCDS83125.1|Hs110|chr6,660
CCDS83141.1|Hs110|chr6,531
CCDS83142.1|Hs110|chr6,423
CCDS83143.1|Hs110|chr6,489
CCDS83147.1|Hs110|chr6,1935
CCDS83148.1|Hs110|chr6,2277
CCDS83155.1|Hs110|chr7,2271
CCDS83158.1|Hs110|chr7,414
CCDS83163.1|Hs110|chr7,3078
CCDS83166.1|Hs110|chr7,411
CCDS83177.1|Hs110|chr7,192
CCDS83185.1|Hs110|chr7,735
CCDS83186.1|Hs110|chr7,330
CCDS83187.1|Hs110|chr7,513
CCDS83192.1|Hs110|chr7,1110
CCDS83193.1|Hs110|chr7,654
CCDS83203.1|Hs110|chr7,252
CCDS83205.1|Hs110|chr7,576
CCDS83210.1|Hs110|chr7,249
CCDS83211.1|Hs110|chr7,219
CCDS83218.1|Hs110|chr7,2319
CCDS83222.1|Hs110|chr7,531
CCDS83227.1|Hs110|chr7,2205
CCDS83230.1|Hs110|chr7,816
CCDS83233.1|Hs110|chr7,2388
CCDS83235.1|Hs110|chr7,786
CCDS83236.1|Hs110|chr7,744
CCDS83242.1|Hs110|chr7,2775
CCDS83243.1|Hs110|chr7,1032
CCDS83251.1|Hs110|chr8,1305
CCDS83253.1|Hs110|chr8,3378
CCDS83254.1|Hs110|chr8,1029
CCDS83255.1|Hs110|chr8,5583
CCDS83256.1|Hs110|chr8,6051
CCDS83257.1|Hs110|chr8,522
CCDS83258.1|Hs110|chr8,756
CCDS83259.1|Hs110|chr8,435
CCDS83261.1|Hs110|chr8,2814
CCDS83265.1|Hs110|chr8,252
CCDS83266.1|Hs110|chr8,3027
CCDS83267.1|Hs110|chr8,540
CCDS83268.1|Hs110|chr8,2034
CCDS83269.1|Hs110|chr8,1029
CCDS83273.1|Hs110|chr8,1332
CCDS83274.1|Hs110|chr8,1218
CCDS83276.1|Hs110|chr8,1434
CCDS83279.1|Hs110|chr8,2847
CCDS83282.1|Hs110|chr8,1332
CCDS83284.1|Hs110|chr8,1746
CCDS83286.1|Hs110|chr8,2067
CCDS83287.1|Hs110|chr8,2148
CCDS83290.1|Hs110|chr8,2448
CCDS83291.1|Hs110|chr8,1422
CCDS83294.1|Hs110|chr8,141
CCDS83295.1|Hs110|chr8,798
CCDS83296.1|Hs110|chr8,957
CCDS83297.1|Hs110|chr8,591
CCDS83298.1|Hs110|chr8,957
CCDS83299.1|Hs110|chr8,2847
CCDS83300.1|Hs110|chr8,867
CCDS83303.1|Hs110|chr8,1227
CCDS83305.1|Hs110|chr8,747
CCDS83307.1|Hs110|chr8,726
CCDS83309.1|Hs110|chr8,2748
CCDS83310.1|Hs110|chr8,1152
CCDS83312.1|Hs110|chr8,1830
CCDS83313.1|Hs110|chr8,897
CCDS83314.1|Hs110|chr8,531
CCDS83315.1|Hs110|chr8,1602
CCDS83316.1|Hs110|chr8,3846
CCDS83317.1|Hs110|chr8,2655
CCDS83319.1|Hs110|chr8,456
CCDS83320.1|Hs110|chr8,2886
CCDS83322.1|Hs110|chr8,2370
CCDS83323.1|Hs110|chr8,732
CCDS83324.1|Hs110|chr8,507
CCDS83325.1|Hs110|chr8,3036
CCDS83327.1|Hs110|chr8,537
CCDS83328.1|Hs110|chr8,2358
CCDS83331.1|Hs110|chr8,3114
CCDS83334.1|Hs110|chr8,4869
CCDS83335.1|Hs110|chr8,1215
CCDS83336.1|Hs110|chr8,480
CCDS83338.1|Hs110|chr9,4545
CCDS83339.1|Hs110|chr9,831
CCDS83341.1|Hs110|chr9,687
CCDS83342.1|Hs110|chr9,6213
CCDS83348.1|Hs110|chr9,990
CCDS83349.1|Hs110|chr9,5877
CCDS83353.1|Hs110|chr9,651
CCDS83354.1|Hs110|chr9,771
CCDS83356.1|Hs110|chr9,774
CCDS83357.1|Hs110|chr9,264
CCDS83358.1|Hs110|chr9,1017
CCDS83359.1|Hs110|chr9,627
CCDS83361.1|Hs110|chr9,4833
CCDS83363.1|Hs110|chr9,2634
CCDS83364.1|Hs110|chr9,591
CCDS83367.1|Hs110|chr9,1188
CCDS83374.1|Hs110|chr9,612
CCDS83375.1|Hs110|chr9,1062
CCDS83376.1|Hs110|chr9,2118
CCDS83377.1|Hs110|chr9,2070
CCDS83378.1|Hs110|chr9,2118
CCDS83379.1|Hs110|chr9,2754
CCDS83380.1|Hs110|chr9,2754
CCDS83381.1|Hs110|chr9,603
CCDS83382.1|Hs110|chr9,3681
CCDS83383.1|Hs110|chr9,2355
CCDS83384.1|Hs110|chr9,3390
CCDS83385.1|Hs110|chr9,225
CCDS83387.1|Hs110|chr9,888
CCDS83390.1|Hs110|chr9,1965
CCDS83391.1|Hs110|chr9,1530
CCDS83394.1|Hs110|chr9,2952
CCDS83402.1|Hs110|chr9,2865
CCDS83403.1|Hs110|chr9,2766
CCDS83405.1|Hs110|chr9,1032
CCDS83406.1|Hs110|chr9,363
CCDS83409.1|Hs110|chr9,5322
CCDS83413.1|Hs110|chr9,4239
CCDS83414.1|Hs110|chr9,4302
CCDS83416.1|Hs110|chr9,1056
CCDS83419.1|Hs110|chr9,633
CCDS83420.1|Hs110|chr9,1548
CCDS83422.1|Hs110|chr9,420
CCDS83429.1|Hs110|chr9,6243
CCDS83430.1|Hs110|chr9,2751
CCDS83433.2|Hs110|chr9,645
CCDS83434.1|Hs110|chr9,669
CCDS83452.1|Hs110|chrX,555
CCDS83452.1|Hs110|chrY,555
CCDS83453.1|Hs110|chrX,1353
CCDS83454.1|Hs110|chrX,2919
CCDS83457.1|Hs110|chrX,1461
CCDS83458.1|Hs110|chrX,2883
CCDS83460.1|Hs110|chrX,1140
CCDS83461.1|Hs110|chrX,2535
CCDS83462.1|Hs110|chrX,4407
CCDS83464.1|Hs110|chrX,9564
CCDS83466.1|Hs110|chrX,411
CCDS83467.1|Hs110|chrX,603
CCDS83476.1|Hs110|chrX,138
CCDS83477.1|Hs110|chrX,1488
CCDS83480.1|Hs110|chrX,2238
CCDS83481.1|Hs110|chrX,2424
CCDS83482.1|Hs110|chrX,1569
CCDS83483.1|Hs110|chrX,1101
CCDS83485.1|Hs110|chrX,336
CCDS83487.1|Hs110|chrX,2703
CCDS83488.1|Hs110|chrX,2982
CCDS83489.1|Hs110|chrX,1236
CCDS83492.1|Hs110|chrX,1854
CCDS83493.1|Hs110|chrX,633
CCDS83494.1|Hs110|chrX,1374
CCDS83495.1|Hs110|chrX,1272
CCDS83497.1|Hs110|chrX,327
CCDS83498.1|Hs110|chrX,327
CCDS83499.1|Hs110|chrX,1002
CCDS83509.1|Hs110|chrX,1095
CCDS83513.1|Hs110|chrX,1257
CCDS83519.1|Hs110|chrY,885
CCDS83521.1|Hs110|chrY,1380
CCDS83523.1,648
CCDS85917.1,1035
CCDS85922.1,279
CCDS85924.1,1305
CCDS85927.1,1425
CCDS85928.1,1425
CCDS85931.1,525
CCDS85932.1,528
CCDS85933.1,498
CCDS85934.1,738
CCDS85935.1,1341
CCDS85939.1,2577
CCDS85940.1,534
CCDS85943.1,657
CCDS85947.1,1806
CCDS85954.1,510
CCDS85955.1,849
CCDS85961.1,996
CCDS85962.1,1305
CCDS85964.1,693
CCDS85965.1,1350
CCDS85966.1,1569
CCDS85967.1,3159
CCDS85969.1,357
CCDS85970.1,288
CCDS85971.1,534
CCDS85973.1,1266
CCDS85977.1,1623
CCDS85978.1,417
CCDS85980.1,5649
CCDS85989.1,1803
CCDS86000.1,1833
CCDS86003.1,1308
CCDS86008.1,285
CCDS86012.1,750
CCDS86013.1,546
CCDS86015.1,711
CCDS86016.1,11532
CCDS86017.1,1605
CCDS86020.1,1494
CCDS86023.1,930
CCDS86024.1,276
CCDS86026.1,753
CCDS86027.1,723
CCDS86030.1,1593
CCDS86032.1,2610
CCDS86033.1,927
CCDS86034.1,300
CCDS86035.1,1878
CCDS86038.1,528
CCDS86041.1,1068
CCDS86042.1,792
CCDS86046.1,1320
CCDS86047.1,1155
CCDS86048.1,1113
CCDS86050.1,576
CCDS86051.1,2418
CCDS86053.1,1293
CCDS86058.1,2499
CCDS86059.1,2565
CCDS86060.1,1245
CCDS86063.1,945
CCDS86064.1,945
CCDS86068.10,1707
CCDS86069.10,1581
CCDS86070.10,1563
CCDS86071.10,1545
CCDS86072.10,1602
CCDS86078.10,1605
CCDS86081.10,4158
CCDS86083.10,336
CCDS86084.20,624
CCDS86085.10,474
CCDS86087.10,438
CCDS86093.10,2886
CCDS86094.10,5028
CCDS86095.10,5352
CCDS86096.10,1722
CCDS86099.10,1194
CCDS86100.10,10065
CCDS86101.10,1449
CCDS86105.10,1005
CCDS86106.10,3387
CCDS86115.10,3546
CCDS86116.10,3627
CCDS86121.10,3639
CCDS86122.10,399
CCDS86123.10,396
CCDS86124.10,396
CCDS86126.10,264
CCDS86132.10,4674
CCDS86133.10,1002
CCDS86134.10,903
CCDS86136.10,693
CCDS86137.10,387
CCDS86141.10,513
CCDS86144.10,1152
CCDS86148.10,1449
CCDS86153.10,1077
CCDS86154.10,1542
CCDS86157.10,327
CCDS86161.11,687
CCDS86164.11,786
CCDS86168.11,399
CCDS86169.11,528
CCDS86171.11,705
CCDS86172.11,636
CCDS86175.11,1551
CCDS86177.11,915
CCDS86182.11,3816
CCDS86183.11,4812
CCDS86184.11,4743
CCDS86185.11,4746
CCDS86186.11,180
CCDS86187.11,2784
CCDS86189.11,861
CCDS86190.11,1206
CCDS86200.11,1029
CCDS86201.11,981
CCDS86203.21,735
CCDS86204.11,909
CCDS86205.11,447
CCDS86208.11,1308
CCDS86218.11,786
CCDS86221.11,1209
CCDS86227.11,1182
CCDS86228.11,1284
CCDS86229.11,1083
CCDS86230.11,1404
CCDS86231.11,564
CCDS86240.11,1422
CCDS86241.11,1035
CCDS86243.11,1566
CCDS86245.11,339
CCDS86248.11,1752
CCDS86249.11,1293
CCDS86254.11,408
CCDS86256.11,999
CCDS86257.11,939
CCDS86258.11,855
CCDS86260.11,699
CCDS86261.11,2412
CCDS86267.12,5709
CCDS86271.12,1566
CCDS86272.12,2160
CCDS86277.12,588
CCDS86280.12,441
CCDS86281.12,477
CCDS86282.12,1401
CCDS86284.12,1194
CCDS86287.12,1290
CCDS86290.12,2484
CCDS86294.12,2652
CCDS86295.12,2250
CCDS86296.12,396
CCDS86298.22,2682
CCDS86300.12,1128
CCDS86301.12,732
CCDS86302.12,1962
CCDS86303.12,1719
CCDS86305.12,480
CCDS86309.12,1623
CCDS86312.12,2832
CCDS86313.12,384
CCDS86321.12,1128
CCDS86323.12,1059
CCDS86324.12,1776
CCDS86325.12,1818
CCDS86326.12,870
CCDS86330.12,804
CCDS86331.12,1491
CCDS86332.12,2958
CCDS86334.12,1317
CCDS86338.12,5901
CCDS86339.12,561
CCDS86340.12,1410
CCDS86343.13,1182
CCDS86344.13,798
CCDS86346.13,465
CCDS86347.13,477
CCDS86352.13,978
CCDS86353.13,564
CCDS86356.13,3837
CCDS86360.13,2589
CCDS86361.13,2118
CCDS86362.13,1878
CCDS86363.13,525
CCDS86365.13,1575
CCDS86370.14,948
CCDS86371.14,1044
CCDS86372.14,1671
CCDS86373.14,2367
CCDS86374.14,891
CCDS86375.14,537
CCDS86376.14,396
CCDS86377.14,405
CCDS86378.14,1251
CCDS86379.14,2349
CCDS86380.14,2673
CCDS86381.14,708
CCDS86382.14,1848
CCDS86384.14,4239
CCDS86385.14,2316
CCDS86386.14,2175
CCDS86388.14,162
CCDS86392.14,1089
CCDS86393.14,183
CCDS86394.14,186
CCDS86396.14,582
CCDS86397.14,4485
CCDS86402.14,894
CCDS86403.14,564
CCDS86413.14,525
CCDS86415.14,930
CCDS86416.14,654
CCDS86417.14,1818
CCDS86418.14,2136
CCDS86423.14,1119
CCDS86424.14,1131
CCDS86425.14,888
CCDS86426.14,819
CCDS86430.14,2913
CCDS86431.14,2175
CCDS86432.14,489
CCDS86436.15,2559
CCDS86437.25,1911
CCDS86439.15,1947
CCDS86440.15,1896
CCDS86441.15,1899
CCDS86444.15,918
CCDS86445.15,861
CCDS86446.15,627
CCDS86447.15,477
CCDS86448.15,462
CCDS86452.15,4290
CCDS86454.15,4647
CCDS86459.15,855
CCDS86463.15,1467
CCDS86464.15,1317
CCDS86465.15,1428
CCDS86469.15,207
CCDS86472.15,1179
CCDS86473.15,321
CCDS86474.15,717
CCDS86475.15,1167
CCDS86478.15,525
CCDS86479.15,693
CCDS86480.15,441
CCDS86481.15,180
CCDS86482.15,426
CCDS86488.16,1053
CCDS86492.16,1437
CCDS86494.16,777
CCDS86495.16,273
CCDS86500.16,954
CCDS86501.16,750
CCDS86506.16,699
CCDS86513.16,789
CCDS86522.16,282
CCDS86525.16,3042
CCDS86526.16,237
CCDS86527.16,378
CCDS86530.16,384
CCDS86532.16,855
CCDS86536.16,2178
CCDS86540.16,1455
CCDS86542.16,1038
CCDS86543.16,1218
CCDS86547.16,669
CCDS86554.16,798
CCDS86556.17,3120
CCDS86557.17,2964
CCDS86560.17,1599
CCDS86564.17,2007
CCDS86569.17,4932
CCDS86570.17,573
CCDS86571.17,225
CCDS86572.17,420
CCDS86577.17,369
CCDS86578.17,1047
CCDS86579.17,1305
CCDS86584.17,552
CCDS86585.17,6279
CCDS86587.17,6009
CCDS86588.17,1164
CCDS86591.27,1839
CCDS86598.17,2028
CCDS86601.17,1242
CCDS86602.17,1419
CCDS86609.17,774
CCDS86610.17,636
CCDS86611.17,495
CCDS86612.17,585
CCDS86613.17,444
CCDS86616.17,345
CCDS86620.17,1140
CCDS86624.17,1962
CCDS86625.17,858
CCDS86626.17,1209
CCDS86630.17,1032
CCDS86632.17,1185
CCDS86633.17,921
CCDS86634.17,2337
CCDS86635.17,462
CCDS86636.17,606
CCDS86637.17,1737
CCDS86640.17,642
CCDS86641.17,828
CCDS86642.17,804
CCDS86643.17,543
CCDS86644.17,1020
CCDS86647.17,405
CCDS86648.17,1782
CCDS86652.17,336
CCDS86654.17,1284
CCDS86656.17,690
CCDS86657.18,1335
CCDS86658.18,840
CCDS86659.18,693
CCDS86664.18,1512
CCDS86669.18,1986
CCDS86670.18,1914
CCDS86671.18,1368
CCDS86672.18,1929
CCDS86675.18,3753
CCDS86676.18,3651
CCDS86678.18,780
CCDS86679.18,594
CCDS86680.18,588
CCDS86683.19,549
CCDS86684.19,1221
CCDS86685.19,1221
CCDS86689.19,588
CCDS86690.19,627
CCDS86698.19,1263
CCDS86700.19,2136
CCDS86705.19,1092
CCDS86706.19,690
CCDS86707.19,1677
CCDS86708.19,324
CCDS86709.19,453
CCDS86710.19,399
CCDS86718.19,1905
CCDS86723.19,1755
CCDS86726.19,309
CCDS86727.19,438
CCDS86729.19,1272
CCDS86732.19,414
CCDS86733.19,354
CCDS86734.19,339
CCDS86735.19,1542
CCDS86737.19,1860
CCDS86738.19,330
CCDS86739.19,234
CCDS86742.19,1794
CCDS86744.19,558
CCDS86745.19,372
CCDS86746.19,249
CCDS86747.19,300
CCDS86751.19,504
CCDS86752.19,564
CCDS86753.19,2022
CCDS86756.19,1779
CCDS86757.19,1611
CCDS86758.19,516
CCDS86760.19,1167
CCDS86763.19,804
CCDS86764.19,1005
CCDS86765.19,603
CCDS86766.19,1734
CCDS86767.19,3714
CCDS86768.19,459
CCDS86782.19,450
CCDS86783.19,342
CCDS86786.19,1203
CCDS86789.19,915
CCDS86790.19,1107
CCDS86794.19,378
CCDS86795.19,615
CCDS86796.19,429
CCDS86797.19,1221
CCDS86798.19,1233
CCDS86799.19,2505
CCDS86801.19,2157
CCDS86802.19,1440
CCDS86803.19,1332
CCDS86807.19,3180
CCDS86809.19,513
CCDS86810.19,381
CCDS86811.19,1491
CCDS86812.19,423
CCDS86814.19,1131
CCDS86815.1|Hs110|chr2,384
CCDS86816.1|Hs110|chr2,432
CCDS86818.1|Hs110|chr2,5259
CCDS86819.1|Hs110|chr2,3096
CCDS86823.1|Hs110|chr2,762
CCDS86824.1|Hs110|chr2,1515
CCDS86828.1|Hs110|chr2,1659
CCDS86830.1|Hs110|chr2,1752
CCDS86831.1|Hs110|chr2,1239
CCDS86832.1|Hs110|chr2,708
CCDS86834.1|Hs110|chr2,1140
CCDS86838.1|Hs110|chr2,834
CCDS86840.1|Hs110|chr2,837
CCDS86845.1|Hs110|chr2,2382
CCDS86846.1|Hs110|chr2,645
CCDS86847.1|Hs110|chr2,1158
CCDS86848.1|Hs110|chr2,435
CCDS86849.1|Hs110|chr2,738
CCDS86853.1|Hs110|chr2,1563
CCDS86856.1|Hs110|chr2,1173
CCDS86857.1|Hs110|chr2,1098
CCDS86858.1|Hs110|chr2,534
CCDS86862.1|Hs110|chr2,798
CCDS86867.1|Hs110|chr2,1374
CCDS86870.1|Hs110|chr2,633
CCDS86877.1|Hs110|chr2,1287
CCDS86878.1|Hs110|chr2,747
CCDS86881.1|Hs110|chr2,3174
CCDS86883.1|Hs110|chr2,777
CCDS86884.1|Hs110|chr2,1023
CCDS86887.1|Hs110|chr2,1608
CCDS86888.1|Hs110|chr2,3321
CCDS86891.1|Hs110|chr2,5994
CCDS86897.1|Hs110|chr2,582
CCDS86900.1|Hs110|chr2,1590
CCDS86901.1|Hs110|chr2,291
CCDS86902.1|Hs110|chr2,192
CCDS86906.1|Hs110|chr2,234
CCDS86907.1|Hs110|chr2,444
CCDS86908.1|Hs110|chr2,417
CCDS86909.1|Hs110|chr2,345
CCDS86916.1|Hs110|chr2,5472
CCDS86917.1|Hs110|chr2,420
CCDS86920.1|Hs110|chr2,2391
CCDS86921.1|Hs110|chr2,564
CCDS86922.1|Hs110|chr2,726
CCDS86923.1|Hs110|chr2,1416
CCDS86924.1|Hs110|chr2,2850
CCDS86925.1|Hs110|chr2,6600
CCDS86927.1|Hs110|chr2,1875
CCDS86929.1|Hs110|chr2,879
CCDS86930.1|Hs110|chr2,966
CCDS86932.1|Hs110|chr20,2514
CCDS86933.1|Hs110|chr20,1338
CCDS86934.1|Hs110|chr20,795
CCDS86935.1|Hs110|chr20,2250
CCDS86936.1|Hs110|chr20,288
CCDS86937.1|Hs110|chr20,285
CCDS86938.1|Hs110|chr20,642
CCDS86943.1|Hs110|chr20,1878
CCDS86944.1|Hs110|chr20,258
CCDS86945.1|Hs110|chr20,4443
CCDS86948.1|Hs110|chr20,216
CCDS86953.1|Hs110|chr20,1776
CCDS86954.1|Hs110|chr20,1770
CCDS86957.1|Hs110|chr20,1389
CCDS86959.1|Hs110|chr20,2112
CCDS86961.1|Hs110|chr20,3561
CCDS86962.1|Hs110|chr20,3726
CCDS86964.1|Hs110|chr20,375
CCDS86966.1|Hs110|chr20,1167
CCDS86967.1|Hs110|chr20,360
CCDS86968.1|Hs110|chr20,441
CCDS86971.1|Hs110|chr20,570
CCDS86972.1|Hs110|chr20,585
CCDS86982.1|Hs110|chr21,135
CCDS86983.1|Hs110|chr21,1875
CCDS86984.1|Hs110|chr21,738
CCDS86985.1|Hs110|chr21,777
CCDS86987.1|Hs110|chr21,2178
CCDS86989.1|Hs110|chr21,411
CCDS86993.1|Hs110|chr21,1056
CCDS86994.1|Hs110|chr21,1113
CCDS86995.1|Hs110|chr22,606
CCDS86996.1|Hs110|chr22,678
CCDS86998.1|Hs110|chr22,1287
CCDS86999.1|Hs110|chr22,1485
CCDS87000.1|Hs110|chr22,921
CCDS87001.1|Hs110|chr22,1572
CCDS87008.1|Hs110|chr22,1581
CCDS87010.1|Hs110|chr22,693
CCDS87011.1|Hs110|chr22,726
CCDS87014.1|Hs110|chr22,432
CCDS87016.1|Hs110|chr22,1230
CCDS87017.1|Hs110|chr22,4746
CCDS87018.1|Hs110|chr22,4578
CCDS87022.1|Hs110|chr22,1971
CCDS87023.1|Hs110|chr22,543
CCDS87024.1|Hs110|chr22,1401
CCDS87025.1|Hs110|chr22,336
CCDS87027.1|Hs110|chr22,609
CCDS87028.1|Hs110|chr22,477
CCDS87029.1|Hs110|chr22,1443
CCDS87030.1|Hs110|chr22,2571
CCDS87035.1|Hs110|chr22,2049
CCDS87038.1|Hs110|chr3,639
CCDS87040.1|Hs110|chr3,3483
CCDS87043.1|Hs110|chr3,1440
CCDS87044.1|Hs110|chr3,1266
CCDS87046.2|Hs110|chr3,747
CCDS87047.1|Hs110|chr3,2007
CCDS87048.1|Hs110|chr3,2445
CCDS87051.1|Hs110|chr3,723
CCDS87052.2|Hs110|chr3,480
CCDS87053.1|Hs110|chr3,993
CCDS87055.1|Hs110|chr3,231
CCDS87056.1|Hs110|chr3,1311
CCDS87058.1|Hs110|chr3,1224
CCDS87061.1|Hs110|chr3,8910
CCDS87062.1|Hs110|chr3,201
CCDS87064.1|Hs110|chr3,5868
CCDS87065.1|Hs110|chr3,1581
CCDS87067.1|Hs110|chr3,2325
CCDS87071.1|Hs110|chr3,1002
CCDS87073.1|Hs110|chr3,582
CCDS87074.1|Hs110|chr3,3501
CCDS87077.1|Hs110|chr3,513
CCDS87078.1|Hs110|chr3,315
CCDS87079.1|Hs110|chr3,474
CCDS87085.1|Hs110|chr3,972
CCDS87087.1|Hs110|chr3,4905
CCDS87089.1|Hs110|chr3,2346
CCDS87094.1|Hs110|chr3,4830
CCDS87096.1|Hs110|chr3,507
CCDS87097.1|Hs110|chr3,1674
CCDS87098.1|Hs110|chr3,1497
CCDS87102.1|Hs110|chr3,879
CCDS87105.1|Hs110|chr3,3291
CCDS87106.1|Hs110|chr3,1269
CCDS87108.1|Hs110|chr3,1581
CCDS87110.1|Hs110|chr3,3387
CCDS87113.1|Hs110|chr3,876
CCDS87115.1|Hs110|chr3,1248
CCDS87118.1|Hs110|chr3,591
CCDS87119.1|Hs110|chr3,273
CCDS87121.1|Hs110|chr3,708
CCDS87122.1|Hs110|chr3,1239
CCDS87123.1|Hs110|chr3,1212
CCDS87124.1|Hs110|chr3,1224
CCDS87125.1|Hs110|chr3,1221
CCDS87127.1|Hs110|chr3,639
CCDS87133.1|Hs110|chr3,894
CCDS87134.1|Hs110|chr3,939
CCDS87136.1|Hs110|chr3,4554
CCDS87137.1|Hs110|chr3,588
CCDS87138.1|Hs110|chr3,2340
CCDS87139.1|Hs110|chr3,2022
CCDS87140.1|Hs110|chr3,1896
CCDS87141.1|Hs110|chr3,786
CCDS87142.1|Hs110|chr3,993
CCDS87143.1|Hs110|chr3,1080
CCDS87145.1|Hs110|chr3,513
CCDS87147.1|Hs110|chr3,1041
CCDS87151.1|Hs110|chr3,579
CCDS87152.1|Hs110|chr3,714
CCDS87153.1|Hs110|chr3,936
CCDS87154.1|Hs110|chr3,789
CCDS87156.1|Hs110|chr3,1047
CCDS87157.1|Hs110|chr3,243
CCDS87158.1|Hs110|chr3,108
CCDS87159.1|Hs110|chr3,1344
CCDS87166.1|Hs110|chr3,1212
CCDS87168.1|Hs110|chr3,2649
CCDS87169.1|Hs110|chr3,1365
CCDS87170.1|Hs110|chr3,1851
CCDS87173.1|Hs110|chr3,2112
CCDS87176.1|Hs110|chr3,1107
CCDS87179.1|Hs110|chr3,1533
CCDS87180.1|Hs110|chr3,1251
CCDS87181.1|Hs110|chr3,1506
CCDS87183.1|Hs110|chr3,2775
CCDS87186.1|Hs110|chr3,594
CCDS87187.1|Hs110|chr3,600
CCDS87189.1|Hs110|chr3,300
CCDS87192.1|Hs110|chr3,2682
CCDS87193.1|Hs110|chr3,2412
CCDS87195.1|Hs110|chr4,606
CCDS87196.1|Hs110|chr4,399
CCDS87200.1|Hs110|chr4,2379
CCDS87203.1|Hs110|chr4,1101
CCDS87205.1|Hs110|chr4,1395
CCDS87206.1|Hs110|chr4,585
CCDS87208.1|Hs110|chr4,1395
CCDS87210.1|Hs110|chr4,702
CCDS87211.1|Hs110|chr4,2016
CCDS87212.1|Hs110|chr4,300
CCDS87214.1|Hs110|chr4,1398
CCDS87217.1|Hs110|chr4,429
CCDS87218.1|Hs110|chr4,810
CCDS87220.1|Hs110|chr4,303
CCDS87221.1|Hs110|chr4,2943
CCDS87222.1|Hs110|chr4,2694
CCDS87223.1|Hs110|chr4,519
CCDS87224.1|Hs110|chr4,798
CCDS87229.1|Hs110|chr4,981
CCDS87231.1|Hs110|chr4,288
CCDS87233.1|Hs110|chr4,972
CCDS87234.1|Hs110|chr4,1116
CCDS87241.1|Hs110|chr4,1155
CCDS87242.1|Hs110|chr4,1155
CCDS87243.1|Hs110|chr4,1395
CCDS87246.1|Hs110|chr4,5382
CCDS87250.1|Hs110|chr4,3147
CCDS87255.1|Hs110|chr4,1242
CCDS87259.1|Hs110|chr4,1356
CCDS87261.1|Hs110|chr4,1395
CCDS87264.1|Hs110|chr4,198
CCDS87268.1|Hs110|chr4,1581
CCDS87270.1|Hs110|chr4,1506
CCDS87271.1|Hs110|chr4,1446
CCDS87275.1|Hs110|chr4,10116
CCDS87277.1|Hs110|chr4,2031
CCDS87279.1|Hs110|chr4,216
CCDS87280.1|Hs110|chr4,531
CCDS87283.1|Hs110|chr4,549
CCDS87285.1|Hs110|chr4,489
CCDS87287.1|Hs110|chr5,1116
CCDS87290.1|Hs110|chr5,411
CCDS87291.1|Hs110|chr5,978
CCDS87292.1|Hs110|chr5,699
CCDS87293.1|Hs110|chr5,4530
CCDS87294.1|Hs110|chr5,1635
CCDS87297.1|Hs110|chr5,2100
CCDS87298.1|Hs110|chr5,828
CCDS87299.1|Hs110|chr5,621
CCDS87307.1|Hs110|chr5,2286
CCDS87308.1|Hs110|chr5,939
CCDS87309.1|Hs110|chr5,978
CCDS87313.1|Hs110|chr5,1326
CCDS87316.1|Hs110|chr5,1053
CCDS87317.1|Hs110|chr5,2748
CCDS87319.1|Hs110|chr5,306
CCDS87320.1|Hs110|chr5,3366
CCDS87321.1|Hs110|chr5,1527
CCDS87322.1|Hs110|chr5,411
CCDS87323.1|Hs110|chr5,774
CCDS87324.1|Hs110|chr5,312
CCDS87329.1|Hs110|chr5,1539
CCDS87330.1|Hs110|chr5,1311
CCDS87331.1|Hs110|chr5,3753
CCDS87332.1|Hs110|chr5,2061
CCDS87333.1|Hs110|chr5,858
CCDS87335.1|Hs110|chr5,1767
CCDS87340.1|Hs110|chr5,618
CCDS87345.1|Hs110|chr5,1005
CCDS87347.1|Hs110|chr5,519
CCDS87348.1|Hs110|chr5,405
CCDS87350.1|Hs110|chr5,405
CCDS87353.1|Hs110|chr5,933
CCDS87354.1|Hs110|chr5,2088
CCDS87357.1|Hs110|chr5,1290
CCDS87360.1|Hs110|chr5,3921
CCDS87364.1|Hs110|chr6,282
CCDS87367.1|Hs110|chr6,558
CCDS87368.1|Hs110|chr6,1098
CCDS87369.1|Hs110|chr6,1356
CCDS87373.1|Hs110|chr6,3057
CCDS87376.1|Hs110|chr6,3525
CCDS87377.1|Hs110|chr6,939
CCDS87379.1|Hs110|chr6,888
CCDS87380.1|Hs110|chr6,1032
CCDS87382.1|Hs110|chr6,1683
CCDS87383.1|Hs110|chr6,1149
CCDS87384.1|Hs110|chr6,3804
CCDS87391.1|Hs110|chr6,594
CCDS87392.1|Hs110|chr6,882
CCDS87394.1|Hs110|chr6,1911
CCDS87395.1|Hs110|chr6,342
CCDS87396.1|Hs110|chr6,234
CCDS87397.1|Hs110|chr6,261
CCDS87404.1|Hs110|chr6,5268
CCDS87405.1|Hs110|chr6,519
CCDS87406.1|Hs110|chr6,567
CCDS87408.1|Hs110|chr6,924
CCDS87412.1|Hs110|chr6,519
CCDS87415.1|Hs110|chr6,1404
CCDS87418.1|Hs110|chr6,2709
CCDS87419.1|Hs110|chr6,870
CCDS87420.1|Hs110|chr6,849
CCDS87427.1|Hs110|chr6,1434
CCDS87428.1|Hs110|chr6,756
CCDS87429.1|Hs110|chr6,708
CCDS87430.1|Hs110|chr6,492
CCDS87432.1|Hs110|chr6,927
CCDS87433.1|Hs110|chr6,687
CCDS87439.1|Hs110|chr6,2121
CCDS87440.1|Hs110|chr6,2808
CCDS87441.1|Hs110|chr6,720
CCDS87443.1|Hs110|chr6,1563
CCDS87444.1|Hs110|chr6,2616
CCDS87445.1|Hs110|chr6,1347
CCDS87446.1|Hs110|chr6,1440
CCDS87448.1|Hs110|chr6,351
CCDS87449.1|Hs110|chr6,618
CCDS87450.1|Hs110|chr6,696
CCDS87452.1|Hs110|chr6,582
CCDS87453.1|Hs110|chr6,675
CCDS87454.1|Hs110|chr6,954
CCDS87457.1|Hs110|chr6,933
CCDS87458.1|Hs110|chr6,2928
CCDS87459.2|Hs110|chr6,7119
CCDS87460.1|Hs110|chr6,4620
CCDS87462.1|Hs110|chr6,3780
CCDS87464.1|Hs110|chr6,4665
CCDS87471.1|Hs110|chr6,897
CCDS87474.1|Hs110|chr7,2184
CCDS87475.1|Hs110|chr7,756
CCDS87476.1|Hs110|chr7,729
CCDS87478.1|Hs110|chr7,1539
CCDS87480.1|Hs110|chr7,2391
CCDS87481.1|Hs110|chr7,2412
CCDS87482.1|Hs110|chr7,678
CCDS87483.1|Hs110|chr7,570
CCDS87484.1|Hs110|chr7,540
CCDS87486.1|Hs110|chr7,1260
CCDS87489.1|Hs110|chr7,1368
CCDS87490.1|Hs110|chr7,1320
CCDS87494.1|Hs110|chr7,1155
CCDS87495.1|Hs110|chr7,651
CCDS87497.1|Hs110|chr7,495
CCDS87498.1|Hs110|chr7,3105
CCDS87501.1|Hs110|chr7,780
CCDS87502.1|Hs110|chr7,234
CCDS87504.1|Hs110|chr7,1899
CCDS87505.1|Hs110|chr7,1410
CCDS87507.1|Hs110|chr7,3276
CCDS87512.1|Hs110|chr7,831
CCDS87515.1|Hs110|chr7,1614
CCDS87519.1|Hs110|chr7,1164
CCDS87520.1|Hs110|chr7,1287
CCDS87522.1|Hs110|chr7,1395
CCDS87523.1|Hs110|chr7,1422
CCDS87524.1|Hs110|chr7,489
CCDS87525.1|Hs110|chr7,666
CCDS87526.1|Hs110|chr7,1353
CCDS87527.1|Hs110|chr7,1383
CCDS87529.1|Hs110|chr7,894
CCDS87532.1|Hs110|chr7,792
CCDS87535.1|Hs110|chr7,231
CCDS87536.1|Hs110|chr7,396
CCDS87537.1|Hs110|chr7,384
CCDS87538.1|Hs110|chr7,450
CCDS87540.1|Hs110|chr7,333
CCDS87541.1|Hs110|chr7,5928
CCDS87543.1|Hs110|chr7,180
CCDS87546.1|Hs110|chr7,1380
CCDS87547.1|Hs110|chr7,1683
CCDS87549.1|Hs110|chr7,699
CCDS87555.1|Hs110|chr7,2304
CCDS87559.1|Hs110|chr7,2760
CCDS87562.1|Hs110|chr7,1980
CCDS87563.1|Hs110|chr7,441
CCDS87564.1|Hs110|chr7,1032
CCDS87565.1|Hs110|chr7,1848
CCDS87568.1|Hs110|chr7,993
CCDS87571.1|Hs110|chr7,636
CCDS87572.1|Hs110|chr8,3168
CCDS87575.1|Hs110|chr8,312
CCDS87579.1|Hs110|chr8,1431
CCDS87581.1|Hs110|chr8,1410
CCDS87582.1|Hs110|chr8,1593
CCDS87583.1|Hs110|chr8,993
CCDS87587.1|Hs110|chr8,618
CCDS87593.1|Hs110|chr8,9519
CCDS87598.1|Hs110|chr8,399
CCDS87601.1|Hs110|chr8,2196
CCDS87602.1|Hs110|chr8,1830
CCDS87607.1|Hs110|chr8,1173
CCDS87608.1|Hs110|chr8,1308
CCDS87610.1|Hs110|chr8,720
CCDS87615.1|Hs110|chr8,627
CCDS87617.1|Hs110|chr8,183
CCDS87618.1|Hs110|chr8,981
CCDS87619.1|Hs110|chr8,576
CCDS87620.1|Hs110|chr8,1815
CCDS87622.1|Hs110|chr8,1026
CCDS87625.1|Hs110|chr8,474
CCDS87627.1|Hs110|chr8,1362
CCDS87628.1|Hs110|chr8,1089
CCDS87629.1|Hs110|chr8,3837
CCDS87630.1|Hs110|chr8,1545
CCDS87636.1|Hs110|chr9,648
CCDS87644.1|Hs110|chr9,318
CCDS87645.1|Hs110|chr9,1170
CCDS87647.1|Hs110|chr9,168
CCDS87649.1|Hs110|chr9,714
CCDS87651.1|Hs110|chr9,855
CCDS87654.1|Hs110|chr9,1131
CCDS87658.1|Hs110|chr9,1812
CCDS87660.1|Hs110|chr9,2166
CCDS87661.1|Hs110|chr9,552
CCDS87662.1|Hs110|chr9,1458
CCDS87673.1|Hs110|chr9,5520
CCDS87676.1|Hs110|chr9,225
CCDS87679.1|Hs110|chr9,213
CCDS87683.1|Hs110|chr9,1047
CCDS87684.1|Hs110|chr9,657
CCDS87685.1|Hs110|chr9,1521
CCDS87687.1|Hs110|chr9,1401
CCDS87689.1|Hs110|chr9,1494
CCDS87693.1|Hs110|chr9,549
CCDS87695.1|Hs110|chr9,7497
CCDS87696.1|Hs110|chr9,7374
CCDS87699.1|Hs110|chr9,1779
CCDS87703.1|Hs110|chr9,3492
CCDS87707.1|Hs110|chr9,255
CCDS87713.1|Hs110|chr9,1161
CCDS87717.1|Hs110|chr9,528
CCDS87721.1|Hs110|chr9,1671
CCDS87728.1|Hs110|chrX,2607
CCDS87729.1|Hs110|chrX,2958
CCDS87730.1|Hs110|chrX,2460
CCDS87731.1|Hs110|chrX,2868
CCDS87732.1|Hs110|chrX,2499
CCDS87734.1|Hs110|chrX,1986
CCDS87736.1|Hs110|chrX,1428
CCDS87739.1|Hs110|chrX,609
CCDS87740.1|Hs110|chrX,441
CCDS87743.2|Hs110|chrX,819
CCDS87744.1|Hs110|chrX,819
CCDS87745.1|Hs110|chrX,819
CCDS87747.1|Hs110|chrX,4674
CCDS87748.1|Hs110|chrX,222
CCDS87749.1|Hs110|chrX,759
CCDS87751.1|Hs110|chrX,207
CCDS87753.1|Hs110|chrX,1590
CCDS87754.1|Hs110|chrX,1935
CCDS87755.1|Hs110|chrX,1719
CCDS87756.1|Hs110|chrX,669
CCDS87758.1|Hs110|chrX,1557
CCDS87759.1|Hs110|chrX,3678
CCDS87760.1|Hs110|chrX,240
CCDS87761.1|Hs110|chrX,228
CCDS87762.1|Hs110|chrX,240
CCDS87763.1|Hs110|chrX,240
CCDS87764.1|Hs110|chrX,228
CCDS87765.1|Hs110|chrX,240
CCDS87766.1|Hs110|chrX,228
CCDS87767.1|Hs110|chrX,522
CCDS87768.1|Hs110|chrX,147
CCDS87770.1|Hs110|chrX,462
CCDS87773.1|Hs110|chrX,2145
CCDS87777.1|Hs110|chrX,297
CCDS87780.1|Hs110|chrX,237
CCDS87781.1|Hs110|chrX,180
CCDS87782.1|Hs110|chrX,180
CCDS87783.1|Hs110|chrX,180
CCDS87784.1|Hs110|chrX,2697
CCDS87786.1|Hs110|chrX,1002
CCDS87789.1|Hs110|chrX,471
CCDS87792.1|Hs110|chrX,1737
CCDS87793.1|Hs110|chrX,1110
CCDS87800.1|Hs110|chrX,714
CCDS90833.1,2538
CCDS90834.1,2535
CCDS90835.1,1992
CCDS90836.1,2031
CCDS90837.1,570
CCDS90838.1,912
CCDS90840.1,4920
CCDS90843.1,552
CCDS90845.1,4311
CCDS90849.1,4683
CCDS90850.1,4611
CCDS90851.1,4614
CCDS90852.1,2094
CCDS90853.1,1776
CCDS90854.1,1776
CCDS90856.1,3132
CCDS90857.1,4062
CCDS90858.1,5451
CCDS90862.1,4350
CCDS90864.1,2091
CCDS90866.1,4440
CCDS90868.1,3000
CCDS90871.1,2991
CCDS90872.1,450
CCDS90875.1,4902
CCDS90876.1,4926
CCDS90877.1,471
CCDS90878.1,756
CCDS90879.1,1740
CCDS90880.1,2637
CCDS90881.1,2409
CCDS90883.1,2748
CCDS90884.1,2757
CCDS90885.1,2754
CCDS90886.1,2712
CCDS90887.1,1206
CCDS90888.1,357
CCDS90889.1,561
CCDS90890.1,192
CCDS90892.1,855
CCDS90893.1,360
CCDS90894.1,1101
CCDS90895.1,1848
CCDS90896.1,642
CCDS90897.1,2349
CCDS90898.1,2364
CCDS90899.1,2487
CCDS90900.1,2526
CCDS90901.1,1968
CCDS90902.1,1629
CCDS90906.1,495
CCDS90907.1,1317
CCDS90908.1,1377
CCDS90910.1,3141
CCDS90911.1,2580
CCDS90912.1,2646
CCDS90915.1,2676
CCDS90916.1,2523
CCDS90919.1,22668
CCDS90924.1,1308
CCDS90925.1,1080
CCDS90927.1,1653
CCDS90928.1,2013
CCDS90929.1,2817
CCDS90931.1,2133
CCDS90932.1,612
CCDS90934.1,3753
CCDS90935.1,10299
CCDS90936.1,1257
CCDS90937.1,762
CCDS90938.1,1608
CCDS90941.1,2157
CCDS90942.1,1149
CCDS90944.1,987
CCDS90946.1,3672
CCDS90947.1,591
CCDS90949.1,387
CCDS90950.1,1062
CCDS90951.1,363
CCDS90953.1,1734
CCDS90954.1,1839
CCDS90955.1,1749
CCDS90956.1,2601
CCDS90957.1,2802
CCDS90959.1,2388
CCDS90960.1,645
CCDS90961.1,837
CCDS90964.1,6423
CCDS90966.1,954
CCDS90967.1,2076
CCDS90968.1,3462
CCDS90969.1,1968
CCDS90970.1,1962
CCDS90971.1,1902
CCDS90972.1,1890
CCDS90973.1,1830
CCDS90974.1,654
CCDS90975.1,4728
CCDS90976.1,1476
CCDS90978.1,3744
CCDS90979.1,1815
CCDS90980.1,1758
CCDS90981.1,1806
CCDS90982.1,2001
CCDS90984.1,2064
CCDS90985.1,585
CCDS90986.1,4410
CCDS90988.1,3561
CCDS90990.1,3492
CCDS90993.1,1323
CCDS90994.1,669
CCDS90996.1,1383
CCDS90997.1,1935
CCDS90998.1,1137
CCDS91000.1,5379
CCDS91002.1,2481
CCDS91003.1,363
CCDS91004.1,4368
CCDS91005.1,1623
CCDS91006.1,1620
CCDS91007.1,1779
CCDS91012.1,906
CCDS91013.1,1554
CCDS91014.1,366
CCDS91015.1,393
CCDS91016.1,510
CCDS91018.1,2292
CCDS91019.1,2265
CCDS91021.1,1875
CCDS91022.1,276
CCDS91024.1,1251
CCDS91025.1,3531
CCDS91026.1,1587
CCDS91027.1,1533
CCDS91029.1,2829
CCDS91030.1,825
CCDS91031.1,1902
CCDS91032.1,1377
CCDS91033.1,16938
CCDS91035.1,822
CCDS91036.1,495
CCDS91037.1,2238
CCDS91038.1,2478
CCDS91039.1,8967
CCDS91040.1,7452
CCDS91041.1,7449
CCDS91042.1,7149
CCDS91043.1,7239
CCDS91044.1,7527
CCDS91045.1,3351
CCDS91046.1,2223
CCDS91047.1,882
CCDS91048.1,3108
CCDS91049.1,168
CCDS91050.1,3879
CCDS91051.1,750
CCDS91052.1,4254
CCDS91055.1,288
CCDS91056.1,327
CCDS91058.1,195
CCDS91059.1,291
CCDS91060.1,858
CCDS91061.1,858
CCDS91062.1,3630
CCDS91063.1,1257
CCDS91067.1,8910
CCDS91070.1,1674
CCDS91073.1,213
CCDS91074.1,729
CCDS91075.1,696
CCDS91076.1,975
CCDS91077.1,738
CCDS91078.1,342
CCDS91079.1,2358
CCDS91080.1,2022
CCDS91081.1,675
CCDS91082.1,309
CCDS91084.1,1716
CCDS91086.1,1314
CCDS91087.1,939
CCDS91088.1,831
CCDS91089.1,762
CCDS91090.1,699
CCDS91091.1,795
CCDS91093.1,2010
CCDS91094.1,906
CCDS91097.1,1863
CCDS91098.1,1743
CCDS91103.1,1059
CCDS91104.1,8697
CCDS91106.1,243
CCDS91107.1,2577
CCDS91108.1,1449
CCDS91109.1,1785
CCDS91110.1,1818
CCDS91111.1,3156
CCDS91112.1,759
CCDS91113.1,1137
CCDS91115.1,1077
CCDS91118.1,1203
CCDS91120.1,939
CCDS91123.1,3564
CCDS91124.1,3651
CCDS91125.1,1473
CCDS91126.1,1665
CCDS91127.1,468
CCDS91128.1,2847
CCDS91131.1,831
CCDS91132.1,750
CCDS91133.1,1737
CCDS91135.1,618
CCDS91136.1,441
CCDS91139.1,1011
CCDS91141.1,3756
CCDS91142.1,6495
CCDS91143.1,4500
CCDS91144.1,4620
CCDS91145.1,3624
CCDS91146.1,633
CCDS91148.1,4821
CCDS91149.1,3570
CCDS91150.1,1893
CCDS91151.1,102
CCDS91153.1,330
CCDS91154.1,282
CCDS91155.1,456
CCDS91157.1,2538
CCDS91159.1,1269
CCDS91160.1,1689
CCDS91162.1,2286
CCDS91163.1,13854
CCDS91164.1,1473
CCDS91165.1,1629
CCDS91166.1,417
CCDS91167.1,1935
CCDS91168.1,5100
CCDS91169.1,5265
CCDS91170.1,5199
CCDS91171.1,26778
CCDS91172.1,471
CCDS91173.1,2346
CCDS91174.1,5115
CCDS91175.1,3609
CCDS91176.1,1332
CCDS91177.1,1356
CCDS91178.1,1359
CCDS91179.1,1329
CCDS91180.1,1323
CCDS91181.1,1488
CCDS91182.1,1422
CCDS91183.1,444
CCDS91184.1,414
CCDS91185.1,3276
CCDS91189.1,549
CCDS91190.1,6801
CCDS91191.1,6906
CCDS91192.1,978
CCDS91193.1,987
CCDS91194.10,1740
CCDS91195.10,1806
CCDS91196.10,1716
CCDS91197.10,1545
CCDS91198.10,1503
CCDS91199.10,1689
CCDS91201.10,687
CCDS91202.10,2508
CCDS91203.10,2241
CCDS91204.10,1707
CCDS91205.10,2499
CCDS91206.10,2916
CCDS91207.10,981
CCDS91208.10,7938
CCDS91209.10,7050
CCDS91210.10,531
CCDS91212.10,2556
CCDS91214.10,1242
CCDS91215.10,1086
CCDS91216.10,1500
CCDS91218.10,1845
CCDS91220.10,1725
CCDS91221.10,1653
CCDS91222.10,5847
CCDS91223.10,744
CCDS91224.10,1428
CCDS91225.10,5130
CCDS91226.10,1419
CCDS91227.10,1269
CCDS91229.10,1506
CCDS91230.10,1605
CCDS91231.10,594
CCDS91232.10,1839
CCDS91233.10,2211
CCDS91234.10,5715
CCDS91236.10,2049
CCDS91238.10,2061
CCDS91239.10,1266
CCDS91240.10,1425
CCDS91241.10,1965
CCDS91244.10,939
CCDS91245.10,5223
CCDS91247.10,891
CCDS91248.10,1470
CCDS91249.10,2190
CCDS91250.10,2670
CCDS91251.10,2187
CCDS91252.10,2055
CCDS91253.10,1956
CCDS91254.10,1887
CCDS91256.10,1053
CCDS91259.10,759
CCDS91260.10,954
CCDS91261.10,300
CCDS91262.10,2790
CCDS91263.10,3156
CCDS91264.10,3366
CCDS91265.10,4914
CCDS91266.10,5505
CCDS91267.10,1590
CCDS91269.10,1767
CCDS91270.10,885
CCDS91276.10,3537
CCDS91285.10,2637
CCDS91286.10,1302
CCDS91287.10,2163
CCDS91288.10,876
CCDS91289.10,1995
CCDS91290.10,2043
CCDS91291.10,1176
CCDS91292.10,2421
CCDS91296.10,594
CCDS91297.10,1053
CCDS91298.10,1317
CCDS91299.10,1395
CCDS91300.10,2937
CCDS91301.10,3060
CCDS91304.10,6861
CCDS91306.10,2421
CCDS91307.10,2127
CCDS91308.10,2469
CCDS91309.10,1728
CCDS91310.10,4314
CCDS91311.10,1146
CCDS91313.10,1743
CCDS91314.10,1842
CCDS91315.10,876
CCDS91316.10,2004
CCDS91317.10,2919
CCDS91319.10,1230
CCDS91320.10,2517
CCDS91321.10,555
CCDS91322.10,786
CCDS91327.10,1230
CCDS91328.10,5655
CCDS91329.10,5679
CCDS91330.10,5571
CCDS91331.10,5583
CCDS91332.10,5532
CCDS91333.10,5568
CCDS91334.10,5286
CCDS91335.10,5274
CCDS91336.10,5286
CCDS91337.10,642
CCDS91339.10,1599
CCDS91340.10,1710
CCDS91341.10,2238
CCDS91342.10,5619
CCDS91343.10,3402
CCDS91344.10,2148
CCDS91345.10,1080
CCDS91346.10,675
CCDS91347.10,612
CCDS91348.10,1860
CCDS91349.10,1380
CCDS91350.10,900
CCDS91351.10,1407
CCDS91352.10,3543
CCDS91353.10,3342
CCDS91354.10,3315
CCDS91356.10,2529
CCDS91362.10,3000
CCDS91366.10,951
CCDS91368.10,7629
CCDS91369.10,414
CCDS91371.10,798
CCDS91372.10,879
CCDS91373.10,2721
CCDS91374.10,2391
CCDS91376.10,1791
CCDS91377.10,1890
CCDS91378.10,2541
CCDS91379.10,2973
CCDS91380.10,2493
CCDS91381.10,2313
CCDS91382.10,2319
CCDS91383.10,2313
CCDS91384.10,2247
CCDS91385.10,2286
CCDS91386.10,2064
CCDS91388.10,420
CCDS91389.10,375
CCDS91390.10,513
CCDS91391.10,3084
CCDS91392.11,1062
CCDS91393.11,1038
CCDS91394.11,957
CCDS91397.11,2520
CCDS91398.11,972
CCDS91399.11,633
CCDS91400.11,561
CCDS91401.11,1164
CCDS91402.11,1440
CCDS91403.11,810
CCDS91406.11,573
CCDS91407.11,492
CCDS91408.11,576
CCDS91410.11,1161
CCDS91411.11,2220
CCDS91412.11,5454
CCDS91413.11,5262
CCDS91414.11,5379
CCDS91415.11,5352
CCDS91416.11,981
CCDS91417.11,2151
CCDS91418.11,1401
CCDS91419.11,1836
CCDS91420.11,2154
CCDS91421.11,1569
CCDS91422.11,906
CCDS91423.11,939
CCDS91424.11,576
CCDS91425.11,798
CCDS91426.11,951
CCDS91427.11,984
CCDS91429.11,2433
CCDS91432.11,4179
CCDS91433.11,4068
CCDS91434.11,1830
CCDS91436.11,3087
CCDS91437.11,3792
CCDS91439.11,5421
CCDS91440.11,5646
CCDS91442.11,5874
CCDS91443.11,2868
CCDS91444.11,1893
CCDS91445.11,3186
CCDS91446.11,807
CCDS91447.11,2487
CCDS91448.11,3819
CCDS91449.11,453
CCDS91450.11,2700
CCDS91451.11,2697
CCDS91452.11,3129
CCDS91453.11,5361
CCDS91454.11,5352
CCDS91455.11,666
CCDS91456.11,1422
CCDS91457.11,4251
CCDS91461.11,3597
CCDS91463.11,1551
CCDS91465.11,2046
CCDS91466.11,3897
CCDS91467.11,1608
CCDS91469.11,1092
CCDS91470.11,1305
CCDS91471.11,552
CCDS91472.11,1359
CCDS91473.11,972
CCDS91475.11,786
CCDS91477.11,582
CCDS91478.11,555
CCDS91479.11,555
CCDS91480.11,996
CCDS91482.11,384
CCDS91483.11,393
CCDS91484.11,534
CCDS91486.11,1569
CCDS91487.11,2061
CCDS91491.11,2694
CCDS91492.11,870
CCDS91493.11,1395
CCDS91494.11,435
CCDS91495.11,375
CCDS91496.11,1005
CCDS91497.11,1452
CCDS91498.11,798
CCDS91499.11,516
CCDS91500.11,4536
CCDS91502.11,2295
CCDS91503.11,1959
CCDS91504.11,1728
CCDS91505.11,672
CCDS91506.11,720
CCDS91507.11,2343
CCDS91511.11,7194
CCDS91512.11,351
CCDS91515.11,852
CCDS91516.11,816
CCDS91518.11,2142
CCDS91519.11,969
CCDS91521.11,2517
CCDS91523.11,156
CCDS91524.11,3150
CCDS91527.11,4413
CCDS91528.11,705
CCDS91529.11,777
CCDS91530.11,318
CCDS91531.11,3585
CCDS91535.11,2403
CCDS91536.11,177
CCDS91537.11,420
CCDS91538.11,513
CCDS91539.11,306
CCDS91541.11,705
CCDS91543.11,6501
CCDS91544.11,1368
CCDS91545.11,1569
CCDS91546.11,507
CCDS91553.11,1176
CCDS91554.11,5061
CCDS91555.11,1047
CCDS91556.11,1539
CCDS91557.11,2574
CCDS91558.11,2676
CCDS91559.11,2433
CCDS91563.11,2601
CCDS91565.11,2907
CCDS91566.11,2910
CCDS91568.11,6672
CCDS91569.11,6720
CCDS91570.11,1899
CCDS91573.11,13770
CCDS91579.11,1305
CCDS91580.11,969
CCDS91581.11,1014
CCDS91583.11,2655
CCDS91585.11,621
CCDS91586.11,690
CCDS91587.11,1563
CCDS91588.11,1923
CCDS91589.11,1836
CCDS91590.11,1938
CCDS91591.11,1629
CCDS91592.11,1665
CCDS91593.11,1911
CCDS91595.11,2178
CCDS91596.11,3420
CCDS91597.11,1935
CCDS91598.11,1644
CCDS91600.11,4110
CCDS91601.11,804
CCDS91602.11,258
CCDS91603.11,4389
CCDS91604.11,3003
CCDS91609.11,2121
CCDS91612.11,435
CCDS91613.11,2634
CCDS91615.11,933
CCDS91616.11,1407
CCDS91617.11,426
CCDS91619.11,2382
CCDS91621.11,1065
CCDS91622.11,1053
CCDS91623.11,6306
CCDS91624.11,3225
CCDS91625.11,1851
CCDS91626.11,1068
CCDS91627.11,4455
CCDS91634.12,6597
CCDS91636.12,6384
CCDS91637.12,6408
CCDS91638.12,918
CCDS91640.12,708
CCDS91641.12,1905
CCDS91642.12,2997
CCDS91643.12,3012
CCDS91644.12,1488
CCDS91645.12,1827
CCDS91649.12,525
CCDS91650.12,438
CCDS91652.12,345
CCDS91654.12,1419
CCDS91655.12,1056
CCDS91657.12,897
CCDS91659.12,3471
CCDS91660.12,3333
CCDS91662.12,1617
CCDS91663.12,1026
CCDS91664.12,1341
CCDS91666.12,1809
CCDS91667.12,645
CCDS91669.12,3273
CCDS91670.12,2835
CCDS91671.12,1884
CCDS91672.12,2385
CCDS91675.12,2886
CCDS91676.12,3078
CCDS91677.12,3138
CCDS91678.12,3141
CCDS91679.12,2217
CCDS91680.12,2712
CCDS91681.12,624
CCDS91684.12,1092
CCDS91686.12,2700
CCDS91689.12,1485
CCDS91690.12,939
CCDS91691.12,936
CCDS91693.12,2607
CCDS91695.12,1794
CCDS91696.12,1602
CCDS91697.12,5820
CCDS91698.12,954
CCDS91699.12,282
CCDS91701.12,519
CCDS91703.12,3396
CCDS91704.12,3546
CCDS91707.12,2457
CCDS91708.12,6237
CCDS91709.12,2973
CCDS91711.12,945
CCDS91712.12,1962
CCDS91713.12,1797
CCDS91714.12,2007
CCDS91718.12,3189
CCDS91722.12,3387
CCDS91723.12,2175
CCDS91724.12,1476
CCDS91727.12,1674
CCDS91730.12,7062
CCDS91731.12,6927
CCDS91736.12,3516
CCDS91737.12,2076
CCDS91740.12,3858
CCDS91741.12,1491
CCDS91743.12,552
CCDS91744.12,882
CCDS91747.12,2946
CCDS91748.12,219
CCDS91749.12,1617
CCDS91750.12,3468
CCDS91751.12,13257
CCDS91752.12,1155
CCDS91755.12,1179
CCDS91756.12,3111
CCDS91757.12,1866
CCDS91758.12,1770
CCDS91759.12,3246
CCDS91762.12,1101
CCDS91763.12,2124
CCDS91764.12,513
CCDS91765.12,546
CCDS91766.12,1959
CCDS91767.12,13770
CCDS91768.12,651
CCDS91769.12,1659
CCDS91770.12,1446
CCDS91771.12,1323
CCDS91772.12,3252
CCDS91773.12,1041
CCDS91774.12,3372
CCDS91775.12,3918
CCDS91776.12,4089
CCDS91777.12,2262
CCDS91778.12,834
CCDS91781.12,1560
CCDS91782.12,3009
CCDS91783.12,1473
CCDS91784.12,867
CCDS91785.12,4377
CCDS91786.12,1452
CCDS91790.13,1713
CCDS91791.13,1701
CCDS91792.13,3318
CCDS91793.13,3492
CCDS91795.13,9051
CCDS91796.13,1461
CCDS91797.13,1467
CCDS91798.13,588
CCDS91799.13,513
CCDS91800.13,3297
CCDS91801.13,8904
CCDS91804.13,5010
CCDS91806.13,801
CCDS91808.13,1215
CCDS91809.13,807
CCDS91810.13,4146
CCDS91811.13,2499
CCDS91812.13,390
CCDS91813.13,330
CCDS91814.13,2277
CCDS91815.13,594
CCDS91820.13,1923
CCDS91821.13,1431
CCDS91822.13,3024
CCDS91823.13,1158
CCDS91824.13,1176
CCDS91825.13,1140
CCDS91827.13,6186
CCDS91828.13,6279
CCDS91829.13,6210
CCDS91830.13,921
CCDS91831.13,5130
CCDS91832.13,5304
CCDS91834.13,381
CCDS91835.13,990
CCDS91836.13,1044
CCDS91837.13,2412
CCDS91839.13,801
CCDS91840.13,4812
CCDS91841.13,5904
CCDS91842.13,639
CCDS91844.13,300
CCDS91845.13,297
CCDS91847.14,2394
CCDS91848.14,1839
CCDS91849.14,3018
CCDS91850.14,3852
CCDS91852.14,468
CCDS91853.14,1395
CCDS91854.14,1209
CCDS91855.14,978
CCDS91858.14,1374
CCDS91860.14,7692
CCDS91863.14,1344
CCDS91864.14,7629
CCDS91865.14,6396
CCDS91866.14,1560
CCDS91869.14,1236
CCDS91870.14,5661
CCDS91871.14,1563
CCDS91874.14,3900
CCDS91875.14,2541
CCDS91876.14,6402
CCDS91879.14,2388
CCDS91882.14,4647
CCDS91885.14,2895
CCDS91889.14,1254
CCDS91890.14,2484
CCDS91891.14,2688
CCDS91892.14,417
CCDS91897.14,1398
CCDS91898.14,3837
CCDS91899.14,3789
CCDS91900.14,1266
CCDS91901.14,3300
CCDS91902.14,654
CCDS91904.14,378
CCDS91905.14,2442
CCDS91906.14,4323
CCDS91907.14,2586
CCDS91908.14,2976
CCDS91909.14,1317
CCDS91910.14,1365
CCDS91911.14,1416
CCDS91912.14,1284
CCDS91913.14,4407
CCDS91914.14,2934
CCDS91915.14,2868
CCDS91916.14,5910
CCDS91917.14,342
CCDS91918.14,2502
CCDS91919.14,1470
CCDS91920.14,8124
CCDS91921.14,8058
CCDS91922.14,669
CCDS91925.14,1014
CCDS91926.14,5148
CCDS91927.14,1791
CCDS91928.14,1263
CCDS91929.14,1188
CCDS91931.14,1590
CCDS91932.14,1872
CCDS91933.14,1839
CCDS91934.14,1740
CCDS91935.14,5058
CCDS91938.14,2181
CCDS91940.14,2025
CCDS91943.14,1218
CCDS91944.14,534
CCDS91945.14,1650
CCDS91946.14,1731
CCDS91947.14,1887
CCDS91948.14,1893
CCDS91949.14,1830
CCDS91950.14,1695
CCDS91951.14,1656
CCDS91952.14,1914
CCDS91953.14,1920
CCDS91954.14,1668
CCDS91955.14,1617
CCDS91956.14,2112
CCDS91957.14,2097
CCDS91958.14,1488
CCDS91960.15,942
CCDS91961.15,951
CCDS91962.15,2565
CCDS91963.15,1950
CCDS91964.15,1917
CCDS91965.15,735
CCDS91966.15,2442
CCDS91967.15,2499
CCDS91968.15,2481
CCDS91969.15,1869
CCDS91970.15,5067
CCDS91971.15,5586
CCDS91972.15,2802
CCDS91974.15,585
CCDS91975.15,582
CCDS91979.15,1809
CCDS91980.15,2334
CCDS91982.15,9345
CCDS91983.15,2520
CCDS91986.15,5721
CCDS91987.15,5784
CCDS91988.15,9126
CCDS91989.15,4473
CCDS91990.15,1554
CCDS91991.15,7188
CCDS91993.15,1467
CCDS91994.15,1245
CCDS91995.15,3300
CCDS91998.15,9177
CCDS91999.15,5559
CCDS92001.15,5643
CCDS92002.15,6639
CCDS92003.15,4092
CCDS92004.15,3846
CCDS92005.15,4383
CCDS92007.15,981
CCDS92009.15,981
CCDS92010.15,855
CCDS92011.15,828
CCDS92012.15,747
CCDS92013.15,756
CCDS92015.15,393
CCDS92016.15,696
CCDS92017.15,768
CCDS92018.15,969
CCDS92019.15,738
CCDS92020.15,1449
CCDS92021.15,1407
CCDS92022.15,1665
CCDS92023.15,2958
CCDS92025.15,5724
CCDS92026.15,2910
CCDS92027.15,3423
CCDS92029.15,1038
CCDS92030.15,2898
CCDS92031.15,246
CCDS92032.15,1032
CCDS92033.15,2925
CCDS92035.15,1701
CCDS92036.15,1818
CCDS92037.15,1818
CCDS92041.15,1494
CCDS92044.15,1452
CCDS92045.15,1242
CCDS92047.15,894
CCDS92049.15,1377
CCDS92050.15,1767
CCDS92052.15,3366
CCDS92053.15,486
CCDS92054.15,7707
CCDS92055.15,7593
CCDS92056.15,7479
CCDS92057.15,828
CCDS92058.15,1140
CCDS92061.15,3708
CCDS92063.15,2256
CCDS92067.15,1524
CCDS92068.15,1536
CCDS92071.16,2406
CCDS92073.16,1860
CCDS92074.16,705
CCDS92075.16,660
CCDS92076.16,1413
CCDS92077.16,684
CCDS92080.16,2202
CCDS92081.16,804
CCDS92082.16,2004
CCDS92084.16,5283
CCDS92085.16,5226
CCDS92086.16,5292
CCDS92088.16,1161
CCDS92090.16,918
CCDS92091.16,1005
CCDS92092.16,507
CCDS92093.16,537
CCDS92094.16,2052
CCDS92095.16,1614
CCDS92096.16,369
CCDS92097.16,516
CCDS92098.16,1419
CCDS92100.16,1401
CCDS92101.16,1125
CCDS92104.16,1548
CCDS92105.16,219
CCDS92106.16,3156
CCDS92107.16,9801
CCDS92108.16,9963
CCDS92109.16,774
CCDS92110.16,1194
CCDS92112.16,1110
CCDS92114.16,1110
CCDS92115.16,1110
CCDS92118.16,1110
CCDS92119.16,1179
CCDS92120.16,1497
CCDS92121.16,12213
CCDS92123.16,3669
CCDS92124.16,795
CCDS92125.16,1269
CCDS92127.16,1815
CCDS92128.16,2676
CCDS92130.16,1245
CCDS92131.16,3486
CCDS92133.16,522
CCDS92135.16,333
CCDS92136.16,420
CCDS92137.16,276
CCDS92138.16,174
CCDS92140.16,996
CCDS92142.16,2025
CCDS92144.16,1626
CCDS92145.16,285
CCDS92152.16,3282
CCDS92153.16,609
CCDS92154.16,1716
CCDS92155.16,4080
CCDS92157.16,3879
CCDS92158.16,2142
CCDS92159.16,963
CCDS92160.16,159
CCDS92161.16,7275
CCDS92165.16,3063
CCDS92168.16,1599
CCDS92169.16,441
CCDS92173.16,1686
CCDS92174.16,1227
CCDS92175.16,1449
CCDS92176.16,3717
CCDS92179.16,1290
CCDS92180.16,1953
CCDS92181.16,2184
CCDS92182.16,711
CCDS92184.16,2082
CCDS92187.16,2142
CCDS92188.16,1575
CCDS92189.16,1605
CCDS92192.16,654
CCDS92193.16,1326
CCDS92194.16,2061
CCDS92195.16,1341
CCDS92197.16,1203
CCDS92202.16,903
CCDS92203.16,1593
CCDS92204.16,1518
CCDS92205.16,11862
CCDS92207.16,420
CCDS92209.16,1341
CCDS92212.16,2430
CCDS92214.17,2100
CCDS92216.17,942
CCDS92217.17,3357
CCDS92220.17,3930
CCDS92221.17,4047
CCDS92222.17,768
CCDS92223.17,2316
CCDS92224.17,2220
CCDS92226.17,945
CCDS92228.17,663
CCDS92230.17,240
CCDS92233.17,1251
CCDS92236.17,2274
CCDS92238.17,360
CCDS92240.17,3537
CCDS92241.17,1179
CCDS92242.17,921
CCDS92243.17,1995
CCDS92244.17,2094
CCDS92245.17,2295
CCDS92247.17,816
CCDS92248.17,3591
CCDS92251.17,3423
CCDS92256.17,5961
CCDS92257.17,2640
CCDS92258.17,240
CCDS92260.17,1407
CCDS92263.17,735
CCDS92264.17,4278
CCDS92265.17,7278
CCDS92267.17,930
CCDS92269.17,873
CCDS92270.17,3186
CCDS92271.17,141
CCDS92272.17,468
CCDS92273.17,1701
CCDS92274.17,1725
CCDS92275.17,3105
CCDS92276.17,3147
CCDS92277.17,3090
CCDS92278.17,2355
CCDS92279.17,1227
CCDS92280.17,1071
CCDS92281.17,2787
CCDS92282.17,1647
CCDS92283.17,1095
CCDS92285.17,6156
CCDS92286.17,609
CCDS92287.17,921
CCDS92288.17,2757
CCDS92289.17,357
CCDS92290.17,465
CCDS92291.17,1611
CCDS92293.17,1647
CCDS92296.17,2940
CCDS92297.17,1845
CCDS92298.17,1797
CCDS92299.17,1386
CCDS92302.17,1875
CCDS92304.17,708
CCDS92305.17,441
CCDS92306.17,1512
CCDS92308.17,2286
CCDS92309.17,2214
CCDS92310.17,2229
CCDS92311.17,2292
CCDS92312.17,2217
CCDS92313.17,2166
CCDS92314.17,2286
CCDS92315.17,2184
CCDS92316.17,2181
CCDS92317.17,2640
CCDS92318.17,2637
CCDS92319.17,2589
CCDS92320.17,2352
CCDS92321.17,2304
CCDS92322.17,2406
CCDS92323.17,2385
CCDS92324.17,2367
CCDS92327.17,2373
CCDS92328.17,471
CCDS92329.17,507
CCDS92330.17,3510
CCDS92332.17,744
CCDS92333.17,273
CCDS92334.17,693
CCDS92335.17,588
CCDS92336.17,696
CCDS92338.17,810
CCDS92339.17,3315
CCDS92340.17,2004
CCDS92341.17,2070
CCDS92342.17,1899
CCDS92343.17,2604
CCDS92344.17,2562
CCDS92345.17,2502
CCDS92346.17,2211
CCDS92347.17,1146
CCDS92348.17,3126
CCDS92351.17,546
CCDS92355.17,2775
CCDS92358.17,546
CCDS92359.17,429
CCDS92360.17,963
CCDS92361.17,282
CCDS92363.17,3441
CCDS92364.17,1686
CCDS92365.17,1299
CCDS92367.17,3630
CCDS92368.17,2991
CCDS92369.17,1023
CCDS92374.17,1968
CCDS92375.17,6003
CCDS92376.17,6225
CCDS92377.17,801
CCDS92378.17,705
CCDS92380.17,888
CCDS92382.17,498
CCDS92385.17,1020
CCDS92387.17,1125
CCDS92388.17,1329
CCDS92390.17,513
CCDS92391.17,756
CCDS92392.17,4023
CCDS92394.17,4083
CCDS92396.17,9291
CCDS92399.17,5664
CCDS92400.17,852
CCDS92403.17,5694
CCDS92404.17,2238
CCDS92405.17,969
CCDS92406.17,1200
CCDS92408.17,1077
CCDS92409.17,987
CCDS92410.17,1080
CCDS92411.17,1173
CCDS92414.17,1662
CCDS92415.17,7920
CCDS92418.17,1581
CCDS92419.17,2748
CCDS92420.17,3084
CCDS92421.17,3498
CCDS92423.17,3528
CCDS92428.18,1605
CCDS92429.18,2190
CCDS92430.18,2013
CCDS92431.18,6036
CCDS92432.18,5718
CCDS92433.18,5913
CCDS92434.18,4638
CCDS92435.18,8334
CCDS92436.18,8598
CCDS92438.18,1638
CCDS92439.18,780
CCDS92440.18,897
CCDS92441.18,4578
CCDS92442.18,5901
CCDS92443.18,5445
CCDS92445.18,1059
CCDS92447.18,2277
CCDS92448.18,2313
CCDS92449.18,2142
CCDS92450.18,2049
CCDS92452.18,4620
CCDS92453.18,7737
CCDS92454.18,7635
CCDS92455.18,6822
CCDS92456.18,1617
CCDS92457.18,1284
CCDS92458.18,1026
CCDS92459.18,1440
CCDS92460.18,2175
CCDS92461.18,525
CCDS92462.18,2043
CCDS92463.18,696
CCDS92464.18,1062
CCDS92465.18,1056
CCDS92468.18,411
CCDS92474.19,762
CCDS92475.19,1680
CCDS92476.19,513
CCDS92477.19,2118
CCDS92478.19,1536
CCDS92480.19,237
CCDS92481.19,636
CCDS92482.19,3612
CCDS92483.19,5217
CCDS92484.19,3282
CCDS92485.19,450
CCDS92487.19,4050
CCDS92489.19,4116
CCDS92490.19,4119
CCDS92491.19,2592
CCDS92492.19,1557
CCDS92493.19,1347
CCDS92494.19,3393
CCDS92495.19,264
CCDS92496.19,363
CCDS92498.19,1917
CCDS92499.19,2244
CCDS92501.19,615
CCDS92502.19,4086
CCDS92503.19,249
CCDS92505.19,870
CCDS92506.19,1008
CCDS92507.19,1851
CCDS92508.19,633
CCDS92509.19,1437
CCDS92511.19,1074
CCDS92513.19,3453
CCDS92516.19,1758
CCDS92517.19,4941
CCDS92518.19,6249
CCDS92519.19,1359
CCDS92520.19,1515
CCDS92521.19,1701
CCDS92522.19,1185
CCDS92523.19,2019
CCDS92525.19,2013
CCDS92526.19,1527
CCDS92529.19,348
CCDS92530.19,1509
CCDS92531.19,1485
CCDS92532.19,1533
CCDS92533.19,1323
CCDS92534.19,3321
CCDS92535.19,732
CCDS92536.19,2007
CCDS92537.19,2853
CCDS92538.19,1293
CCDS92539.19,1725
CCDS92540.19,1869
CCDS92541.19,1284
CCDS92545.19,3201
CCDS92546.19,5100
CCDS92547.19,5670
CCDS92548.19,747
CCDS92549.19,738
CCDS92551.19,6474
CCDS92554.19,1737
CCDS92555.19,111
CCDS92556.19,705
CCDS92557.19,5031
CCDS92558.19,2553
CCDS92559.19,2394
CCDS92560.19,2631
CCDS92561.19,1767
CCDS92562.19,1641
CCDS92563.19,1623
CCDS92564.19,4044
CCDS92565.19,3996
CCDS92566.19,3948
CCDS92567.19,1446
CCDS92568.19,705
CCDS92570.19,1365
CCDS92572.19,1722
CCDS92573.19,1128
CCDS92575.19,888
CCDS92576.19,3909
CCDS92577.19,4140
CCDS92580.19,3993
CCDS92582.19,1269
CCDS92583.19,1635
CCDS92585.19,2163
CCDS92586.19,351
CCDS92587.19,1482
CCDS92590.19,453
CCDS92591.19,408
CCDS92595.19,2175
CCDS92599.19,3864
CCDS92600.19,1953
CCDS92601.19,1398
CCDS92602.19,4323
CCDS92603.19,4557
CCDS92604.19,4221
CCDS92608.19,1194
CCDS92610.19,2736
CCDS92611.19,2721
CCDS92612.19,1017
CCDS92613.19,330
CCDS92614.19,591
CCDS92615.19,597
CCDS92618.19,990
CCDS92619.19,1158
CCDS92620.19,4671
CCDS92621.19,1980
CCDS92626.19,2907
CCDS92627.19,1065
CCDS92629.19,1761
CCDS92631.19,1875
CCDS92632.19,7554
CCDS92635.19,1692
CCDS92636.19,1209
CCDS92638.19,2205
CCDS92639.19,390
CCDS92640.19,1731
CCDS92642.19,2409
CCDS92643.19,714
CCDS92646.19,237
CCDS92649.19,615
CCDS92654.19,1401
CCDS92655.19,906
CCDS92656.19,354
CCDS92657.19,2670
CCDS92658.19,2757
CCDS92659.19,2124
CCDS92661.19,1005
CCDS92663.19,822
CCDS92664.19,480
CCDS92665.19,477
CCDS92666.19,279
CCDS92667.19,2391
CCDS92668.19,1155
CCDS92672.19,87
CCDS92674.19,1926
CCDS92675.19,2376
CCDS92676.19,1998
CCDS92677.19,390
CCDS92678.19,354
CCDS92680.19,234
CCDS92683.19,2133
CCDS92685.19,2625
CCDS92686.19,2514
CCDS92687.19,1350
CCDS92688.19,1188
CCDS92691.19,669
CCDS92692.19,738
CCDS92693.19,2940
CCDS92694.19,486
CCDS92695.19,1650
CCDS92696.19,4302
CCDS92697.19,1677
CCDS92698.19,1701
CCDS92699.19,1902
CCDS92700.19,420
CCDS92701.19,225
CCDS92702.19,330
CCDS92704.1|Hs110|chr2,3432
CCDS92706.1|Hs110|chr2,3432
CCDS92707.1|Hs110|chr2,3447
CCDS92709.1|Hs110|chr2,3441
CCDS92710.1|Hs110|chr2,882
CCDS92711.1|Hs110|chr2,5019
CCDS92712.1|Hs110|chr2,3933
CCDS92714.1|Hs110|chr2,1314
CCDS92716.1|Hs110|chr2,2781
CCDS92717.1|Hs110|chr2,3201
CCDS92718.1|Hs110|chr2,2070
CCDS92720.1|Hs110|chr2,4308
CCDS92721.1|Hs110|chr2,3015
CCDS92722.1|Hs110|chr2,801
CCDS92725.1|Hs110|chr2,5184
CCDS92728.1|Hs110|chr2,1791
CCDS92732.1|Hs110|chr2,1848
CCDS92735.1|Hs110|chr2,972
CCDS92738.1|Hs110|chr2,912
CCDS92739.1|Hs110|chr2,3957
CCDS92740.1|Hs110|chr2,1029
CCDS92741.1|Hs110|chr2,2433
CCDS92742.1|Hs110|chr2,2883
CCDS92743.1|Hs110|chr2,2835
CCDS92744.1|Hs110|chr2,2817
CCDS92745.1|Hs110|chr2,2886
CCDS92746.1|Hs110|chr2,2838
CCDS92747.1|Hs110|chr2,2979
CCDS92749.1|Hs110|chr2,342
CCDS92750.1|Hs110|chr2,2775
CCDS92753.1|Hs110|chr2,210
CCDS92754.1|Hs110|chr2,213
CCDS92755.1|Hs110|chr2,5616
CCDS92759.1|Hs110|chr2,1188
CCDS92760.1|Hs110|chr2,1173
CCDS92761.1|Hs110|chr2,2406
CCDS92765.1|Hs110|chr2,3081
CCDS92766.1|Hs110|chr2,1062
CCDS92767.1|Hs110|chr2,2904
CCDS92768.1|Hs110|chr2,2901
CCDS92769.1|Hs110|chr2,2814
CCDS92770.1|Hs110|chr2,2688
CCDS92771.1|Hs110|chr2,2478
CCDS92772.1|Hs110|chr2,2166
CCDS92773.1|Hs110|chr2,1044
CCDS92774.1|Hs110|chr2,1491
CCDS92776.1|Hs110|chr2,3975
CCDS92778.1|Hs110|chr2,1233
CCDS92779.1|Hs110|chr2,870
CCDS92780.1|Hs110|chr2,5109
CCDS92781.1|Hs110|chr2,3786
CCDS92782.1|Hs110|chr2,1848
CCDS92783.1|Hs110|chr2,1473
CCDS92784.1|Hs110|chr2,2253
CCDS92785.1|Hs110|chr2,1311
CCDS92786.1|Hs110|chr2,1281
CCDS92787.1|Hs110|chr2,2670
CCDS92788.1|Hs110|chr2,2232
CCDS92789.1|Hs110|chr2,1365
CCDS92791.1|Hs110|chr2,1008
CCDS92792.1|Hs110|chr2,399
CCDS92794.1|Hs110|chr2,1980
CCDS92795.1|Hs110|chr2,489
CCDS92796.1|Hs110|chr2,819
CCDS92797.1|Hs110|chr2,642
CCDS92798.1|Hs110|chr2,855
CCDS92799.1|Hs110|chr2,5271
CCDS92800.1|Hs110|chr2,5271
CCDS92801.1|Hs110|chr2,1155
CCDS92802.1|Hs110|chr2,1041
CCDS92806.1|Hs110|chr2,1056
CCDS92807.1|Hs110|chr2,1569
CCDS92808.1|Hs110|chr2,1341
CCDS92809.1|Hs110|chr2,6360
CCDS92810.1|Hs110|chr2,2016
CCDS92811.1|Hs110|chr2,2406
CCDS92812.1|Hs110|chr2,465
CCDS92814.1|Hs110|chr2,2715
CCDS92815.1|Hs110|chr2,5748
CCDS92816.1|Hs110|chr2,696
CCDS92818.1|Hs110|chr2,1536
CCDS92821.1|Hs110|chr2,4155
CCDS92822.1|Hs110|chr2,3639
CCDS92823.1|Hs110|chr2,3708
CCDS92824.1|Hs110|chr2,1374
CCDS92825.1|Hs110|chr2,264
CCDS92827.1|Hs110|chr2,666
CCDS92828.1|Hs110|chr2,915
CCDS92829.1|Hs110|chr2,1041
CCDS92830.1|Hs110|chr2,1047
CCDS92831.1|Hs110|chr2,999
CCDS92832.1|Hs110|chr2,354
CCDS92833.1|Hs110|chr2,1197
CCDS92835.1|Hs110|chr2,1197
CCDS92837.1|Hs110|chr2,171
CCDS92838.1|Hs110|chr2,1197
CCDS92839.1|Hs110|chr2,5247
CCDS92841.1|Hs110|chr2,840
CCDS92843.1|Hs110|chr2,1668
CCDS92846.1|Hs110|chr2,1368
CCDS92850.1|Hs110|chr2,4710
CCDS92851.1|Hs110|chr2,4416
CCDS92852.1|Hs110|chr2,4617
CCDS92853.1|Hs110|chr2,4680
CCDS92854.1|Hs110|chr2,4434
CCDS92855.1|Hs110|chr2,3924
CCDS92856.1|Hs110|chr2,597
CCDS92857.1|Hs110|chr2,1614
CCDS92858.1|Hs110|chr2,1488
CCDS92859.1|Hs110|chr2,2457
CCDS92860.1|Hs110|chr2,6429
CCDS92861.1|Hs110|chr2,2910
CCDS92862.1|Hs110|chr2,1020
CCDS92863.1|Hs110|chr2,822
CCDS92865.1|Hs110|chr2,1068
CCDS92866.1|Hs110|chr2,5631
CCDS92867.1|Hs110|chr2,171
CCDS92870.1|Hs110|chr2,3405
CCDS92871.1|Hs110|chr2,1014
CCDS92873.1|Hs110|chr2,5184
CCDS92876.1|Hs110|chr2,2919
CCDS92877.1|Hs110|chr2,2748
CCDS92878.1|Hs110|chr2,2805
CCDS92879.1|Hs110|chr2,2985
CCDS92880.1|Hs110|chr2,588
CCDS92882.1|Hs110|chr2,2298
CCDS92883.1|Hs110|chr2,1362
CCDS92884.1|Hs110|chr2,3525
CCDS92885.1|Hs110|chr2,1389
CCDS92892.1|Hs110|chr2,5967
CCDS92893.1|Hs110|chr2,1575
CCDS92894.1|Hs110|chr2,1311
CCDS92895.1|Hs110|chr2,741
CCDS92897.1|Hs110|chr2,3393
CCDS92898.1|Hs110|chr2,3177
CCDS92899.1|Hs110|chr2,2832
CCDS92900.1|Hs110|chr2,1212
CCDS92901.1|Hs110|chr2,1533
CCDS92902.1|Hs110|chr2,996
CCDS92903.1|Hs110|chr2,1728
CCDS92904.1|Hs110|chr2,1599
CCDS92906.1|Hs110|chr2,1431
CCDS92908.1|Hs110|chr2,603
CCDS92911.1|Hs110|chr2,402
CCDS92915.1|Hs110|chr2,1101
CCDS92916.1|Hs110|chr2,1140
CCDS92917.1|Hs110|chr2,2193
CCDS92918.1|Hs110|chr2,2247
CCDS92920.1|Hs110|chr2,3171
CCDS92921.1|Hs110|chr2,1761
CCDS92922.1|Hs110|chr2,1572
CCDS92923.1|Hs110|chr2,1188
CCDS92925.1|Hs110|chr2,4971
CCDS92927.1|Hs110|chr2,1308
CCDS92928.1|Hs110|chr2,234
CCDS92929.1|Hs110|chr2,441
CCDS92930.1|Hs110|chr2,8172
CCDS92931.1|Hs110|chr2,1413
CCDS92932.1|Hs110|chr2,1629
CCDS92933.1|Hs110|chr2,1377
CCDS92935.1|Hs110|chr2,705
CCDS92936.1|Hs110|chr2,2499
CCDS92937.1|Hs110|chr2,9975
CCDS92940.1|Hs110|chr2,7161
CCDS92941.1|Hs110|chr2,5520
CCDS92944.1|Hs110|chr2,5664
CCDS92945.1|Hs110|chr2,915
CCDS92948.1|Hs110|chr2,1038
CCDS92949.1|Hs110|chr2,606
CCDS92950.1|Hs110|chr2,2160
CCDS92952.1|Hs110|chr2,267
CCDS92953.1|Hs110|chr2,363
CCDS92954.1|Hs110|chr2,303
CCDS92955.1|Hs110|chr2,318
CCDS92956.1|Hs110|chr2,258
CCDS92958.1|Hs110|chr2,318
CCDS92959.1|Hs110|chr2,291
CCDS92960.1|Hs110|chr2,327
CCDS92961.1|Hs110|chr2,5982
CCDS92962.1|Hs110|chr2,6063
CCDS92963.1|Hs110|chr2,6078
CCDS92964.1|Hs110|chr2,6192
CCDS92965.1|Hs110|chr2,6207
CCDS92966.1|Hs110|chr2,6204
CCDS92969.1|Hs110|chr2,1893
CCDS92970.1|Hs110|chr2,1899
CCDS92971.1|Hs110|chr2,576
CCDS92972.1|Hs110|chr2,3711
CCDS92973.1|Hs110|chr2,297
CCDS92974.1|Hs110|chr2,5025
CCDS92975.1|Hs110|chr2,579
CCDS92976.1|Hs110|chr2,498
CCDS92981.1|Hs110|chr2,3270
CCDS92982.1|Hs110|chr2,954
CCDS92983.1|Hs110|chr2,1089
CCDS92984.1|Hs110|chr2,1128
CCDS92987.1|Hs110|chr2,5097
CCDS92988.1|Hs110|chr2,5100
CCDS92989.1|Hs110|chr2,5187
CCDS92990.1|Hs110|chr2,5349
CCDS92991.1|Hs110|chr2,5100
CCDS92992.1|Hs110|chr2,5127
CCDS92993.1|Hs110|chr2,5175
CCDS92994.1|Hs110|chr2,4962
CCDS92995.1|Hs110|chr2,273
CCDS92996.1|Hs110|chr2,288
CCDS92997.1|Hs110|chr20,1584
CCDS92998.1|Hs110|chr20,1668
CCDS93001.1|Hs110|chr20,597
CCDS93003.1|Hs110|chr20,1809
CCDS93004.1|Hs110|chr20,1383
CCDS93005.1|Hs110|chr20,3621
CCDS93006.1|Hs110|chr20,153
CCDS93007.1|Hs110|chr20,192
CCDS93008.1|Hs110|chr20,1347
CCDS93009.1|Hs110|chr20,5499
CCDS93010.1|Hs110|chr20,4233
CCDS93011.1|Hs110|chr20,2346
CCDS93012.1|Hs110|chr20,2277
CCDS93013.1|Hs110|chr20,2292
CCDS93014.1|Hs110|chr20,2334
CCDS93015.1|Hs110|chr20,807
CCDS93016.1|Hs110|chr20,828
CCDS93018.1|Hs110|chr20,2688
CCDS93022.1|Hs110|chr20,474
CCDS93023.1|Hs110|chr20,336
CCDS93025.1|Hs110|chr20,546
CCDS93027.1|Hs110|chr20,1026
CCDS93028.1|Hs110|chr20,1716
CCDS93031.1|Hs110|chr20,1806
CCDS93032.1|Hs110|chr20,1083
CCDS93033.1|Hs110|chr20,1731
CCDS93034.1|Hs110|chr20,2979
CCDS93036.1|Hs110|chr20,171
CCDS93038.1|Hs110|chr20,378
CCDS93039.1|Hs110|chr20,594
CCDS93040.1|Hs110|chr20,2910
CCDS93041.1|Hs110|chr20,2556
CCDS93043.1|Hs110|chr20,2589
CCDS93044.1|Hs110|chr20,2466
CCDS93045.1|Hs110|chr20,2232
CCDS93046.1|Hs110|chr20,2259
CCDS93047.1|Hs110|chr20,2139
CCDS93053.1|Hs110|chr20,714
CCDS93055.1|Hs110|chr20,5355
CCDS93056.1|Hs110|chr20,2853
CCDS93059.1|Hs110|chr20,888
CCDS93061.1|Hs110|chr20,1890
CCDS93062.1|Hs110|chr20,2199
CCDS93063.1|Hs110|chr20,1089
CCDS93066.1|Hs110|chr20,3069
CCDS93068.1|Hs110|chr20,1008
CCDS93075.1|Hs110|chr20,1200
CCDS93076.1|Hs110|chr21,888
CCDS93077.1|Hs110|chr21,1293
CCDS93078.1|Hs110|chr21,1278
CCDS93079.1|Hs110|chr21,1128
CCDS93080.1|Hs110|chr21,1383
CCDS93081.1|Hs110|chr21,1365
CCDS93082.1|Hs110|chr21,2010
CCDS93083.1|Hs110|chr21,468
CCDS93084.1|Hs110|chr21,2712
CCDS93088.1|Hs110|chr21,1659
CCDS93089.1|Hs110|chr21,1467
CCDS93090.1|Hs110|chr21,912
CCDS93093.1|Hs110|chr21,420
CCDS93094.1|Hs110|chr21,2622
CCDS93095.1|Hs110|chr21,6132
CCDS93096.1|Hs110|chr21,5148
CCDS93098.1|Hs110|chr21,867
CCDS93100.1|Hs110|chr21,1497
CCDS93101.1|Hs110|chr21,483
CCDS93102.1|Hs110|chr21,654
CCDS93104.1|Hs110|chr21,915
CCDS93105.1|Hs110|chr21,2202
CCDS93106.1|Hs110|chr21,2253
CCDS93109.1|Hs110|chr21,9420
CCDS93110.1|Hs110|chr21,4746
CCDS93111.1|Hs110|chr22,4395
CCDS93113.1|Hs110|chr22,699
CCDS93118.1|Hs110|chr22,657
CCDS93119.1|Hs110|chr22,1515
CCDS93120.1|Hs110|chr22,2682
CCDS93123.1|Hs110|chr22,1209
CCDS93124.1|Hs110|chr22,699
CCDS93125.1|Hs110|chr22,909
CCDS93126.1|Hs110|chr22,450
CCDS93128.1|Hs110|chr22,861
CCDS93129.1|Hs110|chr22,759
CCDS93130.1|Hs110|chr22,429
CCDS93131.1|Hs110|chr22,501
CCDS93133.1|Hs110|chr22,2622
CCDS93134.1|Hs110|chr22,603
CCDS93135.1|Hs110|chr22,942
CCDS93136.1|Hs110|chr22,1176
CCDS93138.1|Hs110|chr22,1950
CCDS93139.1|Hs110|chr22,2043
CCDS93140.1|Hs110|chr22,2181
CCDS93141.1|Hs110|chr22,1431
CCDS93142.1|Hs110|chr22,636
CCDS93143.1|Hs110|chr22,1338
CCDS93145.1|Hs110|chr22,1062
CCDS93146.1|Hs110|chr22,792
CCDS93147.1|Hs110|chr22,1032
CCDS93148.1|Hs110|chr22,462
CCDS93151.1|Hs110|chr22,4728
CCDS93152.1|Hs110|chr22,1668
CCDS93153.1|Hs110|chr22,2115
CCDS93154.1|Hs110|chr22,2124
CCDS93156.1|Hs110|chr22,300
CCDS93157.1|Hs110|chr22,1344
CCDS93158.1|Hs110|chr22,324
CCDS93159.1|Hs110|chr22,1785
CCDS93160.1|Hs110|chr22,2712
CCDS93161.1|Hs110|chr22,2763
CCDS93162.1|Hs110|chr22,2586
CCDS93163.1|Hs110|chr22,2619
CCDS93164.1|Hs110|chr22,1713
CCDS93165.1|Hs110|chr22,2016
CCDS93166.1|Hs110|chr22,2178
CCDS93167.1|Hs110|chr22,213
CCDS93168.1|Hs110|chr22,195
CCDS93169.1|Hs110|chr22,1581
CCDS93170.1|Hs110|chr22,1404
CCDS93171.1|Hs110|chr22,1410
CCDS93172.1|Hs110|chr22,3096
CCDS93173.1|Hs110|chr22,7167
CCDS93175.1|Hs110|chr22,207
CCDS93177.1|Hs110|chr22,1062
CCDS93179.1|Hs110|chr22,9060
CCDS93180.1|Hs110|chr22,1377
CCDS93181.1|Hs110|chr22,1227
CCDS93182.1|Hs110|chr22,1524
CCDS93183.1|Hs110|chr22,2259
CCDS93184.1|Hs110|chr22,2901
CCDS93185.1|Hs110|chr22,5604
CCDS93186.1|Hs110|chr22,5607
CCDS93187.1|Hs110|chr22,5685
CCDS93188.1|Hs110|chr22,558
CCDS93189.1|Hs110|chr22,729
CCDS93190.1|Hs110|chr22,786
CCDS93191.1|Hs110|chr3,8277
CCDS93197.1|Hs110|chr3,3660
CCDS93199.1|Hs110|chr3,2448
CCDS93200.1|Hs110|chr3,2319
CCDS93201.1|Hs110|chr3,2085
CCDS93202.1|Hs110|chr3,2079
CCDS93203.1|Hs110|chr3,2028
CCDS93206.1|Hs110|chr3,1125
CCDS93207.1|Hs110|chr3,1281
CCDS93208.1|Hs110|chr3,1179
CCDS93209.1|Hs110|chr3,582
CCDS93211.1|Hs110|chr3,1359
CCDS93212.1|Hs110|chr3,837
CCDS93216.1|Hs110|chr3,1551
CCDS93217.1|Hs110|chr3,1848
CCDS93218.1|Hs110|chr3,3669
CCDS93219.1|Hs110|chr3,1176
CCDS93220.1|Hs110|chr3,1095
CCDS93221.1|Hs110|chr3,426
CCDS93222.1|Hs110|chr3,3252
CCDS93227.1|Hs110|chr3,1368
CCDS93228.1|Hs110|chr3,1209
CCDS93229.1|Hs110|chr3,3348
CCDS93231.1|Hs110|chr3,1077
CCDS93232.1|Hs110|chr3,3915
CCDS93233.1|Hs110|chr3,3882
CCDS93234.1|Hs110|chr3,3885
CCDS93235.1|Hs110|chr3,4521
CCDS93237.1|Hs110|chr3,4545
CCDS93238.1|Hs110|chr3,2544
CCDS93239.1|Hs110|chr3,2454
CCDS93242.1|Hs110|chr3,6753
CCDS93244.1|Hs110|chr3,738
CCDS93245.1|Hs110|chr3,1143
CCDS93246.1|Hs110|chr3,1233
CCDS93247.1|Hs110|chr3,3942
CCDS93249.1|Hs110|chr3,2688
CCDS93251.1|Hs110|chr3,2328
CCDS93252.1|Hs110|chr3,837
CCDS93253.1|Hs110|chr3,927
CCDS93256.1|Hs110|chr3,1074
CCDS93257.1|Hs110|chr3,1830
CCDS93258.1|Hs110|chr3,1812
CCDS93259.1|Hs110|chr3,312
CCDS93260.1|Hs110|chr3,8163
CCDS93261.1|Hs110|chr3,7563
CCDS93262.1|Hs110|chr3,276
CCDS93263.1|Hs110|chr3,6891
CCDS93267.1|Hs110|chr3,1470
CCDS93268.1|Hs110|chr3,1542
CCDS93269.1|Hs110|chr3,1617
CCDS93270.1|Hs110|chr3,3813
CCDS93271.1|Hs110|chr3,3807
CCDS93272.1|Hs110|chr3,4221
CCDS93273.1|Hs110|chr3,4266
CCDS93274.1|Hs110|chr3,4110
CCDS93276.1|Hs110|chr3,330
CCDS93278.1|Hs110|chr3,3435
CCDS93280.1|Hs110|chr3,441
CCDS93281.1|Hs110|chr3,384
CCDS93282.1|Hs110|chr3,1380
CCDS93284.1|Hs110|chr3,2136
CCDS93285.1|Hs110|chr3,4830
CCDS93286.1|Hs110|chr3,5070
CCDS93287.1|Hs110|chr3,2097
CCDS93288.1|Hs110|chr3,2784
CCDS93290.1|Hs110|chr3,1542
CCDS93292.1|Hs110|chr3,5013
CCDS93293.1|Hs110|chr3,1251
CCDS93294.1|Hs110|chr3,11883
CCDS93295.1|Hs110|chr3,2559
CCDS93296.1|Hs110|chr3,2529
CCDS93297.1|Hs110|chr3,2415
CCDS93298.1|Hs110|chr3,2424
CCDS93299.1|Hs110|chr3,2355
CCDS93300.1|Hs110|chr3,2241
CCDS93301.1|Hs110|chr3,1080
CCDS93302.1|Hs110|chr3,2445
CCDS93303.1|Hs110|chr3,4251
CCDS93306.1|Hs110|chr3,633
CCDS93307.1|Hs110|chr3,516
CCDS93308.1|Hs110|chr3,1512
CCDS93309.1|Hs110|chr3,570
CCDS93310.1|Hs110|chr3,1731
CCDS93311.1|Hs110|chr3,1731
CCDS93312.1|Hs110|chr3,2031
CCDS93313.1|Hs110|chr3,846
CCDS93314.1|Hs110|chr3,4596
CCDS93315.1|Hs110|chr3,4317
CCDS93316.1|Hs110|chr3,4323
CCDS93317.1|Hs110|chr3,4212
CCDS93318.1|Hs110|chr3,4332
CCDS93319.1|Hs110|chr3,4422
CCDS93320.1|Hs110|chr3,4263
CCDS93321.1|Hs110|chr3,4410
CCDS93323.1|Hs110|chr3,2205
CCDS93324.1|Hs110|chr3,2757
CCDS93325.1|Hs110|chr3,2127
CCDS93326.1|Hs110|chr3,1218
CCDS93329.1|Hs110|chr3,582
CCDS93331.1|Hs110|chr3,3573
CCDS93332.1|Hs110|chr3,3669
CCDS93333.1|Hs110|chr3,2997
CCDS93334.1|Hs110|chr3,5361
CCDS93335.1|Hs110|chr3,2496
CCDS93336.1|Hs110|chr3,2319
CCDS93338.1|Hs110|chr3,1473
CCDS93339.1|Hs110|chr3,1707
CCDS93340.1|Hs110|chr3,2532
CCDS93341.1|Hs110|chr3,1308
CCDS93344.1|Hs110|chr3,1107
CCDS93345.1|Hs110|chr3,297
CCDS93346.1|Hs110|chr3,1164
CCDS93347.1|Hs110|chr3,9672
CCDS93348.1|Hs110|chr3,9795
CCDS93351.1|Hs110|chr3,3354
CCDS93353.1|Hs110|chr3,3861
CCDS93356.1|Hs110|chr3,5385
CCDS93358.1|Hs110|chr3,2718
CCDS93359.1|Hs110|chr3,8961
CCDS93360.1|Hs110|chr3,4842
CCDS93361.1|Hs110|chr3,3003
CCDS93362.1|Hs110|chr3,3069
CCDS93363.1|Hs110|chr3,2130
CCDS93365.1|Hs110|chr3,633
CCDS93366.1|Hs110|chr3,1449
CCDS93367.1|Hs110|chr3,1272
CCDS93369.1|Hs110|chr3,1497
CCDS93370.1|Hs110|chr3,3315
CCDS93371.1|Hs110|chr3,1800
CCDS93372.1|Hs110|chr3,3729
CCDS93374.1|Hs110|chr3,3672
CCDS93375.1|Hs110|chr3,3552
CCDS93376.1|Hs110|chr3,3498
CCDS93377.1|Hs110|chr3,3495
CCDS93379.1|Hs110|chr3,3393
CCDS93380.1|Hs110|chr3,3342
CCDS93382.1|Hs110|chr3,1413
CCDS93383.1|Hs110|chr3,1425
CCDS93384.1|Hs110|chr3,7845
CCDS93385.1|Hs110|chr3,7581
CCDS93387.1|Hs110|chr3,774
CCDS93388.1|Hs110|chr3,1566
CCDS93389.1|Hs110|chr3,1974
CCDS93392.1|Hs110|chr3,1404
CCDS93393.1|Hs110|chr3,1923
CCDS93395.1|Hs110|chr3,2634
CCDS93396.1|Hs110|chr3,408
CCDS93397.1|Hs110|chr3,303
CCDS93398.1|Hs110|chr3,585
CCDS93401.1|Hs110|chr3,1158
CCDS93402.1|Hs110|chr3,7743
CCDS93404.1|Hs110|chr3,306
CCDS93406.1|Hs110|chr3,2271
CCDS93407.1|Hs110|chr3,1383
CCDS93408.1|Hs110|chr3,6543
CCDS93409.1|Hs110|chr3,1203
CCDS93413.1|Hs110|chr3,723
CCDS93414.1|Hs110|chr3,852
CCDS93415.1|Hs110|chr3,657
CCDS93416.1|Hs110|chr3,672
CCDS93417.1|Hs110|chr3,585
CCDS93418.1|Hs110|chr3,1383
CCDS93419.1|Hs110|chr3,783
CCDS93420.1|Hs110|chr3,660
CCDS93421.1|Hs110|chr3,2094
CCDS93422.1|Hs110|chr3,3150
CCDS93423.1|Hs110|chr3,3159
CCDS93424.1|Hs110|chr3,3693
CCDS93425.1|Hs110|chr3,3720
CCDS93427.1|Hs110|chr3,2532
CCDS93428.1|Hs110|chr3,1284
CCDS93429.1|Hs110|chr3,702
CCDS93431.1|Hs110|chr3,960
CCDS93432.1|Hs110|chr3,1482
CCDS93436.1|Hs110|chr3,474
CCDS93437.1|Hs110|chr3,435
CCDS93438.1|Hs110|chr3,3771
CCDS93439.1|Hs110|chr3,573
CCDS93440.1|Hs110|chr3,3027
CCDS93441.1|Hs110|chr3,3123
CCDS93442.1|Hs110|chr3,3168
CCDS93443.1|Hs110|chr3,3219
CCDS93444.1|Hs110|chr3,1437
CCDS93445.1|Hs110|chr3,387
CCDS93446.1|Hs110|chr3,261
CCDS93447.1|Hs110|chr3,2466
CCDS93448.1|Hs110|chr3,2502
CCDS93449.1|Hs110|chr3,2562
CCDS93450.1|Hs110|chr3,2598
CCDS93451.1|Hs110|chr3,2628
CCDS93452.1|Hs110|chr3,2616
CCDS93453.1|Hs110|chr3,2652
CCDS93454.1|Hs110|chr3,2778
CCDS93456.1|Hs110|chr3,2334
CCDS93458.1|Hs110|chr4,1158
CCDS93459.1|Hs110|chr4,1392
CCDS93460.1|Hs110|chr4,819
CCDS93461.1|Hs110|chr4,1293
CCDS93464.1|Hs110|chr4,1347
CCDS93465.1|Hs110|chr4,1437
CCDS93467.1|Hs110|chr4,4548
CCDS93468.1|Hs110|chr4,1896
CCDS93469.1|Hs110|chr4,2400
CCDS93471.1|Hs110|chr4,1443
CCDS93472.1|Hs110|chr4,441
CCDS93473.1|Hs110|chr4,4527
CCDS93475.1|Hs110|chr4,3930
CCDS93476.1|Hs110|chr4,3783
CCDS93479.1|Hs110|chr4,3015
CCDS93480.1|Hs110|chr4,3000
CCDS93481.1|Hs110|chr4,4716
CCDS93482.1|Hs110|chr4,2478
CCDS93483.1|Hs110|chr4,2502
CCDS93484.1|Hs110|chr4,984
CCDS93485.1|Hs110|chr4,5616
CCDS93486.1|Hs110|chr4,837
CCDS93487.1|Hs110|chr4,1761
CCDS93489.1|Hs110|chr4,147
CCDS93490.1|Hs110|chr4,3744
CCDS93491.1|Hs110|chr4,3789
CCDS93492.1|Hs110|chr4,1668
CCDS93493.1|Hs110|chr4,3450
CCDS93494.1|Hs110|chr4,1104
CCDS93495.1|Hs110|chr4,1812
CCDS93496.1|Hs110|chr4,1677
CCDS93497.1|Hs110|chr4,1704
CCDS93498.1|Hs110|chr4,1677
CCDS93499.1|Hs110|chr4,1806
CCDS93500.1|Hs110|chr4,1698
CCDS93501.1|Hs110|chr4,1743
CCDS93502.1|Hs110|chr4,1737
CCDS93503.1|Hs110|chr4,1752
CCDS93504.1|Hs110|chr4,1788
CCDS93506.1|Hs110|chr4,1716
CCDS93507.1|Hs110|chr4,1635
CCDS93508.1|Hs110|chr4,1500
CCDS93509.1|Hs110|chr4,1608
CCDS93510.1|Hs110|chr4,1737
CCDS93511.1|Hs110|chr4,1635
CCDS93512.1|Hs110|chr4,1713
CCDS93513.1|Hs110|chr4,1776
CCDS93514.1|Hs110|chr4,1632
CCDS93515.1|Hs110|chr4,1740
CCDS93516.1|Hs110|chr4,1659
CCDS93517.1|Hs110|chr4,1632
CCDS93518.1|Hs110|chr4,1698
CCDS93519.1|Hs110|chr4,1707
CCDS93520.1|Hs110|chr4,1671
CCDS93521.1|Hs110|chr4,1590
CCDS93522.1|Hs110|chr4,1599
CCDS93523.1|Hs110|chr4,1572
CCDS93524.1|Hs110|chr4,1686
CCDS93525.1|Hs110|chr4,1665
CCDS93526.1|Hs110|chr4,1584
CCDS93527.1|Hs110|chr4,2922
CCDS93528.1|Hs110|chr4,2919
CCDS93529.1|Hs110|chr4,2934
CCDS93530.1|Hs110|chr4,2931
CCDS93531.1|Hs110|chr4,2916
CCDS93532.1|Hs110|chr4,2928
CCDS93533.1|Hs110|chr4,822
CCDS93538.1|Hs110|chr4,4632
CCDS93539.1|Hs110|chr4,3927
CCDS93541.1|Hs110|chr4,4587
CCDS93544.1|Hs110|chr4,1068
CCDS93545.1|Hs110|chr4,1167
CCDS93546.1|Hs110|chr4,1203
CCDS93551.1|Hs110|chr4,3354
CCDS93552.1|Hs110|chr4,1653
CCDS93553.1|Hs110|chr4,1308
CCDS93554.1|Hs110|chr4,864
CCDS93555.1|Hs110|chr4,3756
CCDS93556.1|Hs110|chr4,1437
CCDS93557.1|Hs110|chr4,3636
CCDS93558.1|Hs110|chr4,822
CCDS93559.1|Hs110|chr4,3129
CCDS93560.1|Hs110|chr4,2913
CCDS93566.1|Hs110|chr4,3033
CCDS93568.1|Hs110|chr4,1788
CCDS93569.1|Hs110|chr4,1785
CCDS93570.1|Hs110|chr4,1746
CCDS93571.1|Hs110|chr4,1512
CCDS93572.1|Hs110|chr4,5832
CCDS93573.1|Hs110|chr4,5649
CCDS93574.1|Hs110|chr4,5556
CCDS93575.1|Hs110|chr4,5457
CCDS93576.1|Hs110|chr4,5292
CCDS93577.1|Hs110|chr4,5577
CCDS93578.1|Hs110|chr4,5394
CCDS93579.1|Hs110|chr4,5541
CCDS93580.1|Hs110|chr4,5358
CCDS93581.1|Hs110|chr4,5454
CCDS93582.1|Hs110|chr4,5616
CCDS93583.1|Hs110|chr4,5433
CCDS93584.1|Hs110|chr4,5268
CCDS93585.1|Hs110|chr4,5313
CCDS93586.1|Hs110|chr4,5517
CCDS93587.1|Hs110|chr4,5334
CCDS93588.1|Hs110|chr4,5070
CCDS93589.1|Hs110|chr4,5664
CCDS93590.1|Hs110|chr4,5748
CCDS93591.1|Hs110|chr4,5796
CCDS93592.1|Hs110|chr4,5520
CCDS93593.1|Hs110|chr4,5640
CCDS93594.1|Hs110|chr4,5421
CCDS93595.1|Hs110|chr4,5664
CCDS93596.1|Hs110|chr4,12552
CCDS93597.1|Hs110|chr4,3183
CCDS93598.1|Hs110|chr4,3018
CCDS93599.1|Hs110|chr4,3168
CCDS93600.1|Hs110|chr4,3330
CCDS93601.1|Hs110|chr4,1476
CCDS93602.1|Hs110|chr4,1479
CCDS93603.1|Hs110|chr4,1434
CCDS93604.1|Hs110|chr4,1476
CCDS93605.1|Hs110|chr4,1539
CCDS93606.1|Hs110|chr4,1536
CCDS93607.1|Hs110|chr4,1542
CCDS93608.1|Hs110|chr4,1539
CCDS93609.1|Hs110|chr4,1533
CCDS93610.1|Hs110|chr4,1512
CCDS93611.1|Hs110|chr4,1512
CCDS93612.1|Hs110|chr4,1575
CCDS93613.1|Hs110|chr4,2097
CCDS93614.1|Hs110|chr4,2403
CCDS93616.1|Hs110|chr4,192
CCDS93617.1|Hs110|chr4,15282
CCDS93618.1|Hs110|chr4,468
CCDS93620.1|Hs110|chr4,14952
CCDS93622.1|Hs110|chr4,1107
CCDS93623.1|Hs110|chr4,1275
CCDS93626.1|Hs110|chr4,1422
CCDS93627.1|Hs110|chr4,897
CCDS93628.1|Hs110|chr4,1443
CCDS93632.1|Hs110|chr4,966
CCDS93633.1|Hs110|chr4,2709
CCDS93634.1|Hs110|chr4,1470
CCDS93635.1|Hs110|chr4,2598
CCDS93639.1|Hs110|chr4,3027
CCDS93644.1|Hs110|chr4,3345
CCDS93645.1|Hs110|chr4,4050
CCDS93647.1|Hs110|chr4,2298
CCDS93649.1|Hs110|chr4,8559
CCDS93650.1|Hs110|chr4,8574
CCDS93651.1|Hs110|chr4,3036
CCDS93652.1|Hs110|chr4,3144
CCDS93653.1|Hs110|chr4,2301
CCDS93654.1|Hs110|chr4,465
CCDS93655.1|Hs110|chr4,2298
CCDS93656.1|Hs110|chr4,2247
CCDS93657.1|Hs110|chr4,1977
CCDS93659.1|Hs110|chr4,2511
CCDS93661.1|Hs110|chr4,1671
CCDS93662.1|Hs110|chr4,4983
CCDS93663.1|Hs110|chr4,4623
CCDS93664.1|Hs110|chr4,1638
CCDS93665.1|Hs110|chr4,1662
CCDS93666.1|Hs110|chr4,5049
CCDS93667.1|Hs110|chr4,1410
CCDS93668.1|Hs110|chr4,3378
CCDS93669.1|Hs110|chr4,1974
CCDS93672.1|Hs110|chr4,855
CCDS93674.1|Hs110|chr4,3651
CCDS93675.1|Hs110|chr4,3015
CCDS93677.1|Hs110|chr4,1479
CCDS93678.1|Hs110|chr4,3603
CCDS93679.1|Hs110|chr4,3903
CCDS93680.1|Hs110|chr4,2292
CCDS93681.1|Hs110|chr4,483
CCDS93682.1|Hs110|chr5,2094
CCDS93685.1|Hs110|chr5,2742
CCDS93687.1|Hs110|chr5,444
CCDS93688.1|Hs110|chr5,597
CCDS93689.1|Hs110|chr5,597
CCDS93690.1|Hs110|chr5,597
CCDS93691.1|Hs110|chr5,597
CCDS93692.1|Hs110|chr5,597
CCDS93693.1|Hs110|chr5,597
CCDS93694.1|Hs110|chr5,597
CCDS93695.1|Hs110|chr5,597
CCDS93696.1|Hs110|chr5,597
CCDS93697.1|Hs110|chr5,597
CCDS93698.1|Hs110|chr5,594
CCDS93699.1|Hs110|chr5,597
CCDS93700.1|Hs110|chr5,594
CCDS93705.1|Hs110|chr5,198
CCDS93707.1|Hs110|chr5,9756
CCDS93708.1|Hs110|chr5,1005
CCDS93710.1|Hs110|chr5,1854
CCDS93711.1|Hs110|chr5,2655
CCDS93712.1|Hs110|chr5,2547
CCDS93713.1|Hs110|chr5,816
CCDS93714.1|Hs110|chr5,660
CCDS93715.1|Hs110|chr5,618
CCDS93716.1|Hs110|chr5,2064
CCDS93718.1|Hs110|chr5,1002
CCDS93719.1|Hs110|chr5,1065
CCDS93720.1|Hs110|chr5,1176
CCDS93722.1|Hs110|chr5,753
CCDS93725.1|Hs110|chr5,1407
CCDS93731.1|Hs110|chr5,1578
CCDS93732.1|Hs110|chr5,2547
CCDS93733.1|Hs110|chr5,2577
CCDS93734.1|Hs110|chr5,4956
CCDS93735.1|Hs110|chr5,5793
CCDS93736.1|Hs110|chr5,1818
CCDS93737.1|Hs110|chr5,2616
CCDS93738.1|Hs110|chr5,1296
CCDS93740.1|Hs110|chr5,1302
CCDS93743.1|Hs110|chr5,822
CCDS93745.1|Hs110|chr5,3828
CCDS93746.1|Hs110|chr5,3843
CCDS93747.1|Hs110|chr5,1803
CCDS93749.1|Hs110|chr5,2265
CCDS93750.1|Hs110|chr5,2004
CCDS93751.1|Hs110|chr5,1314
CCDS93752.1|Hs110|chr5,5397
CCDS93753.1|Hs110|chr5,2868
CCDS93754.1|Hs110|chr5,2922
CCDS93755.1|Hs110|chr5,2604
CCDS93756.1|Hs110|chr5,2397
CCDS93757.1|Hs110|chr5,2493
CCDS93758.1|Hs110|chr5,3558
CCDS93759.1|Hs110|chr5,606
CCDS93760.1|Hs110|chr5,2574
CCDS93761.1|Hs110|chr5,1245
CCDS93762.1|Hs110|chr5,2139
CCDS93763.1|Hs110|chr5,1800
CCDS93764.1|Hs110|chr5,1770
CCDS93765.1|Hs110|chr5,993
CCDS93766.1|Hs110|chr5,363
CCDS93767.1|Hs110|chr5,564
CCDS93768.1|Hs110|chr5,327
CCDS93770.1|Hs110|chr5,2826
CCDS93771.1|Hs110|chr5,2787
CCDS93772.1|Hs110|chr5,1371
CCDS93775.1|Hs110|chr5,270
CCDS93776.1|Hs110|chr5,315
CCDS93778.1|Hs110|chr5,855
CCDS93779.1|Hs110|chr5,792
CCDS93780.1|Hs110|chr5,2352
CCDS93781.1|Hs110|chr5,735
CCDS93782.1|Hs110|chr5,2502
CCDS93784.1|Hs110|chr5,603
CCDS93786.1|Hs110|chr5,936
CCDS93787.1|Hs110|chr5,2424
CCDS93788.1|Hs110|chr5,2814
CCDS93789.1|Hs110|chr5,2688
CCDS93790.1|Hs110|chr5,399
CCDS93791.1|Hs110|chr5,783
CCDS93792.1|Hs110|chr5,852
CCDS93793.1|Hs110|chr5,1944
CCDS93794.1|Hs110|chr5,312
CCDS93796.1|Hs110|chr5,387
CCDS93797.1|Hs110|chr5,3450
CCDS93798.1|Hs110|chr5,3393
CCDS93799.1|Hs110|chr5,3348
CCDS93800.1|Hs110|chr5,1332
CCDS93802.1|Hs110|chr5,2340
CCDS93803.1|Hs110|chr5,1437
CCDS93805.1|Hs110|chr5,4470
CCDS93806.1|Hs110|chr5,2577
CCDS93807.1|Hs110|chr5,2676
CCDS93811.1|Hs110|chr5,4302
CCDS93812.1|Hs110|chr5,1341
CCDS93813.1|Hs110|chr5,1524
CCDS93814.1|Hs110|chr5,1362
CCDS93815.1|Hs110|chr5,1338
CCDS93816.1|Hs110|chr5,1119
CCDS93817.1|Hs110|chr5,486
CCDS93818.1|Hs110|chr5,8325
CCDS93819.1|Hs110|chr5,7842
CCDS93824.1|Hs110|chr5,693
CCDS93825.1|Hs110|chr5,1692
CCDS93828.1|Hs110|chr5,1269
CCDS93829.1|Hs110|chr5,984
CCDS93831.1|Hs110|chr5,2709
CCDS93833.1|Hs110|chr5,1164
CCDS93835.1|Hs110|chr5,642
CCDS93836.1|Hs110|chr5,1419
CCDS93837.1|Hs110|chr5,1881
CCDS93838.1|Hs110|chr5,1776
CCDS93839.1|Hs110|chr5,1773
CCDS93840.1|Hs110|chr5,1455
CCDS93841.1|Hs110|chr5,1260
CCDS93843.1|Hs110|chr5,858
CCDS93844.1|Hs110|chr5,864
CCDS93845.1|Hs110|chr5,819
CCDS93846.1|Hs110|chr5,834
CCDS93847.1|Hs110|chr6,1353
CCDS93849.1|Hs110|chr6,1335
CCDS93850.1|Hs110|chr6,999
CCDS93851.1|Hs110|chr6,1878
CCDS93853.1|Hs110|chr6,1797
CCDS93854.1|Hs110|chr6,1110
CCDS93855.1|Hs110|chr6,1650
CCDS93857.1|Hs110|chr6,1791
CCDS93858.1|Hs110|chr6,1953
CCDS93859.1|Hs110|chr6,1674
CCDS93860.1|Hs110|chr6,1467
CCDS93861.1|Hs110|chr6,852
CCDS93862.1|Hs110|chr6,606
CCDS93866.1|Hs110|chr6,2469
CCDS93869.1|Hs110|chr6,603
CCDS93871.1|Hs110|chr6,4098
CCDS93875.1|Hs110|chr6,786
CCDS93876.1|Hs110|chr6,1836
CCDS93877.1|Hs110|chr6,948
CCDS93878.1|Hs110|chr6,1395
CCDS93879.1|Hs110|chr6,2685
CCDS93880.1|Hs110|chr6,585
CCDS93881.1|Hs110|chr6,3303
CCDS93882.1|Hs110|chr6,3489
CCDS93886.1|Hs110|chr6,12735
CCDS93889.1|Hs110|chr6,1380
CCDS93890.1|Hs110|chr6,2259
CCDS93891.1|Hs110|chr6,240
CCDS93894.1|Hs110|chr6,3879
CCDS93895.1|Hs110|chr6,321
CCDS93896.1|Hs110|chr6,249
CCDS93899.1|Hs110|chr6,1356
CCDS93900.1|Hs110|chr6,1308
CCDS93903.1|Hs110|chr6,1719
CCDS93904.1|Hs110|chr6,1833
CCDS93905.1|Hs110|chr6,1284
CCDS93906.1|Hs110|chr6,1233
CCDS93907.1|Hs110|chr6,513
CCDS93908.1|Hs110|chr6,609
CCDS93909.1|Hs110|chr6,624
CCDS93910.1|Hs110|chr6,582
CCDS93913.1|Hs110|chr6,618
CCDS93916.1|Hs110|chr6,2007
CCDS93918.1|Hs110|chr6,960
CCDS93919.1|Hs110|chr6,936
CCDS93921.1|Hs110|chr6,339
CCDS93922.1|Hs110|chr6,384
CCDS93924.1|Hs110|chr6,3390
CCDS93925.1|Hs110|chr6,3639
CCDS93929.1|Hs110|chr6,2532
CCDS93930.1|Hs110|chr6,927
CCDS93932.1|Hs110|chr6,831
CCDS93933.1|Hs110|chr6,1920
CCDS93934.1|Hs110|chr6,16128
CCDS93935.1|Hs110|chr6,22386
CCDS93936.1|Hs110|chr6,23457
CCDS93938.1|Hs110|chr6,327
CCDS93939.1|Hs110|chr6,2418
CCDS93940.1|Hs110|chr6,2067
CCDS93941.1|Hs110|chr6,987
CCDS93943.1|Hs110|chr6,1494
CCDS93948.1|Hs110|chr6,3885
CCDS93949.1|Hs110|chr6,3858
CCDS93950.1|Hs110|chr6,3762
CCDS93952.1|Hs110|chr6,387
CCDS93953.1|Hs110|chr6,855
CCDS93954.1|Hs110|chr6,1506
CCDS93955.1|Hs110|chr6,2550
CCDS93956.1|Hs110|chr6,2682
CCDS93957.1|Hs110|chr6,2553
CCDS93958.1|Hs110|chr6,2706
CCDS93959.1|Hs110|chr6,2805
CCDS93960.1|Hs110|chr6,2838
CCDS93961.1|Hs110|chr6,2709
CCDS93962.1|Hs110|chr6,2649
CCDS93963.1|Hs110|chr6,2676
CCDS93964.1|Hs110|chr6,2904
CCDS93965.1|Hs110|chr6,1578
CCDS93966.1|Hs110|chr6,1686
CCDS93967.1|Hs110|chr6,1767
CCDS93968.1|Hs110|chr6,1212
CCDS93969.1|Hs110|chr6,1242
CCDS93970.1|Hs110|chr6,1767
CCDS93971.1|Hs110|chr6,2769
CCDS93972.1|Hs110|chr6,1605
CCDS93973.1|Hs110|chr6,2985
CCDS93974.1|Hs110|chr6,1833
CCDS93977.1|Hs110|chr6,1365
CCDS93978.1|Hs110|chr6,2445
CCDS93980.1|Hs110|chr6,777
CCDS93984.1|Hs110|chr6,6396
CCDS93991.1|Hs110|chr6,945
CCDS93992.1|Hs110|chr6,1680
CCDS93993.1|Hs110|chr6,1611
CCDS93994.1|Hs110|chr6,7026
CCDS93995.1|Hs110|chr6,2148
CCDS93996.1|Hs110|chr6,3897
CCDS93997.1|Hs110|chr6,1386
CCDS93999.1|Hs110|chr6,9357
CCDS94000.1|Hs110|chr6,3174
CCDS94001.1|Hs110|chr6,1056
CCDS94002.1|Hs110|chr6,714
CCDS94004.1|Hs110|chr6,1851
CCDS94005.1|Hs110|chr6,1776
CCDS94006.1|Hs110|chr6,3507
CCDS94011.1|Hs110|chr6,858
CCDS94012.1|Hs110|chr6,459
CCDS94013.1|Hs110|chr6,144
CCDS94014.1|Hs110|chr6,738
CCDS94015.1|Hs110|chr6,1869
CCDS94016.1|Hs110|chr6,2967
CCDS94017.1|Hs110|chr6,684
CCDS94018.1|Hs110|chr6,978
CCDS94020.1|Hs110|chr6,5034
CCDS94022.1|Hs110|chr6,2736
CCDS94023.1|Hs110|chr6,1428
CCDS94025.1|Hs110|chr6,3867
CCDS94026.1|Hs110|chr6,1428
CCDS94029.1|Hs110|chr6,3168
CCDS94030.1|Hs110|chr6,1311
CCDS94031.1|Hs110|chr6,357
CCDS94032.1|Hs110|chr6,1560
CCDS94033.1|Hs110|chr6,5496
CCDS94034.1|Hs110|chr6,5475
CCDS94035.1|Hs110|chr6,5451
CCDS94036.1|Hs110|chr6,1455
CCDS94038.1|Hs110|chr6,3345
CCDS94039.1|Hs110|chr6,1314
CCDS94040.1|Hs110|chr6,1629
CCDS94042.1|Hs110|chr7,702
CCDS94043.1|Hs110|chr7,2469
CCDS94044.1|Hs110|chr7,543
CCDS94046.1|Hs110|chr7,435
CCDS94047.1|Hs110|chr7,2040
CCDS94048.1|Hs110|chr7,2016
CCDS94049.1|Hs110|chr7,2028
CCDS94050.1|Hs110|chr7,2217
CCDS94051.1|Hs110|chr7,2433
CCDS94052.1|Hs110|chr7,2622
CCDS94053.1|Hs110|chr7,207
CCDS94054.1|Hs110|chr7,3063
CCDS94055.1|Hs110|chr7,771
CCDS94056.1|Hs110|chr7,615
CCDS94058.1|Hs110|chr7,1521
CCDS94059.1|Hs110|chr7,1965
CCDS94060.1|Hs110|chr7,315
CCDS94061.1|Hs110|chr7,336
CCDS94063.1|Hs110|chr7,2304
CCDS94064.1|Hs110|chr7,1743
CCDS94065.1|Hs110|chr7,795
CCDS94066.1|Hs110|chr7,570
CCDS94069.1|Hs110|chr7,306
CCDS94072.1|Hs110|chr7,1446
CCDS94073.1|Hs110|chr7,864
CCDS94074.1|Hs110|chr7,1452
CCDS94076.1|Hs110|chr7,1488
CCDS94078.1|Hs110|chr7,1893
CCDS94079.1|Hs110|chr7,2727
CCDS94080.1|Hs110|chr7,2616
CCDS94081.1|Hs110|chr7,2529
CCDS94082.1|Hs110|chr7,2298
CCDS94083.1|Hs110|chr7,1728
CCDS94084.1|Hs110|chr7,2247
CCDS94085.1|Hs110|chr7,1314
CCDS94086.1|Hs110|chr7,1311
CCDS94087.1|Hs110|chr7,177
CCDS94088.1|Hs110|chr7,2163
CCDS94090.1|Hs110|chr7,1131
CCDS94091.1|Hs110|chr7,432
CCDS94092.1|Hs110|chr7,1371
CCDS94093.1|Hs110|chr7,576
CCDS94096.1|Hs110|chr7,564
CCDS94098.1|Hs110|chr7,4680
CCDS94100.1|Hs110|chr7,4647
CCDS94101.1|Hs110|chr7,1344
CCDS94102.1|Hs110|chr7,1620
CCDS94104.1|Hs110|chr7,4032
CCDS94105.1|Hs110|chr7,3474
CCDS94106.1|Hs110|chr7,1293
CCDS94107.1|Hs110|chr7,1059
CCDS94108.1|Hs110|chr7,1155
CCDS94109.1|Hs110|chr7,1209
CCDS94112.1|Hs110|chr7,3750
CCDS94114.1|Hs110|chr7,798
CCDS94115.1|Hs110|chr7,798
CCDS94116.1|Hs110|chr7,798
CCDS94117.1|Hs110|chr7,798
CCDS94121.1|Hs110|chr7,2883
CCDS94122.1|Hs110|chr7,3336
CCDS94123.1|Hs110|chr7,798
CCDS94124.1|Hs110|chr7,327
CCDS94125.1|Hs110|chr7,798
CCDS94126.1|Hs110|chr7,798
CCDS94127.1|Hs110|chr7,798
CCDS94128.1|Hs110|chr7,3027
CCDS94129.1|Hs110|chr7,1059
CCDS94130.1|Hs110|chr7,798
CCDS94131.1|Hs110|chr7,1059
CCDS94132.1|Hs110|chr7,2358
CCDS94133.1|Hs110|chr7,2088
CCDS94134.1|Hs110|chr7,1641
CCDS94135.1|Hs110|chr7,3312
CCDS94136.1|Hs110|chr7,360
CCDS94137.1|Hs110|chr7,2895
CCDS94138.1|Hs110|chr7,2472
CCDS94139.1|Hs110|chr7,420
CCDS94140.1|Hs110|chr7,465
CCDS94141.1|Hs110|chr7,11700
CCDS94142.1|Hs110|chr7,6369
CCDS94143.1|Hs110|chr7,351
CCDS94146.1|Hs110|chr7,198
CCDS94147.1|Hs110|chr7,201
CCDS94148.1|Hs110|chr7,363
CCDS94149.1|Hs110|chr7,174
CCDS94150.1|Hs110|chr7,270
CCDS94151.1|Hs110|chr7,11622
CCDS94152.1|Hs110|chr7,1233
CCDS94153.1|Hs110|chr7,2004
CCDS94154.1|Hs110|chr7,921
CCDS94155.1|Hs110|chr7,1950
CCDS94156.1|Hs110|chr7,1959
CCDS94160.1|Hs110|chr7,2412
CCDS94164.1|Hs110|chr7,2478
CCDS94167.1|Hs110|chr7,699
CCDS94168.1|Hs110|chr7,711
CCDS94170.1|Hs110|chr7,5451
CCDS94171.1|Hs110|chr7,2160
CCDS94172.1|Hs110|chr7,2178
CCDS94173.1|Hs110|chr7,675
CCDS94174.1|Hs110|chr7,729
CCDS94175.1|Hs110|chr7,858
CCDS94181.1|Hs110|chr7,1719
CCDS94182.1|Hs110|chr7,1734
CCDS94183.1|Hs110|chr7,1596
CCDS94184.1|Hs110|chr7,1527
CCDS94185.1|Hs110|chr7,1605
CCDS94186.1|Hs110|chr7,1536
CCDS94187.1|Hs110|chr7,6927
CCDS94190.1|Hs110|chr7,1047
CCDS94191.1|Hs110|chr7,1056
CCDS94192.1|Hs110|chr7,1029
CCDS94193.1|Hs110|chr7,1341
CCDS94194.1|Hs110|chr7,4887
CCDS94196.1|Hs110|chr7,2874
CCDS94197.1|Hs110|chr7,342
CCDS94203.1|Hs110|chr7,3396
CCDS94204.1|Hs110|chr7,3393
CCDS94205.1|Hs110|chr7,951
CCDS94209.1|Hs110|chr7,1140
CCDS94210.1|Hs110|chr7,1884
CCDS94211.1|Hs110|chr7,504
CCDS94212.1|Hs110|chr7,3174
CCDS94213.1|Hs110|chr7,3237
CCDS94214.1|Hs110|chr7,3075
CCDS94215.1|Hs110|chr7,456
CCDS94218.1|Hs110|chr7,2421
CCDS94219.1|Hs110|chr7,2424
CCDS94220.1|Hs110|chr7,1053
CCDS94221.1|Hs110|chr7,8262
CCDS94222.1|Hs110|chr7,1047
CCDS94223.1|Hs110|chr7,1695
CCDS94226.1|Hs110|chr7,1941
CCDS94227.1|Hs110|chr7,1983
CCDS94228.1|Hs110|chr7,2910
CCDS94229.1|Hs110|chr7,564
CCDS94230.1|Hs110|chr7,285
CCDS94231.1|Hs110|chr7,612
CCDS94232.1|Hs110|chr7,369
CCDS94233.1|Hs110|chr7,2106
CCDS94234.1|Hs110|chr7,2136
CCDS94236.1|Hs110|chr7,1335
CCDS94237.1|Hs110|chr7,609
CCDS94238.1|Hs110|chr7,2415
CCDS94239.1|Hs110|chr7,450
CCDS94240.1|Hs110|chr7,537
CCDS94241.1|Hs110|chr7,438
CCDS94243.1|Hs110|chr7,2601
CCDS94245.1|Hs110|chr8,2235
CCDS94246.1|Hs110|chr8,2628
CCDS94247.1|Hs110|chr8,2616
CCDS94248.1|Hs110|chr8,2493
CCDS94249.1|Hs110|chr8,2229
CCDS94250.1|Hs110|chr8,1827
CCDS94251.1|Hs110|chr8,1395
CCDS94252.1|Hs110|chr8,1395
CCDS94253.1|Hs110|chr8,1395
CCDS94254.1|Hs110|chr8,1395
CCDS94255.1|Hs110|chr8,1395
CCDS94257.1|Hs110|chr8,402
CCDS94262.1|Hs110|chr8,1974
CCDS94263.1|Hs110|chr8,105
CCDS94264.1|Hs110|chr8,1059
CCDS94271.1|Hs110|chr8,1875
CCDS94272.1|Hs110|chr8,1824
CCDS94273.1|Hs110|chr8,1380
CCDS94274.1|Hs110|chr8,726
CCDS94275.1|Hs110|chr8,624
CCDS94276.1|Hs110|chr8,1569
CCDS94277.1|Hs110|chr8,2103
CCDS94278.1|Hs110|chr8,1452
CCDS94280.1|Hs110|chr8,2661
CCDS94281.1|Hs110|chr8,672
CCDS94283.1|Hs110|chr8,2190
CCDS94284.1|Hs110|chr8,2487
CCDS94285.1|Hs110|chr8,2457
CCDS94286.1|Hs110|chr8,2247
CCDS94287.1|Hs110|chr8,1128
CCDS94289.1|Hs110|chr8,798
CCDS94292.1|Hs110|chr8,1230
CCDS94295.1|Hs110|chr8,564
CCDS94296.1|Hs110|chr8,657
CCDS94298.1|Hs110|chr8,816
CCDS94299.1|Hs110|chr8,816
CCDS94301.1|Hs110|chr8,3747
CCDS94304.1|Hs110|chr8,3567
CCDS94307.1|Hs110|chr8,3681
CCDS94308.1|Hs110|chr8,3486
CCDS94309.1|Hs110|chr8,3600
CCDS94310.1|Hs110|chr8,3405
CCDS94312.1|Hs110|chr8,1758
CCDS94313.1|Hs110|chr8,1866
CCDS94314.1|Hs110|chr8,1350
CCDS94315.1|Hs110|chr8,297
CCDS94316.1|Hs110|chr8,228
CCDS94317.1|Hs110|chr8,792
CCDS94318.1|Hs110|chr8,903
CCDS94319.1|Hs110|chr8,750
CCDS94320.1|Hs110|chr8,10773
CCDS94321.1|Hs110|chr8,1095
CCDS94322.1|Hs110|chr8,1761
CCDS94325.1|Hs110|chr8,1344
CCDS94326.1|Hs110|chr8,543
CCDS94327.1|Hs110|chr8,4824
CCDS94328.1|Hs110|chr8,4209
CCDS94329.1|Hs110|chr8,4071
CCDS94330.1|Hs110|chr8,3312
CCDS94331.1|Hs110|chr8,3975
CCDS94332.1|Hs110|chr8,3246
CCDS94333.1|Hs110|chr8,3060
CCDS94334.1|Hs110|chr8,456
CCDS94338.1|Hs110|chr8,5343
CCDS94340.1|Hs110|chr8,975
CCDS94342.1|Hs110|chr8,942
CCDS94343.1|Hs110|chr8,888
CCDS94345.1|Hs110|chr8,366
CCDS94346.1|Hs110|chr8,3291
CCDS94347.1|Hs110|chr8,3291
CCDS94348.1|Hs110|chr8,579
CCDS94349.1|Hs110|chr8,4746
CCDS94350.1|Hs110|chr8,417
CCDS94351.1|Hs110|chr8,765
CCDS94352.1|Hs110|chr8,276
CCDS94353.1|Hs110|chr8,1683
CCDS94354.1|Hs110|chr8,1791
CCDS94355.1|Hs110|chr8,1626
CCDS94356.1|Hs110|chr8,1677
CCDS94359.1|Hs110|chr8,10344
CCDS94364.1|Hs110|chr8,846
CCDS94365.1|Hs110|chr8,1074
CCDS94366.1|Hs110|chr8,2376
CCDS94367.1|Hs110|chr8,429
CCDS94368.1|Hs110|chr8,2058
CCDS94369.1|Hs110|chr9,234
CCDS94370.1|Hs110|chr9,342
CCDS94372.1|Hs110|chr9,3819
CCDS94373.1|Hs110|chr9,3291
CCDS94374.1|Hs110|chr9,3345
CCDS94376.1|Hs110|chr9,2499
CCDS94377.1|Hs110|chr9,2415
CCDS94378.1|Hs110|chr9,2349
CCDS94382.1|Hs110|chr9,927
CCDS94383.1|Hs110|chr9,1236
CCDS94384.1|Hs110|chr9,1437
CCDS94385.1|Hs110|chr9,1464
CCDS94386.1|Hs110|chr9,1686
CCDS94387.1|Hs110|chr9,603
CCDS94388.1|Hs110|chr9,1251
CCDS94389.1|Hs110|chr9,1701
CCDS94390.1|Hs110|chr9,1275
CCDS94391.1|Hs110|chr9,1005
CCDS94392.1|Hs110|chr9,903
CCDS94393.1|Hs110|chr9,720
CCDS94395.1|Hs110|chr9,813
CCDS94396.1|Hs110|chr9,678
CCDS94397.1|Hs110|chr9,3342
CCDS94398.1|Hs110|chr9,900
CCDS94399.1|Hs110|chr9,468
CCDS94400.1|Hs110|chr9,480
CCDS94401.1|Hs110|chr9,333
CCDS94402.1|Hs110|chr9,612
CCDS94403.1|Hs110|chr9,2286
CCDS94404.1|Hs110|chr9,13023
CCDS94405.1|Hs110|chr9,5973
CCDS94406.1|Hs110|chr9,2775
CCDS94407.1|Hs110|chr9,228
CCDS94409.1|Hs110|chr9,3165
CCDS94410.1|Hs110|chr9,237
CCDS94411.1|Hs110|chr9,3624
CCDS94413.1|Hs110|chr9,1128
CCDS94416.1|Hs110|chr9,3144
CCDS94417.1|Hs110|chr9,1053
CCDS94418.1|Hs110|chr9,3555
CCDS94419.1|Hs110|chr9,3978
CCDS94420.1|Hs110|chr9,5160
CCDS94421.1|Hs110|chr9,540
CCDS94422.1|Hs110|chr9,1413
CCDS94423.1|Hs110|chr9,5664
CCDS94424.1|Hs110|chr9,2319
CCDS94425.1|Hs110|chr9,1320
CCDS94426.1|Hs110|chr9,1323
CCDS94427.1|Hs110|chr9,2433
CCDS94428.1|Hs110|chr9,1395
CCDS94429.1|Hs110|chr9,966
CCDS94430.1|Hs110|chr9,2049
CCDS94431.1|Hs110|chr9,2001
CCDS94432.1|Hs110|chr9,819
CCDS94433.1|Hs110|chr9,837
CCDS94434.1|Hs110|chr9,234
CCDS94435.1|Hs110|chr9,3405
CCDS94436.1|Hs110|chr9,3405
CCDS94438.1|Hs110|chr9,3714
CCDS94439.1|Hs110|chr9,3729
CCDS94442.1|Hs110|chr9,3561
CCDS94443.1|Hs110|chr9,4653
CCDS94445.1|Hs110|chr9,2583
CCDS94447.1|Hs110|chr9,1305
CCDS94451.1|Hs110|chr9,3657
CCDS94453.1|Hs110|chr9,348
CCDS94456.1|Hs110|chr9,5520
CCDS94459.1|Hs110|chr9,4113
CCDS94461.1|Hs110|chr9,4527
CCDS94464.1|Hs110|chr9,3261
CCDS94465.1|Hs110|chr9,1956
CCDS94467.1|Hs110|chr9,6060
CCDS94468.1|Hs110|chr9,5583
CCDS94469.1|Hs110|chr9,5679
CCDS94470.1|Hs110|chr9,5586
CCDS94471.1|Hs110|chr9,978
CCDS94472.1|Hs110|chr9,1110
CCDS94473.1|Hs110|chr9,5049
CCDS94474.1|Hs110|chr9,5103
CCDS94475.1|Hs110|chr9,2268
CCDS94476.1|Hs110|chr9,303
CCDS94477.1|Hs110|chr9,3570
CCDS94479.1|Hs110|chr9,3213
CCDS94480.1|Hs110|chr9,2949
CCDS94481.1|Hs110|chr9,1440
CCDS94482.1|Hs110|chr9,1368
CCDS94483.1|Hs110|chr9,1545
CCDS94484.1|Hs110|chr9,327
CCDS94485.1|Hs110|chr9,2073
CCDS94486.1|Hs110|chr9,1734
CCDS94487.1|Hs110|chr9,1725
CCDS94488.1|Hs110|chr9,1770
CCDS94489.1|Hs110|chr9,1743
CCDS94491.1|Hs110|chr9,2604
CCDS94492.1|Hs110|chr9,2928
CCDS94493.1|Hs110|chr9,2970
CCDS94494.1|Hs110|chr9,3009
CCDS94495.1|Hs110|chr9,3090
CCDS94496.1|Hs110|chr9,393
CCDS94497.1|Hs110|chr9,2682
CCDS94498.1|Hs110|chr9,2739
CCDS94499.1|Hs110|chr9,2124
CCDS94500.1|Hs110|chr9,7470
CCDS94501.1|Hs110|chr9,7521
CCDS94502.1|Hs110|chr9,1548
CCDS94505.1|Hs110|chr9,1809
CCDS94506.1|Hs110|chr9,1761
CCDS94507.1|Hs110|chr9,1671
CCDS94512.1|Hs110|chr9,15240
CCDS94514.1|Hs110|chr9,843
CCDS94515.1|Hs110|chr9,456
CCDS94516.1|Hs110|chr9,2088
CCDS94517.1|Hs110|chr9,1827
CCDS94518.1|Hs110|chr9,1722
CCDS94519.1|Hs110|chr9,1047
CCDS94520.1|Hs110|chr9,792
CCDS94521.1|Hs110|chr9,3792
CCDS94523.1|Hs110|chr9,1059
CCDS94524.1|Hs110|chr9,2607
CCDS94525.1|Hs110|chr9,1308
CCDS94527.1|Hs110|chr9,546
CCDS94528.1|Hs110|chr9,474
CCDS94531.1|Hs110|chr9,3975
CCDS94533.1|Hs110|chr9,6234
CCDS94536.1|Hs110|chr9,564
CCDS94537.1|Hs110|chr9,495
CCDS94538.1|Hs110|chr9,7308
CCDS94539.1|Hs110|chr9,7401
CCDS94543.1|Hs110|chr9,606
CCDS94544.1|Hs110|chr9,1431
CCDS94548.1|Hs110|chrX,1470
CCDS94549.1|Hs110|chrX,1890
CCDS94550.1|Hs110|chrX,3960
CCDS94551.1|Hs110|chrX,5289
CCDS94552.1|Hs110|chrX,3849
CCDS94554.1|Hs110|chrX,2790
CCDS94556.1|Hs110|chrX,1380
CCDS94557.1|Hs110|chrX,2361
CCDS94559.1|Hs110|chrX,462
CCDS94560.1|Hs110|chrX,483
CCDS94561.1|Hs110|chrX,444
CCDS94562.1|Hs110|chrX,4956
CCDS94563.1|Hs110|chrX,1692
CCDS94565.1|Hs110|chrX,1155
CCDS94566.1|Hs110|chrX,1692
CCDS94567.1|Hs110|chrX,1767
CCDS94568.1|Hs110|chrX,1896
CCDS94569.1|Hs110|chrX,1824
CCDS94571.1|Hs110|chrX,1869
CCDS94572.1|Hs110|chrX,1944
CCDS94573.1|Hs110|chrX,2073
CCDS94574.1|Hs110|chrX,2001
CCDS94575.1|Hs110|chrX,2130
CCDS94576.1|Hs110|chrX,2136
CCDS94580.1|Hs110|chrX,2454
CCDS94581.1|Hs110|chrX,2664
CCDS94582.1|Hs110|chrX,1224
CCDS94584.1|Hs110|chrX,2055
CCDS94585.1|Hs110|chrX,1815
CCDS94586.1|Hs110|chrX,7026
CCDS94587.1|Hs110|chrX,447
CCDS94588.1|Hs110|chrX,1929
CCDS94589.1|Hs110|chrX,2262
CCDS94593.1|Hs110|chrX,7680
CCDS94594.1|Hs110|chrX,7728
CCDS94597.1|Hs110|chrX,2763
CCDS94598.1|Hs110|chrX,2781
CCDS94599.1|Hs110|chrX,4362
CCDS94600.1|Hs110|chrX,4104
CCDS94601.1|Hs110|chrX,4227
CCDS94603.1|Hs110|chrX,4071
CCDS94604.1|Hs110|chrX,3969
CCDS94605.1|Hs110|chrX,1731
CCDS94607.1|Hs110|chrX,828
CCDS94608.1|Hs110|chrX,2226
CCDS94609.1|Hs110|chrX,231
CCDS94610.1|Hs110|chrX,4350
CCDS94611.1|Hs110|chrX,4335
CCDS94612.1|Hs110|chrX,3465
CCDS94615.1|Hs110|chrX,348
CCDS94618.1|Hs110|chrX,1356
CCDS94619.1|Hs110|chrX,1572
CCDS94620.1|Hs110|chrX,1419
CCDS94621.1|Hs110|chrX,1470
CCDS94622.1|Hs110|chrX,1461
CCDS94623.1|Hs110|chrX,3264
CCDS94627.1|Hs110|chrX,2136
CCDS94630.1|Hs110|chrX,939
CCDS94631.1|Hs110|chrX,1056
CCDS94632.1|Hs110|chrX,693
CCDS94633.1|Hs110|chrX,1212
CCDS94634.1|Hs110|chrX,924
CCDS94635.1|Hs110|chrX,384
CCDS94636.1|Hs110|chrX,1008
CCDS94637.1|Hs110|chrX,2031
CCDS94638.1|Hs110|chrX,2088
CCDS94639.1|Hs110|chrX,2229
CCDS94640.1|Hs110|chrX,909
CCDS94643.1|Hs110|chrX,2088
CCDS94644.1|Hs110|chrX,138
CCDS94645.1|Hs110|chrX,1314
CCDS94646.1|Hs110|chrX,5334
CCDS94647.1|Hs110|chrX,4929
CCDS94648.1|Hs110|chrX,3771
CCDS94649.1|Hs110|chrX,777
CCDS94650.1|Hs110|chrX,207
CCDS94651.1|Hs110|chrX,567
CCDS94652.1|Hs110|chrX,975
CCDS94653.1|Hs110|chrX,960
CCDS94654.1|Hs110|chrX,1086
CCDS94655.1|Hs110|chrX,273
CCDS94657.1|Hs110|chrX,1950
CCDS94658.1|Hs110|chrX,975
CCDS94659.1|Hs110|chrX,4602
CCDS94660.1|Hs110|chrX,669
CCDS94661.1|Hs110|chrX,1296
CCDS94662.1|Hs110|chrX,2154
CCDS94663.1|Hs110|chrX,5358
CCDS94664.1|Hs110|chrX,2022
CCDS94667.1|Hs110|chrX,1695
CCDS94668.1|Hs110|chrX,804
CCDS94669.1|Hs110|chrX,405
CCDS94671.1|Hs110|chrX,288
CCDS94672.1|Hs110|chrX,813
CCDS94673.1|Hs110|chrX,654
CCDS94674.1|Hs110|chrX,366
CCDS94676.1|Hs110|chrX,2040
CCDS94677.1|Hs110|chrX,3390
CCDS94678.1|Hs110|chrX,822
CCDS94680.1|Hs110|chrX,285
CCDS94682.1|Hs110|chrX,2202
CCDS94683.1|Hs110|chrX,3072
CCDS94684.1|Hs110|chrX,2127
CCDS94687.1|Hs110|chrX,2049
CCDS94688.1|Hs110|chrX,588
CCDS94689.1|Hs110|chrX,384
CCDS94691.1|Hs110|chrX,2169
CCDS94692.1|Hs110|chrX,6186
CCDS94693.1|Hs110|chrX,1290
CCDS94694.1|Hs110|chrX,1944
CCDS94697.1|Hs110|chrX,3465
CCDS94698.1|Hs110|chrX,1032
CCDS94699.1|Hs110|chrX,6243
CCDS94700.1|Hs110|chrX,2127
CCDS94701.1|Hs110|chrX,891
CCDS94702.1|Hs110|chrX,843
CCDS94705.1|Hs110|chrX,1530
CCDS94706.1|Hs110|chrY,3747
CCDS94708.1|Hs110|chrY,621
CCDS94712.1|Hs110|chrY,945
CCDS94713.1|Hs110|chrY,4269
CCDS94714.1|Hs110|chrY,2511
CCDS94717.1|Hs110|chrY,1380
CCDS94718.1|Hs110|chrY,1173
CCDS94719.1|Hs110|chrY,1965
CCDS94720.1|Hs110|chrY,2172
CCDS94721.1|Hs110|chrX,1203
